Episode,Agent_A,Agent_B,Agent_C,Agent_D,Steps_Per_Episode
1,7.590132827324479,1.0693539869741233,-2.1537262622533966,3.787878787878789,54
2,27.618010167029773,9.583333333333334,2.0720231450989504,1.8149496362470678,55
3,21.344086021505376,7.456733449580679,-18.3245728299276,7.23251257024549,62
4,-9.351851851851851,27.688172043010752,26.25,8.417508417508419,40
5,-8.233618233618234,2.113105684534257,-4.4388270980788676,32.50319284802044,51
6,10.2295484338828,5.0,4.400694722479031,-3.1496975803228864,75
7,-19.058441558441558,7.685406002349195,3.7654030910609864,11.733097488558577,84
8,12.314814814814817,5.05952380952381,3.205128205128205,-0.08280535534371714,44
9,-9.090565519136947,3.6221340388007057,15.0,-5.737425404944586,53
10,3.5779282977558844,-0.9992027333869729,7.899313791740131,-22.61904761904762,56
11,-0.2070373901894278,-55.25012752414544,-15.930782468049545,-0.2795933188090043,76
12,24.424846749531184,-8.514278016429087,-30.784829666767685,-9.770006422859794,93
13,4.385964912280702,8.678335464620632,22.25225225225225,8.086419753086421,37
14,12.667792042738387,-28.31186763204307,17.962962962962962,-12.610443319695381,75
15,17.275261288419184,16.984126984126984,19.47612732095491,6.151251171955106,52
16,12.674713403880073,17.293659062438135,7.337909992372236,-34.72064393939394,72
17,-24.12359900373599,16.817445181398455,-40.7790543399096,-15.239718893937157,78
18,22.784704259162464,-80.53425464588986,22.020993198403048,-31.480447728078,96
19,5.8126910252928035,-2.222222222222222,-8.83116883116883,28.91264193895773,54
20,-6.016483516483516,11.2722864070746,13.058361391694726,-37.62113459554594,59
21,-1.6958450046685338,8.597883597883598,17.09204413472706,-0.059575704736994695,41
22,-28.32700521901974,7.90052461662631,-3.9267378945273133,6.344086021505376,63
23,17.73671861907156,-9.783524520919478,-6.161616161616161,-41.265733457244096,78
24,11.677012644504904,7.060640965103208,9.35483870967742,0.5268959435626108,53
25,-10.708365708365708,-6.91358024691358,13.623188405797102,6.206896551724139,43
26,-0.8781362007168454,-12.928728911206422,1.3034188034188041,-22.03589293363575,63
27,10.099067599067599,2.605820105820106,13.472222222222221,7.505223863739044,45
28,-3.7530387530387515,6.773049645390071,1.3896641277593675,-5.5705868205868185,59
29,4.050401825629516,-8.064853529974886,25.105000423352486,-38.66434699329746,89
30,12.065576871904574,-15.833333333333332,20.892599464028038,0.93915343915344,50
31,-20.74074074074074,1.6260367984505908,-1.6232988051094637,15.172902494331066,60
32,-0.4897613993167522,11.781339286032651,-12.549563396596275,20.031659882406153,67
33,11.315828542990625,-19.63566446325067,-2.527065239342459,10.901505901505901,87
34,-2.311827956989247,-22.798430328891406,8.086419753086421,-19.76167069973785,69
35,-1.0304121648659463,-3.233082706766917,-10.664835715391831,-12.664449371766443,53
36,12.73621211498692,-19.219972331027098,6.140024478466601,-34.473684210526315,61
37,0.5014430014430014,-10.317460317460316,0.7467793880837377,8.593948639715231,46
38,-7.075915898379663,-8.761140819964348,12.839089089089091,-47.2977234656361,74
39,-0.32828282828282696,-33.06609874044084,-18.90412555008828,11.151081622779735,58
40,-4.893919539519643,-7.619047619047619,2.3610980908445596,-42.72507937458485,81
41,9.901960784313726,-6.904761904761905,12.756450782766574,5.681818181818183,50
42,10.947066210224106,1.3789719052876959,-10.287698412698413,1.8939393939393945,50
43,9.748569707919302,-5.957032791925076,-2.2632141549268265,2.1367521367521367,70
44,7.777777777777779,-23.797291589810772,-12.916666666666666,4.901960784313726,57
45,-32.39583333333333,21.4714468162744,0.2713178294573648,-1.6299019607843142,52
46,22.952078741552423,-32.183025026397296,-12.58628148856049,21.4748323571853,92
47,-27.124025581906018,-9.886553766538196,4.716764716764718,14.98125963120227,85
48,-16.19827421815408,14.043069948017797,-3.6542145593869733,2.0837908888223358,69
49,18.391203703703702,-0.029239766081870844,9.62962962962963,12.303452720119388,44
50,7.955722939582337,1.8418171866447728,-10.14358108108108,24.442944969260758,45
51,-2.9674796747967473,6.612422398426457,-33.418021508286955,4.962775622925774,70
52,13.82996632996633,-1.5632086167800452,10.856592589767992,-28.347863759047968,55
53,10.783973011152147,-2.619047619047619,1.9668370942733748,-9.935882377742843,63
54,-2.011619462599854,10.227272727272728,-11.821813700794152,24.114926438296003,69
55,-62.356322892008436,-24.459817698884844,-25.362765687915438,13.472222222222221,122
56,15.0,-18.73524428351794,11.944444444444446,19.775262533624648,67
57,-5.824428685783914,-3.10422228578693,-27.165806596520802,7.517794941693168,71
58,-20.21636552770517,-42.070784948462475,-14.09268546382593,-13.484848484848484,81
59,28.75401774701435,-48.96059060435533,-6.67548500881834,-23.042887958479287,102
60,-7.987871916443343,15.665204678362572,0.18925518925518858,9.001586297601479,51
61,6.013692928654566,-2.175299824553556,-51.130842656162216,-24.112191350289724,95
62,23.923855769330384,6.003611971104232,19.058395348074484,13.472222222222221,63
63,-17.311827956989248,8.623188405797102,22.619953146268937,-7.79830674246592,48
64,-33.92300636486682,-1.6066997518610409,6.176807593063751,-8.22695035460993,54
65,1.09758679982043,-8.119908765070056,15.16112542428332,-20.882089842928043,73
66,11.867787808280285,19.1674384859992,-10.713129606900878,-19.90782244071718,68
67,0.19454439409006907,7.392325476780801,11.298867440016686,-3.407013321985268,80
68,11.633986928104575,15.738870481287965,-25.12226528334758,12.506127450980394,61
69,3.787878787878789,17.580399584076055,39.07182029900083,5.361767182896094,50
70,-4.6194948368861395,-15.683530217428522,3.9159067882472147,18.843203963858432,65
71,3.309884559884561,-4.070758738277919,10.0,-10.949074074074074,56
72,22.121481947603886,-2.127153891859773,-54.21296296296296,9.385964912280702,57
73,4.567067067067068,7.450980392156863,-17.628205128205128,11.07638888888889,40
74,13.519808827779844,-1.2527233115468404,14.98283752860412,26.66459857192616,55
75,17.38095238095238,19.4452347083926,20.610281837462363,1.6564260112647213,38
76,10.524282495415225,-13.999225706542779,-4.285714285714286,-15.79945847451075,62
77,12.688172043010752,5.583553486520609,8.835073264897828,-25.738636363636363,50
78,2.309368191721134,-7.041376669036241,-17.721661054994385,13.733733733733736,56
79,5.1432488704293995,1.773049645390071,-7.824926702504673,-34.09301610507751,80
80,9.542151162790699,-4.480056980056981,-3.8229237036276995,27.925711210918873,58
81,-49.84504221101014,0.3386720053386725,-0.9672176772783443,12.991668842491304,91
82,-4.146825396825397,11.783842666195607,28.88735903488067,11.313131313131315,41
83,21.675010429703796,-17.057512057512056,26.666666666666668,5.232545232545233,50
84,23.831923890063425,-21.374327956989244,5.567632850241546,9.22008547008547,44
85,0.8842234331723624,-2.667583814608986,10.237648530331457,-23.081006508110615,85
86,5.838797648397204,4.751873943050414,9.906083543594058,9.940424295263005,56
87,6.291547958214625,-5.7759699624530665,-3.88023250279622,4.740918803418804,48
88,-9.17735811187014,5.0,-56.06721200641965,-17.829295460874405,72
89,-26.621212152811104,-27.398369604251954,-42.49221910986617,10.779936308466896,79
90,-0.017695670269197716,-29.485720302446595,5.477729885057471,-43.4951075946948,75
91,-14.07788596627013,7.429688714717408,-7.3283910286312475,-47.54689553237648,97
92,8.33875216753368,-4.125118708452041,-27.756200032414863,6.4339632888019995,61
93,17.649325075795666,13.427644934815696,-16.753472222222225,10.968676026815562,66
94,8.991853054353058,22.679738562091504,-7.993117993117993,15.59947299077734,46
95,-27.990807882292703,9.12975912975913,6.851851851851852,12.487816764132553,56
96,13.441387557729445,-40.1577146932134,4.3772163120567384,3.043807502396909,76
97,-53.83116883116883,9.62962962962963,30.42929292929293,-61.30973069431562,66
98,22.053132053132053,5.741303613644039,-7.394179894179894,-51.92758950370192,63
99,-7.47534415657516,6.851851851851852,13.907585470085472,-9.419252303039961,51
100,12.38095238095238,18.605411834671422,-26.894399558242267,-10.771740137503324,59
101,25.12103796586555,-9.215229896669184,-14.126814379473954,10.708716235032025,65
102,10.0,5.6652046783625725,-18.282627865961196,-6.212121212121211,46
103,1.0279483152607418,-6.986817644712381,-11.81801245480075,23.82664503243351,81
104,-83.67825346314399,25.01556413524006,-53.586706861900666,0.054209067366962405,94
105,12.483669778077672,0.9807347513920117,11.250645557368248,-22.996926446546,96
106,-6.285537914394535,11.694491100314504,21.000431619188557,7.56839595210497,68
107,-22.61530081176197,15.124790208795588,-2.7137341423055688,6.836945304437565,60
108,-29.07966046361922,1.4760508308895415,-14.275525525525527,2.3621553884711783,64
109,21.609008275674945,-4.279721174882465,-67.23421950683215,10.0,64
110,18.820879676125692,-1.9967532467532467,-25.24419783936019,-33.14516129032258,64
111,7.233796296296298,-12.826617826617827,17.136752136752136,5.0,39
112,6.881881881881881,-28.1035097944209,13.555752412368264,-68.94383394383395,85
113,8.419855167930985,16.26309845608091,-6.051653660349313,9.901960784313726,47
114,22.74315310928583,-104.69147468530494,7.976190476190476,-27.374069106649127,95
115,-15.067253727421042,14.762672192021787,-31.83576463591681,-0.46135222381635366,70
116,12.77382393884729,18.08641975308642,6.611766509921425,-58.79569504569504,72
117,20.759940542549238,5.690586419753088,24.761904761904763,0.8051992726915334,42
118,-42.19800798814293,7.858087679516252,-5.8023900501048296,1.6339869281045751,89
119,3.1027333430717654,5.237648530331457,6.656426011264721,9.923412467935385,70
120,-3.397846468021905,16.860816243568728,-5.833333333333333,-42.06072960164795,82
121,-24.882500422579234,-28.656832462913293,-9.304033620046344,13.180014430014431,93
122,8.558188457569262,10.704365079365079,5.0,3.9794351125223715,57
123,14.763697110188335,10.230163368678856,-44.00494965011094,21.246872332246138,64
124,11.656200715125198,-8.148401749284279,-36.15494117118972,-6.465662820151984,79
125,1.715506715506715,-2.4452967138178643,-29.68766367138216,-14.531249999999998,73
126,8.594619666048239,-9.428278545925604,13.205128205128204,14.443055878477875,51
127,19.678303621958122,26.09998064266357,6.238859180035652,-4.76772825457036,42
128,-5.343915343915343,14.645350564468213,-5.1682792610094594,-8.950216450216448,61
129,29.629629629629633,1.7708333333333348,-24.42350088183421,15.0,50
130,3.6231884057971016,14.62962962962963,14.578956582633054,17.90569000651247,45
131,8.623188405797102,7.976190476190476,5.0,11.944444444444446,31
132,-19.07653383934219,-31.275053775053774,14.284268077791223,11.76781753233659,63
133,-77.07322214556758,-7.807017543859649,12.173382173382173,0.5352962352436439,74
134,1.6339869281045751,-5.33889480905716,7.713179620507209,7.063979687447507,68
135,-17.385951681617318,-24.539072259193887,-7.933467153988651,0.4707316167293314,71
136,8.549945588952681,1.8090511638898725,-10.614035087719298,7.525252525252525,48
137,1.4619883040935673,10.0,5.0747863247863245,-73.66562624504816,61
138,-17.023809523809526,-37.02817650186071,3.333333333333334,13.79546212879546,54
139,2.777777777777778,-12.520475020475018,5.655708731000354,-12.493872549019606,47
140,-3.7850729517396173,-29.177275734359252,0.9246309246309252,2.268518518518519,58
141,19.298302170642597,-1.8244799664944842,9.901960784313726,-6.164021164021164,47
142,16.81159420289855,-2.7725406401876986,12.525252525252526,-14.991289198606271,46
143,20.939153439153436,4.762035679374392,26.84457404220609,5.0,52
144,3.1052411738539263,14.522504177109441,-1.2242775532113002,-13.76906465344774,63
145,1.6339869281045751,-2.065488280662882,-82.9602751389777,-3.263888888888889,67
146,8.584643848288621,6.526605642947532,2.3061713774688046,3.2661268743330174,73
147,6.532383422835256,21.445170660856935,3.2365510306686778,-46.30246121029319,54
148,-6.0312987566649,-3.4698312523389925,25.909310391585382,-13.386331721201563,73
149,-24.127549344940647,2.186791383219955,-5.1843043262096185,0.3353098649451389,76
150,2.1410602163956156,-1.2675252718857375,26.572327044025158,-5.274584929757344,53
151,8.751836639284043,14.023012084051569,-105.0350939018839,-3.7485759854180905,84
152,4.906204906204906,4.361658456486042,-11.19263089851325,16.888202377182733,56
153,-4.769696029776674,2.816108138552522,-22.254460007119583,-58.8886105776813,67
154,30.080853172949787,-40.58101819986369,8.418803418803419,8.209617180205417,71
155,14.763773355735598,10.920282326555517,20.25607066794531,-33.91160821452345,67
156,-8.089464459048612,-62.778071153357196,-13.366013071895425,-3.800669591665285,92
157,-6.212121212121211,-2.655155155155154,26.128935775102008,14.813135780628041,54
158,0.9292412617220807,3.7373737373737406,8.086419753086421,2.1792405125738457,56
159,5.469039673711531,1.1575241292222427,-8.37186596298016,9.812332981755919,74
160,4.639704228520018,-14.411375661375661,-32.41570619837398,23.994190268700073,73
161,4.18311403508772,18.37725076855512,19.41347270615563,16.211484593837532,46
162,-49.45027010479487,11.602564102564102,-9.149326956344497,13.874855680268109,86
163,6.009498975600671,9.083880678708265,-17.016735543249936,11.531918374023638,67
164,-21.957959266761744,-67.47045673615358,-1.1137608196431725,20.597477235624666,77
165,-6.012759170653908,-20.93667691653497,-6.7512284615478855,-1.0317460317460316,80
166,-24.291689145571393,5.758096428199522,-28.630323893806526,-29.904671413329527,99
167,-15.41445035460993,9.190236748376282,8.395061728395062,-10.68456650953064,58
168,-60.95842635710708,-10.873590982286634,-10.358090185676392,-24.120817846072505,91
169,4.429824561403509,1.6176470588235308,12.792544699872288,-28.336487101412203,77
170,9.434282065536276,-41.08786289262012,-14.152876280535853,-8.080627059121682,87
171,-10.37037037037037,3.1374618813042456,-18.642760792790845,11.311360448807854,62
172,5.760546642899584,-37.90647790647791,26.255777277282654,6.508431817356303,70
173,-33.76592964529011,-36.85499246009603,-2.012473557623041,-7.2566928341384855,109
174,37.88923519763665,6.381721726549312,-5.416666666666666,-62.35099871134855,86
175,1.2205062205062198,-0.775969962453066,-20.725470598034313,21.418485237483953,49
176,-1.9594711407021421,12.590132827324478,0.19551544982225888,22.712209887739125,62
177,-54.11931156428011,-10.366243518645188,-22.341332546502734,-60.372744662671316,124
178,-70.29486461388315,6.630817556907821,-4.570774083157984,-38.27548100579124,96
179,-10.634920634920634,-13.171683389074694,4.550827423167849,-0.6140350877192979,47
180,-3.8515590689503734,22.489900782583707,1.7663817663817665,-3.0555555555555554,43
181,-54.056169427694286,6.99607955632052,-9.424305312853388,-50.5270250007092,84
182,32.73408058704176,-8.872851134755894,18.866318515274873,9.205146705146706,60
183,12.154213036565977,8.623188405797102,10.0,26.107696191701567,39
184,17.353903007761325,37.286066837821316,11.911217437533228,10.39892244160537,49
185,-0.25653557911622427,-80.23197802789562,-25.574713097109512,9.399543113514248,100
186,-14.720297162157628,14.385964912280702,16.687579559919985,5.0,47
187,3.2142734779182516,-5.408135567387337,25.40503557744937,-38.02466106486771,58
188,-1.2048915310805173,4.717809072647783,-7.63375281738099,-25.52352633270145,86
189,12.506127450980394,9.610177404295051,-5.929410596767106,54.00922559967023,62
190,3.7708513475776932,2.9718234981392886,-5.101986044015028,0.4700854700854702,56
191,16.911217437533228,5.298198835500898,18.983516483516482,-27.688611667106287,52
192,5.413380117614906,11.315293623822301,-18.089771354911218,-9.078799550633928,88
193,1.3661202185792352,-0.06987266525470748,7.71604938271605,19.02961299721746,71
194,1.5723270440251582,8.977272727272728,-21.05494210566674,8.333333333333334,53
195,0.9922500870776743,12.19298245614035,16.700779727095515,16.893939393939394,44
196,-1.8200058795134026,1.4619883040935673,-29.563504299859524,1.3723831660186505,61
197,13.003246753246753,-5.062996243997526,-37.70302422269831,-11.212121212121211,57
198,-8.231037615095586,11.77304964539007,2.2920247721220757,-2.6571478099629715,64
199,4.62962962962963,15.809294871794872,5.158730158730159,12.976487587808368,49
200,5.876962632386672,-11.91221373094882,3.560606060606061,14.578754578754578,67
201,2.6679978541680676,-2.349752909293799,-78.36941297252733,-8.507301156554886,94
202,0.0,-1.576617826617826,-19.740896358543417,22.553017572313323,47
203,-35.82440086686158,8.303821603996058,8.242074753439606,0.23302193007815575,98
204,19.162161855930854,7.604166666666667,6.864591705339937,6.384140550807219,60
205,2.8744176826246406,-1.1233798781577846,-2.4126747088703597,-19.02777777777778,68
206,12.17033329778428,-5.7154713005096625,7.192982456140351,-2.126436781609195,55
207,-127.67576255223658,5.34042969923124,-3.4004518872939915,-57.797242239479814,99
208,12.467320261437909,6.773049645390071,20.971420246722,11.482236540376078,64
209,-26.820679074214635,-5.222451159951159,7.362155388471178,7.777777777777779,53
210,4.267738434405102,7.777777777777779,9.068627450980394,17.604166666666668,32
211,-74.24028111732561,-11.941960589501571,-85.74644490102558,12.790114295377975,119
212,-28.145743145743147,-13.14241721670551,-1.2847533399672841,11.168831168831169,67
213,12.639835715127338,-6.76470588235294,4.637258495773677,2.8735632183908044,45
214,13.084032985256275,-9.449970977226615,-17.64919590305285,9.013347763347763,69
215,-1.2085478700983514,10.0,12.380952380952381,9.308167720977448,50
216,-8.49324271830946,2.2595281306715065,8.734049175225646,5.0,45
217,11.56761412575366,-53.9115352327218,8.000292782901479,-2.7439458689458696,80
218,5.5172816080298395,-27.312101478768145,-48.69560453915278,10.893300248138956,80
219,-32.24386724386724,-33.75122988263406,-9.745303693204953,8.205128205128204,82
220,-6.028759173920465,11.984126984126984,-5.379804234293398,-11.794871794871796,44
221,1.6666666666666667,8.437742812742812,10.833110277090054,-15.602338157485214,72
222,-45.81227708509656,-4.318181818181817,10.450680272108844,6.572327044025157,59
223,14.388964888280894,-4.7080453659401025,8.17384912099429,-27.836519315013938,58
224,-26.08768431752616,-13.992227303313694,-15.490725227080453,19.796929796929795,66
225,5.607315389924086,-42.4858301360307,0.7443019943019957,-55.80033443047141,80
226,-4.763065070082613,20.538492693097957,-1.3133435192258713,6.62153449387492,57
227,-4.4472016840209605,24.391993786974606,15.330704745666383,10.389340921553808,59
228,14.688587435066308,17.285529959215715,-95.40397317495442,6.811594202898551,74
229,10.30199458508282,12.488893942629087,9.622577857871976,9.478458049886623,69
230,19.974583049918447,5.0,12.604166666666668,11.074168797953964,42
231,3.1196581196581197,-20.36798123115425,3.533341455490579,-0.01069137562366329,69
232,-5.37037037037037,-1.3467815641728675,9.980359147025816,2.083333333333334,44
233,6.150793650793651,10.0,-6.409324663181604,14.67687074829932,49
234,12.776482776482776,-8.792995432596173,-13.337850045167118,-40.79739704739705,75
235,-11.41215106732348,11.22050622050622,-10.098039215686274,3.08641975308642,43
236,-29.951331339205517,11.219165335507224,-67.42014703249596,19.642086579221083,81
237,8.436791383219955,-16.470328184324124,-1.9570093988698645,-2.9751461988304087,56
238,18.46512852326806,-7.280701754385966,7.604166666666667,13.525149190110827,44
239,13.810248066402565,-15.91142808749516,-7.6816902903859425,3.94738750501614,74
240,-4.740198073531407,24.678303621958122,22.19298245614035,7.873563218390805,38
241,26.72586620131155,15.9375,-11.913580246913579,-6.747181964573269,51
242,10.547934821235437,-31.530069189320958,-0.05190149369453678,-8.251143498020474,70
243,20.874280412861086,-30.56182121971596,-12.030178716661819,16.583010804708916,70
244,35.859153250388395,0.24588819162462627,-32.69128199794926,-82.513112284518,96
245,-40.82833916167249,-56.15384615384615,-13.298309076635705,-3.723272116485134,93
246,6.709608158883523,-20.0,6.5476190476190474,3.3333333333333335,41
247,6.88608776844071,3.08641975308642,6.89000408967039,8.787878787878789,55
248,-15.710547293208581,19.775219371631444,15.118940078289672,3.5846438482886214,57
249,10.0,-4.165622389306599,9.777504777504777,11.746031746031747,38
250,6.871998013794928,-4.496531614459153,3.076328984254701,7.228600240468526,77
251,-15.720494301611676,-15.424095929266464,8.419563215881439,-3.2009272767157206,85
252,-4.5574582034071485,1.1817926374538086,-9.871797377955014,-1.9135802469135799,59
253,8.882022708749052,10.540581012279127,-21.46927578528851,-12.526455026455025,57
254,-1.8097445271358312,-19.454532272330287,31.373407600588127,-7.311827956989247,58
255,5.008710801393729,-8.14895904069245,18.134920634920636,17.864923747276688,52
256,17.38095238095238,5.786931095855582,0.0,13.205128205128204,37
257,5.2291026204069695,22.94218273819792,2.083333333333334,22.25225225225225,49
258,-29.59430966323197,-20.230572316969372,4.124953652206155,-4.717533898524799,69
259,1.2799043062200963,0.24651107984441012,26.496751624187905,11.859686582336733,55
260,12.499642448512585,-34.48020315347681,2.7102062400846116,11.91536595848671,64
261,-20.65866732192609,5.49539512774807,-31.94619147449336,12.79017857142857,64
262,-30.963203463203463,-8.397435897435898,9.423954890056585,6.666666666666667,60
263,-10.265960093546301,15.649142480282833,-10.0,-20.45977011494253,59
264,16.68664870116776,22.842587117768964,-32.22896826809789,16.934481109516977,68
265,10.327060931899641,12.873563218390805,29.878193701723117,11.87429854096521,34
266,23.24063599798894,3.0106483554759436,1.1226851851851858,-7.350668337510443,52
267,-59.917900486335434,12.37867024103635,2.960381528520408,-1.0164483418282924,87
268,6.851851851851851,-12.222222222222221,6.766381766381766,-10.80892908412288,47
269,-38.826828941761235,4.8415578132559265,-1.223196881091618,-15.79892565461326,73
270,-39.938471645788724,1.5869815668202774,14.25622733156273,16.28205128205128,65
271,12.505611672278341,-7.598039215686272,20.937406409104526,8.423690671031096,53
272,10.407790221341578,5.98534379426828,5.656108597285067,-11.045856376738731,60
273,-12.630638975494387,1.79590017825312,1.6027661064425782,-20.864299969145804,73
274,16.93798449612403,6.004140786749483,-3.67828612926652,9.169272461955389,43
275,1.2217007529507533,-14.923572085839169,10.906238464378,-31.818987625274957,66
276,-74.58559729301867,19.53060648055389,14.62962962962963,12.337900969570507,83
277,16.302083333333332,3.7878787878787885,-0.5722162137438538,-22.93482450310475,64
278,3.7359708539674568,-17.975088183421516,10.227272727272728,20.0,52
279,3.8949275362318847,8.002762312534609,-7.395833333333333,-32.558362179498964,68
280,-6.666666666666666,7.688172043010752,-0.6140350877192979,-48.859180035650624,52
281,7.233796296296297,18.70255348516218,5.279402209226772,7.314814814814815,42
282,1.5656565656565675,-17.32057687940041,10.237648530331455,26.77304964539007,47
283,5.9712961838979615,6.296296296296296,6.736111111111111,-4.384920634920633,54
284,10.0,7.500000000000002,10.0,-12.020822665983955,38
285,11.879158570335042,2.9761904761904763,2.2035480859010277,6.370091896407686,45
286,11.021505376344088,11.599378881987578,10.0,26.122467004819946,37
287,4.777504777504777,-24.318348196727083,-12.496807151979565,6.369047619047621,66
288,-4.0625,-20.747200689061152,14.015594541910332,10.704365079365079,48
289,29.6523592602024,-0.6140350877192979,14.115853658536587,-1.1297852474323058,44
290,-1.698066415468677,21.65214838233131,8.058361391694726,7.467320261437909,57
291,-14.88636805191273,9.443144682115273,11.81159420289855,19.185537782235894,56
292,11.937984496124031,-24.80860139572681,-51.19047619047619,26.38888888888889,60
293,-1.6967556253270535,7.848691187140705,20.438540476350518,6.81997138178739,54
294,13.374183006535947,-57.999325236167344,-40.36487569358538,-8.717948717948717,75
295,18.244931808143292,6.773049645390071,7.314814814814815,3.870214752567694,49
296,-10.0,14.847831398332746,-48.479904066925826,9.62962962962963,56
297,5.0,-56.65909573295959,10.563213589529381,19.994775339602924,57
298,-2.3887264457439885,22.26448843745179,-2.2878264054734636,-6.472663139329805,67
299,2.450980392156863,2.5000000000000013,4.62962962962963,-21.91358024691358,42
300,-3.1600547195622433,-9.565217391304348,2.768327386323991,29.62031771452873,59
301,-29.60664122349803,-15.091576774417568,5.178445161917522,-13.083084476946368,111
302,-2.600974294522681,-0.40380774320919066,-8.415887078371092,-5.597363953411744,96
303,3.788458639204908,2.9119917309904477,0.16850124355526774,4.096048525873087,75
304,-19.450157499277655,-9.401445592846224,1.0105085622770495,-15.0,78
305,-9.881917675988475,-0.5912531303285686,2.8649237472766895,-21.649586125344896,74
306,-6.941388699898384,8.736172857845936,-28.7752781363329,16.17283950617284,74
307,-0.8597346042521483,13.870214752567694,21.73611111111111,12.600461133069828,48
308,15.476190476190478,13.070116487455198,-8.925831202046036,10.0,41
309,-8.10511895215183,1.4682539682539688,-2.474747474747475,2.314814814814815,45
310,20.8641975308642,7.762494324994325,0.9027777777777786,8.525149190110827,56
311,10.002536902781701,0.9992283950617296,30.353920436563016,-9.385526014382638,61
312,13.101851851851851,4.438178780284043,-5.589765713305695,-16.319031884191457,62
313,-90.0558078752616,-43.68853090519019,-34.43843781097391,-41.47561477713908,134
314,-14.011510355496608,-37.25288600288601,-5.023876558588029,9.901960784313726,81
315,-13.670284232628891,-51.69377128023744,20.142722171323868,8.288530465949822,74
316,9.979084092538162,-26.241203621340606,-69.6835851634907,2.5526630195560593,77
317,-33.77767637233,-12.836504999402273,4.673466160657812,23.182833244230597,96
318,-69.79596304657579,-8.641765503557128,-5.969029374201789,-26.72593230864627,94
319,3.2882698313965166,-11.788517943409246,14.01084620382866,11.07625328397546,62
320,7.604166666666667,7.834757834757834,6.283068783068783,10.944298668083835,44
321,12.873563218390805,2.192982456140351,26.49227480311954,-13.357135192173555,60
322,-3.530701754385964,-6.666666666666666,-11.306196603567267,29.214559386973182,58
323,4.947089947089948,5.0,18.627531472359056,-7.074615199615199,48
324,2.4404761904761907,-14.462599854756716,8.098151848151849,9.385964912280702,47
325,-13.638115181103084,20.0,-31.181888723637112,11.473598864903213,83
326,4.40654064040004,18.878968253968253,-2.222222222222222,23.6231884057971,48
327,9.7953216374269,10.257175333901676,3.1670959995768193,-22.961287078934138,57
328,6.078934506353862,-29.150807828287256,-54.332837301587304,5.055491509295859,78
329,6.574135740802411,7.610059693393028,-5.068009185656244,13.01437338501292,56
330,14.552243666827,-46.19427433943563,-12.939752824206606,9.956896551724139,64
331,-3.922333450635339,-7.493872549019607,-7.102038031947298,-11.085035821877927,86
332,14.519400352733687,-18.12454906204906,-52.44801547886196,-8.573311804463508,77
333,-36.946386946386944,10.99372140550716,-5.0939164564059425,-39.44034435281106,73
334,21.04674192909487,-15.951291938686895,-7.074684574684575,-35.26324276947941,67
335,-3.4663638330088684,-13.236100204751375,-6.844687731731986,-17.966446875976196,116
336,1.6666666666666667,18.35421888053467,-1.3768115942028984,-9.02192947956905,51
337,5.662393162393163,-9.512709798264108,0.7827341730777782,-25.601568835333698,71
338,6.442807851476584,7.777777777777779,-28.152076652701588,17.755009107468126,65
339,8.10708898944193,6.836945304437565,7.873563218390805,13.968253968253968,35
340,8.510026064297774,-10.571230899762782,1.6025641025641024,-7.433708338880753,70
341,17.604166666666668,11.699094125126605,-0.21289997480473488,-15.142309797482211,53
342,7.075352316764827,-23.091963172761226,-32.217798395951874,15.090681496770248,76
343,0.7142857142857144,11.04013104013104,21.243781094527364,-23.24707082603976,67
344,10.139152435167617,19.901960784313726,-20.797608867784305,11.73611111111111,48
345,0.24838558611850559,10.099067599067599,5.638570707569425,10.764935248989179,51
346,12.080385997477075,-51.88713904231145,12.59644144489608,2.8379028379028384,65
347,3.6231884057971016,27.01058201058201,13.086419753086421,14.989759344598056,35
348,0.98384327679477,13.629685017875662,-10.403086236419567,9.611375440179788,67
349,28.334500466853406,3.8339546816690553,17.921762030028624,2.9761904761904763,56
350,8.968253968253968,-6.91358024691358,11.021505376344088,-9.239839290395405,46
351,6.767590323431147,3.2051282051282044,8.787878787878789,13.927931800272226,48
352,-0.27420277420277284,-1.6826943419461102,-3.5993282455015168,13.937681903783599,60
353,8.940135077762925,8.162496424970326,4.863548492380309,-23.233537969893195,88
354,17.646955468252898,-19.797005378173772,7.797345991536712,12.604166666666668,69
355,-18.170497622073164,-15.716753136931892,14.62962962962963,10.0,57
356,16.450265389390907,24.41966530201824,21.700680272108844,7.891106183789111,49
357,-5.804781262098334,-4.081670487994975,-11.352580435012484,16.26170578895829,63
358,-31.221690933768418,-5.428473265084965,13.009153318077804,7.604166666666667,65
359,6.333588891728426,-8.708993911016327,-10.56150623894494,-42.42078589991747,87
360,13.339513039179334,-16.450956450956454,26.864237180172022,-14.154232053829826,65
361,-51.973443223443226,-29.96609378935421,-0.6501278447553767,-15.629254121699578,92
362,-26.0823442954843,-4.767150412311702,-31.307662638185526,9.517704517704516,92
363,10.926584923602217,8.22146234380277,-11.395348837209301,-4.070825211176087,59
364,7.525252525252525,1.1187131302073858,15.0,-8.344463801780874,47
365,9.940424295263005,-7.686972022010384,-7.474747474747475,10.365853658536587,43
366,11.54320987654321,7.392648836417835,7.450517318938372,-36.54355325127336,73
367,-18.660942790891475,5.887123448602459,-2.614237614237613,-10.866732982898476,89
368,5.882822028332866,-5.622616323417238,-45.089642305882634,-4.768772119654649,86
369,-32.174435918542784,-17.44859095731291,-53.70141996455878,-20.316255411417764,95
370,5.141694725028058,-27.750083471493046,-47.1638278875121,7.192982456140351,65
371,7.136752136752136,-28.800509708083414,-19.841668479994773,15.125815470643058,86
372,19.58117289468979,6.171004921004921,-6.898148148148148,24.610971465810177,47
373,-18.245965401137813,10.689383715699506,-3.6111111111111107,-14.770904476786832,66
374,1.85483870967742,7.154882154882155,34.3219759168035,-7.685185185185185,41
375,-5.813305468477881,2.7228327228327225,23.116921500630518,-16.638157414247733,65
376,-13.015873015873016,-8.945969137448927,1.5925300300300305,11.527777777777779,61
377,-18.20432530135818,-13.642326712015272,2.0833333333333335,0.4271433988415121,55
378,11.675660571385631,9.28599259692188,-9.922447082796415,-7.718411438649532,63
379,-32.11123133882522,16.493506493506494,3.220535526038372,-60.293342639903734,95
380,-9.642857142857142,20.82039911308204,10.438924501424502,9.532828282828284,45
381,-16.334998150918548,-3.176988975909242,30.548310911666448,-2.646120926018644,87
382,5.288480684986062,16.35226490810573,29.750445632798574,8.578511496131634,55
383,-13.427672955974842,-0.5352630247647054,-1.9676405183651546,-33.91384045849155,91
384,-29.396862883704987,-31.763620781125997,7.384108946608948,16.06692430293027,86
385,10.69480102695764,-1.2201983172311963,19.901960784313726,8.336320191158903,44
386,-7.445623743543831,12.317801672640382,-19.85130450647692,13.181810566878278,68
387,17.028435693696718,7.110822008829599,-25.292022728342555,-49.29914677125025,87
388,2.686538913719443,-11.492223348111443,1.5320015901411246,3.5183570632518375,74
389,-6.433836150210557,-6.066433566433567,7.765594541910332,7.301587301587302,66
390,-11.89291101055807,8.958784271284275,4.385964912280702,4.618960927100462,47
391,18.689839572192515,-9.414414414414413,0.4932218703601219,-20.830320334177276,57
392,-71.9199760839071,-45.646264482641776,-1.1680761099365746,-6.95850231336037,107
393,-17.09357398873528,20.126881933653394,2.8623114170781534,-24.902413257676418,76
394,3.0615471240471237,5.479269755585546,5.488559059987633,29.80548770243867,69
395,-21.23919409769428,-65.89323519732983,-1.7907573812580235,-29.486566798394755,85
396,-10.809792843691149,0.5901042981115168,-9.936389271427634,-2.378005379157452,64
397,3.395061728395062,11.811735261401559,15.7129929731599,-5.4914529914529915,61
398,-18.386243386243386,16.83641975308642,16.565656565656568,-2.3759920634920615,50
399,1.2493715434891908,-1.0317460317460316,-16.54591093547527,-45.65106268496099,66
400,-11.560184002044467,18.060422282120395,-5.497181964573269,-11.474116835472064,56
401,2.383887999789956,11.454417293233085,8.689839572192515,1.9109990493638307,55
402,-1.2113661532266171,18.663446054750402,-7.746913580246912,21.11111111111111,46
403,-24.753508324714318,8.333333333333334,-2.3049943883277204,22.06974768657346,78
404,6.792276147114857,-19.956513159278273,-35.09407614275558,-8.70811533697196,78
405,9.850489017155684,14.62962962962963,5.06215032530822,10.794367474847434,52
406,-40.30338633594363,-16.76764383783116,-44.695258445258446,-0.8333333333333321,90
407,1.5686274509803937,-7.501206182207467,1.7361111111111112,9.456018518518519,57
408,-6.870445245558249,-9.790835668495244,-23.022823021577768,17.3704594017094,78
409,-4.764957264957264,-18.992958762405433,-26.827679432614357,-30.287477454745066,108
410,-3.6111111111111107,-32.32638570704832,-29.18155985541508,2.8921568627450975,72
411,14.495108265089083,12.777777777777779,-6.378727850649849,9.287658802177859,64
412,23.689839572192515,-11.894692983336284,10.978260869565219,1.4484126984126986,60
413,8.333333333333334,-9.293155384486653,12.081375432197895,8.086419753086421,47
414,-3.784364875166761,8.205128205128204,15.964139490860388,15.040849673202615,66
415,11.049015106217091,2.8091856737690075,9.89854482848858,16.960864805692392,66
416,12.607523596489346,14.890157734985323,-0.6947607197304526,-7.880197084317227,89
417,30.942479251407708,-26.68374047806672,3.4722222222222223,-0.20082461174414967,69
418,-13.22695035460993,8.472222222222221,-15.266418981098917,1.4885388437217721,56
419,4.507797270955166,20.365968024636757,5.465949820788531,20.87121212121212,40
420,0.755216063714752,-20.536762978623443,-32.8346961680295,6.231154831901101,67
421,6.5819868451447405,13.334269808054977,2.688172043010753,12.040229885057473,44
422,9.166666666666668,-7.126436781609195,-2.792139244856876,-28.78039354329842,79
423,2.604166666666667,1.6025641025641024,12.899679077839995,-9.067742133754855,58
424,10.0,-74.41427207425346,14.7939360929557,24.571889767463624,67
425,-9.907407407407407,5.223171889838557,-1.3768115942028984,-3.337850045167118,46
426,-29.402371058332523,-36.568509010369475,4.514268366727384,15.80329436150132,66
427,19.166666666666668,1.6621499548328824,12.71279653307293,-6.666666666666666,55
428,11.885297443059866,3.928116075071401,6.5656565656565675,-19.182098765432098,51
429,10.303030303030305,7.5910931174089065,20.965625380587017,10.0,37
430,9.356172576557507,3.5201149425287355,10.0,12.453863472772623,59
431,12.77552400270453,-6.04703064497361,-16.80411052411826,11.461988304093568,66
432,10.217305483778352,-7.5420591709157945,9.501970955775306,-12.905056759545923,55
433,24.336528367057895,-7.551382417223488,-42.270892521404186,1.805697127481436,76
434,-52.73933677903463,-6.600621600621601,-56.95526632659038,-113.09732791835751,127
435,8.024441751622279,-10.794064405027582,-22.310315025589286,-21.961805555555557,82
436,-2.311827956989247,11.097620025801273,9.325396825396826,6.496751624187906,47
437,5.6088604596067295,15.807623188604504,-22.598839260255126,-9.194282001299545,77
438,9.036037062352854,-18.618447682655336,22.27202060704427,2.418484877781097,64
439,-2.916666666666666,-12.650608122474718,-33.1523569023569,17.398205659075224,70
440,-12.186458384476486,-7.7382918396356235,-9.235716390888804,-17.133753750044733,78
441,-4.5340501792114685,12.273755656108598,13.623188405797102,1.1457943501287158,47
442,2.4107301743546756,-8.373564840956146,0.32280219780219777,-89.8507456595692,71
443,-3.897306397306396,18.0701164874552,0.35587311847816094,11.535947712418302,51
444,23.78787878787879,0.5968853324442218,7.8695553912112715,-0.09678230266465526,67
445,6.111111111111111,-5.708612733806531,14.62962962962963,16.857651164422624,54
446,-3.7733427292677297,-46.26067523345837,-37.34298280172665,-9.918249351243436,111
447,3.0234315948601664,-34.43208386936932,-22.30037387109096,18.054331591633655,74
448,1.7361111111111107,-67.18203093203093,-3.062015503875969,26.515151515151516,55
449,26.02528608342562,-10.949775662229722,-46.04295502419969,-22.83625730994152,75
450,-14.017094017094017,8.645951145951148,2.291666666666667,40.81057486814902,62
451,12.44047619047619,3.300704550524081,-10.614035087719298,-9.661327994661328,51
452,10.816170861937453,7.054673721340389,16.265324558007485,7.293161881977673,45
453,8.806739069896965,8.092231842231843,8.181818181818182,1.7117410665797763,59
454,5.148650612037341,17.90518791091569,5.784313725490197,7.873563218390805,61
455,9.653984500988521,7.830058050530736,-39.34389140271493,-0.9746981023576775,74
456,-18.230082730766725,4.210745537073766,-8.567524137699575,4.337306225821714,61
457,5.27777777777778,5.0,9.831932773109244,13.787878787878789,36
458,5.5609284332688595,17.930283224400874,6.060606060606062,-27.16197934947935,54
459,17.954545454545457,-58.37452396132154,-42.4767362686205,-15.510397517455964,104
460,7.289322832958321,-25.465766620657924,-47.3843241855946,4.406694989617815,67
461,12.341557813255928,4.646464646464647,-4.069156152489483,11.666666666666666,54
462,-26.039113743098564,3.4722222222222223,14.544302307460201,-1.7199129440238714,72
463,-24.314469228868973,-8.77264492753623,-14.51058201058201,-7.4728790575472495,75
464,-43.60410830999066,9.675346029397083,21.319285749110314,-10.96774193548387,74
465,-43.563828107732625,-41.596526918117576,2.2368826316194736,-15.536673423578183,105
466,17.88127173373075,-4.470934838581898,6.476050830889541,-66.04672057502246,61
467,7.380952380952381,9.777504777504777,3.2902298850574727,12.083333333333332,40
468,-54.96096585969964,26.281281946243585,-6.229260935143289,13.333333333333334,56
469,15.704365079365079,-7.7097081349884,9.20673076923077,5.784587760178912,78
470,-2.801828089095169,9.032927736578108,-0.06255179557508495,-2.910534795269469,70
471,17.456382502149097,12.03252032520325,12.976190476190476,10.858585858585858,41
472,-2.7477477477477485,5.9446068875893445,17.756132756132757,5.213424568263278,41
473,-2.239504681365146,16.76691729323308,-3.3319994664532477,1.1677793677267738,54
474,-47.126074546803615,-41.40910920017012,16.48148148148148,-46.40371210836384,105
475,12.74885520250557,21.328521726325423,3.9930555555555562,7.538059712346232,66
476,9.661017635823837,-19.065770178485764,-13.848897879475835,19.307959627232073,76
477,-18.713087516143545,22.79175054046093,-8.545548654244307,3.0595712144478626,60
478,16.04013104013104,22.75882339898217,3.663446054750403,0.24455077086656063,47
479,-6.212121212121211,6.939752252252253,7.142857142857144,5.488041370394312,41
480,9.149735092717549,14.292797578801636,0.0,6.558496866284585,54
481,-9.599650257621684,-5.500233754090697,7.67887838760862,12.220188412629216,80
482,-17.474747474747474,8.472222222222221,23.977272727272727,17.72547795146004,44
483,10.59947299077734,-58.24363004684521,26.469574910067386,14.728889779265465,80
484,-4.7561588738059335,-49.103056712629424,-42.42126337714573,17.38095238095238,70
485,1.1603942652329735,5.0,25.066545674531156,-0.8333333333333321,38
486,9.125568143842225,9.901960784313726,15.158730158730158,8.968253968253968,46
487,-0.3379953379953382,21.520095933074177,7.032520325203253,-9.196542601715015,44
488,-24.462256758521615,17.910887010340712,-17.15213993940702,2.0131594304388436,71
489,26.448816801073985,14.015594541910332,-4.830827067669173,5.537161350678247,51
490,6.773049645390071,5.6837757419152775,7.335631992910159,0.4365330023988878,61
491,12.426172525810205,7.719298245614036,-0.036419641177377615,26.246046805819102,62
492,10.477729885057471,8.623188405797102,2.3148148148148167,3.1070889894419307,36
493,6.019951840385277,-19.747710942679497,11.22050622050622,-20.558633661239394,63
494,-30.526734400656817,-8.465260117181248,8.086419753086421,-23.99952211313539,87
495,9.385964912280702,-34.72348312122594,-17.06155273739561,5.780945419103315,63
496,-5.776961143227367,-8.757168565100457,-7.529731001753957,4.184260708153939,80
497,2.6225159429493803,-14.111299328690631,27.57692470927765,-3.1884057971014492,56
498,26.82261208576998,16.61764705882353,10.809294871794872,11.565656565656568,38
499,-20.029239766081872,8.745483288166216,1.937984496124031,24.065656565656568,46
500,11.181607744107744,-20.35012099213551,-9.736925519229992,5.748397728286214,76
501,24.427952999381574,-12.51558467075708,-2.961287078934138,8.584643848288621,50
502,8.787878787878789,1.7600495232074183,-6.794871794871796,6.3220183580224125,47
503,9.897047397047398,-1.2121212121212115,22.976190476190474,22.083333333333332,40
504,4.667877619694437,-2.324849480021893,-2.8922811798479224,1.351457202279665,55
505,-39.835739377148045,-6.651713470722083,15.862193362193363,14.232468515313158,75
506,-6.027167497289126,8.095975232198143,-87.96172313518632,-38.11948658195632,72
507,-1.8929110105580698,15.195609040717738,-5.664414414414415,10.0,44
508,5.784313725490197,-1.9135802469135799,2.7777777777777786,-33.337850045167116,44
509,0.0,6.599378881987576,26.150793650793652,-5.281765018607123,42
510,-41.96645675222017,21.684366993291476,5.80639751297994,-6.2581977359258545,91
511,-2.3111550285463296,10.209841028610025,6.851851851851852,-16.143285350602426,53
512,10.0,14.8388515653481,11.160394265232974,-47.808687263933045,59
513,0.7390873015873032,12.380952380952381,3.086419753086421,-4.275525525525526,44
514,7.708836553945251,9.60038986354776,3.839178173527769,12.418300653594772,52
515,8.525149190110827,5.408058434374222,13.205128205128204,3.62844310492482,77
516,-1.5649787730560336,-3.015873015873016,-2.5123382906401766,5.895391158549055,70
517,2.812595200751387,-8.808479532163743,17.15479326769954,12.099496015752173,58
518,-4.484573691890764,7.380952380952381,12.032756433848613,7.525252525252525,48
519,-3.56733958989435,-48.23795182444931,-34.620532018073,18.998352250121915,94
520,-15.321574976747389,3.981481481481482,-20.554805470463226,-0.7686180804460374,79
521,4.756603407919199,-15.019640852974184,9.901960784313726,17.44047619047619,49
522,-1.9291629517177113,3.860783918923456,9.62962962962963,-6.933600099250503,63
523,-11.941704217919051,-14.25438596491228,15.251310514955287,8.165901928068225,51
524,-7.549019607843137,-22.280701754385966,9.329734592892487,12.474296536796537,45
525,6.712962962962964,15.938003220611916,3.3333333333333335,-16.7001556786503,41
526,10.505660824288277,18.333333333333332,2.3389358573084023,4.614407640723431,60
527,8.621235575569942,21.700680272108844,-1.8486590038314166,14.62962962962963,49
528,27.550245223840978,5.445800491567082,-30.50627240143369,-32.921615396343654,76
529,0.0,-4.0625,-9.13427329023475,5.772005772005773,58
530,-59.993619160285824,2.74403958614485,-8.422870512351945,-45.457514458861105,92
531,13.918918918918918,1.7665301658733856,5.449925891102362,6.436781609195402,74
532,22.220722747038536,9.136584741423448,5.0,-12.842465188002945,47
533,-12.845117845117844,-41.88471851672192,-1.3036328678405185,5.0,70
534,24.337306225821713,3.6258417508417518,-11.518747456247457,5.81560992861239,59
535,27.131962155799116,-3.3937915187915184,15.773172905525847,5.82244040672721,63
536,12.080188427413567,-30.083232965236355,-11.467988710635769,-31.45784770784771,71
537,-5.902874893085669,1.937984496124031,6.572327044025157,-1.7950720477316215,54
538,8.564996472375594,-41.13105992171033,25.848539963123297,-6.782027929568914,64
539,-14.013428988196068,-17.094790862223185,-30.016905219622853,7.1933621933621925,78
540,24.425348186958097,-27.482714045214045,10.902016666535722,4.589371980676329,60
541,17.6031891744866,-18.5973207249803,3.966845067591337,1.1718042209017134,73
542,1.547619047619048,-28.59903381642512,-2.9490728909333566,2.9629629629629637,45
543,7.788780898439793,3.7878787878787885,15.112942612942613,-5.37037037037037,53
544,-5.8179969786862475,-72.62787822715526,-18.72915111655424,15.828784651073876,100
545,3.9682539682539684,-20.66556663827449,1.5151515151515151,-37.009095952942516,83
546,-17.19479623206331,-9.874557741359634,3.5251491901108274,-26.78945579144189,62
547,-18.81786876884916,26.658423171790155,24.45887004332537,7.94706046835725,63
548,16.31101518815344,-10.876436781609195,-20.62278368794326,10.0,53
549,9.347572362278246,-9.619316653214959,-16.143083735144756,-9.250469924812029,68
550,-18.768842531233783,16.246579091406677,-13.380238791423,10.488559059987633,60
551,12.858187134502923,15.93192461008553,26.104053321479608,-15.862602569168915,63
552,22.209727791747028,8.472222222222221,19.385964912280702,28.99648723445133,43
553,-0.2777777777777768,15.738053922041196,-2.549019607843137,-7.136031406864739,52
554,19.067591234929946,19.850489017155688,17.439953387411176,10.0,55
555,-28.10613199215164,12.314814814814815,10.0,-9.284194244232607,52
556,-19.611000563179395,-25.211604284901917,-1.0747217518763357,3.5879629629629624,94
557,1.0866451843895457,11.115761192487534,-15.441093302728518,-8.008740598074622,70
558,-5.589113487806545,-18.73829421104171,-24.61392648727925,-8.605821218310705,66
559,-40.76783723522854,-22.737086536221753,-2.549019607843137,-5.390325670498084,61
560,22.08945983593871,-57.628122249853305,-3.132612893642302,20.273995745693856,91
561,-20.906385008349677,-19.62038293789348,-55.337549271870074,-60.13399578804054,117
562,16.448119927685507,11.496751624187905,15.256452348154884,3.5996950676350004,77
563,6.076388888888888,-8.580685741590836,13.305076308641702,33.37194772674165,80
564,3.5370452120810807,-19.212058340428086,24.470790770225797,-17.356887298747765,59
565,34.24725762394593,-7.619047619047619,17.873563218390803,5.875440658049353,45
566,5.457380457380458,2.9761904761904763,-6.8557725119379125,5.421865715983364,57
567,22.604166666666668,22.44047619047619,8.205128205128204,9.901960784313726,32
568,7.252252252252252,12.662216299726811,20.782977811579507,-9.574837524398927,59
569,4.901960784313726,9.976232917409387,-15.118845500848895,8.797989669133045,45
570,27.954545454545457,2.372055336474141,-40.919994512504054,-77.83523570945763,110
571,-0.9601449275362315,9.015604114571623,17.450980392156865,1.9183436431498453,53
572,21.50578179989945,3.7481962481962494,12.777777777777779,15.257921121411094,51
573,14.730225075052664,9.589460784313726,8.21150097465887,28.932795240934773,46
574,6.004140786749483,7.604166666666668,-11.296702462115995,-12.56367089700423,66
575,-26.885629251700678,18.333333333333332,-10.96930846930847,0.7720057720057727,53
576,-23.37061737692685,-10.198640880272421,-7.157162716472198,7.314814814814815,81
577,0.2703373015873023,11.344086021505376,-57.24701990870673,8.10848252344416,68
578,-0.598822221065948,9.784075573549257,23.716509191797865,16.39546727782022,58
579,-1.576161561780522,6.723274636808472,-16.490853917324507,5.0,58
580,15.0,-30.42242863568115,-15.743102796674226,15.861253998004324,67
581,0.0,-7.168057385448689,15.510153802836731,-20.334632878492528,45
582,23.98148148148148,24.166666666666668,-11.65306915306915,13.252818035426731,50
583,15.690586419753089,9.166666666666668,9.901960784313726,-11.122295994859712,39
584,3.378758462763841,-33.05555555555556,21.61398818786774,7.861187110503115,54
585,-15.695153061224488,-3.366013071895425,22.661229636820792,-25.3812771961561,73
586,-7.64793315996906,-62.79818043968167,-18.05735930735931,-3.8252020741012958,82
587,9.186073885740184,26.81159420289855,-5.098039215686274,8.623188405797102,46
588,-22.0656852893695,1.570694517123089,-6.888546121546396,8.537925737592033,80
589,16.85185185185185,-12.861402642364103,11.538461538461538,-39.38521489280637,72
590,13.571461458908864,6.613598765930815,-6.429551768612907,4.753086419753088,72
591,-36.17127638866769,-45.18519095335575,-13.568961658725883,-41.38330703920983,119
592,5.221344660933029,1.3937372458235695,-4.825719860393924,-46.14405731935846,109
593,12.862743125901021,-2.3611111111111107,-4.2696192696192705,31.09998064266357,42
594,1.937984496124031,-0.5641909260330316,0.4962952923104731,-3.1884057971014492,50
595,-19.55400331579161,-11.948445030708836,-3.9203612479474543,-13.006630289542134,89
596,-56.38666131337598,7.933006535947711,1.6450216450216457,4.0869218500797455,75
597,18.427324309677253,-23.1512021590941,1.3019127639616885,2.1367521367521367,71
598,10.169753086419755,4.298391888524716,10.663418290854574,-18.386243386243386,54
599,24.39467571367443,-1.7857496533967119,7.688172043010753,0.0,41
600,-10.189672182527834,16.134209606431824,-28.13368483661205,3.6240647888960673,81
601,-62.391090467253036,-14.383244995840082,-2.619047619047619,1.334432255614975,90
602,-6.171064390853824,16.515151515151516,-1.6326530612244898,2.764550264550266,60
603,-7.208979650840115,13.101851851851851,13.968253968253968,5.0,45
604,8.472222222222221,2.192982456140351,8.205128205128204,-14.771241830065359,39
605,24.86111111111111,-8.503279128279129,-8.118118118118119,-22.12708212454663,60
606,0.0,8.117715617715618,-2.8561582568441457,-3.047552702725115,58
607,-4.024538349035888,7.314814814814815,-40.57435868541345,25.825746497476295,58
608,-2.471776589423646,2.795790279649678,-2.406019479752199,-23.501150828737035,64
609,-9.712745607151502,8.204633204633204,-27.221482505230433,-5.424626233106853,87
610,4.07127789800424,9.13900913900914,28.130449690116667,-16.161616161616163,60
611,0.937900709406084,-5.0,-0.7563448852015089,-39.53113652868555,67
612,6.792482137309726,1.4935064935064934,22.78557112341564,-2.7170868347338932,50
613,-3.090617868295838,12.133289415898112,-77.49849816715093,-0.09549508781490257,80
614,15.910085129483999,-0.4204966281704401,7.253086419753088,-28.43238587424634,71
615,-3.7297608437314294,-4.274862966723431,20.833333333333336,9.749240121580547,50
616,3.0091533180778036,-2.1264367816091956,2.9083608495373197,4.901960784313726,40
617,-40.13684036753311,5.876068376068376,-40.0,1.4367816091954022,73
618,-21.62124153723616,3.7878787878787885,-39.820341745260095,-15.899063248762054,91
619,3.7626183514341456,11.25,2.387117064536419,-16.87268509284744,63
620,-12.12416056166056,-26.5325953016498,-0.2302410596780926,9.84848484848485,63
621,-26.128754706340914,-15.949182115176738,8.95603195534796,21.45939881014508,78
622,-3.015873015873016,4.464285714285715,4.166666666666668,13.402088638220572,48
623,9.177109440267335,-33.8012136672851,3.11983662860856,-25.153313796161413,64
624,-33.978502646517924,-19.637118576093147,7.777777777777779,7.614496931303741,89
625,7.252252252252252,22.38095238095238,12.154882154882156,10.632615760052044,41
626,3.086419753086421,15.08266830305323,-28.09657634005283,20.47543100174679,65
627,9.81649069884364,21.823242117359765,-5.881390434961862,-5.25297619047619,51
628,15.620255533577996,-0.19904330806423332,12.638782947707433,-4.572829131652661,60
629,-10.995814409853951,10.164141414141415,-4.33023933023933,-20.429451074612366,67
630,1.3392377885131523,9.778132169436518,1.3034188034188037,2.604166666666667,46
631,11.150619751273695,5.5611729019211324,-10.098039215686274,10.0,46
632,7.1946005412165,-44.25296237796239,10.40747028862479,18.525149190110827,96
633,12.687915322074254,0.8929892386324383,7.2522522522522515,-5.852623456790123,70
634,7.314814814814815,6.215092097445041,-2.1264367816091956,11.056083922194473,49
635,-9.868936595279305,11.843634760301429,7.731481481481483,6.984126984126984,56
636,18.426102334771066,8.472222222222221,33.16611393748356,8.58753240783824,58
637,9.419542445858236,19.403250457606493,-16.40264537213687,-39.24958034944021,84
638,1.5819868451447405,-36.75225645813881,2.6649098645761615,14.37364531144512,60
639,-14.578470287773458,-6.062318096216401,-4.625224120656014,-10.872118078000431,67
640,-13.196988196988196,6.666666666666667,-18.894014762516047,-20.9703002499294,66
641,3.7332005973120963,11.212152001625682,17.356616468136078,-11.873866873866874,56
642,3.3802216538789436,0.024404249210451034,-8.477282950967162,-1.9399748972919695,51
643,1.0203484116527601,22.083366220813627,2.0806100217864927,-19.601889338731446,48
644,5.0,-4.623732944899981,25.345493759096577,5.0,66
645,-20.988319193488223,-53.74604361446467,-6.977124183006536,-24.43233145636517,83
646,24.26059267793139,-9.790434364988615,8.010781194768471,-2.3187879140260095,70
647,8.968253968253968,7.083333333333334,-15.085263635988273,4.831932773109244,41
648,-17.14076246334311,10.751176980454016,7.767736911584103,14.17461799361671,64
649,0.8542305549747315,16.73611111111111,17.68212416931582,-5.134863123993559,70
650,-48.06284817754121,-7.6366320432020185,-42.50710624856161,-8.308338556122598,99
651,30.543472774930578,3.791789919438109,-10.84983965289568,16.07138581928498,74
652,-49.949575300518546,0.05585897474159651,-4.960962275382203,-32.62183634040432,130
653,2.192982456140351,10.648148148148149,-2.6470588235294112,9.260592677931388,41
654,-25.709064327485383,4.190236748376282,16.31360157865614,0.39259645779457375,81
655,-2.549019607843137,25.323352172486565,-19.481976600851553,12.317801672640382,65
656,0.22254191531685108,-8.587570621468927,-1.5868109543156654,8.664772727272728,64
657,13.343621399176955,-105.205579686454,-2.8587120505163615,-9.65605026293698,81
658,-12.876830318690784,8.753211107688081,7.779111644657863,10.338672005338672,64
659,17.873563218390803,12.450980392156863,23.440413752913752,4.385964912280702,44
660,8.905365265014389,8.805569970593321,5.258455323661757,1.8168442289584803,62
661,-1.9135802469135799,21.57773386034256,-20.563314000814003,11.206896551724139,47
662,-46.63143346675433,0.884456549418188,-98.5417705015764,3.8649622120997353,120
663,15.608974358974358,21.85483870967742,4.633204633204634,11.313131313131315,39
664,-46.875071987240496,-16.49385831617936,-3.7745098039215685,-69.91849451663654,106
665,-75.31846875604023,-23.614662369421982,25.304037727925316,-5.531144491982692,75
666,-31.91919191919192,10.973999954609841,-2.0527842359362722,-34.94151887207613,90
667,22.26808446775076,-33.619931119931124,13.346275554111049,-7.0371295371295375,71
668,11.617420465875103,10.862193362193363,-41.2412101774068,8.436791383219955,59
669,-8.57447019211725,-13.35477623677963,1.8607885824866957,3.6153699068279797,55
670,-27.16645750663247,-17.409060846560845,25.473618252598932,-2.1865200440715307,79
671,-40.37984006734007,0.0,24.72073394726734,2.282913165266107,62
672,-35.2123996860839,3.3820346320346326,-3.4013057719061845,-16.52777777777778,59
673,-6.52997714103191,17.06719977553311,7.136752136752136,-1.0800201282530484,60
674,-70.10964211616084,-13.173455041112936,-6.712204205353639,-3.079472875737731,96
675,-14.888157504947515,10.059970014992503,-36.22465247736567,-11.159025013514176,81
676,-21.664675391515328,19.382293252156266,-12.713299772123298,-40.260113972928615,73
677,10.287772315024817,18.557452273758166,-0.8212560386473435,17.09494324045408,64
678,-11.650637295798585,-56.12668822751771,2.1916564434186547,-1.549760730876029,96
679,-17.781986531986533,11.613756613756614,3.205128205128205,2.314223964082995,54
680,8.855661881977671,2.380952380952381,-1.702853598014889,8.674095607235142,48
681,22.590132827324478,13.835978835978835,7.646785800537874,-12.77898027898028,49
682,5.0,-1.1297852474323058,3.7168865617141473,4.081732108047898,43
683,-32.29545222468895,14.2989417989418,0.6349206349206353,4.986382095485821,68
684,-27.246479574065777,-24.024358480638412,-27.541350828338885,-23.99021729904083,109
685,11.433596214504217,-1.4711951904716571,-12.332665737838152,-12.815102629680636,86
686,-40.77635327635328,9.734848484848484,23.35993495887285,-26.583113133655488,71
687,3.5661126122953313,-10.69250760649087,7.604166666666667,17.94922423703428,64
688,-32.3557382333978,-1.1063372717508053,-31.950904392764855,0.0,51
689,-18.331018380540957,16.091617933723196,-6.95468569030465,-5.833333333333332,64
690,5.0,-13.00986842105263,-1.5277777777777786,-0.09803921568627416,39
691,14.005464942397792,-28.63898980933473,-34.973753059073914,-7.105358312322046,92
692,12.586626439085455,1.021124313807241,-20.682865121654732,4.053621448579433,63
693,12.06967611195292,-55.91778378017874,-2.324763226929871,13.551997730216911,85
694,21.521721992890726,13.199847003458324,19.483500717360116,6.260304023461918,59
695,-16.60704028804157,-35.23601633379077,2.8491212031584703,10.0,64
696,16.060606060606062,15.169172932330827,23.524303952350174,4.532520325203253,52
697,5.72269909384247,-21.00120408624245,21.461988304093566,-2.474747474747475,57
698,-31.858606901943315,-92.0445494402663,10.63421905155776,-44.95271654857807,127
699,18.302978635459453,16.828316610925306,-7.105570298294756,8.968253968253968,55
700,-0.9118412731964991,-2.7884615384615383,-1.4472455648926232,-23.739736546754088,57
701,11.163219037932999,22.536826599326602,11.700680272108844,-24.208911465349935,59
702,-46.89888951023347,-8.996302244662763,-50.139078148063554,9.292257286047944,95
703,-32.375168652162515,5.072692420029988,4.247066250742723,-5.525221638727383,92
704,-1.6258169934640518,5.457856901625899,1.2405665853941716,9.756084761567221,56
705,-6.087590985414958,-18.888888888888886,-5.075337823387033,-28.587892927866292,84
706,5.648148148148149,-7.3945377951398035,-16.62805221507397,13.623188405797102,65
707,18.124251694375094,-8.967258794845002,2.604166666666667,7.394830373712425,74
708,-5.079093551116507,-12.181896160390782,15.724474474474473,9.531590413943356,56
709,4.314853640511535,7.032520325203253,0.0,18.60856735856736,42
710,1.3254392666157369,13.44811258555999,-7.813177829985461,-9.634146341463413,60
711,9.81668537224093,-16.463917726939375,-5.29879524977564,1.908496169490415,89
712,3.034424819002337,-24.660447559625098,17.44047619047619,7.192982456140351,64
713,-5.486731930404229,25.381951855488204,-37.93744345102579,5.259561302526876,68
714,11.235376843362324,4.74460235924499,-14.055393112410655,7.525252525252525,54
715,8.787878787878789,2.8735632183908044,2.9629629629629637,11.61764705882353,36
716,9.495798319327733,17.77777777777778,8.236732779415707,7.108045887033164,62
717,4.386218685910338,12.410455069539221,-26.731609063926136,14.754273504273502,65
718,-0.7374254049445863,-1.1518781220404737,0.4218657159833641,-11.262239250744997,57
719,-12.496807151979565,0.0690606263361695,10.0,7.348994348141835,52
720,-4.228481323412773,-24.023249903215973,-46.09744388445863,17.745221328882703,98
721,3.9682539682539684,-5.4216659673316006,12.250779530447542,-5.0,50
722,-3.0879309641305213,3.4722222222222214,14.498106060606062,0.10446721231035117,54
723,25.279614417061822,11.357176415315951,-2.6190476190476186,12.60140847255185,45
724,-24.651793747188485,-43.02234564602393,-27.176275068431927,9.906083543594058,75
725,9.026482776482776,-0.27930763178599527,17.873563218390803,27.507960449136917,45
726,-2.7947090970529684,10.026742998441112,-48.62537908637199,0.532786885245903,68
727,-52.57791926139356,-39.72828492793001,2.0750371943949606,8.00243215930853,81
728,8.554335585585585,-21.283968885278206,7.952574655890416,11.404589151068024,71
729,-6.427208143010029,3.694741073660447,-114.4999851005391,-26.355354157166744,91
730,2.3814383887868273,1.206896551724138,-29.043435313658506,-21.24335099064001,79
731,20.540362178324582,-4.027777777777777,-5.830140485312899,-10.457848837209301,71
732,9.166666666666668,7.688172043010752,0.6773798939758651,-10.0,47
733,10.593434343434344,21.539555764361968,-1.7610062893081757,-24.363254574428275,55
734,12.024572649572649,-20.518757960618426,5.324074074074074,3.1822612085769997,50
735,8.775279671868724,25.85478175343797,7.9761904761904745,18.235294117647058,47
736,-4.7712418300653585,24.63612441873311,22.52088554720134,7.976190476190476,43
737,12.121212121212123,5.556590060266531,10.0,24.567067067067065,37
738,-4.419547311729486,-55.725828658286,21.180812980504637,1.4880952380952372,98
739,-4.152909362950346,-22.210347602504466,0.6209437368857671,2.9629629629629632,66
740,-60.60391412391089,-2.5595238095238093,20.303911627081757,-11.220977008725654,86
741,24.868945443389325,0.6905864197530871,10.0,-5.2332852332852315,52
742,-13.723763624372944,19.97557892552733,-15.749158249158247,-7.656659910181036,77
743,7.873563218390805,-15.265700483091788,-19.28452117266543,1.4871287542698843,78
744,21.321195144724555,-3.4007871745239786,-43.00211807132256,0.6501298885452211,96
745,6.313131313131315,-11.288965858485899,-39.21296296296296,9.166666666666668,53
746,-8.293656585876697,13.436519201038259,-24.7296626984127,3.1482635787435385,75
747,4.077481884683868,-8.741131780347464,-12.506587615283266,12.154882154882156,59
748,2.719845513963161,2.180335097001766,9.876543209876544,-9.450609358441346,56
749,8.333333333333334,-5.823033220574204,-44.134932467312325,-13.920361247947456,66
750,25.722760629777255,3.6248473748473735,-17.594954648526077,-15.311016144349477,63
751,10.43126343161298,7.083333333333334,-21.456228956228955,-6.91358024691358,50
752,-0.6571385359951591,4.912606842431404,-27.321411656450017,18.605643774939487,72
753,26.444798836103185,2.1733821733821728,-18.839605734767026,9.197512626795538,46
754,-2.0132200608238744,0.6783666724317288,-34.15202372030851,3.9437134502923974,81
755,6.633986928104575,13.648775660269916,6.8939393939393945,-10.236770082307839,60
756,10.555555555555555,-3.062015503875969,30.44525498417582,2.873563218390805,49
757,-7.609763761663107,6.773049645390071,-0.41936294782594596,1.2799043062200965,72
758,-8.68892302246495,23.96825396825397,-63.86443120576248,-16.932837026017317,75
759,10.488559059987633,-19.447167755991288,-5.0,-10.188452285485166,50
760,-18.736383442265797,-39.68915343915344,1.3888888888888893,4.919353253161198,71
761,-2.619047619047619,-7.311827956989247,18.47222222222222,8.10708898944193,38
762,-24.00702318071095,8.99968934451693,-42.30182530151236,-26.921100905812942,102
763,-29.20315259439912,-11.19835895594147,-11.424933811311341,10.356340649467334,83
764,8.749578699022582,-13.608328473540281,15.908321661998134,24.912826241607757,58
765,-3.138266981510798,-12.477600372337212,9.973698781838317,5.781363471314453,68
766,-6.042466386745318,-27.64086096332852,10.98086124401914,14.426042303104364,81
767,20.814805466385927,9.106340649467334,-11.835431490603904,24.579980745004097,74
768,-1.5217391304347823,1.1684735257750134,-42.971700960245634,2.688172043010753,72
769,-21.699515527262463,-20.655742437732748,16.666666666666668,4.5871182056030815,69
770,16.518873900924405,11.633986928104575,13.830301554086722,-15.13888888888889,58
771,-16.644266586127046,0.8585858585858586,-15.250759878419453,25.262123238278868,65
772,-16.866096866096868,-24.797609868131794,5.004685004685005,-6.416494133885438,66
773,-46.06320766455145,11.259820426487094,23.68107769423559,-0.5595935864924133,56
774,-5.281765018607124,-39.08232228625604,2.974428995934373,2.5604872175834856,77
775,12.525252525252526,-3.7546817680796716,14.791575304982477,5.488658514974306,70
776,-13.119029850483782,-14.217900975774166,4.349445548294655,-20.670481908872002,98
777,15.266624382102561,25.0,20.450881681531836,-16.16161616161616,71
778,11.911217437533228,17.3015873015873,13.623188405797102,10.15873015873016,36
779,5.709165386584742,-15.853808353808354,-22.446957939330243,-19.899968982630273,65
780,4.905753968253969,5.008710801393727,10.0,10.03003003003003,41
781,7.688172043010753,-2.1264367816091956,19.887078244921383,5.518236291893583,52
782,12.032520325203253,-3.98148148148148,33.640125415888356,-14.826721386228911,49
783,14.397614134303728,-8.015873015873016,-3.704539768395966,11.99707551960357,62
784,-9.681320169825915,21.38888888888889,5.502675285957021,-4.97892112572573,60
785,-17.356290410429406,8.333333333333334,-38.63876863876864,10.059970014992503,65
786,20.0,0.8985160529782963,-8.995859213250517,3.0717699266086385,49
787,-10.34125320288842,-0.7246987787017849,6.406885938135939,-7.197496290422322,70
788,-0.17507582023710988,10.271317829457365,-5.171957671957672,1.203340083693142,52
789,21.20792176519731,5.888233833820774,-30.54232804232804,8.205128205128204,51
790,14.398148148148149,0.98086124401914,7.008970844044187,-13.008214981899194,53
791,-24.15024630541872,-20.26016505636071,9.166666666666668,5.608974358974358,59
792,20.512663398692812,10.982905982905983,19.016321516321515,9.166666666666668,41
793,1.937984496124031,1.7697591125364192,-9.651421875308863,18.116337823601015,73
794,6.227355072463769,26.060606060606062,-12.023809523809524,-4.351851851851851,44
795,-13.35889825499213,7.314814814814815,8.402062496890082,-14.818307757885764,60
796,-17.863247863247864,-6.90934065934066,-26.2251827725997,-8.158182813355227,57
797,-2.6352768165078193,7.8872958980485866,-28.178899481955508,-21.870290283619006,78
798,-3.863468083068808,1.937984496124031,-2.984000116468669,-23.627657739012967,60
799,16.921901198216986,2.2522522522522523,-17.506105006105006,5.604973535453496,48
800,11.700680272108844,18.10754499671915,-24.324996026413515,-0.23249738766980088,59
801,7.083333333333334,8.766863466529763,9.667350193665985,19.13096695226438,43
802,8.968253968253968,11.165463255659034,6.469298245614036,26.908811121244383,57
803,0.0,19.493937435113907,2.878151260504202,-2.043053224054507,46
804,19.267738434405103,16.054852320675106,-29.776901459036825,-22.436442319939594,79
805,23.08641975308642,24.38034188034188,7.764550264550266,-2.7302659041211297,52
806,1.1625115781436506,-5.42513099350108,0.03086419753086611,9.406042001150695,73
807,12.136752136752136,10.944606887589345,1.0872226659096502,12.604166666666668,43
808,6.4773251676491235,17.230178801710064,-13.71405667805262,15.125052213868006,62
809,17.077108767045047,-5.663567727996039,2.5204248366013076,-0.09803921568627416,59
810,2.3143977310643993,5.768417874396135,-85.09699543657135,-19.356481907038024,84
811,-16.372015347987887,-17.48642439431913,-29.011912086409623,-27.902757584400582,96
812,14.529989229655524,7.825791358400054,-29.9956744688718,13.759985475671751,61
813,4.834730070862006,15.519403506346569,2.0833333333333335,1.613756613756614,49
814,6.206896551724138,-12.906859159077719,14.725005660414588,-10.962621607782898,66
815,11.418485237483955,15.82778332778333,-7.685185185185185,0.0,42
816,-8.926841422148058,3.215831787260359,16.161236424394318,-19.929688885470277,56
817,-10.15182310914018,-8.772678611674555,1.851851851851852,21.633986928104576,51
818,-4.40052700922266,-47.68939393939394,14.807692307692307,14.901960784313726,52
819,22.479814441552225,16.021505376344088,-17.724867724867725,19.901960784313726,56
820,12.450980392156863,0.768240044555835,-5.314842578710644,6.845731752944639,58
821,4.966190551493616,-48.02914074653205,23.81893161304926,21.572327044025158,63
822,10.923202614379086,-4.141363022941971,-50.41428213150491,12.878151260504202,60
823,-6.186458928540507,-8.03131509013862,-17.278652223620774,15.60966369411902,63
824,25.249235261401555,-6.8259958189834915,3.425961172440046,12.28326604287787,72
825,-1.852244977244979,-48.29054899085734,-7.7143601532903165,8.886239180356828,66
826,-1.2121212121212115,-9.488431213806294,-32.012029785205925,-0.39928516209351095,76
827,7.246082195526078,3.3359391286220563,0.5860805860805858,1.7407514080901185,52
828,1.6913179413179424,-2.454594017094017,5.456349206349206,1.970380744890548,54
829,-5.971944875489314,16.984613401806314,-3.158315550394528,9.036393713813066,89
830,-7.433261183261183,1.2743319620615932,-21.393557422969188,0.7475880454615136,107
831,-58.716386179729724,-17.32281039298583,5.208264586620713,8.599091707019756,101
832,10.280108808087606,10.0,3.3055849458810935,16.476733143399812,67
833,2.9089082214082222,10.0,14.166666666666668,-3.2431306849911508,44
834,-3.58108108108108,13.822108553566355,-13.009384581965227,-44.067073670606966,86
835,-17.70198458787309,4.281833025187225,0.9916238261632895,6.282051282051282,66
836,16.48201637332072,-47.00576791358863,-32.2621803406656,-6.2213734865549295,81
837,-17.86204163220292,10.875440658049353,15.394066717596132,-71.9678968384228,71
838,14.036037062352854,18.205128205128204,-1.5083705587042608,-30.273106682645206,68
839,-5.31075642152094,-11.321707045391257,3.070768537299977,-12.290445985414538,66
840,2.906828798301664,0.9232026143790852,-1.6967556253270535,7.654494098148598,54
841,23.21092697891123,-47.70016585271619,9.153546675793617,-11.392710051166727,71
842,8.623188405797102,6.911217437533228,9.989759344598056,6.256828911291155,46
843,-15.708443808931463,-48.45796585405973,5.715279615094413,5.056980056980056,69
844,-9.897712320690918,-30.057566797762874,-55.377971927799344,2.6385275055643325,93
845,-9.537804243686596,9.860666040609795,2.379543480289751,-32.717767794149914,118
846,13.437149270482605,6.4177627938073325,-5.98614553755683,-40.14230979748221,64
847,-4.933454325468844,-54.001897860593516,10.623881932021467,-5.0,55
848,8.413643235071808,-22.815032549327263,4.855449271907345,5.398110661268555,67
849,11.602564102564102,6.911217437533228,6.671447539444145,4.521584471028355,54
850,9.618815078836716,-14.200121546090934,-16.422729266076228,-27.424328877176766,104
851,-31.815071087416285,-29.04170804369414,2.1367521367521363,10.03392559369789,68
852,7.816257816257816,9.424283154121865,-15.157375942571985,-8.085792614094501,78
853,-15.74236175951862,7.314814814814817,11.07638888888889,-0.958605664488017,52
854,14.078538929285198,-47.80884502923976,-17.658970793028764,-4.572829131652661,67
855,1.8677534870908765,-10.151453843314307,8.309135496799879,10.840717697335345,54
856,-21.289573472858955,11.895823621351127,-20.171236079961435,0.009090594692871656,88
857,20.421903804256743,12.777777777777779,22.610627041405074,15.842558183306416,46
858,26.984126984126984,-17.91938997821351,22.614850427350426,7.040229885057473,42
859,12.43221976501145,-47.3889408301546,-64.76800892943295,28.62667794267287,121
860,-4.896928221892352,-2.57880220646178,-13.088581571705257,-10.918707313010161,70
861,-8.290781321867756,-30.83575612846068,-12.669400847306152,-42.71433674684449,114
862,-1.3785946022788127,3.7283030831417934,3.4242273697088974,7.2893228329583195,62
863,5.9523809523809526,-5.534670008354219,2.413289987214717,9.351788457988281,75
864,-1.9135802469135799,17.972077271768924,3.6198115609880324,8.333333333333334,41
865,-1.7948717948717956,-3.289313026155131,-25.77733860342556,9.761904761904763,49
866,7.172916909368833,-27.725750077915826,-8.910048271532784,23.725038402457756,62
867,19.763426697413973,5.149572649572651,-10.0,-9.057239057239055,46
868,14.22552733214498,5.977866882961056,-6.794485738362928,9.77313779945359,69
869,5.223171889838557,-24.69378828159769,13.952932524361096,-3.793103448275861,54
870,3.1237850484005634,-35.93628593628594,-12.103643896266222,-4.562747092493305,85
871,-28.0766777281326,-38.59574080819486,12.01562016428359,-8.770531536571497,108
872,12.98875085645546,6.237816764132554,-3.7079494050419872,-54.75350624306575,86
873,-16.025371609904496,8.333333333333334,-14.225408203902827,4.166666666666668,54
874,13.194015996918264,-27.528104969965433,5.430351735383184,14.363059502234293,60
875,13.333333333333334,-15.175075820237112,2.7455399928804187,-24.50251305323769,50
876,28.04909560723514,-41.613485881736246,5.8315718530772305,-32.60992919180251,75
877,-16.134562007746254,12.314814814814815,-8.523949169110459,1.3683599242007474,57
878,7.312802498378316,-21.95468509984639,7.342258847324121,4.67741935483871,66
879,10.0,-17.59259259259259,5.709876543209877,-28.854691060573415,55
880,5.645604395604396,5.66436251920123,4.329734592892487,6.944444444444445,43
881,-8.676050591595267,-1.8929110105580693,5.0,-9.136822294977415,46
882,1.9527898851529024,-48.59040201429146,0.45745741123892447,-3.1369882333978065,82
883,5.757176935835622,5.473288355453027,-10.17195767195767,12.66378746991028,84
884,-3.4986603336986963,11.429361692519588,30.594150154572148,-0.8730158730158721,51
885,15.772005772005773,5.690586419753088,9.368908382066278,17.858187134502923,47
886,1.0215053763440878,12.208634015909558,-1.3141072561362392,4.62962962962963,52
887,10.270049487133605,-13.720095693779903,13.167075979575984,-1.913580246913579,70
888,-28.42424986588839,-0.893165100482173,-3.5066252206211637,26.627428462053786,86
889,22.3015873015873,3.366869969331607,24.02398329141414,-43.386095328819785,64
890,-19.79915924377825,-1.0103682824641065,5.083650375573115,-23.221891349109907,92
891,11.73611111111111,10.628654970760236,-13.684352924133584,-65.5558379486788,62
892,-13.616485413192066,9.430505774591797,-18.919177905518715,-8.29457047327304,66
893,12.804294470961139,8.27077077077077,7.380952380952381,2.604166666666667,50
894,-4.024584929757344,16.54681139755767,12.65995993768881,-83.38251939145776,71
895,-9.014700870588966,19.958322645855006,19.84848484848485,-4.9057315233785825,63
896,0.6284934733210612,-13.676050591595267,-44.31639583819859,24.523809523809526,70
897,9.44197978983218,-59.62565975088304,-3.366013071895425,0.0,59
898,-61.632252738406926,-47.5493223537485,5.440817232955808,-13.311150530879642,84
899,-0.5400909220943173,7.634935694707991,7.5398242326757625,-14.11776611507263,70
900,-3.484848484848485,-8.673163188756373,-27.069636283632228,21.86631509600443,58
901,-6.773358865077131,-6.27275580665411,11.893939393939394,3.56580307729733,60
902,7.2522522522522515,-46.04809240678806,-17.73088023088023,20.074786324786324,64
903,-47.819878052496115,-11.77579365079365,-1.140350877192982,-13.202967894043407,69
904,5.298409311567206,1.8939393939393945,14.610177404295053,-11.393891906356036,51
905,2.40515363233416,0.0,11.572420634920636,4.080568863177557,41
906,13.292969743198576,8.498075998076,17.000751717691124,-0.45727827464513937,60
907,8.152301626450718,-21.266089037954362,-0.37037037037037024,1.4818826912322862,65
908,-123.0472919097814,11.225490196078432,17.525252525252526,-2.9894179894179893,68
909,-17.518155410312268,5.0,6.8939393939393945,-7.747747747747748,46
910,7.7541553580614835,3.5201149425287355,-2.04138521809055,4.295897004230336,66
911,9.52305004936584,25.069444444444443,-9.991289198606271,-5.085470085470085,48
912,12.873563218390805,23.578578583694764,16.675010429703796,20.06912442396313,47
913,-33.91571395957361,18.189382520822672,-32.4948009506833,4.433655182503109,67
914,-5.595311524014097,-18.734738534790132,22.569615979675657,4.901960784313726,65
915,9.127816627816628,4.192546583850932,-23.49979007050716,14.672992324470949,62
916,-36.4646914857627,10.004174121143315,5.614504255808605,12.957603990212686,91
917,9.502637087223555,16.013293858121447,10.0,1.643526976007795,51
918,10.624824092316354,-26.046421721818863,-13.485897330352579,10.074786324786324,83
919,-4.137513344830417,14.797149122807019,-37.23787826442813,-89.45336632676786,74
920,15.577951446648228,-17.202797202797203,-27.163796347270647,-10.377739366883453,70
921,27.896474605143958,5.787037037037037,-26.3918395374168,-21.602392567332892,73
922,9.671717171717173,-36.70359347442681,7.192982456140351,5.580225639212914,53
923,-5.28215452847806,-18.164870904808986,-24.48043641115062,-7.426898662517622,70
924,-4.0625,-16.138046079906545,-16.310160427807485,-20.860948667966213,59
925,4.117846388172742,-11.19155219011023,-148.73452504274238,-5.398059542796386,95
926,-26.06552343159486,1.3347955651803742,6.547619047619049,-14.830248037662155,73
927,-53.398185635027744,-24.526445994023753,-6.0806697108066965,-27.29809714191839,90
928,-65.21949726563328,0.9375809375809379,-6.6454993177420345,-1.5996134517243839,96
929,4.044547988316985,-45.199277535170125,2.380952380952381,9.130966952264382,56
930,10.096714902555727,-0.9386047100714394,18.789102643153697,-32.74691358024691,68
931,7.649956924198154,-0.8307275380446111,-4.212962962962964,13.47595854796527,59
932,4.978177850518276,5.0,-8.70664673856735,-20.406162464985993,60
933,8.980731155162937,5.15697089231378,-47.94212109826715,4.498106060606062,85
934,16.41891891891892,5.0,9.136584741423452,12.834757834757834,37
935,-31.03174603174603,18.0701164874552,10.0,11.776377217553687,43
936,-16.746123158483016,-10.081018518518519,17.235175900007178,-33.83169934640523,59
937,-35.555482379866014,22.452516619183285,12.136752136752136,-26.696581256389322,78
938,10.070546737213405,5.0,-0.014880952380950774,-10.69125159642401,44
939,12.221557045551297,16.480402137386953,3.3854166666666674,-5.725688924218337,88
940,13.417508417508419,5.73038073038073,7.638888888888889,22.19298245614035,38
941,13.99265966354644,-3.847684413697139,1.2830687830687832,21.98866686982137,57
942,7.776563040207814,-9.047338807000383,4.385964912280702,0.41020671834625233,52
943,-18.22310405643739,-33.27997967479675,-2.1264367816091956,-21.343859537579394,79
944,0.570160375772276,15.298690671031096,-2.7754712791597003,14.47131748149267,60
945,0.6397306397306401,8.80952380952381,17.08061002178649,-3.9019625938230575,53
946,-6.91358024691358,2.2607347063847545,-31.833496409103827,-36.55421065793381,74
947,-8.672052907641877,24.166010515821228,0.3363598790428055,-27.524400799505752,75
948,11.441105191105189,10.982905982905983,14.901960784313726,12.14209766841346,40
949,21.783842666195607,-2.2949735449735433,-21.73868048477831,-39.229819887714626,81
950,-15.434169819412771,1.2500000000000018,2.1467475879240587,-0.7809983896940409,62
951,-43.84131876459242,6.635366267719212,-18.623930515945034,6.388888888888889,62
952,5.0,4.021317829457365,-3.986928104575162,4.02318137515506,44
953,-37.023809523809526,13.333333333333332,0.6397306397306406,-7.619047619047619,47
954,21.303418803418804,7.604166666666668,-11.913580246913579,8.333333333333334,39
955,2.236183331624929,9.363876863876865,1.57387155578901,-12.222222222222221,59
956,9.834251899071537,4.421304753785574,-12.408906882591095,14.460138105648943,58
957,-13.171803295786399,15.035412074885759,-19.77417053778033,2.777777777777778,57
958,9.806335446573833,-24.8633071267101,-78.47466247235762,-34.74507541444662,108
959,-2.09081899728102,-34.781892848753316,-7.642746913580244,5.526315789473685,63
960,-20.984405458089668,-3.15649206376671,-0.8791208791208796,15.398815743643329,53
961,-20.870147517563012,-22.194214309497227,-4.350744126661668,3.0780670702082205,97
962,12.380952380952381,18.54670226299475,4.557772850455777,-19.08875593258807,67
963,7.371794871794872,12.252252252252251,22.58208863737661,-13.338557993730408,52
964,-18.20744978449192,1.206896551724138,13.033557567288256,-1.3189223057644108,57
965,6.1295957629507285,-21.617967874125508,11.224712107065049,-8.619990623782705,70
966,16.237335359675786,-0.08959377415152048,-17.777830368944567,-21.155141155141155,84
967,5.16164994425864,29.88713317981611,14.901960784313726,17.873563218390803,42
968,20.60284011433437,14.142198397625767,-3.2709627034660684,7.736297510324972,81
969,15.42942048188609,2.7209870774733824,3.653703346685802,7.314814814814815,72
970,1.8939393939393945,-10.535978132387706,-18.307397032887227,-29.578365959944907,70
971,1.5955805095876032,-1.1175710594315245,-6.809542796384902,-21.03174603174603,50
972,5.337754230967111,-27.126436781609197,-5.419616548962079,-4.388327721661055,58
973,2.673611111111111,12.705838235675884,6.710686973844869,-13.66214958821666,70
974,8.787878787878789,20.686274509803923,5.0,12.074136955291454,34
975,6.014818514818515,5.827188744808883,-12.242722853777623,8.086419753086421,54
976,9.335659285103167,-30.37037037037037,2.2522522522522523,-5.323129251700681,49
977,-7.739898989898988,27.7735040948386,-16.11796897838717,-2.141912320483749,75
978,9.557772850455777,11.937984496124031,-8.92732503301264,5.618641926202432,50
979,-33.96927146927146,5.376984126984127,15.477729885057471,11.669104104923719,71
980,-15.95905172413793,-0.6328024936283372,-0.24787347155768136,-14.52873213742779,62
981,1.4412238325281805,6.538461538461538,13.784013605442178,12.172994307738087,59
982,3.6119013750592703,13.082765640905176,15.0,-27.702720409406506,57
983,1.9674059638848362,-13.055555555555554,-26.85424179610226,-2.6967630381374454,78
984,12.605820105820106,11.16123642439432,10.0,-29.395540550431857,49
985,17.985303123086343,-89.17023042638806,-3.027713027713026,10.0,71
986,4.030809183843728,-5.101986044015029,-16.673615949158737,-0.6140350877192979,62
987,-0.6075904600688224,11.238859180035654,3.4722222222222214,16.638071895424837,48
988,18.374183006535947,-4.8770619358854645,25.402217257055966,8.501818570817289,45
989,-4.611033539604968,-56.7671783625731,7.341269841269842,11.837374163440554,81
990,-14.885284400877584,-17.023809523809526,-2.9166666666666665,-2.834972045498361,52
991,9.591050527983379,5.182270648372343,-12.43089671181069,-35.7961105589189,62
992,0.0,5.582010582010582,-11.967490638156272,23.580480217927626,55
993,5.772005772005773,6.749016620017654,27.93122759856631,11.81581420397039,56
994,7.604166666666667,-52.54719198478891,0.2287581699346415,15.616409895922619,68
995,5.630359631775417,-36.39026250745332,14.901960784313726,-21.484675126159946,73
996,16.048114867113583,1.4192343604108313,-2.1264367816091956,10.551346801346803,46
997,10.507759915087501,8.968253968253968,5.324074074074073,9.365079365079366,45
998,-16.97865460219458,-0.8948578955418887,-14.39655172413793,1.4026792750197008,65
999,-28.4426417676059,-18.24019760125237,11.682053476807694,15.0,65
1000,9.824889258028794,-4.639794168096053,5.437405731523379,-4.620309330628802,53
1001,24.901837928153718,5.0,-8.595509428842762,24.01664730933024,42
1002,-6.294917341112992,3.0032467532467533,-4.314644119210682,4.276511753483014,70
1003,10.0,15.748874701858067,11.091986036838978,16.214281523206008,58
1004,7.9906160750714,-17.22222222222222,3.6231884057971016,5.243692506759828,63
1005,1.1933959760046715,-33.2703369344597,0.05553121162449415,-32.235928362573105,76
1006,-10.887064324564324,21.099492039977754,-9.508177008177007,5.169753086419755,61
1007,15.693294225902921,2.4109824109824114,15.809294871794872,2.9761904761904763,40
1008,3.5341911168426003,6.305006620587411,-5.280320366132724,-8.039611597741363,90
1009,-10.414630280471352,13.886239180356826,3.9415339306454293,25.808199248691725,52
1010,29.416773094934015,-1.826156299840509,-3.0062724014336926,0.34188034188034067,54
1011,-1.5278952940358965,5.0,10.0,-6.761020739515361,47
1012,-68.10304146639724,-16.818234409348605,-12.97125310465806,2.9925268473887314,87
1013,-9.829159326978775,0.030030030030030908,11.480428211766485,-1.401515151515151,80
1014,15.000263546278727,-2.8266178266178272,-3.2245334031048323,0.6499780412823899,56
1015,-42.15617715617716,-8.903276710294252,0.0,22.883846048807687,58
1016,1.661442006269593,-3.3670417447013192,-34.74786414302543,7.900524616626312,61
1017,-11.61424102467151,11.096491228070175,15.228543052475981,-3.6357347513689393,76
1018,1.17367683354699,17.832514974362283,14.745654754911762,-13.939969249476773,76
1019,13.462752525252526,22.314814814814817,13.689839572192515,-2.8571428571428568,36
1020,-3.226950354609929,0.14362523375806124,-17.811477557170747,16.560585713552836,59
1021,-4.8616312748307,16.330309901738474,9.051344408750452,-1.9458724146224142,73
1022,5.872952279202279,-27.54150224957951,26.04468481038116,6.974636460262777,74
1023,0.20859687961206141,-12.309069772993835,2.8520443265025293,-8.13488438040905,57
1024,13.745791245791246,2.3643039591315453,-13.65079365079365,13.086419753086421,47
1025,-32.801657802762534,-0.5985000232083992,2.407970280310706,4.457093575750543,104
1026,24.837962962962962,3.973543861054374,13.787878787878789,5.189386106724818,48
1027,17.328323477265137,-1.8251088534107405,17.60461760461761,13.9270977483711,64
1028,-22.32434640522876,-6.511702904137852,-40.088395958905096,-33.20418408058788,106
1029,-5.706028129301785,-56.81892307403712,-5.21164021164021,-19.110632724763157,85
1030,10.212743535966293,-21.879938480065675,-39.59474553224553,21.126126126126128,74
1031,-13.64208284939992,29.578754578754577,-7.4089068825910935,2.525252525252525,52
1032,2.5469588550983886,12.385762385762387,19.38034188034188,-12.610748002904863,52
1033,10.008710801393729,3.9682539682539684,-5.143581081081081,-3.888888888888888,46
1034,7.950083542188805,-21.985006518904825,-7.201278659611992,-4.835779897947628,61
1035,-1.396056051228466,10.655708731000354,-11.048710672999508,6.1728395061728385,54
1036,7.533670033670035,-32.23614348614349,16.984126984126984,14.154002026342452,47
1037,20.81605087419041,14.84006734006734,-19.7498375568551,2.1367521367521363,44
1038,6.048166392993979,-9.758605794790004,0.9896230767733429,-33.3531746031746,70
1039,-13.343573988735278,-2.9396623237202935,9.840067340067339,-47.017320589139345,60
1040,7.450980392156863,-6.437541377027473,-11.454081632653061,22.034431159145118,57
1041,14.65874679711158,-30.448946847339435,17.38248922757509,8.333333333333334,53
1042,-22.031415473444458,5.682261208576998,2.931886945044841,-32.371998550664046,76
1043,-1.5294568014956234,26.614923747276688,-22.30599647266314,-10.55638623072833,65
1044,8.968253968253968,0.23715352983645666,10.0,-22.130645535817948,57
1045,10.398815743643329,19.914736364011727,-14.137806637806637,8.051803834823792,51
1046,13.48523549672975,2.865853658536586,7.192982456140351,-1.8646827043640348,51
1047,-10.528010564797166,-41.11617679088516,2.9443415297153344,7.500000000000002,75
1048,2.776349976610364,-15.979598317059617,-43.30847278795265,27.31000617689435,82
1049,-34.98968464485706,-14.543650793650794,4.920102272960225,22.102014294996753,62
1050,17.19298245614035,3.870091896407688,13.136536611057565,-4.529641008135631,51
1051,7.314814814814815,3.133903133903134,-19.204697825285514,17.331191278514567,74
1052,25.261641347729434,3.356873822975519,-7.533587509077705,-1.3908608745565243,63
1053,-16.59973950523881,-4.2293026703781855,20.19697218824716,0.8105646630236798,82
1054,-21.20305111291828,10.540581012279127,12.616019038432832,-4.311002178649238,72
1055,20.787037037037038,6.5656565656565675,17.976190476190474,7.094943240454075,38
1056,6.851851851851852,-16.96415316268708,5.405035577449371,-32.79150701332073,75
1057,3.5251491901108274,-13.064171779508507,9.445890262415961,23.218061357251095,72
1058,-6.519456939054125,9.166666666666668,13.086419753086421,6.3742985066514475,53
1059,15.677512870495327,2.2167755991285407,17.450980392156865,34.62184581749587,43
1060,15.655708731000354,20.613826048821817,-30.889355815055012,-47.703276568548624,107
1061,9.778338945005613,23.587848932676515,21.311360448807854,5.943491206649101,44
1062,31.50976363751991,5.862208420347956,10.357142857142858,14.97076023391813,50
1063,-58.73476613965744,1.3685357183809188,-42.48043987569604,-8.870440399259802,97
1064,-28.896082542031486,4.718234981392877,-14.395508250568144,-3.171683389074694,59
1065,-1.5277777777777786,2.314814814814815,16.61764705882353,8.689839572192515,38
1066,4.670684027301675,-35.45794138296266,1.7675120074449246,19.812633066911108,71
1067,-16.006051996201055,21.572327044025158,34.54216410501365,-9.294871794871794,53
1068,-1.9392807628101743,-170.2972663794425,-23.059445901391193,-23.77622179095263,113
1069,-6.633308623671855,-21.58185419339219,10.16010802469136,-2.3133338408653885,84
1070,-16.302025269416575,2.2522522522522523,11.065759637188208,-19.89022166105499,53
1071,-0.9604716941673446,6.638471177944863,-3.9309056956115773,9.330586838477958,72
1072,10.0,12.12418017958354,-4.7997901831551495,3.086419753086421,71
1073,-14.115078444944535,-1.20306635132432,0.0,-26.427080958730574,73
1074,0.3238686779059452,4.62962962962963,9.02777777777778,-22.35260300495921,58
1075,-23.466462717495702,-0.12870012870012926,20.111724859065284,14.934371184371185,52
1076,-7.28395061728395,10.858585858585858,10.03003003003003,-2.619047619047619,40
1077,6.214569160997733,2.1367521367521363,12.359850212107396,-28.71421410637097,51
1078,1.2395128020128026,12.813901991273864,-38.64096703453171,-21.087941634177998,90
1079,22.637940925167737,-23.125608161527698,28.299689440993788,1.6365999598488947,72
1080,6.9870056648323295,-5.643911022767647,10.41442279379303,-28.487131411704468,77
1081,6.485351232691658,12.671584486660564,22.690422322775262,5.0,60
1082,-2.40820180021632,9.38895177010627,2.5288600288600307,3.3702361782071923,50
1083,-14.303113044945096,-17.969884677201748,16.214281523206008,19.901960784313726,89
1084,11.341576686404274,-30.537606978052594,-10.482295482295482,8.622344148659938,58
1085,-47.375970079127455,10.586760934613325,12.252252252252251,12.295482295482296,98
1086,16.04013104013104,-1.3664418237588958,16.54233870967742,-2.165242165242166,48
1087,-19.651137206453107,8.708133971291867,-22.216578485957736,-68.4009419393012,88
1088,0.9957121511461011,25.0,-37.46600352890968,6.902218152218152,81
1089,25.825095349168055,-3.9839892746750616,7.509762411078201,-4.663656456358729,66
1090,-5.311350268713092,-37.0687724014337,5.056778095376536,15.983527027651917,76
1091,5.863898141865263,-10.427609638413337,-2.655618911855547,16.268691051299747,72
1092,-16.10493140526511,0.824710428747697,-1.2298045049983024,26.572327044025158,53
1093,-16.42035480445226,15.834439038773404,-59.65185842117538,-0.4504295589566907,86
1094,-55.428051695151936,-4.79286348472395,-46.12379306767407,-1.5217391304347823,92
1095,-23.400841280250756,12.760081419828367,4.978177850518275,-1.6617123505839793,68
1096,1.1061732385261802,18.132798573975045,-12.311827956989248,-4.6613279946613275,44
1097,0.019318314042803486,17.864923747276688,-40.15271347680797,-0.2630594443459937,82
1098,-3.4088693957115,1.9227994227994252,-31.53783640587114,13.382034632034632,57
1099,-28.96832032701598,-46.67929292929293,12.926487093153762,-9.169698530753298,64
1100,-4.097222222222221,1.5235690235690242,-1.4574867155284248,4.914529914529915,50
1101,0.8208431951592015,6.79337231968811,-1.0317460317460316,10.0,53
1102,-60.824848000915075,-2.397094430992736,5.901116427432218,-12.32156845959928,72
1103,7.148829431438127,-17.404214559386972,4.001382748173228,16.348100539439685,66
1104,11.000774293457221,13.623188405797102,2.094943240454077,11.514694455870929,42
1105,-19.03838610754529,3.5731150223903856,26.90064486674656,10.52283486494013,59
1106,-6.903828605886309,10.948445617563264,-54.917231424523855,-4.926415456700871,100
1107,7.777777777777779,-2.1059782608695627,-1.0872462817663209,5.169753086419753,50
1108,3.462376392226819,-1.6946211683053787,-24.642857142857142,-32.017596968122376,87
1109,5.904798067344009,-17.921925421925422,-2.2191323692992215,-26.104964253577275,76
1110,-20.91978250244379,8.886239180356828,-4.252098032908784,-35.0,61
1111,11.568627450980392,-24.542619542619544,-41.23588829471182,6.370091896407686,57
1112,2.525252525252525,26.753812636165577,-4.79905328589539,-4.680713132891967,51
1113,2.604166666666667,11.724386724386727,4.926365033524178,7.259528130671507,50
1114,17.4519422234476,4.695767195767196,2.154882154882155,6.661442006269593,38
1115,6.811594202898551,18.081895372485707,-0.6973383759098049,24.140166633950578,65
1116,-70.40839452002973,16.307983603998785,2.7550091074681244,-18.0790047404206,74
1117,3.3741830065359473,10.129419191919192,13.354945854945855,4.385964912280702,37
1118,-7.240341893095573,-23.030716917501728,4.1797223198745925,-2.5319692569611134,87
1119,12.370277545716142,-0.7111520815839751,-11.297795771479981,-12.747747747747749,60
1120,17.525252525252526,-2.129997575883503,6.851851851851852,-4.55940830940831,48
1121,-11.283068783068783,8.978937728937728,-1.9226706306716963,4.416590951125578,79
1122,20.642726591366618,21.20824287586301,-16.93542573977569,-27.470312360122115,80
1123,7.806483657306121,18.117613380771278,7.581361415366792,1.7669172932330834,50
1124,-0.6509483102000786,5.365853658536587,-5.415612856439781,5.0,48
1125,16.725404615014522,-57.04115199634902,-19.50267454685717,-36.05744536063227,109
1126,14.22593279736137,6.428463887813482,7.537457486901371,-7.222222222222221,49
1127,-9.467440101498072,-28.66017341896108,26.538121949996594,5.5290435139573075,67
1128,6.8939393939393945,-18.77264492753623,14.091639354797252,2.5910931174089065,46
1129,17.450980392156865,11.744424574413705,23.39506172839506,-22.15277777777778,54
1130,0.7297109021246955,-27.594954648526077,-9.991830065359478,-29.546156547414284,68
1131,7.923391936776001,9.117004588702702,-52.863247863247864,-16.87656968963684,75
1132,9.593805965562666,-1.4817995272408693,-14.021745836905412,11.633986928104576,89
1133,12.604166666666668,6.943133169023055,8.968253968253968,8.120300316804634,66
1134,1.7357529696123688,5.475040257648954,8.57655738158883,11.572420634920636,55
1135,0.8161708619374526,23.130865689005226,11.474381419234362,-6.794871794871796,44
1136,-55.91175226690131,3.4756637697814163,-5.640791613451697,5.312674534372648,102
1137,17.930047988187525,-15.898775524497388,-36.122824810504966,-47.614413499780184,84
1138,-18.726306907414685,-43.843201754385966,-0.8548875636314062,6.7087732528909,64
1139,-24.185603107885576,9.816518592457998,4.62962962962963,-23.818993506493506,71
1140,-0.22249522249522258,9.720692368214005,12.922914227887787,-51.76929392446634,59
1141,16.87429854096521,-32.10340601880036,-31.96083350254545,15.36856039881768,81
1142,4.215049656226128,6.770833333333334,2.192982456140351,5.87962962962963,41
1143,-6.519121391685109,3.026821536143295,-2.4520686184316824,38.62408751649264,71
1144,23.893662728249197,3.555092938524096,-1.3157329170767018,-19.532627865961196,49
1145,-1.5518874144400088,-4.881059921710328,15.07936507936508,-0.08490567778556724,56
1146,-9.716183574879228,-4.272189190869819,-18.822343214357733,-53.38696620117385,79
1147,-5.837547059635,-5.25023468826334,6.237816764132553,-33.79997003558899,71
1148,11.523569023569024,5.0,6.774384619212206,29.285970798575843,52
1149,-1.5038665038665044,4.166666666666667,-12.775329828901256,0.7523720411980266,52
1150,-11.106337271750805,11.412429378531073,-9.482872200263504,-0.755397987224228,59
1151,12.9004004004004,-12.527615334632877,-16.96716867553513,16.698321384520504,64
1152,2.241014799154335,-49.101429017539246,2.48758974731515,1.9224484665661135,60
1153,8.971008985390025,-20.029239766081872,-24.271366343966278,-17.408906882591094,66
1154,13.00903333033076,7.314814814814815,6.035624240445484,-42.994698327359615,49
1155,-33.27131610219845,-14.265268158343678,10.66436251920123,-28.8662734334508,83
1156,-1.9853106660397728,-1.8148964025943393,-5.8127142722775975,-41.13095238095238,83
1157,2.873563218390805,0.25310514612632584,-6.790168745414527,-29.859228506769483,78
1158,2.4203078667364384,-64.34865900383143,10.0,-3.3651418026418014,54
1159,-0.0661427996747066,-0.7284605560467625,14.6923483197993,14.859118668959095,58
1160,11.250000000000002,-14.568209568209568,6.5614855552642055,-8.235930735930735,66
1161,-2.0735895535983797,-12.554509782145963,14.287541710919099,18.6231884057971,85
1162,13.086419753086421,1.6564260112647213,12.259528130671507,3.4722222222222214,35
1163,-13.77264492753623,10.766404999580404,7.173382173382173,18.01349638463976,46
1164,-58.18036920693461,6.696446828025778,-31.546863988724454,3.551456637421346,77
1165,-8.701854766432772,-10.344308587118814,-4.365715983363041,-22.86841207572915,71
1166,-0.6005859825893776,13.831923890063425,11.766917293233083,-7.916666666666666,47
1167,-47.21618308058738,-37.93015513787833,14.958183990442055,-42.83008658008657,90
1168,9.146191646191646,14.687500000000002,15.189255189255189,-17.477418503633338,47
1169,9.224030037546934,0.39811066126855543,-20.0,-11.565263879688063,47
1170,-77.32138921689784,-12.314622531734972,-13.509596215188319,-1.711229946524064,100
1171,-8.71716207654172,9.385964912280702,8.300653594771243,-4.325716845878135,52
1172,-23.153076045232908,1.3034188034188041,-11.315192743764172,13.01926070743275,54
1173,-26.137363425340677,10.871767852461735,-6.2076982123241855,7.877768022631938,69
1174,21.633986928104576,17.823915850231643,16.61156894319725,-21.130923572784035,51
1175,8.623188405797102,45.21359760910845,5.39881574364333,15.0,40
1176,9.494198190533986,-21.575450693097753,6.3959379334682005,-17.252304147465438,63
1177,3.9045271075429557,9.166666666666668,-39.68640297325462,3.333333333333334,78
1178,13.224023581429623,-25.503418003418005,7.445987654320989,10.040849673202613,61
1179,0.4374926754951374,-9.958372943853886,-26.36158693637835,14.322158971115327,87
1180,26.34004884004884,0.6513409961685834,9.62962962962963,15.0,35
1181,2.656145968633036,-4.067825235175896,-20.406029776994487,12.618010167029777,71
1182,10.691984679176329,-12.857142857142856,20.224660397074192,-12.195444510022515,58
1183,1.4814814814814827,-9.036099967872186,-14.487634115293691,-4.6759259259259265,62
1184,-16.517462422634836,-83.25323739877446,4.298941798941799,-32.78146577909325,108
1185,4.831029185867896,3.637335543021816,17.118189618189618,-9.743883701026,84
1186,-25.085470085470085,4.752747252747254,11.078042328042327,0.6818181818181828,48
1187,13.684249598380504,-7.863247863247864,-14.86951043488769,-39.99322746979347,85
1188,7.450980392156863,5.0,19.65965965965966,4.166666666666668,37
1189,-8.981056986067532,13.82996632996633,-87.8516807628089,4.395424836601308,82
1190,-21.625816993464053,-6.016581984323919,0.25717703349282317,-60.77322430295203,79
1191,10.264550264550264,3.2051282051282044,-18.42495794803836,4.987373737373737,59
1192,-1.8178382464096745,22.352941176470587,-42.596994136224524,4.552647644752907,66
1193,-92.3116657541656,-3.4629907268587914,25.125052213868006,6.5432098765432105,69
1194,-1.430238029125015,5.117975277748862,5.420814786626744,-28.83547008547009,79
1195,-64.79189984214901,10.435357717966415,-22.91253447777831,9.332144644644645,110
1196,0.5855855855855854,5.0,-11.571997393209895,-42.47540344454739,76
1197,2.0401313547725923,-29.8783973131395,-72.54141129725903,12.152574723846657,101
1198,-5.313964709125999,-39.81074481074481,20.681818181818183,8.525149190110827,55
1199,-9.160787358720713,3.4904935136535746,21.243785109493388,-26.15636313004734,72
1200,-5.5387783115991756,-16.51234567901235,9.873871210805941,-2.3229910272244365,68
1201,16.30952380952381,-41.882897358986774,3.8955026455026456,13.827335858585858,64
1202,10.690586419753089,5.271180936142574,7.380952380952381,15.0,38
1203,5.5609284332688595,9.703354029011924,6.8939393939393945,5.592861464004841,49
1204,-2.6378446115288217,0.41294021878104115,19.55082742316785,3.4722222222222223,47
1205,-83.43898984019147,-17.66428581554377,-28.052069352797563,8.784219666572609,121
1206,11.150793650793652,17.850698996209832,-59.80378748235891,-28.25860543769068,76
1207,-5.411706349206349,2.5474924387967874,19.43548735215402,-4.162139951766147,53
1208,14.531590413943356,-5.667672804695087,9.020350564468211,8.472222222222221,65
1209,-31.080586080586084,14.890915962344534,-3.8028559539180655,9.582555588302714,71
1210,-29.383559315844106,7.233796296296298,-0.2763319598062579,7.380952380952381,79
1211,-46.97542841910072,21.860217589384256,10.0,10.0,52
1212,-13.003948884611495,3.935185185185187,-17.491883116883116,7.371794871794872,58
1213,2.525252525252525,-7.747747747747748,-13.055555555555555,6.636738549716796,48
1214,6.6263101977387695,-30.90852218413807,11.988493424629363,23.708270337761192,78
1215,30.25030525030525,-4.722797331492983,-61.774478069455576,6.700680272108844,65
1216,-14.909661182480656,12.663067926225821,22.455112295860527,8.968253968253968,44
1217,10.343915343915345,14.502972130408413,7.604166666666667,25.952380952380953,42
1218,-11.379271359471012,3.9290272084894515,10.0,8.747953704945935,56
1219,11.390056022408963,6.149807453375748,13.635084427767355,9.875072826747619,60
1220,6.496751624187906,8.968253968253968,4.991263836684951,1.7006802721088436,67
1221,-13.761140819964348,14.515287148312133,2.62251594294938,-12.337705835436442,54
1222,0.14195031738891406,12.14209766841346,9.574243490499649,-17.861744293969355,58
1223,-23.483044733044732,10.5239898989899,-37.577413651975064,5.781924067928123,71
1224,4.6726400632342395,21.81159420289855,-0.45784883720930214,17.897992530345473,46
1225,12.757685986852657,6.104651162790698,11.47233772233772,14.62962962962963,45
1226,9.177276934985294,1.6466145789775923,-10.001712035610339,11.984907093654149,81
1227,-7.734354516690063,-41.857365425737264,6.585946723069011,-56.53714769700525,99
1228,5.0,-5.0,-10.011485986161794,21.37932116192986,41
1229,8.165266106442578,28.525149190110827,-1.0113960113960125,-24.939655478871163,61
1230,-15.918230570399949,-3.1581828133552268,21.00162623995449,-7.4267015661172,87
1231,16.25042642347561,-15.000628456510809,-9.243044888206176,-51.52764266836419,96
1232,4.357573210032227,1.9080107676598912,13.615334923474457,19.530934258113394,63
1233,-22.26311459543167,-34.2156862745098,2.0643386634877565,18.605411834671422,59
1234,-37.92225625561288,-29.29398148148148,-9.882651175370913,9.044834307992204,86
1235,-0.848339335734293,-9.730588292351715,-37.600571658809976,-64.34672719957203,85
1236,1.2889784435837075,-36.24842171717171,12.040229885057471,-3.0643215194287503,94
1237,7.525252525252525,0.0,-2.5606517530028334,-2.9453262786596115,74
1238,-2.409867172675521,5.0,-3.8869910421634546,10.0,40
1239,8.472222222222221,12.136752136752136,-0.6950536062378161,21.754911754911756,42
1240,9.498497512212435,-10.991516971992354,-2.7855616152184774,13.453136011275546,68
1241,1.2205062205062198,-18.263789469439196,26.94407166522746,7.604166666666668,68
1242,1.1111111111111125,-35.0,2.4112978524743234,8.623188405797102,43
1243,18.013088276246172,-39.15375890989423,-1.9633203120686122,-40.85377168075027,104
1244,-9.916991968412077,0.236171941943903,0.3205565368596801,-70.3865818095391,103
1245,14.678895517831915,15.0,-13.516365828193784,-6.197305432894405,57
1246,20.0,17.3812144645478,-8.383344310262109,-13.939201066860642,59
1247,-83.78576314165123,-29.16352044291116,12.277877881414485,-1.2295768747381643,77
1248,6.643767094079182,5.2853241203974655,-8.59574144462843,9.051474454441577,78
1249,-3.7650411840183535,-5.1461732711732715,5.0,-81.61878135858514,78
1250,11.376069484054966,4.791598416762163,22.604166666666668,0.902777777777779,52
1251,-13.35978835978836,21.245659683889237,10.23779918156818,-1.5577316040812335,58
1252,10.401234567901236,-9.933454325468844,9.62962962962963,21.922799422799425,41
1253,10.711255656108598,-9.887057387057387,6.481375540300026,-6.971585707772416,55
1254,17.29961829360712,-14.983271904894782,-15.24274971332408,-97.1067272705703,97
1255,13.539003584770173,18.80556997059332,-17.023809523809526,5.213424568263278,47
1256,-42.03881331474854,11.438172043010752,-26.664574390300746,3.9682539682539684,91
1257,5.455904806279392,3.9816352897748253,3.2323232323232336,18.454592363261096,55
1258,10.110177381682757,-30.122587376108505,23.06108269659464,6.328155581651901,78
1259,-19.855072463768114,12.032520325203253,-3.8874430709173717,-27.1199000019034,55
1260,-18.630041415595727,-4.3129661236991375,7.777777777777779,-12.388207605598911,62
1261,4.912280701754387,7.083333333333334,-18.055555555555557,2.450980392156863,43
1262,21.839569160997733,19.695767195767196,-17.302319429979004,16.361789332958068,50
1263,10.481232479850831,2.465225807061548,9.493293418732017,27.49476935700988,67
1264,4.901960784313726,12.688172043010752,-32.932016240839765,26.122076023391813,48
1265,-21.03174603174603,17.771734559576853,1.1574739774094072,-43.55374906483149,69
1266,-14.21441594930655,4.626454134892535,-25.943083595086573,-64.03007253790503,114
1267,12.314814814814815,-1.2031116794543895,-14.503680853390001,-7.034869370395686,64
1268,-20.397584292401366,13.374183006535947,26.93798449612403,8.968253968253968,43
1269,2.9082199893459197,0.21949810632675126,0.583923342550543,-38.252269986532916,93
1270,12.976190476190476,-6.447467876039305,-45.85988562091503,-23.077272835860327,59
1271,13.525149190110827,-20.946601853301924,-19.459418987720873,8.065883645889507,67
1272,8.254349816849818,-51.57545069309775,0.6752793221462348,7.849210987726476,64
1273,11.19918699186992,11.786829524021176,28.647592655007553,3.3333333333333335,43
1274,0.22194989106753882,-19.99089473591489,19.681766177746244,17.649671182279878,63
1275,-14.055531401232638,2.2522522522522523,-46.61798274862499,-25.0,70
1276,-7.265431611679539,13.310461056939928,18.685144193354184,-33.89439105056311,71
1277,8.049886621315194,-3.171683389074694,-2.311827956989247,2.435687539738595,53
1278,-44.26416683761906,-0.6377691985512719,1.8554131054131053,-22.218832321502198,105
1279,-28.11556494172752,9.90124512570333,21.063058211086847,9.336846728151077,73
1280,-1.9765684051398331,11.366120218579235,-6.030121342736955,-30.763266744626396,65
1281,-0.118845500848896,-30.02323038576866,-6.550546448087431,9.379792912401609,63
1282,26.58530275036272,-5.058760683760685,12.472727481512102,34.05561067019401,66
1283,13.333333333333334,7.054673721340389,6.396546922862713,8.623188405797102,36
1284,13.205128205128204,26.29565967801262,3.854166666666667,14.483079416382697,46
1285,-0.24168810571549137,-7.549019607843137,8.300653594771243,7.038712921065862,55
1286,12.74909420289855,10.20317314960172,7.577630030300757,-4.227994227994227,49
1287,-10.380473987747985,9.36624649859944,16.041675124155944,6.866674788823913,56
1288,26.54332913570751,-1.2545167118337845,3.3477397638003206,-12.868745938921375,62
1289,-60.78438800563625,6.5432098765432105,-18.654328128012338,-2.0034603704394627,73
1290,-10.99083623214099,22.68913861325445,-6.530896639592292,-42.63448969331322,75
1291,19.685798635074,7.27514306775589,-9.827097505668934,-6.415332906727427,72
1292,-7.53387090915695,11.240530303030305,-62.95248377744791,25.730050933786078,62
1293,16.996208344662982,1.0062428610815672,-29.06028368794326,12.38095238095238,59
1294,17.044817927170868,14.839115133232779,-13.199771711605502,25.518949200714726,60
1295,-4.994640124818395,-36.20445344129555,1.8115942028985508,11.666666666666666,65
1296,2.395382395382396,-10.169966662409719,6.41164994425864,-22.049916457811197,69
1297,19.789873602193452,11.734171783191393,-16.151992917717465,24.764666747926928,66
1298,-19.166666666666664,-4.659906022395507,13.185678706676422,5.3386720053386725,56
1299,-38.00238415943679,-20.380328128512147,-44.290146979850746,-41.39603803803223,112
1300,10.0,12.147466651143123,9.709056375723044,-1.5277777777777777,39
1301,-21.95009254411748,-19.179260041812636,-7.43560946391135,-8.544933521628657,87
1302,2.890461934579582,8.859227158536491,-26.10676381074863,-16.092995169082126,72
1303,-17.037037037037038,10.26852923121108,13.623188405797102,12.252252252252251,44
1304,1.476266958206228,-9.227107085573813,-13.260094790267202,-20.86840757541203,94
1305,-7.540391906594477,-11.964488473305684,17.265749296999296,3.5648148148148158,64
1306,-7.766203703703703,13.472222222222221,5.0,17.314814814814817,36
1307,11.797341374541531,20.197210197210197,11.746031746031747,18.884875587661966,52
1308,-24.493142358907647,-58.68931312179592,-17.74691358024691,-23.91099028646057,114
1309,-1.3151927437641722,-18.254729428003085,3.209831254585472,-19.11976180593054,72
1310,12.688172043010752,26.252605795288723,-0.3941374529609831,27.916666666666664,41
1311,30.680641821946168,3.787878787878789,-19.207610935089296,4.918381145561673,56
1312,20.578892433731145,23.966697790227204,4.166666666666667,6.262077294685991,47
1313,-33.49025569402092,11.747382488356994,10.0,-3.5587761674718195,66
1314,12.39452030812325,11.0222991326203,-40.755255271317985,-16.375266524520256,75
1315,7.133951663184334,11.984126984126984,10.753259637188208,5.982905982905983,60
1316,10.0,0.8211926074777747,14.316239316239317,5.0,37
1317,0.1790623861582823,-2.8632478632478637,24.026627559236253,23.062652670495808,51
1318,13.685897435897434,-25.0,1.5878037747366245,10.02997711841924,60
1319,-8.381929856569727,9.252799310938846,-64.80088338779552,4.1646184503327355,99
1320,2.9616951140271643,-32.859297565179915,6.736111111111111,9.306964147712378,58
1321,12.842760687588274,5.366161616161616,5.7926065829321445,16.69142196507818,54
1322,-8.923260073301602,-2.16753222267928,-5.294225110801197,-7.394887413475319,81
1323,8.067648314127187,-6.950508145476699,-50.845552287345335,2.4715370018975333,71
1324,-2.83625730994152,-2.6056662975267635,-2.708952267775798,-10.144921678192263,62
1325,16.633986928104576,6.567614125753661,-22.43075543073049,10.013331899499262,73
1326,-0.40436332635821026,-15.771863544851021,-36.67007442273399,-15.663567905738324,102
1327,-21.25,-10.171008328903065,-37.12425675191632,-22.80701754385965,60
1328,-48.509749697259494,-10.549213377774695,5.9511641693411566,-23.850553264447633,104
1329,-10.778705972865147,-4.234504262077791,-14.392601542552582,-3.897306397306396,75
1330,-1.0680468624618846,-19.514743369232537,-12.470026160534344,11.486685099571744,69
1331,-1.3588172168791997,-0.5808080808080804,17.00051292625104,8.765309500165507,83
1332,4.385964912280702,13.638576307926375,-0.16221286619768538,-8.160973413354128,73
1333,-33.48224463751993,-15.814010550852656,-0.0431034482758621,13.462135375113618,69
1334,25.091215973568914,2.604166666666667,-13.233082706766917,2.192982456140351,42
1335,-26.23203034967741,-18.3225364335912,10.169753086419755,-22.12664277180406,60
1336,5.18837803320562,6.105006105006105,7.317801672640382,3.4722222222222214,40
1337,6.388888888888889,7.185457126034377,-10.316884110623596,-62.218073797906236,94
1338,2.9066808247878417,8.89012871666554,-8.494489227247849,8.086419753086421,61
1339,-4.497865865732078,3.4722222222222223,-15.0,23.616440075581075,51
1340,30.965596229241,-15.823017978190391,6.526278146917682,4.98138753040714,47
1341,-27.74712554367339,-14.543383030225135,-0.47907201157975265,-7.71589853959059,95
1342,-32.30505850927665,-15.191806621188139,-1.5599660933701225,-29.033504859181527,102
1343,21.984126984126984,3.9037167897462037,15.0,14.614407640723432,42
1344,8.20410134818851,4.645061728395062,4.223044182393776,9.772595558599617,60
1345,17.09401709401709,1.8902001762042335,8.117063066506951,-1.3539377948668712,64
1346,18.159221100397573,-12.053349875930522,-3.8795008484916913,4.3389724310776945,65
1347,13.197003255142791,-12.052026030520654,18.917555326224058,12.873563218390805,45
1348,9.655047204066813,-7.807017543859649,-17.639084911561557,7.341557813255928,53
1349,13.594744152727262,-2.6464808814700005,-0.4771327414531832,-3.697665056360705,85
1350,7.525252525252525,-15.587977063730458,1.722117604559449,-3.2040998217468797,65
1351,-21.414902135064487,5.0,3.9682539682539684,37.41613786288971,59
1352,-5.540917982315966,-25.106605514098998,-74.25072847454581,-1.7968853476099849,109
1353,-2.8708976347657007,-54.41305804370028,7.959899533832463,4.1442199775533135,72
1354,-5.206804065499718,4.901960784313726,4.866570211397798,4.388951770106271,49
1355,13.23529411764706,18.6231884057971,5.0,-0.25715423564885764,36
1356,-0.03444559455873275,-16.87414772428869,-36.79216309417732,-36.07904478500997,114
1357,3.6231884057971016,-25.583270345175105,4.814814814814817,-16.278650503342956,50
1358,5.0,8.333333333333334,12.976190476190476,31.85483870967742,31
1359,-8.375062168069938,24.385964912280702,-42.39409139451584,3.0399491812535295,80
1360,-20.007533007937276,5.0,-2.967479674796748,-9.454833665359981,64
1361,3.6231884057971016,-2.1075577939155274,-0.08964186973762622,-1.7487373737373737,68
1362,-15.790731008122313,-3.7439296814296807,-6.968827508080683,9.901960784313726,58
1363,14.385964912280702,6.599378881987578,27.14674758792406,5.29233870967742,36
1364,-0.2731822365347383,-22.562335276655745,-40.66912222564175,9.623853200768217,107
1365,14.795512078793815,-23.26790238011076,-19.997785726652584,2.314814814814815,64
1366,-15.983864105089298,9.452929699408571,1.1132247988153132,-7.941657728215609,71
1367,21.264823937237733,5.600609504194686,4.9692896107624795,-2.7078592306800964,58
1368,-29.166728953286835,-17.22222222222222,4.246714569158954,-13.554217498376675,71
1369,-11.934548609855568,14.951608848667671,11.60264105642257,-37.14380935367589,104
1370,-32.047576606400135,-13.015873015873016,13.65566037735849,-13.29367762291103,58
1371,6.833614190615961,12.357253086419757,12.352941176470589,25.278927974501837,70
1372,-19.04086109968463,4.62962962962963,-16.164021164021165,8.623188405797102,51
1373,-35.724461255307745,3.7322894423174944,2.599339252945155,-35.99926019408931,94
1374,6.848358908780904,-6.033199768818727,21.756674016411196,17.136752136752136,62
1375,27.753100548431732,18.333333333333332,7.525252525252525,15.882716536468608,45
1376,17.259528130671505,8.200110100715401,0.0,4.205902498585425,46
1377,5.2421652421652425,-6.3768115942028984,-1.2599590126185878,-23.61389127102624,81
1378,16.323949408404733,28.6231884057971,14.682539682539684,26.614608327776736,45
1379,1.88608776844071,5.233167341010478,-7.2067901234567895,26.284982425719626,57
1380,16.225490196078432,-47.337500622039144,3.732814118528473,4.098761999288065,72
1381,12.811863381716321,-22.607199931838036,14.047619047619047,11.81159420289855,64
1382,-12.320261437908496,4.787784679089027,15.759940542549238,-19.930173843373268,54
1383,4.26192443168992,15.9375,2.3172350393816683,2.4509803921568647,64
1384,7.193734796135265,-4.097264922229053,6.074160907752239,-33.07199794563199,84
1385,0.0,6.15967365967366,16.07638888888889,2.9761904761904763,37
1386,-15.115771880477764,-4.65706999811677,1.323949408404733,-0.9777199451112488,77
1387,5.084134615384616,-46.94137222245857,0.875440658049353,7.135757080610023,72
1388,18.175990675990676,-90.66501625199095,5.627866000206426,2.3900639878083503,65
1389,13.623188405797102,-4.215092848759884,-12.459774607517426,16.836945304437563,54
1390,22.77552400270453,-20.247801887549556,-8.760202216084569,11.302083333333334,77
1391,-13.244334414666861,-85.1066934850877,3.4973274911061374,-126.60313911223989,131
1392,2.192982456140351,-10.18778493037003,-39.27557209815274,-7.644078365487941,69
1393,5.7303807303807295,-0.6140350877192979,8.623188405797102,10.03003003003003,38
1394,-25.82785013631066,2.1352176797388402,16.941056423331414,-2.779081781067877,73
1395,-33.392983290773955,-18.26127467363453,14.901960784313726,-1.4906832298136639,70
1396,-34.41261144044672,-15.459681057334828,-20.504716259450262,14.388503086419755,84
1397,22.314814814814817,9.385964912280702,0.010315355142941574,-42.33824968330056,56
1398,2.3809523809523814,21.71767774649261,-0.3287761621094929,7.590132827324479,46
1399,10.0,12.748538011695906,15.0,41.66234105210782,48
1400,1.8521609346417565,17.976190476190474,9.901960784313726,12.591093117408906,49
1401,-56.15901387615485,-0.6573655103066867,13.65264434662466,-28.605737898272583,110
1402,-2.416574653416758,29.4198756943855,24.44836730988692,8.436791383219955,54
1403,-48.01251818715053,-4.126589275843007,-20.185424641789155,-28.45679012345679,69
1404,9.385964912280702,13.472222222222221,2.604166666666667,-2.258014316837846,38
1405,4.871031746031747,-29.72999984493213,22.00404748708257,-26.856622691136064,83
1406,15.972222222222223,13.940777838299475,16.238859180035654,-1.9135802469135799,41
1407,-1.5797824591429235,1.7730496453900706,15.31988436400201,16.940844215496362,53
1408,-5.6109956109956105,-2.1652421652421654,1.397936496641938,-2.0219728845254785,68
1409,15.0,-16.601932267683587,2.0833333333333335,15.441644707949056,48
1410,5.0,-15.431999143173162,11.17283950617284,-1.8552228749597173,59
1411,10.087764903941375,-2.2075445530823092,19.23377353855142,-4.634146341463414,63
1412,1.7303858457273642,0.03086419753086478,26.852768401579418,-0.918367346938775,60
1413,5.0,-15.223592197276407,-14.290627622676128,-26.060924369747898,64
1414,2.244988670525419,-12.447949626652195,-32.17733416009278,-9.880225558082097,79
1415,3.2325233482859,15.772005772005773,17.195110855531578,12.698254474570264,68
1416,-2.2545663135927683,-23.95683990442055,4.4842582963928015,-29.674710880158305,83
1417,1.8818818818818812,15.705128205128206,-7.920970957275431,13.102321388325446,60
1418,3.3131356876991194,-15.50627240143369,-22.890211640211643,22.973149195575665,72
1419,15.853174603174605,-5.0,-12.31074481074481,-19.475614723689546,60
1420,-4.628896963861509,-2.8770401123131824,-3.573731408882806,-49.37216736393093,92
1421,18.23870252235576,-6.061827956989246,5.656108597285067,4.725415070242656,51
1422,6.666666666666667,-7.325885668276973,-26.666666666666664,4.995791245791248,51
1423,3.9111356490222917,-5.64506124130917,17.450980392156865,11.910492017651162,54
1424,29.483715602136655,-7.014042064598182,4.151660664265707,1.8509806849860624,60
1425,-42.05359791188846,4.901865487830197,8.583339553167136,25.541729512317747,75
1426,-16.40831097329214,9.752252252252255,22.90567457234124,5.587992425450347,63
1427,-12.023809523809524,-28.954770566125795,-1.7948717948717952,16.070791953144894,50
1428,5.0,12.272408963585436,-2.2222222222222214,21.991785018100806,38
1429,2.608225108225109,7.472384665367122,0.5533017804823093,8.968253968253968,46
1430,19.069141242183584,14.437203322889124,3.5101274279160855,-12.159439460164098,79
1431,-4.2075517075517075,-24.536989626595357,-35.95207374951469,-44.49770082893576,104
1432,2.380952380952381,18.50308641975309,12.252252252252251,12.407407407407408,39
1433,-24.229325110646023,-44.131037264885535,-34.44444444444444,-3.9798987812381927,110
1434,-6.325781380928438,8.669311056821572,-3.4276729559748427,5.436495700140473,56
1435,2.525252525252526,11.207051063917353,2.0600804424333834,-17.290340210628127,99
1436,6.984126984126984,10.0,31.163528466947064,11.36574074074074,52
1437,-33.601450299599215,-4.334962265761936,16.911217437533228,-7.105122875378466,88
1438,5.784313725490197,10.734635734635734,2.604166666666667,23.749003876440156,40
1439,2.525252525252525,-30.039682539682538,-23.440303657694965,26.633986928104576,51
1440,-23.95977689161629,-6.161034306195596,-19.46492848347068,-1.8909331409331385,81
1441,21.73611111111111,5.853174603174603,-19.135802469135804,-3.849206349206348,48
1442,6.713554987212277,1.630722548061259,-13.062529266762677,-3.8779239766081868,56
1443,20.243055555555557,7.873563218390805,8.086419753086421,-10.0,34
1444,-11.527777777777779,26.984126984126984,24.44805194805195,5.1304035127564545,42
1445,24.949056084202798,10.709876543209878,-55.39064784162824,6.602564102564102,58
1446,1.85483870967742,-35.41292514346309,-6.274961597542243,15.29193712687933,74
1447,-29.805029702054874,6.122756342971776,12.962962962962964,-70.26653465059262,81
1448,13.517286213089253,7.185279909065079,-14.068055802050258,-103.3898178511113,90
1449,-20.634920634920636,-2.30956550228996,-15.930653168135533,-11.476955214788916,87
1450,-18.268942797244684,-3.9187599542681912,-10.90355247794567,-7.7208164199680995,87
1451,9.3497683564328,1.3543058636497889,-5.42576004961111,-21.797567886919175,86
1452,10.29233870967742,5.0,8.472222222222221,11.574074074074074,35
1453,-17.24868948504471,8.926459719142647,-23.211171544504875,-1.5277777777777777,55
1454,-11.468433527257055,-17.485860369077777,-8.962582556332555,10.0,72
1455,-16.229439666939665,9.226073360107824,11.282051282051283,12.23438504288373,80
1456,-6.563236449332286,-39.37819120435378,-11.111070639372526,-31.037288777217938,75
1457,-21.72650172846449,0.9606754569189881,-14.9532301857849,4.966847692829779,102
1458,6.418915253501721,0.778311570994499,-68.89560267919455,5.142716780879991,85
1459,5.0,-5.880681818181818,3.847402597402599,-68.39856304856879,74
1460,-19.65811965811966,6.256064788673485,-6.221447928765,-4.975255427841635,61
1461,-9.043392063271924,15.714285714285715,1.9841269841269842,0.3386720053386725,49
1462,-14.781201961064646,9.735655790643003,-29.428389068488208,3.7954621287954624,70
1463,-0.2563441709745691,-20.032463750136163,-0.8625987302457894,-9.78590581531758,70
1464,-11.018518518518519,-4.580084470435345,10.20950046685341,7.292452351625428,57
1465,-126.8736603264855,-4.155734778804117,2.192982456140351,5.401249151249152,79
1466,-78.24250951358869,-13.887742565735845,17.545667839785487,-44.66410635622409,122
1467,4.797106726931289,13.198099415204677,11.285404705523916,-40.41788856304985,57
1468,5.629773839360306,-3.47073499525675,4.5871182056030815,-26.03174603174603,53
1469,17.688172043010752,29.29774775522857,1.9841269841269842,-4.7715572715572705,48
1470,11.188384919035075,7.44047619047619,27.988380537400147,-7.222222222222221,46
1471,8.016015417331207,13.709079180777294,13.177635726655335,1.6889838200965759,53
1472,-15.861387289958717,-25.22983218608899,-32.42966732720831,-23.52737305992394,82
1473,36.77898764844069,-4.618012527041881,-9.640700483091788,-47.06455169996837,68
1474,22.03252032520325,-1.3658901387096107,12.074136955291454,-3.7169312169312168,41
1475,-2.1543134043134025,-5.847942068922465,5.2898027898027955,-8.22695035460993,63
1476,-5.601965590306914,9.379915887330785,32.58595564323119,9.763071895424838,59
1477,4.698754053592763,11.313131313131315,-1.416052918712493,-4.073836141295073,62
1478,-2.4999999999999982,-2.7045177045177033,13.795721187025535,10.517127799736496,46
1479,8.009153318077804,-10.561845756365795,3.259505835426088,-3.462169814162224,69
1480,24.104104104104103,10.61688232022509,-9.610429827821132,8.968253968253968,45
1481,-10.640579608151384,21.106046693760653,8.33875216753368,15.072905131044667,62
1482,-27.657563025210084,2.9761904761904763,6.851851851851851,-5.1584421867440735,55
1483,-3.652435363428271,27.501693217160337,0.3214985803143595,-14.312570686110666,68
1484,-8.925831202046036,20.63811348294107,-0.9788209206813863,4.881154499151104,45
1485,-27.77854534569912,-55.423513418151074,-0.4989711934156382,-0.5379045492226222,81
1486,-30.47540256557664,-23.733177055263592,-0.07577460567232386,0.8595352016404652,88
1487,2.9761904761904763,10.787037037037036,8.300707655546365,21.238859180035654,37
1488,3.205128205128205,14.484072221263872,-21.461895886604268,10.77984817115252,49
1489,-6.346961623019414,12.873563218390805,24.181766508583323,6.984126984126984,54
1490,5.254515599343186,-1.3768115942028984,15.0,24.727028209689802,47
1491,-0.586527293844366,20.501433775091066,24.000280334285712,8.872863247863247,51
1492,6.666030048382991,18.922111480251015,10.288461538461538,3.3071418531570345,43
1493,-32.6343690713645,4.754273504273503,2.9005006257822283,13.37670013956318,71
1494,-0.501092474776685,10.787037037037036,9.443987385163856,-22.493872549019606,44
1495,-12.092529711375212,16.869610288595005,8.787878787878789,-59.49897006865862,66
1496,13.472222222222221,20.815092258861256,-13.643621922453189,2.873563218390805,52
1497,5.0,8.869047619047619,-17.722495222495223,-29.366637844903863,56
1498,12.380952380952381,17.724578942098848,23.466266437964553,7.976190476190476,53
1499,15.0,5.0,3.01896906813102,-0.2156951575556223,46
1500,-32.73156732437508,19.898013955984972,-0.5734400619577587,-29.971827665986844,91
1501,2.8639245305911984,26.38888888888889,4.290736145574856,-40.69227869522431,60
1502,-2.222222222222222,27.19298245614035,14.901960784313726,-25.614035087719298,38
1503,-23.00609066105768,4.773222582147069,-14.81073718831109,-14.676401961750884,107
1504,17.848324514991184,-32.92890691767734,13.787878787878789,-14.345038024980973,79
1505,-13.888888888888888,-7.38820760559891,-10.957398284984492,-19.03166760038709,76
1506,7.503192848020435,-3.607954545454544,19.862779689454484,9.166666666666668,50
1507,6.691919191919194,10.758488079916653,-12.43864007981903,12.688172043010752,73
1508,-8.840898726994565,-4.548523404634395,15.66056017205443,-39.17781084509476,79
1509,8.635084427767355,6.987485590400119,-8.748377434659295,21.38888888888889,60
1510,-7.817059483726149,-17.022698295727032,-21.68590304096293,-10.0,70
1511,-6.732999713295277,-16.328197945845005,6.602271017264749,4.261208247136271,87
1512,-32.45387792527623,-32.689798478616396,11.797304198989593,-1.9172343590948242,89
1513,-55.338114658290095,-5.141476880607314,5.2246603970741905,-3.2161743139555172,69
1514,12.450980392156863,10.462353801169591,11.253829016986913,15.190422322775264,44
1515,10.0,-22.549019607843135,-4.728682170542635,1.0958757340336298,53
1516,-21.263879070896614,4.692348319799301,-19.264916220162,-0.8561020036429867,62
1517,10.586080586080586,6.148440931049627,22.136752136752136,2.503192848020434,39
1518,3.787878787878789,24.365197805690283,-0.547489413188142,0.8933002481389578,43
1519,25.805282340208816,4.74284366897226,-20.974871930754283,-10.705602587766114,88
1520,-28.13613975709138,10.002470274834092,-65.50693913159681,3.047419483589697,100
1521,-22.74430778495819,15.839964004925642,6.881038647342995,-16.908773779552458,72
1522,0.5745099324954146,-7.051282051282055,-4.410229221712326,-12.18451773995346,65
1523,7.282913165266107,14.826747429206444,-27.540832758224063,6.65642601126472,61
1524,-4.219763623025649,-22.469558599695585,-17.44297202014337,-34.607989998537555,83
1525,6.469298245614036,5.0,16.81159420289855,-39.47368421052632,46
1526,-31.693078746650173,11.895356895356898,-18.194102416849915,-1.6497527972937807,78
1527,11.851851851851851,17.275092057700753,3.2342807924203276,-32.235690360690356,55
1528,-12.01388888888889,-6.235888294711824,14.104104104104103,7.855109127995844,62
1529,6.764069264069265,-2.320261437908496,7.525252525252525,14.686609686609687,37
1530,10.0,-5.37037037037037,-13.307352385084073,13.787878787878789,50
1531,35.95007565142731,-9.106699751861042,13.472222222222221,11.661442006269594,41
1532,0.22202631487597557,-8.716088079509694,19.23135291184952,21.544895736072203,83
1533,-17.942623517327945,27.173733439556223,-10.530438216335119,-0.9817505156488204,79
1534,-13.116225144527029,15.800653594771243,-27.19701984983501,20.907832307403194,79
1535,18.66651788261958,19.62962962962963,-14.323371560213664,17.073344935661652,60
1536,23.728303083141792,33.5987404408457,8.117448999801942,-15.668598000915075,57
1537,0.9302113062275676,5.761487382126919,-30.61111137687837,-11.635031855153484,76
1538,0.0,-31.29559818911188,13.101685926352221,14.147334147334147,70
1539,-4.181672669067626,-26.272545497237946,-6.7289545529766315,-1.5611645299145303,76
1540,-13.703529923893843,-50.34720327338784,6.0130718954248366,-6.0405047533193965,84
1541,-13.299346446196306,-7.419175027870679,4.921236171236171,-27.20922063792321,79
1542,-67.20924840410136,2.957197753212935,0.028860028860029807,-78.24749889167485,102
1543,-29.161054994388326,24.296990830030936,13.287545787545788,8.677248677248677,62
1544,-3.2993197278911564,11.992629685917915,19.193412090284088,-5.171957671957672,66
1545,-21.313511050353156,2.777777777777778,16.469298245614034,5.291005291005291,43
1546,29.718177976990937,9.366324059306518,13.909801782142207,-4.732581344789722,54
1547,-15.217086834733893,-56.54157824373783,11.661442006269594,-74.97183968738257,96
1548,5.732604817127565,-64.31372111048658,-7.91373285349189,-15.79934270284616,85
1549,-6.021062271062272,5.0,24.086921850079747,-7.682198327359617,44
1550,-34.62466593386497,22.71424078607371,-3.556298773690078,-116.43678522732989,96
1551,19.238153594771244,-14.27469135802469,10.0,-3.777778890268375,51
1552,2.402157715035435,-79.64771318977795,-23.160518818413557,19.145586835305316,76
1553,14.595805940890727,-21.256714551569804,8.968253968253968,14.901960784313726,72
1554,-17.126436781609193,11.766381766381766,7.121212121212123,9.166666666666668,41
1555,-1.6256988625409678,6.746031746031747,-20.79124579124579,10.997474747474747,46
1556,0.9394023865787453,-5.3920569272129715,-2.211640363970223,-11.973304473304472,74
1557,13.874458874458876,13.023907687295987,-2.7477477477477477,-14.831867030682483,63
1558,12.78985507246377,4.327967485295073,21.81159420289855,-2.549019607843137,46
1559,-12.580113146973613,3.8831696758526024,21.37932116192986,4.513776891227874,56
1560,-15.6573344365537,-6.75816005958017,1.937984496124031,11.944444444444445,57
1561,-110.6390390039707,-8.45679012345679,-7.466097914143981,21.00401606425703,83
1562,-7.652916282789519,1.2799043062200963,10.171912665696608,1.8645861403490769,83
1563,4.207902234218022,-8.881664666120578,-22.938234335395535,-58.11290136793669,120
1564,24.22659813526687,-8.145205179103485,-14.63836036988154,5.266686692125289,84
1565,-6.666666666666666,5.0,-7.836257309941519,7.048708372237783,44
1566,15.140560714583438,6.163475181326444,-16.712962962962962,14.151660664265707,67
1567,18.009153318077804,-9.929242100189766,-16.524729427529223,-2.2222222222222214,81
1568,2.3829712065006206,-10.824622531939605,-13.92361111111111,13.375347412877678,59
1569,-8.352527886426191,-22.380852206542873,-1.8563685636856366,2.8580419478194314,82
1570,9.685157421289356,-7.395833333333333,-2.5396208729542056,-11.388532306375694,49
1571,11.77304964539007,-17.060068633457135,-13.756476874480606,-39.79497354497355,78
1572,-23.250134192163177,-3.379590962082784,-18.6822854050329,-25.084053892762306,93
1573,16.01896212414505,2.873563218390805,31.647025813692483,28.27044959397901,50
1574,8.36734693877551,18.204045058883768,4.509379509379509,3.2700088779943606,51
1575,23.639770723104057,4.932659932659933,2.866670366670367,-4.0602836879432616,54
1576,-63.43003697748389,-0.21668884682583345,-2.328863327019257,7.716049382716051,78
1577,-13.015873015873016,27.72560486182777,-37.22222222222222,5.37420443217545,57
1578,-13.20943293758334,6.944444444444445,11.295777570287376,15.325655624568668,56
1579,1.4341214944152005,4.623613442612159,5.938003220611916,-49.1422027836876,81
1580,-0.4656862745098036,-8.515798985849862,-1.8102477477477472,-7.474943911140534,67
1581,-7.395833333333333,-20.553846498070172,19.838627864653866,-6.666666666666666,59
1582,-30.799904834533717,9.278355240242718,7.904040404040405,-30.618853000257175,72
1583,7.317801672640382,-3.093041657465841,1.1612364243943176,24.126409017713364,46
1584,4.636752136752136,-2.1264367816091956,7.942125282873512,7.317801672640382,44
1585,8.407036573494645,-43.217650608001485,0.668934240362812,-17.19511248001576,63
1586,11.013071895424838,20.69058641975309,10.85461137091572,30.918290089376562,61
1587,7.121212121212121,2.3529411764705888,-3.0555555555555554,2.2522522522522523,42
1588,-11.610968348638641,29.287554929448277,15.119615910996538,14.417934655126306,66
1589,-4.070825211176089,29.407778203544794,15.406406741480085,4.910671585707455,54
1590,-2.7698830093376396,-4.906757084972777,-0.7728212613270067,-32.52017179626331,86
1591,-11.78451742967872,10.000000000000002,-108.61015926993993,-6.042416309815309,108
1592,-17.094711170798124,4.340277777777779,8.205128205128204,12.873563218390803,49
1593,0.36387500223978364,-7.5943739993822525,11.096491228070175,7.252252252252252,79
1594,16.485807012609683,-2.783012788745469,-12.180701588203718,-0.41365303249853214,76
1595,11.619866734752225,20.557385448689796,-3.1082824083350022,13.333333333333334,57
1596,7.154213036565978,-32.6903453689168,-3.802440884820747,14.19967843459223,58
1597,8.101851851851851,9.166666666666668,-52.69407493091704,-11.270881895881896,54
1598,21.599378881987576,7.064667258321759,5.0,3.333333333333334,43
1599,-2.5081539588769277,-47.71762916636189,-4.9609540786011355,2.6219013000622198,76
1600,-13.77199597787833,6.345785440613026,12.685334407334283,-14.355879503905818,60
1601,9.62962962962963,6.65642601126472,5.0,0.5199430199430193,38
1602,-5.484855010048808,-16.653443846724002,-10.452394451605599,-7.901068052676633,88
1603,24.201832494515422,5.139152435167616,-0.7075178626902741,8.623188405797102,45
1604,13.968253968253968,2.3419496735779775,-14.414613434287528,14.827660694638766,61
1605,3.870214752567694,8.086419753086421,13.333333333333334,10.0,30
1606,21.666666666666668,-5.614035087719298,11.25,-42.806508431508426,50
1607,-1.5245344932844933,-10.758252065134817,-25.033234339235623,25.1065605397675,80
1608,-39.19278491529003,-4.572829830779214,0.6932419432419437,22.166818294269273,70
1609,16.325836630013807,5.06907036318801,5.906238464377999,16.197559115179253,54
1610,-6.576433891011896,3.865550210658906,-15.326814279604502,-3.54971465231292,95
1611,2.1637426900584806,12.450980392156863,1.53765048692585,0.612803375961271,47
1612,-6.159951518478651,15.0,-31.99096942442994,3.6231884057971016,62
1613,9.259965920272638,21.48295562220615,-42.24166695399926,-13.231517608291316,83
1614,11.313131313131315,6.851851851851852,4.116717762228598,-3.9737013498534246,62
1615,-6.810616284300495,-37.50413564929694,9.906083543594058,-5.926347226903344,60
1616,16.496751624187905,4.9851190476190474,7.71604938271605,7.500000000000002,38
1617,6.984126984126984,-13.300783906878886,12.439579428577069,15.0,59
1618,16.46986842420279,17.83309957924264,-16.21212121212121,14.982717540857077,46
1619,19.29393519259141,-18.475849121010413,4.025810442066599,16.709608158883523,51
1620,21.215087391119873,-7.567936749167752,-20.634920634920636,7.859237536656892,64
1621,9.238215488215488,17.38095238095238,6.566238421077131,32.887566991304595,47
1622,-1.4700658206198258,-8.153249639978476,11.004140786749483,11.99413542710644,73
1623,-26.232596232596233,-53.244916197843416,-22.711468929348822,-6.0385179336792225,91
1624,-6.420475659606094,-22.666340325592092,-27.86289164135464,-47.66799550516655,81
1625,-10.467350779966392,-10.148728572484385,10.739723239723242,-15.039882405953835,68
1626,-20.735800952473966,-21.48689397373195,13.086419753086421,6.303418803418804,68
1627,-13.376480975165185,3.8740989872699694,-2.0499164578111966,7.475287093283697,57
1628,10.526315789473685,-13.92150074023583,18.6020620149366,14.918981481481483,53
1629,9.029088156911044,3.7950664136622394,4.805178481649069,-21.915415307176993,78
1630,14.126393264513709,10.738629031311959,-12.685185185185185,-7.508165349096634,58
1631,-4.473356548963967,13.081394519303018,9.552363194621014,-90.20731626914686,101
1632,20.13212415299258,-12.633970967304299,-28.140066147086188,25.03003003003003,59
1633,-59.50927887227768,13.76357560568087,13.300059154096422,37.33660130718954,75
1634,17.228966896305604,3.8837084541418925,-55.063057291141064,6.086485977790327,84
1635,2.0833333333333335,18.518903772398698,9.069597273931638,12.976190476190476,47
1636,2.8735632183908044,-4.4091094091094085,11.160394265232974,-15.824769254024678,54
1637,14.117375953313992,-26.19079449961803,-72.77036270625055,12.21662978034792,96
1638,12.023757628596337,-5.833333333333332,-6.220986162846627,4.187091503267974,50
1639,-9.852669380971268,-6.351111624994118,-14.662672271367923,15.38353745317124,75
1640,-31.09475953225953,-7.619047619047619,-23.223125128071754,-1.1926308985132517,66
1641,-38.20942185066237,12.029707501405614,-11.23681877566256,23.869409261407856,83
1642,4.202696693111769,0.0,-2.0238095238095237,-18.77848650149867,55
1643,-1.5023989836583542,-18.788850038850036,6.581834771259949,-0.7251082251082248,56
1644,-10.493816010001021,-14.541785375118707,11.117724867724867,-3.226950354609929,61
1645,0.4616654418707733,8.508986928104575,21.510187361009823,-32.0946019401397,60
1646,-0.8667091004047509,4.039995024672571,-16.32430277594742,-18.76489747515562,96
1647,-6.951424510429586,6.946068875893438,18.184876717485412,26.572327044025158,53
1648,12.252252252252251,-13.07914307914308,10.036058282962308,-35.250455677152814,72
1649,1.881881881881882,-31.871345029239762,21.412429378531073,-10.187660383033572,59
1650,6.307363370880267,22.719298245614034,14.767553760757256,-2.0533061709532285,54
1651,17.073524319771362,-22.685185185185183,-10.508658008658008,25.288461538461537,60
1652,-1.5039892752116737,0.0,-7.807017543859649,10.01068376068376,54
1653,5.0,8.181361122537593,21.310845038025565,5.0,37
1654,10.566337848946546,-9.126348933068105,-7.320872010873444,7.252252252252252,75
1655,8.320707070707071,-50.518554560337904,5.522519192862331,-19.762846470163545,76
1656,-1.0150916019460614,0.5023213161673716,13.730547774665421,-10.406705443603776,73
1657,0.32454361054766734,-0.8333333333333321,9.62962962962963,7.604166666666667,38
1658,-7.6960475283646,2.62125902992776,19.262574595055415,1.3824289405684758,51
1659,-14.298550987570305,4.901960784313726,17.472384665367123,17.525252525252526,66
1660,-16.21212121212121,21.73611111111111,-12.474747474747474,-25.28423772609819,48
1661,7.142857142857144,10.0,7.413000060521696,-6.226079251481643,60
1662,13.623188405797102,13.499298461971081,-28.644400011466573,4.182524861796571,63
1663,12.539905794183834,26.20005901569993,8.088624338624339,-5.822890559732665,73
1664,-4.8523983236705535,7.373728147385439,-53.714382215671826,0.8492931707217408,83
1665,-3.1808688387635797,13.0076603290889,-10.853808353808354,-2.5065876152832662,57
1666,10.0,6.156825939434637,-2.8632478632478637,4.870129870129871,44
1667,-27.691417378917375,-23.13898995102511,-3.014611916929981,-47.61806521764329,100
1668,-11.83223651093908,-11.867835849009982,-2.6772247360482657,-7.395833333333333,61
1669,23.948346339650687,26.957566016490503,12.032520325203253,-17.395833333333332,46
1670,11.126824270936178,9.685157421289356,-8.496491145973867,7.559966914805624,64
1671,-17.167558131647134,17.25308641975309,-0.656277684579571,4.7622601962585,82
1672,-19.796209133183844,10.0,-1.1219003730524464,-17.276936026936024,65
1673,1.0001296344309072,-1.8398770067522663,2.0325203252032527,-3.6886395511921455,52
1674,2.9761904761904763,14.166666666666668,8.787878787878789,0.0,31
1675,6.984126984126984,2.1697949700080272,4.15158205489754,-10.362033799533798,82
1676,5.0,10.0,7.725021533161067,11.837596073080986,48
1677,4.733397384718783,-5.780191720251289,-25.860959349106626,5.514270111049697,83
1678,-45.8643594869232,13.122082166199812,-17.80701754385965,-4.225408203902827,56
1679,-15.572624686401777,-9.240059457450762,24.001714680972274,18.43471300434679,68
1680,-19.371345029239762,-2.1618793677617183,3.5829090546071676,25.955492199255563,61
1681,4.068849413677004,-7.282871197169499,8.374183006535947,1.937984496124031,61
1682,-30.75077540594782,-11.763448969331321,-3.358782859466853,3.509160756501182,56
1683,2.709112599539886,0.45738045738045585,3.5610946412163456,6.65642601126472,57
1684,10.561172901921132,43.16809980216257,2.1733821733821728,-8.731375053214133,78
1685,19.166666666666668,3.492063492063492,-4.183829138062547,9.748569707919303,43
1686,-4.879930407613511,-7.659106739568443,-22.88457313308014,-17.845733481124732,99
1687,6.34920634920635,9.463237021376557,1.3410931174089065,16.065785796111705,53
1688,-12.586796328011705,1.6025641025641022,31.086386091079458,1.9900108245972918,60
1689,1.565656565656567,3.086419753086421,2.3809523809523814,-3.177387914230019,41
1690,26.66214995483288,13.930436847103515,12.604166666666668,-2.737432392604807,41
1691,13.870214752567694,-11.33939974457216,2.394572754013284,-7.916666666666666,55
1692,-4.972223745043217,-116.61910270907792,5.789933187140383,-15.174724554063058,92
1693,-11.274038461538458,4.8752809750804165,-2.5370535699654124,-27.002555675594408,80
1694,5.467372134038801,-20.72966103529859,-14.132093842413315,3.9867490417804894,61
1695,-0.915032679738562,3.333333333333334,-9.983112700504003,-0.13384692426045675,54
1696,-36.97252002257262,11.572327044025158,-26.80861014323345,-6.0556066333556,67
1697,13.745791245791246,-7.739036946354018,4.971509971509971,-1.212121212121211,46
1698,12.525252525252526,-6.527777777777778,7.688172043010753,10.137085137085139,37
1699,13.663446054750402,22.765151515151516,22.09494324045408,-54.6877989870636,55
1700,11.766917293233083,8.913002781343605,-15.803087812649068,1.937984496124031,55
1701,8.623188405797102,7.525252525252525,13.512273724875502,12.52062354212892,46
1702,7.976190476190476,16.43686106921401,14.698634698634699,-8.75,40
1703,13.55708162916401,10.315348608031536,-22.038008828215474,6.046944202767608,61
1704,3.4722222222222214,13.947786431645829,16.944444444444443,10.0,41
1705,11.537009273141209,9.053544494720965,37.60979797105782,-24.39151747655584,59
1706,-9.010463345501709,-16.098170906973387,-3.07749777738017,20.04326846753034,76
1707,11.07638888888889,11.431696910910969,-57.60268199475721,-11.749501870023764,85
1708,-1.7592592592592595,-20.958158052816565,0.23572001900175277,5.6837160359732195,66
1709,-6.946778711484594,1.486550537364181,20.632110270755042,-3.893936528248065,63
1710,1.937984496124031,13.71569950517319,-17.36496913580247,7.777777777777779,45
1711,26.262621847077174,2.1367521367521367,14.597727980080919,5.893300248138957,43
1712,14.62962962962963,7.167616334283002,-2.685185185185185,5.0,41
1713,15.22851742149988,15.526315789473685,-45.995484400656814,12.998642344027804,78
1714,8.993055555555557,-23.37869496840036,11.378720998581052,-20.00096154089459,86
1715,3.7144247124386167,14.292929292929294,-1.613140058536084,-10.807453416149068,57
1716,-18.78351390606293,0.3407998129567663,-21.953879453879452,-44.346318279990214,121
1717,1.1642388803983728,0.07942674609341394,12.873563218390805,16.232193732193732,52
1718,-36.85405852385803,-9.427169190644397,0.7256669021862603,-9.144880174291938,93
1719,-7.047053899917189,1.031119764979164,-2.607351163582166,-60.510271649831544,89
1720,2.2968610462938974,-11.946601792139546,-11.229335157575123,9.63710340292619,84
1721,-46.12633257997255,1.956416790098407,-13.743038150932888,-26.816947407191215,85
1722,28.09215055467488,25.256132756132757,-15.077035406549925,3.08641975308642,54
1723,-9.61525014723992,25.688891880169308,-16.999115477265885,0.0,61
1724,-1.7995169082125602,14.761183988157674,7.777777777777779,-15.665463636563542,64
1725,-7.16065141796766,-67.68687389485709,8.569981573900945,0.6448473648695536,94
1726,-8.581514762516045,2.1367521367521367,-0.058528929503228966,7.769360269360271,53
1727,9.064737005913477,19.62488129154796,-4.81162196679438,-8.696581196581196,46
1728,-23.47728295096716,-9.661327994661328,8.75700280112045,-17.190931049626702,59
1729,11.58523699883994,-41.49628682473056,-18.25248087132637,-16.589423914462138,86
1730,-5.829386514961656,8.086419753086421,9.166666666666668,-27.916578447835576,68
1731,-6.740319865319865,10.0,-4.8741845293569455,-8.776021772345299,49
1732,-18.571254037055922,-12.198998767744722,9.491341991341992,-58.87083261398207,85
1733,-4.22259855763692,1.910941610607908,9.385964912280702,15.0,45
1734,-47.68715231481189,-23.710902582070766,24.927392868569342,-4.833601717659688,76
1735,29.551977767454524,2.0325203252032527,3.7992831541218646,8.095513109458343,59
1736,-10.987605869780525,-23.148504941207218,10.527517423696228,24.054881899709482,73
1737,-43.22575618941533,14.166666666666668,-49.37178374747252,4.683741119163116,79
1738,-44.703910806389175,34.77880476334491,2.6142213642213643,-8.074702820080356,92
1739,8.532156558472348,10.0,9.990205872558816,-7.474747474747475,45
1740,9.885290148448043,-3.015873015873016,-24.16226973195829,-3.9121873496873487,55
1741,17.809347085662875,14.344919786096257,-3.4816396365309403,-7.807017543859649,48
1742,-61.38086519636246,6.330309901738474,-55.87218337218337,7.877700808180769,73
1743,-1.8060397226587916,-36.37978218113266,22.03252032520325,-15.52024350542464,102
1744,-8.389946013411379,2.688172043010753,7.3281607165255,2.2758165978989786,73
1745,15.187845102868454,6.247274717730339,-5.234767321233487,-36.439808594981,62
1746,4.663732917409389,3.1854790239211446,-9.10228936747741,-40.09719695825172,66
1747,-13.661257606490873,-36.97962090819233,-13.511904761904763,-24.746337088846623,68
1748,-13.428941405284114,10.871212121212123,-2.7083922619636907,11.403449820788534,62
1749,0.6687190733243364,-49.12025826895133,11.081903090749039,2.450980392156863,65
1750,24.39814814814815,19.341200064301237,6.197559115179253,-25.17316017316017,47
1751,-5.079365079365079,-0.833333333333333,3.6231884057971016,-4.049272898367935,60
1752,20.858585858585858,22.25308641975309,27.236676015002292,0.0,53
1753,12.559361853464804,4.2625081221572465,-11.610303259480798,-16.984126984126984,58
1754,33.857285101089964,23.864006012962374,25.08986928104575,4.208754208754209,51
1755,18.47222222222222,13.85529256821221,-55.87686433562836,-7.419196981359889,101
1756,5.540572157636179,27.960322176008454,-6.883550216883549,-12.0348207249803,55
1757,7.001456800065899,15.059966914805624,2.753910889409211,2.2620585701981053,49
1758,11.760049523207421,3.27533772706407,4.67741935483871,-28.516003201397453,70
1759,13.182261208577,-2.3501968840951877,-32.887076373918475,-0.28769841269841256,68
1760,6.6380718954248366,3.4099744079883108,11.335094064989363,-13.21135911760047,73
1761,5.36001036001036,11.222394755003451,-34.64852607709751,15.22844272844273,52
1762,2.8068264342774145,-27.52320111873888,6.166904151310968,4.123563218390807,56
1763,-4.470046021329885,-14.265594704665425,10.924630924630925,-26.275560482877555,64
1764,0.35830999066293234,13.782578292797634,-5.501893939393939,0.9324733237776712,61
1765,2.7541757443718247,-4.625209449937305,15.106382978723403,15.211245051993284,58
1766,-4.809577677224736,-5.323029796714007,-39.74074970778685,-172.97362556209032,129
1767,-16.362410357712616,18.82550441760968,0.5934343434343443,13.609994949827636,57
1768,16.496751624187905,12.688172043010752,5.0,12.220722747038536,37
1769,-2.9612870789341375,-2.619047619047619,-14.05921747526687,11.147570955018516,67
1770,8.757176629517055,10.226503513269511,-5.952030425714636,18.79071379071379,65
1771,29.312405131174128,-6.670754112614577,8.787878787878789,0.46737213403880107,52
1772,27.8963134961587,4.063067905870712,0.816444144600057,-28.949846669968302,72
1773,-1.0230352303523031,-4.565217391304348,5.678673178673179,4.127735690235691,50
1774,-2.465137201979308,25.568770832415606,0.0,2.4182220070377984,47
1775,-56.276568349956214,-23.18368431898613,4.341632602502168,15.428096825498558,79
1776,0.22927689594356337,10.740740740740742,-2.201606654380044,14.146987849280013,62
1777,-24.095175107079868,-31.929036598400476,-24.775504844889838,-23.901593901593902,90
1778,4.287965138787602,-11.621241537236159,-13.18840579710145,-2.19547922378111,53
1779,9.273773562529243,13.161351326952762,6.181318681318681,-53.00692800223463,78
1780,-30.611035111719104,3.9682539682539684,7.024614026779226,-22.21160963666223,65
1781,18.571971424228607,-12.74062524062524,-6.315732917076701,11.132630286078097,51
1782,15.593694380879736,-13.330332209143858,-13.70279230627698,-4.938936781609195,73
1783,3.5061441450893795,12.074136955291454,-17.637577751837,4.418595237364235,68
1784,21.28205128205128,8.259285244628131,-11.90219131340051,11.984126984126984,65
1785,-6.336553945249598,15.039836347975882,1.7200203252032527,7.202201632026197,46
1786,-40.56831874266084,10.653666437335168,8.306368772470467,-7.916666666666666,59
1787,1.8712322234894052,-60.88414634146341,-0.06172839506172778,11.73611111111111,54
1788,-15.115854771027184,-12.157287157287154,-10.50837447576578,9.796483417626474,66
1789,-2.1827651515151514,-9.264299626508,-34.54834101746372,26.173708920187792,71
1790,-6.665863762896642,-2.572786690433749,9.547911479476532,9.19254658385093,54
1791,-0.4061290794027381,5.0,25.66081164674234,-0.2968367753313963,58
1792,9.843694626303321,0.0,2.7498232761390655,15.1173174725004,52
1793,11.398712408501632,-8.32010582010582,-2.2807017543859645,15.966019790687739,59
1794,7.540849673202615,3.6489898989899,-22.41776741776742,17.976190476190474,49
1795,-18.866748228472083,-40.416670445544845,11.116761733323763,-17.091067365536823,93
1796,-2.9674796747967473,-5.649895178197064,-8.679562228475387,-30.673710140621903,70
1797,18.902988015965732,31.800961312455563,-9.605978260869565,14.464285714285715,58
1798,-10.516499282639884,3.7090791807772945,-7.322130093172021,-26.554239005219397,59
1799,-37.42650986837033,-16.79010864082614,-15.68661332286865,-37.83219944943109,87
1800,-19.157191057087577,-25.45898975465539,-53.65816129563368,-2.270171957671958,97
1801,10.446662633595484,-1.6266492556482235,-9.541941375623663,12.080406560153026,65
1802,9.166666666666668,37.502568999586295,15.580357142857142,8.417508417508419,44
1803,29.653903202024136,18.47222222222222,-9.811954644271717,-9.23076923076923,59
1804,-1.6321474983755664,-2.4428104575163405,4.968506458844882,-13.324920240464916,61
1805,17.591093117408906,5.0,7.230019084857797,29.1849871261636,44
1806,2.3809523809523814,8.086419753086421,-9.0625,8.412044708298177,48
1807,23.744786937073286,-46.893154947416285,-15.452939627928385,-60.879629629629626,88
1808,-12.385620915032678,-8.175617218821468,-48.46227495141164,4.325514928193501,71
1809,6.4044564757909805,-107.7016722180708,0.967643467643468,-1.8266253869969038,88
1810,13.181361122537593,9.169547583310779,-7.728288633461046,-5.0,45
1811,-0.1515151515151505,0.15647638365691208,15.218384885723598,8.086419753086421,48
1812,16.10234287317621,16.822612085769983,3.093126385809315,-23.12972158560394,60
1813,-13.00986842105263,-11.031746031746032,9.663865546218489,10.0,43
1814,12.857368939295831,5.969219324222099,-8.971654437456323,12.21677559912854,59
1815,-1.5889550264550247,-2.667419675449505,-34.75579314254424,-61.963206479029054,124
1816,18.10708898944193,-7.857142857142857,5.0,3.6231884057971016,35
1817,-4.861660079051383,11.581156998777136,-11.73406862745098,1.4684292843641278,65
1818,-24.870267762024003,-5.933845029239766,10.246913580246915,7.881393298059965,65
1819,-40.52797713981924,2.1259285231936005,3.733031674208145,-41.816858089830475,93
1820,3.474073441178705,-6.075607117709261,5.777508743610439,-4.895833333333332,62
1821,6.372342421504374,10.178941141674061,2.2679695505782487,2.0833333333333335,54
1822,20.024170130711756,4.640480511623888,-34.93055555555556,-48.86971363406871,77
1823,14.183037794396942,5.0,-4.785604056437387,1.112444977991197,55
1824,20.63973063973064,7.335295752634462,19.267738434405103,-0.37037037037037024,45
1825,9.225502781343604,-19.764281393138013,14.918981481481483,26.675010429703796,47
1826,-1.353654002907733,-3.511904761904762,-31.398703881413596,-46.74207233989842,70
1827,-5.856941761029425,16.381774420962067,18.391480523833465,-22.582125807884577,80
1828,14.633612741598222,-6.203861927546136,1.4453486725278069,0.22603485838779935,55
1829,-17.453316691822437,-1.9144144144144128,8.817733990147783,-18.522220746601064,72
1830,-21.80585329532573,-81.31272160240437,-2.7606607097453786,-2.4020483608018885,97
1831,-15.844210607018955,-8.884906063608634,3.6907592675102716,-40.549881098701455,90
1832,12.24221228797888,1.8939393939393943,19.843054197892908,19.82253086419753,48
1833,-38.97894133141969,-38.56530398862025,2.3864508348640534,22.60448968359443,89
1834,6.8939393939393945,-0.8355379188712515,-4.176614029092391,8.584643848288621,47
1835,6.306980056980056,8.784013605442178,4.964450871109401,-10.869033047735618,54
1836,-18.066699369020387,31.635727315758764,-25.597312679692543,2.725021533161068,80
1837,-2.9747854389673343,-0.8532368279126352,-3.3811291048133154,10.923202614379084,64
1838,10.324074074074073,-24.77142728199251,11.77304964539007,0.5042016806722689,61
1839,2.2900195941525308,-7.406898656898656,-17.452017844174705,2.850666657123299,73
1840,-3.979116311433385,8.47499376926524,-9.66048246750001,28.244015570552392,53
1841,-6.591818299135371,13.400693183301879,3.4782608695652177,3.498168498168498,54
1842,-14.714756003322247,24.699494536264297,-83.49212276071317,-5.416666666666666,97
1843,-2.981061280185589,-36.307615116239944,-15.410498486663899,-5.289101927690907,108
1844,-2.6213697583672957,9.325396825396826,3.205128205128205,-24.40030603446957,67
1845,12.362249390524866,-4.517195767195767,-3.726694929443893,-76.50594847754704,94
1846,5.0,5.0,6.666030048382991,20.7414094341833,51
1847,-9.268834307509293,-2.1264367816091956,1.0420590081607033,-21.486053361053365,78
1848,-6.073124406457739,-24.288578425126616,-20.12883611310724,11.321195144724557,94
1849,-22.05779055479418,10.724474474474473,-33.10532060532061,6.473418636247583,81
1850,21.184012066365007,-28.51833650252074,-12.476573206415052,14.46702087913985,65
1851,5.0,-32.062372167541454,-3.9236111111111107,11.104651162790699,70
1852,-39.1876063625461,-7.0575810595671555,15.995273406710961,-29.34389140271493,84
1853,12.080610021786491,5.326340326340327,28.143939393939398,27.67071234119782,44
1854,-10.0788139329806,31.905905295487102,-7.783224400871459,-1.16256759113902,63
1855,24.699248015773716,-4.794824749058158,5.611672278338945,15.047463429816373,53
1856,-9.466700740809927,25.89091442079279,12.244944408707603,2.427213309566251,62
1857,7.688871541330558,-26.084377189085508,-58.85584546604381,-3.065518890483022,89
1858,24.646352037656385,-7.474747474747475,-1.5449402491736572,13.62753147235906,46
1859,21.624612459636126,5.0,4.940424295263005,11.545287065227173,56
1860,4.559799467245697,-10.23262476652307,-13.975192543697746,21.67815323233041,75
1861,-29.121141787458313,-1.6430965849570498,13.477443609022556,-4.286333775581086,76
1862,3.1070889894419302,-35.06745127020024,16.311360448807854,5.511463844797179,56
1863,-34.43634346086522,21.335021812317997,-15.930548407388343,2.4127261627261634,67
1864,0.712320712140242,15.603800762425717,-0.07435988100100532,14.064039408866993,72
1865,6.3640852165442325,15.03003003003003,-1.2939933810855226,26.28205128205128,65
1866,-6.699735449735448,7.184797147953229,-8.655913978494624,-13.978229468425546,67
1867,19.582111436950147,-0.087393157568596,-0.833333333333333,0.18518518518518512,44
1868,9.742845764351141,15.010315355142941,26.239646657266796,-12.3015873015873,50
1869,12.111721650728743,-40.966604875856646,9.574243490499649,23.779931860145155,53
1870,-34.03591370139095,-15.833013625049928,20.548922993542963,-18.147346638712662,108
1871,-21.897485589346054,9.68734968734969,12.252252252252251,-5.3188150060152,59
1872,-38.791412470077965,19.0081790381713,12.049799761654752,-35.11966511966512,98
1873,-47.416222029936364,-19.571435101442013,11.366120218579233,1.4124293785310735,61
1874,0.536171730984094,-33.07788193062606,-2.2857217665960823,7.3499866813339185,97
1875,-6.895323656562983,6.633022774327123,17.212952739268527,-21.094428717217266,79
1876,-5.663153271848923,3.021398660705492,-9.042597187758478,18.002878347705934,65
1877,-2.2668477279268946,13.966032101530422,16.81834686736648,5.0,55
1878,7.500000000000002,22.25225225225225,-17.023809523809526,8.787878787878789,37
1879,-71.13182863136203,-7.613380771275508,12.460585585585585,-3.9688316675643858,82
1880,-18.7827961512172,10.359299516908212,-59.0717388963003,9.047619047619047,78
1881,-2.549019607843137,25.546100971136838,10.580357142857142,0.7051282051282062,48
1882,-11.877263304241742,-14.023999586659432,28.04412155263838,-33.34866564478666,87
1883,10.54337231968811,-18.621108236012592,11.415880237214743,-6.87820510969177,72
1884,9.060966754645484,28.988603988603987,-39.47540398572163,-9.203894684834065,87
1885,2.4849303572707826,22.82634032634033,-28.029734279734278,-31.30400731494378,78
1886,8.779013837153371,1.370214752567696,-38.2336777199628,0.15873015873015994,77
1887,9.001055913287226,-39.23834636600595,10.029047380654792,-46.41197994305036,83
1888,12.976190476190476,6.25,-10.432932932932932,12.173382173382173,39
1889,6.263566476248329,-13.667269605677763,-8.703732765058994,-58.980700372695416,111
1890,-15.251297504280213,9.166666666666668,8.252818035426731,11.327969360634734,65
1891,12.777777777777779,7.776482776482776,6.061465236501105,-6.810247747747748,48
1892,-0.12059294317358793,1.4445698379041645,-5.492788461538462,1.773049645390071,71
1893,-6.406816286422839,-10.949074074074074,10.455927905371789,-49.16793388908918,85
1894,-4.046239648992708,16.873605321881186,-38.09838336879223,-98.31503190999487,91
1895,0.092592592592593,-25.811678232834762,11.412429378531073,-13.793669780511888,59
1896,8.968253968253968,-12.684140907825117,5.016722408026755,5.0,49
1897,-16.78659711747947,-9.030283247865277,-12.653525302779032,-58.47890306497605,89
1898,1.4267676767676782,13.086419753086421,17.795531557697853,-22.362468513861867,56
1899,2.450980392156863,7.09038147036813,-8.88688472021805,-35.120485139090185,75
1900,-13.90548105330192,4.208860110533494,5.3295992788746425,20.80240796528255,61
1901,12.080603661844293,6.52571702503303,-10.0,6.1991869918699205,47
1902,0.8302282215325696,5.0,9.375714808443835,0.0,57
1903,19.385964912280702,3.3333333333333335,-3.1581828133552268,20.938003220611918,36
1904,-6.57240631604905,17.1880799807185,-22.393950929561395,5.4199407855576975,86
1905,-28.579831412627897,5.301160694162722,0.9083235853580163,-34.012052189296774,94
1906,16.828316610925306,0.0,22.688172043010752,10.0,31
1907,-0.6140350877192979,-3.036936182097472,5.0,-13.110115265287678,47
1908,9.298941798941799,-5.183207616464672,1.011586452762924,-8.432156538485113,63
1909,-35.88264681889926,-5.326690994355164,-102.26520318272236,12.086650371563726,109
1910,26.322751322751323,0.26178623904341913,1.6010378510378498,-29.602131584890206,63
1911,-22.544551893873198,6.084688786152398,-16.438899018555883,3.917335327984043,103
1912,13.623188405797102,-6.91358024691358,-8.34357398873528,25.83972116101859,45
1913,11.996221535228628,-56.34836622092993,10.94359927388554,7.71319309791018,68
1914,23.736488166100926,-29.432367149758456,5.400883838383839,-46.28770870816746,82
1915,9.958940841293781,9.385964912280702,11.228354978354979,6.662087912087912,52
1916,-12.512625018841074,16.213892463892464,-19.86470802177936,-0.3471926967561596,75
1917,-69.13551563785202,8.735632183908047,3.599916514875531,-30.18756561675822,89
1918,15.0,5.0,-16.26873548142928,8.101851851851851,44
1919,-40.09409206777628,4.2059094723823405,-1.5277777777777777,-8.397435897435898,59
1920,9.025234025234024,-41.63979362961844,24.642857142857146,3.509160756501182,50
1921,-39.843579521780676,16.722223119744758,-18.459152932837142,24.77253396368657,86
1922,13.717320261437909,-61.57958348190284,-6.695007976229066,5.062650984825826,94
1923,20.564789765512796,20.163248989726515,5.092592592592595,-15.783240689856793,64
1924,20.10927701354214,12.506127450980394,27.52088554720134,-6.794871794871796,47
1925,16.764069264069263,-26.92215077663994,12.75131051495529,5.31988436400201,59
1926,-7.126436781609195,-30.32557354925776,-34.93746783868267,-13.633879781420767,61
1927,23.922111480251015,5.69606887589344,4.3222846312091185,12.682725419917071,43
1928,11.16123642439432,-4.4388270980788676,-1.4303064776357517,2.083333333333334,48
1929,8.051346801346803,-13.77317548261437,-7.4012386392438465,-50.322834246297425,91
1930,-89.46276478646135,-17.64212085928829,-18.40637575389511,-6.697931697931697,108
1931,-34.83383837018197,-21.28196466606956,5.804020271188283,15.175983436853002,75
1932,-2.6190476190476186,-8.583116675789089,-4.3047850087187545,-12.03837939642668,71
1933,-10.576197170960935,-38.29533727553955,-12.145274257244449,-3.156662259397745,87
1934,7.5910931174089065,4.608585858585858,-7.126436781609195,25.174382456991154,42
1935,-7.388238332191132,16.70226652206426,-103.09987200640128,-33.29761843070848,128
1936,-5.063680281071584,-28.137500008238323,-0.8638105189829326,13.086419753086421,67
1937,9.232984182428066,-5.0,-20.029271400169847,1.4372226662068355,78
1938,17.487816764132553,7.25523911007782,12.976190476190476,-2.826617826617827,40
1939,0.13915243516761588,6.700680272108844,-49.238785672624935,14.946514837819187,72
1940,19.361671791226474,6.811406337550132,-58.38844325587498,-30.509143925838792,121
1941,-19.1766739948187,-60.18845228548517,-33.61487414791618,-28.635832754200763,121
1942,-4.745484400656815,28.154778819740457,7.748424415091083,9.166666666666668,42
1943,5.0,-3.6886395511921455,-4.532627865961198,15.906238464378,43
1944,10.764154146507089,5.0,-5.4766198804942885,17.719298245614034,51
1945,-4.388327721661055,-10.343813430835187,16.357052900179585,12.63888888888889,53
1946,8.209745296271073,-58.34093358451819,-2.6458073399324205,8.295319531935366,90
1947,5.085589141783304,-6.238119798442547,-1.2122071704356099,9.901960784313726,64
1948,-58.279147863991135,-5.590828924162256,-14.990301137842124,-22.660161519002617,83
1949,-105.4133342322252,15.048318305893092,5.2802616327206495,6.177150320152349,86
1950,-12.606072529346187,-3.610906579656579,-28.049867236021182,20.232913147872164,66
1951,-21.794871794871796,6.363949088407293,-3.262755762755762,-26.383458327961723,62
1952,-3.858447488584475,-152.35589846980977,3.5896753067424156,-28.998527821996746,104
1953,6.391818027228393,-0.9590517241379306,-44.85075440432584,13.218970396389754,87
1954,9.166666666666668,8.333333333333334,20.18837803320562,2.506127450980393,36
1955,10.537400145243284,-5.0,17.739042064333688,-4.808635108968813,47
1956,1.496751624187906,10.338672005338672,7.710206240084611,-8.382020617170344,64
1957,19.690844972769675,-12.747747747747749,-23.327991452991455,4.629629629629631,58
1958,24.722917064984173,-6.86325281543165,-6.007191914765627,-1.89372533725193,80
1959,24.61629617522066,-11.124406357687604,5.8933002481389565,27.315785845664216,63
1960,-24.156103826427213,15.16828294675903,-5.821286967475668,-47.13736457016683,111
1961,-6.1753574842561125,-36.71589012168723,-47.53729672612651,6.461988304093568,96
1962,-35.542227140124005,8.472222222222221,-6.46592330616711,6.90746674022706,80
1963,4.542151162790698,-6.686159844054582,-60.446540569089585,7.450980392156863,58
1964,3.591162300511897,2.3529411764705888,0.2747209619349209,-3.8728482648627836,68
1965,-1.1339716047456605,-18.5632183908046,-27.66991504247876,8.333333333333332,86
1966,-13.97119341563786,-20.171302127823868,0.35714285714285765,-46.188064366590034,114
1967,-15.29593318809005,-5.279307631785995,10.47008547008547,-5.0,44
1968,5.534772577455505,2.2625281066716987,12.604166666666668,1.7544371757972108,50
1969,-9.086980104325349,-132.0855952184269,1.4880952380952381,1.118880641282374,88
1970,6.496790981646988,5.0,15.811494720163452,-14.620843204767517,62
1971,-16.382776255339973,-4.7410614077280755,0.9450119558678693,-3.299319727891156,70
1972,-18.871292106586225,3.6921034753558057,2.9817335637528046,-14.823862060217285,76
1973,13.086419753086421,12.154882154882156,-8.45238095238095,15.0,36
1974,-2.291666666666666,15.63218305480649,-98.06740293533711,-51.14026228780327,92
1975,16.364808031474695,9.166666666666668,-11.937441643323996,-34.31818181818181,55
1976,8.87103796586555,-18.696420988087656,15.933583959899751,-5.0438692330858075,80
1977,-12.336465819052883,-37.614866382812316,6.419330289193304,-7.194757989594946,81
1978,1.0980635475074318,15.654761904761905,-31.865773115773116,-4.473273639940306,56
1979,18.638610414926205,-4.002973544191635,6.2206292313819205,-40.32409668720901,82
1980,0.0,-47.90908569504471,1.0481663929939806,1.2107968989906635,92
1981,4.191280991969155,9.57124842370744,-21.54040404040404,-14.771241830065359,62
1982,9.166666666666668,-36.8527115314141,6.4026792750197,-10.0,49
1983,11.31035460161076,21.418485237483953,-2.0660711837182424,0.8985160529782963,49
1984,0.12081741259857814,-5.177469135802468,-9.32210920080363,-75.88879649930973,89
1985,13.230640526081999,9.97108520827686,6.661442006269593,-35.977623031194454,61
1986,9.642857142857142,-46.63318215648578,16.518427542455,-6.875,69
1987,-11.260722809371153,8.414158305462653,-2.593154170319065,-7.375496567189142,91
1988,-3.0767230679384454,17.528349795735682,-65.61704904150332,-39.285775748574025,95
1989,-4.914823290109331,18.87900803197515,1.169380524219234,21.53298720250247,67
1990,0.3865398234541644,4.008446485417746,4.544842899622312,3.293900852888127,75
1991,7.976190476190476,-20.992063492063494,-13.165563115803335,6.218885281385283,65
1992,-0.833333333333333,8.623188405797102,-19.63998963998964,10.0,41
1993,-6.937229437229435,5.636853719776546,1.2399795326624599,-1.6740938799762328,58
1994,7.874970163503998,-27.89927298715873,18.54725053937735,3.058361391694725,59
1995,8.91729797979798,12.777777777777779,10.0,7.834757834757834,35
1996,-11.286855692097626,-20.14053060152351,-9.254385964912279,-9.708014023934421,71
1997,0.41089793145454223,11.946785165921078,-84.4987107985701,-51.229815158386586,107
1998,1.0526315789473681,-7.364891844747278,11.944444444444443,4.907219372875748,77
1999,2.6797385620915044,10.424771760556075,4.941520467836257,1.0864859777903249,52
2000,12.095774569553322,10.279093356741802,20.0,-65.82344858339748,92
2001,-4.3995914871330175,-2.5690521029504074,-13.504611645646515,14.506754597707786,62
2002,-0.09803921568627416,7.725477951460039,12.314814814814815,-8.12570145903479,42
2003,10.0,8.449528794356382,-7.686590492024742,12.136752136752136,65
2004,18.164950664950666,8.623188405797102,27.32098186366479,-9.57282913165266,41
2005,1.895546597768782,-1.0673476849947432,-31.26391582273935,4.828075046024347,79
2006,16.67008057874931,14.298941798941799,-13.766259377314142,33.253113845219104,57
2007,17.41106719367589,-8.14516129032258,-46.06366837515147,13.23529411764706,52
2008,-3.0921044625363567,25.275974025974026,-15.59116809116809,3.335746862412199,56
2009,7.450980392156863,13.009153318077804,12.777777777777779,7.0546737213403885,35
2010,10.56859377292814,9.49810606060606,-14.040017028522774,15.456349206349206,46
2011,-12.311827956989248,9.529135792949086,8.205128205128204,-23.055555555555557,54
2012,-0.38979312359356655,-6.335318369216674,-30.399029982363313,-40.69857211177154,95
2013,6.576490435005615,-34.10912373678332,-27.73706772030865,-28.77700478052591,95
2014,9.086827980160422,16.558571723532285,-35.20006235523478,-3.1600547195622433,69
2015,19.08030947618193,12.21677559912854,19.433249471059515,-8.894993894993895,49
2016,-18.007765830346475,-10.719131364292652,21.201958143701084,9.340261603532765,81
2017,-2.2006628896849465,-27.240227997426004,-24.685403636480743,-6.886724386724385,90
2018,-1.4369434708417759,-76.20757291457736,-10.0,-23.68215411560192,79
2019,25.6182355983329,-20.611496913580247,-40.013555330922195,6.7067349676045325,69
2020,16.60235707405519,8.350413874655104,-15.99336460857642,7.540155584533839,69
2021,8.655167508142336,0.2884615384615383,33.17869724554521,-57.88379147512274,72
2022,-0.44926591326185594,6.881881881881882,10.0,2.604166666666667,43
2023,-2.240118975599918,-7.116588981090661,-41.48640937856624,8.552532123960695,61
2024,-33.206803956386636,-1.8939895778131068,10.910586703269631,0.47811591911191886,68
2025,14.1592394533571,15.586080586080586,14.21024769825016,17.945546478155173,53
2026,-26.234984769627843,2.2827152772952233,-9.228130473437107,-4.920556307643742,83
2027,-2.919734427409865,-3.4764309764309758,13.334841028610029,-5.634920634920634,51
2028,-53.394697969617084,9.814814814814815,-0.3716907638476252,-22.679109966137183,96
2029,8.787878787878789,7.858187134502924,-17.17968668949061,-12.747747747747749,45
2030,-1.0317460317460316,11.40096618357488,24.831932773109244,17.472384665367123,35
2031,13.787878787878789,4.96675083435726,5.0,8.086419753086421,49
2032,-16.563208616780045,-3.148148148148148,-7.044494936651796,6.323949408404733,53
2033,8.39472256138923,18.767403767403767,-7.1230328966414165,7.525252525252525,55
2034,-12.81831472620946,3.4909031838856412,-1.140350877192983,6.867632584800596,58
2035,-13.614228743794682,-22.239555396626738,-43.105020233900014,-73.23848739107207,120
2036,12.500000000000002,8.086419753086421,3.6231884057971016,5.0,33
2037,-8.982347116530851,-36.30390646315823,-6.0684564352197015,-43.292607328972494,100
2038,2.331116327595201,-2.543477398613483,-15.587142326272762,-28.5234471214888,86
2039,2.987388711020177,-69.61557542185238,-3.3547039191754715,2.5584592451050217,99
2040,8.002141007929236,-24.0276362058519,12.171260112436583,18.75525559471255,64
2041,-22.863254426321582,2.6805103814240345,-7.176885817236693,-39.99263052800691,85
2042,-22.584720676349285,-2.112891408557042,-7.896583327140852,-28.698492827731712,89
2043,1.700680272108844,-0.6182438419280516,1.109896373541147,-15.546195658685145,52
2044,3.4722222222222214,26.633986928104576,-5.9009478154589505,10.348206822602517,51
2045,-0.783760957639017,2.5631617169284873,-4.691140254450324,-2.1543661455942136,72
2046,18.22448994459223,7.693147442541335,7.873563218390805,-7.949284511784512,63
2047,9.232804232804234,-2.581349465407436,-20.793430458143472,0.8407795907795903,76
2048,17.605820105820108,17.38095238095238,8.333333333333334,14.26590590335331,35
2049,-63.46763025773862,11.54320987654321,4.574514991181658,14.154872475305915,66
2050,1.3953462875506277,14.403181196816684,-5.0228617478355675,-0.8994708994708991,72
2051,-5.17507582023711,2.1733821733821728,4.385964912280702,15.875440658049353,40
2052,7.155225726654299,0.2838164251207722,6.700629993312923,-10.098039215686274,51
2053,12.251116372789449,-6.3210861570790655,24.445890262415965,0.252966579692923,53
2054,7.976190476190476,10.0,-1.3768115942028984,16.65642601126472,32
2055,4.747861759356013,6.851851851851851,-0.37037037037037024,-3.499031673373775,47
2056,8.623188405797102,-36.52691969865137,-10.942424715244186,5.0,75
2057,7.767598789104167,17.04022988505747,-25.85553633972058,23.514920104365792,60
2058,21.67746187218434,-26.63932685671816,5.0,8.49450862929682,58
2059,1.0401310401310404,14.921173744595135,-39.74809189761365,12.380952380952381,84
2060,10.705128205128206,7.976190476190476,-7.153097798259088,28.525149190110827,40
2061,3.4722222222222223,-8.997987801043829,-7.423379133905449,-13.761140819964348,58
2062,-6.9374416433239965,-3.139161889161889,20.04454926624738,-32.07729468599034,53
2063,-28.48003848003848,2.862615420754956,-1.5277777777777786,9.322158971115329,53
2064,5.573543519972091,-23.532675100041967,-30.13641286661514,-10.32045475659606,66
2065,6.104651162790699,1.296864329863959,11.829926784949276,13.805569970593323,58
2066,-17.75014095924253,4.73740237187927,6.248304760442743,-6.910075630315022,89
2067,3.359394649219679,12.688172043010752,-10.097951565342868,-3.9075630252100835,76
2068,0.0,-0.06172839506172778,-13.269433569767273,-5.441132593388232,54
2069,11.944444444444445,6.687388403984375,14.305819101834283,34.788801238702135,61
2070,22.604166666666668,5.741303613644039,-6.141092987340915,10.714476155652626,49
2071,5.0,-6.3310511883251905,10.0,13.917297979797983,49
2072,-11.76836749044708,7.88913940795744,-1.8781795479663579,-40.99426681827397,95
2073,3.9096909409409406,-9.890958147065302,-15.792912370737529,-31.00021452269117,97
2074,-43.0659114765801,10.0,-12.36111111111111,12.618010167029777,60
2075,4.62962962962963,8.297181284124346,-16.277030135725788,13.205128205128204,49
2076,-11.651503550613661,10.595225858870633,21.22050622050622,14.819518956966363,62
2077,-2.029066261105225,-26.936792774355283,-23.807566927253546,19.002489884842827,82
2078,4.814814814814816,-3.5852573352573374,24.925271739130434,2.900813868290214,64
2079,8.333333333333334,22.154213036565977,-13.650601207827343,8.086419753086421,52
2080,9.87012987012987,16.648110661268557,17.598298983086814,6.984126984126984,49
2081,15.245837017212995,10.0,10.42717086834734,2.4869262950658317,49
2082,1.9613485490814693,8.985558385803186,0.30303030303030365,-11.887332841640475,58
2083,-1.3899806261629473,14.656936348112819,-15.289293509043924,13.361024259471888,72
2084,-2.4382019180729744,-64.41693533891069,13.939412132959067,-10.987839358502665,99
2085,-24.551370144087446,21.06366459627329,6.246046805819102,-32.2861399901248,72
2086,-12.36169431396879,4.238099876615365,2.104290636899333,-23.337235779096247,71
2087,-14.424881348916688,-48.229166666666664,-91.66372981221771,-114.29835393036447,126
2088,16.352362914862915,27.45218824776591,2.7171669583165086,-19.275525525525524,56
2089,12.580399584076055,9.62962962962963,25.167949334616004,7.314814814814815,42
2090,-4.445571331981068,25.412090335988562,-13.159379403896946,-18.336791239076867,71
2091,-32.41160680892824,-5.93316668702363,-22.657839998169244,13.875040825180484,76
2092,12.63888888888889,-1.8569513576353511,20.063123480462192,10.0,50
2093,12.038712921065862,-21.139616914810713,-0.016764075489268393,5.166398282340312,62
2094,15.815482410309993,9.55658540740787,7.038712921065862,21.122076023391813,48
2095,9.628300549353183,-45.95521227530729,-25.525923840089746,-40.99489479924263,103
2096,-54.28602023246774,10.430867216076587,-27.174551228426687,18.74620681605976,99
2097,10.375399836184151,-34.30291709490475,15.494777349616061,4.4167730949340145,62
2098,31.84181718664477,0.056400579555494046,-33.485864840354004,17.074136955291454,61
2099,-5.486111111111111,3.7821167232931963,-23.599887766554435,1.8115942028985508,56
2100,12.61810591078884,-10.612898196130573,33.954146690284254,2.1367521367521367,60
2101,-33.13200960319474,-6.122127213458483,11.73611111111111,13.736192332683562,60
2102,3.3765522928084515,-11.845238095238095,0.0,16.159014557670773,55
2103,4.41919191919192,-0.8228905597326648,6.797032105956593,-1.0153256704980835,46
2104,-8.232484054569179,-8.265833646058104,-5.039972937388432,2.0041098258941337,70
2105,-34.90641732708296,7.17479197207434,-3.015873015873016,-22.66014620252492,84
2106,3.8209675987662033,0.0,7.352941176470589,15.546359177513676,52
2107,-22.18731167585881,-15.538778311599176,5.602240896358543,18.936173447667702,58
2108,-45.403133959364965,-9.06958249828507,-3.1995327932309685,6.142526455026455,81
2109,10.152266034618977,-4.740684093437152,-35.195057812124375,-22.194445841471012,82
2110,-21.91835223012268,-2.549019607843137,33.07875064008711,-8.084239130434781,68
2111,10.818593467045243,-29.365955067554527,-2.891774690205959,12.782747557342274,79
2112,16.07128982128982,-10.451482479784367,-9.320412911257302,10.421865715983364,53
2113,-8.091742486903776,26.84181718664477,21.225490196078432,-20.858807525086803,68
2114,-17.282842509558193,22.01058201058201,3.674095607235142,0.0,52
2115,8.933919288286837,6.238859180035652,-31.210751096846927,17.29934740232223,69
2116,0.31932573599240355,19.015594541910332,18.304154995331466,10.0,42
2117,-12.474747474747474,0.5263157894736845,3.267625666536561,-0.284237726098191,71
2118,18.23185146747778,7.053251408090118,-13.238842894015306,1.7730496453900706,62
2119,14.156753740087076,19.166666666666668,-16.029284548768718,17.4089290269062,76
2120,-15.0,10.046138072453864,14.18673336176923,-11.666666666666666,43
2121,14.004576659038902,3.4405097486492835,-24.452416186600427,-3.634259259259259,58
2122,-20.102399927542777,-41.6826593506601,19.51271269864888,-26.095840968404687,91
2123,-4.859603415834418,-4.281823840647369,2.772119872942336,-10.082607116920842,64
2124,6.577430538506521,-50.538891309137774,-22.63702623746304,-25.69973856349869,114
2125,1.2559228487847136,-23.446051383201834,-59.24612481566492,2.9067041725269567,99
2126,9.091588923217229,-2.0971844948749556,8.17489114658926,6.086645184389546,65
2127,9.989308624376337,-35.13771947469418,-17.60887260887261,-11.764749416342408,85
2128,11.368535718380919,12.583861284934077,-25.38964876730834,-5.858843537414966,69
2129,7.888987030899594,-6.87939523305377,-53.40995515015122,-33.89951814058957,90
2130,8.085151904150623,-3.1060606060606055,13.374183006535947,-10.036703101862678,50
2131,2.367083399692097,12.976190476190476,-7.222222222222221,-8.75197976076742,66
2132,11.074168797953966,9.068118442728263,13.873144399460188,9.617723058215535,65
2133,-17.271991609013366,-14.473684210526313,3.2624187114854797,-1.484622692620004,69
2134,6.613756613756614,-13.252508361204013,5.0,-22.18176952076546,54
2135,1.3227513227513228,-31.272782739761386,7.207537638017598,0.2652109725086982,65
2136,-3.4950539402554766,10.875440658049353,23.86426518559969,18.168335262144563,68
2137,32.66680434184021,14.385964912280702,11.10641891891892,5.586080586080586,41
2138,-0.9197825024437911,14.941239316239315,-11.462769686453896,10.617685160368085,58
2139,-43.75386243545093,-30.059794062205448,16.488095238095237,-17.582559585322958,89
2140,9.398148148148149,18.950474886132824,15.715040773180311,-7.318872631553104,59
2141,-4.116795366795366,19.22008547008547,4.166666666666668,14.62962962962963,40
2142,-32.83460952722058,13.049602269848508,-72.68761944522394,-19.95967513960481,132
2143,-3.828921380056528,3.9682539682539684,-15.725108225108224,-5.0,58
2144,9.385964912280702,-5.277920686218149,21.887888222961568,9.485381767990464,52
2145,16.19350874252835,4.928435819309538,-42.198523351747255,9.187547888692663,86
2146,28.05585549292643,4.196263015261733,26.73331716136338,3.3333333333333335,52
2147,9.89978016293806,29.362294520925484,-16.618154884979482,-1.666666666666666,57
2148,12.21758901062163,6.80641905375948,14.589947089947088,25.094161564825406,68
2149,-7.9421697757117045,4.608585858585858,-10.0,-10.772185092360528,53
2150,41.153639783775745,3.720607808340727,-5.34862556875099,7.044652877986211,61
2151,17.877281988733912,1.851851851851852,-34.09369514441978,-10.715845983263861,70
2152,10.63811348294107,-14.459908584608092,-13.892746913580245,-0.01424501424501301,71
2153,-4.439837318180885,-62.76161402953674,-15.931037951516872,12.480493335061768,94
2154,16.922799422799425,18.10185185185185,10.66436251920123,11.516550513567806,44
2155,12.595785440613028,32.49588663232173,6.355763090676884,8.736192332683562,68
2156,-34.42061844676819,-2.4901622256161886,1.2113773291395038,-23.548005409060174,104
2157,9.534313725490197,-36.91316429926014,-69.91716649942227,-31.810287922504703,88
2158,6.937984496124031,-22.820302632635162,6.837590985537071,7.090991367307158,70
2159,13.420685952806062,13.793467043568,-0.10100282635067792,4.918981481481482,53
2160,7.2925382054127885,20.82309267793139,9.445408527098547,17.77552400270453,55
2161,4.25382860866732,2.9761904761904763,10.0,-2.2807017543859645,38
2162,-14.830246913580245,1.4009661835748801,8.6186574537308,-40.8407605466429,53
2163,0.8604337225331329,32.199519390773744,6.572420634920636,2.873563218390805,65
2164,13.968253968253968,1.4009661835748801,2.240478311906884,2.9761904761904763,49
2165,-1.8059035750190162,-4.277969972414416,4.439658834477626,-48.51235277749677,96
2166,15.374261054085617,13.509160756501181,-27.13462199558517,15.654761904761905,62
2167,-24.48005698005698,-12.222222222222221,-9.284265640316494,10.0,54
2168,6.789811648221259,14.049582013005425,-3.523949169110458,33.891389129466496,68
2169,-1.8901452953177085,7.252252252252252,-13.526662216821792,9.166666666666668,54
2170,10.257464049462982,16.572420634920636,18.25281803542673,7.825400072740498,49
2171,-19.97669804355851,3.4722222222222223,11.904919878243465,1.505781799899447,51
2172,4.6422160465472935,4.302832244008715,-6.644777237449649,14.025301897642322,59
2173,-29.510509689569282,9.730789669020522,13.706896551724139,-19.762351469668545,67
2174,-7.850705594958467,7.525252525252525,4.2456520088099055,-37.02136431739559,67
2175,-54.96416484907533,0.8332745188506936,14.8830273099106,-40.54364174377697,98
2176,-61.107592128079986,-5.297657425317,6.309423256640338,-7.912316441728206,75
2177,25.833333333333336,-4.128787878787877,-30.356519512375918,-6.490839243498819,50
2178,-0.5215347923681231,0.0,2.0806100217864927,-9.769052405072047,49
2179,-16.182899389263902,-16.583844999260243,-6.513289950789949,-14.683411589873614,67
2180,13.08658909048597,4.304856597963616,7.873563218390805,-20.562648234522428,83
2181,13.069345941686368,-5.392068133296202,3.6231884057971016,-16.68607938872338,60
2182,-8.160054719562243,2.4310064935064943,16.76691729323308,13.433486508778133,44
2183,12.978603120579486,20.298663324979117,7.029734970911441,6.134392003664926,69
2184,-60.80179222017427,-6.588813034456998,6.57438354256053,-22.17579608593832,86
2185,-22.679425837320576,-3.4389647091259987,-36.77934707879139,12.34065513477278,72
2186,17.86145065678184,5.0,5.98534379426828,1.7865659777424496,44
2187,-14.835259062812552,0.05648218883513145,-9.11388832788427,-53.17314504917965,90
2188,-32.05170991507877,-10.098039215686274,1.3640577022163667,4.278273624543174,85
2189,13.333333333333334,-48.6560173874445,3.5811221895318015,-5.640380293217019,88
2190,2.032520325203252,35.01403653293984,10.0,-45.130954190461715,58
2191,8.684485958985952,-11.625595030767442,18.465608465608465,-15.0,66
2192,-6.142996788158078,-9.489064856711916,-16.231368563685635,-26.88202947463054,68
2193,3.3538322882633205,13.286371860366117,8.79062936592099,12.678253119429591,58
2194,-13.427579365079364,6.72767928271073,5.0,-8.106060606060606,55
2195,19.988929146537842,12.777777777777779,6.914443222582758,16.0626102292769,48
2196,8.968253968253968,17.576113066309148,-5.559047628567667,10.17300194931774,53
2197,-25.91292077163577,26.225490196078432,4.055829228243021,0.02685586018919528,68
2198,9.166666666666668,11.586151368760065,7.252252252252252,16.078511864515924,40
2199,-9.378527019645045,-45.294834822429614,0.151015154212085,-16.460469966908438,93
2200,10.929174788823913,-21.9102201941185,-25.108543417366946,-5.588235294117647,62
2201,-6.6462418300653585,4.881154499151104,0.7177594651111576,-46.97866344605475,64
2202,-21.095848595848594,-8.914553651395755,19.077269749520784,10.611672278338947,63
2203,-11.66930530297234,18.84676087801088,-24.565417379625032,-11.051773366351371,66
2204,11.514133092135603,-25.14053060152351,7.501501832849069,-37.235186189171,76
2205,4.0329672373016034,-0.18845228548516468,10.377090165181318,22.652631571912533,60
2206,-29.20320135078563,26.678460208338578,1.3342830009496685,12.456825387305347,62
2207,4.238099876615365,-15.24095833619643,13.23802541544477,-73.06897967032344,62
2208,6.150793650793652,-8.096459930001856,13.509882403403454,-10.237376174876175,66
2209,-3.115152573603427,-4.591969448448397,24.671599330668045,2.7296443626652724,73
2210,-25.504955030322055,-43.932308077589056,33.52743759091763,13.59848484848485,84
2211,-44.59651650097176,-36.33349274669217,6.811594202898551,-0.1435810810810807,72
2212,-19.438181497005022,-6.434593160935871,24.408996286353467,-4.161582095681084,77
2213,-21.3221274290218,11.488095238095237,-33.71811773363376,18.85163979610887,83
2214,10.149572649572649,17.30319263528327,2.5971758744283777,29.531590413943356,59
2215,8.484299516908214,1.6382171645329544,-59.44377668160923,-16.868087765920585,83
2216,-5.133142710530139,-4.275525525525527,5.291466787446854,27.878151260504204,64
2217,4.989929052429053,28.393093229411132,14.534313725490197,-8.236976356767844,69
2218,-2.5982042648709314,-15.72172619047619,1.0316728232219694,-29.647631126058258,66
2219,-19.33029602668794,10.721706944895358,-4.619625031143893,-4.476113964062368,110
2220,2.688172043010753,-0.7236842105263155,-3.518624459699974,8.205128205128204,43
2221,-7.888061693208751,-9.706330940508156,-70.53930588862951,-1.0154280494271442,95
2222,10.42717086834734,7.017906635903241,-5.0,-10.614035087719298,42
2223,-13.147393089253555,9.557772850455777,17.25308641975309,20.69198467917633,48
2224,-14.029924352504997,-9.588637541537171,29.06679345724529,15.708638263669712,67
2225,-14.035842582154357,-0.29856075587782716,17.274770898882764,-22.274099033552815,89
2226,5.807898596235994,1.8055555555555558,6.14673870487824,7.165197510025095,57
2227,-23.39401959776613,2.0758616837048205,9.270833333333334,9.166666666666668,51
2228,4.9825835151922115,4.539665082697702,13.38639719453673,-12.035822973322972,68
2229,11.944444444444445,5.795328461983177,7.095312435711597,11.38888888888889,66
2230,-32.3202614379085,-5.159960041364215,16.05526589686187,15.781063055090517,69
2231,-4.682082960384848,3.77787558685446,11.776259325278936,-50.37272990052571,75
2232,12.251876575443399,1.7739858181034642,21.33874239350913,3.775252525252526,58
2233,-15.183930401321707,27.08061002178649,23.07818878584027,9.279229351236076,57
2234,-5.085825027685493,11.94928973135265,-9.922713381182529,-25.28120882740448,66
2235,11.970402228105538,-4.648710186129616,2.0165906337936503,-30.188551898612566,101
2236,3.844114528101803,12.673928623594922,6.522717049032838,4.261363636363637,48
2237,21.833471008506876,23.831923890063425,2.851037851037851,-2.2222222222222214,44
2238,31.240449078182,5.724728487886383,25.809294871794872,17.385762385762387,50
2239,12.948343079922026,-4.3470387144678995,17.25225225225225,-67.84903610020119,76
2240,5.768436886921762,10.29233870967742,-9.434573993397521,11.874999999999998,52
2241,1.4453486725278086,24.452329208076335,-49.60118425635667,-3.333333333333333,58
2242,12.960011443354517,14.273149689816357,-24.17580452360594,0.5502408133987089,75
2243,16.806000438288407,-39.55717348981187,-9.394910261138332,-14.769119769119769,98
2244,1.6917328377305525,-9.024114240880014,6.182784650276913,3.192914590436226,61
2245,8.375613747954173,-2.750675148216132,-6.756109851347945,-4.850385313079109,61
2246,-50.87844652360782,3.0080080080080087,2.4628762710158068,-22.296215674214174,76
2247,-2.3801973220577857,6.481481481481481,-4.190705128205128,-4.94047619047619,49
2248,2.688172043010753,5.47008547008547,24.105933359429677,3.9682539682539684,42
2249,-18.686868686868685,11.85483870967742,7.605820105820106,10.0,39
2250,-56.074731779504255,7.410394265232977,0.3703745777430547,1.904315196998124,64
2251,3.6413494445306918,7.073770045468159,-1.7857142857142838,22.89876991328897,58
2252,-45.298650861310705,2.9799461971142094,-4.533517930150282,-79.90305206063229,100
2253,0.9510377912860934,-7.064618951028687,-8.733157452953627,-24.844467489967922,81
2254,-33.716931216931215,-34.05512520266619,25.90939999188081,-20.54544619060748,63
2255,-7.787430287430287,-6.606146730129831,11.6391148568392,-4.308228640419994,83
2256,19.771505376344084,-33.12103514933703,13.132567915176612,-12.532183515683702,66
2257,4.62962962962963,-23.848553407376937,13.787878787878789,-12.414442464998583,56
2258,-113.010966694321,6.513691265907222,-6.320458007764509,-7.84937284937285,87
2259,4.62962962962963,20.6355873442567,-3.3371874863650284,11.298716338417243,64
2260,7.738832375055284,-7.692005088098961,-7.0928030303030285,15.468155611676663,63
2261,-4.940018634987188,11.436781609195402,-7.393790849673202,1.078822841333356,60
2262,4.3221589711153285,4.292048455874759,9.353040487854816,9.763770180436847,56
2263,-10.967042437164066,-0.05327766274234591,11.751101788287144,-31.75031620639146,72
2264,-5.044623994999231,8.869338546757902,-1.019880174291938,-16.556266463361144,91
2265,-3.2822391865693845,0.7389937106918243,27.470174501424502,-47.04806678204848,64
2266,-8.726817647172735,9.184116839065961,0.0,-3.4772829509671612,54
2267,7.450980392156863,6.712962962962964,-3.5185185185185173,2.175557979672054,42
2268,10.990918803418804,-18.69255040654635,19.30699786276662,14.311488988908343,67
2269,-2.886421248928549,7.976190476190476,22.81342295628879,-9.591013549669377,69
2270,-11.757842529293848,8.618233618233619,6.842851691355749,5.512919045527742,61
2271,2.172369921080312,21.155211747317008,-36.60683327801484,31.92579405104773,71
2272,3.94880174291939,-47.493594325028354,-39.39130913751755,4.350104821802935,82
2273,-7.685185185185185,12.49891292939289,19.785875616368585,18.189373943050413,49
2274,-11.376811594202898,-0.04222477858000451,12.777777777777779,-5.0,48
2275,5.0,11.73611111111111,-6.8762743384642935,-20.265094502620602,49
2276,-13.101382683762544,-63.392716745719966,3.6890338614476548,-11.488468239508009,102
2277,-2.685185185185185,-12.572786690433748,0.6818181818181828,23.806736477314143,54
2278,7.728690228690228,-5.663818426732882,-106.89322780962486,-26.44216550787142,98
2279,10.091215973568914,15.475040257648953,10.381944444444446,1.4487204918471774,56
2280,13.908113190240325,-3.6425814164473587,-2.583981263215639,-4.142598044093987,80
2281,9.582111436950147,15.827188744808883,4.509379509379509,2.678070305506587,48
2282,7.362155388471178,13.235294117647058,10.0,31.056405765025616,61
2283,3.9891975308641983,5.299671579297568,13.981481481481483,13.52469822436452,50
2284,7.450980392156863,10.0,-0.08117574915651105,2.2522522522522515,44
2285,30.466502598855538,-12.826617826617827,18.720238095238095,3.3745689008846904,48
2286,11.35100682741336,3.08641975308642,-17.365083221691542,-30.15548135491653,96
2287,-1.8313516484034673,-10.070690179385831,-0.7375478927203059,1.5166473093302377,62
2288,-1.4053803339517619,-11.413308913308914,6.773049645390071,-18.955124027529898,59
2289,21.412429378531073,-19.095844095844093,-24.246951654224905,2.688172043010752,59
2290,-24.019138755980862,2.155379957069978,0.5790960451977405,7.390706803685051,61
2291,3.993704754390553,-44.35111115319131,-1.4584873121458488,-55.89589589589589,84
2292,-0.2380952380952377,-8.720095693779903,6.368945252551329,-30.0,50
2293,16.357536594728245,-15.414491596799987,-29.194868723170607,-6.142486521343145,78
2294,12.976190476190476,2.380952380952381,0.12864823348694188,25.720603040257153,54
2295,0.31418506287096903,-40.871505067750654,-7.881060177325033,-9.083646626645333,79
2296,-5.250759878419453,16.102693602693606,-5.983707632885172,11.0245141381044,59
2297,15.0,-17.6984126984127,1.19219028574296,-5.616249185049703,73
2298,0.7274226017338332,16.96636449635676,1.851851851851852,6.283068783068783,46
2299,3.3048451305030273,11.81159420289855,26.531859848385547,17.272927689594354,55
2300,-81.68384998267544,-20.93558006486385,6.3598901098901095,-29.996772129670685,145
2301,-0.09803921568627416,15.0,-12.714654297315587,5.0,38
2302,-25.22317284933468,-2.9761904761904754,5.0,29.935336255134466,70
2303,18.374766105319434,4.104104104104103,-9.319985569985569,-24.398510868636293,58
2304,-49.537294715866146,27.298959918822934,13.600592444254396,6.912542794895735,73
2305,12.285764671397308,-20.11116589482571,6.372679045092839,11.445170660856936,75
2306,-50.134703212776266,11.5359477124183,10.335179406476836,3.103934888692805,72
2307,-25.260642135642136,-34.79398653311697,3.587848932676519,-15.288095750789548,70
2308,11.538844852361748,2.604166666666667,6.887344681462327,-5.218899874072287,52
2309,14.914174972314507,-16.24272577662408,-28.975381345237754,21.643963675213673,64
2310,7.287045068969771,-15.0,7.301587301587302,9.385964912280702,45
2311,-10.029351317424961,6.694114802100284,-190.30314648672135,18.756266380891603,95
2312,-22.110835927532644,-1.310265919671743,-4.260912698412697,-13.099965828395916,79
2313,-23.50662522062116,1.4184852374839547,8.017497704882093,14.927511634438527,55
2314,-20.669779391751845,13.968253968253968,-55.58629586532737,27.25225225225225,78
2315,6.944444444444446,-13.299319727891156,-24.087025004544184,10.16164994425864,52
2316,13.300039313971205,3.223963030849652,-51.842732919047165,6.353016448125146,78
2317,8.922111480251015,-4.447167755991286,9.914529914529915,34.905753968253975,45
2318,32.78134054498532,15.0,-6.629787784679088,9.918091168091168,47
2319,-12.395833333333332,12.368979651588347,-17.673992673992675,0.0,46
2320,-12.593072534933,0.7203620654707619,-21.060924369747898,5.35479420324884,67
2321,13.784847518706918,19.78408610542061,13.192081628002864,9.734314846238606,68
2322,12.979525246744066,10.002986857825567,7.873563218390805,16.81159420289855,56
2323,2.8385426125700715,9.421361137047414,6.851851851851852,13.237129479494552,69
2324,14.690042661740776,3.807893544230971,14.241516007820355,15.408676291029233,55
2325,-0.21135163163543425,1.5983145394910103,1.4124293785310735,-13.01165244779375,67
2326,-7.685185185185185,-22.30559563892897,-4.495257452574526,15.96204390847248,50
2327,13.843309560477572,13.623188405797102,-12.311827956989248,-1.6666666666666665,47
2328,10.608974358974358,-3.1221864876797647,8.66650725330783,15.0,51
2329,2.476798881261124,-2.479895183880003,12.032520325203253,26.914753857325806,49
2330,-16.941301213452714,9.898013955984972,-23.55681103365097,-14.414887166988008,74
2331,-25.00370007694959,-14.228206434088788,-29.510695753287266,5.0,78
2332,10.98534379426828,1.4743589743589738,18.870214752567694,-28.769521835534558,54
2333,-44.32121308735369,2.6449275362318847,24.21997157071784,0.13597165284796753,67
2334,6.690322718635631,1.4243643756943132,-3.062015503875969,-14.530609954260477,87
2335,7.525252525252525,2.7157965619635327,-0.652148953270312,-45.22471391657439,66
2336,8.021798462974933,0.0,-0.4997257171170215,-34.27597679587949,66
2337,8.557625948930298,8.800011412547281,26.951461010385493,15.338672005338672,52
2338,-22.06971677559913,-33.316295721187025,-2.59737530274124,-7.071054937026935,78
2339,6.199186991869919,-0.7472006890611542,17.96638307489826,13.016710902996564,56
2340,-17.940747744202703,-13.597043469607188,-19.10181479453925,-8.842592592592592,76
2341,12.252252252252251,16.81159420289855,29.770772411615177,3.1465451892281173,49
2342,26.93415521975377,-6.390542328042326,2.4337139468718414,20.041673643281054,61
2343,6.419234360410831,7.962962962962964,8.831923890063425,10.621259070925367,46
2344,-8.129355996587634,-16.462803674929088,-66.4021747999176,-12.888646520466398,89
2345,9.423843700159493,6.380019351717465,-12.36358719733104,-7.395833333333333,56
2346,7.136752136752136,2.2522522522522523,17.604166666666668,-1.734360410830997,41
2347,-19.89710646169683,6.9098131657063036,-49.438588712412916,-48.19787928778636,95
2348,0.6905864197530889,1.1335037609400445,14.643563378173502,11.141265357367054,60
2349,10.665204678362572,0.3245436105476678,2.2207227470385367,10.820399113082042,42
2350,5.18837803320562,11.238859180035652,7.094943240454077,5.5315170940170955,42
2351,21.822612085769983,8.423202614379086,18.93293141011194,-33.072958614678285,72
2352,-33.939961188519234,12.916345061487005,-28.426278446439735,-15.716706093943944,76
2353,-13.403396763710784,-26.616282978772468,-5.948005205549474,19.091769691963805,95
2354,2.604166666666667,1.5723270440251573,6.922799422799423,-20.25359821459112,56
2355,10.364001633088796,-2.2259102915303286,15.159136118215402,16.85185185185185,59
2356,3.4175084175084187,14.015594541910332,-8.572511717673008,-15.987925821669664,55
2357,-2.549019607843137,-22.446581196581196,9.901960784313726,1.8418171866447732,47
2358,-48.65824274122653,1.8142614529062264,-14.649416729680004,26.173708920187792,71
2359,-4.272350245379055,5.654761904761906,-37.72727745975497,24.932061785046095,85
2360,-4.249756371314324,-3.443501947521881,-13.805542359107358,1.753812636165577,75
2361,-22.090920709503006,27.29478044422644,1.4880952380952381,5.978260869565219,71
2362,-23.99922570654278,-12.703533026113671,-29.884097384097384,-8.534959550485311,75
2363,4.700078546744368,-19.37340422410365,4.01325605998791,8.273007316134002,88
2364,5.722406750956029,16.893939393939394,-20.950860910899273,-11.113760819643172,61
2365,-25.271093285799164,8.516771488469603,-52.47871328543107,3.654970760233918,63
2366,-37.38314584547815,5.313687285368072,13.911775560651362,-7.394179894179894,85
2367,7.777777777777779,7.142857142857144,0.0,-2.493872549019607,34
2368,4.418449438249785,1.326642717458478,-15.614035087719298,0.4779914648325507,74
2369,-50.01470316017658,-20.429315256901464,17.976190476190474,6.243781094527363,70
2370,-22.863556461341457,-3.5396049176620066,0.6140658772237737,17.53401360544218,62
2371,4.791770202704736,9.23881673881674,-14.833449226962927,-2.7477477477477477,66
2372,-6.2681024467679425,-4.18234090868362,-3.2507751213837945,-34.670898363332576,87
2373,-50.45293940236426,7.651152849705346,-44.15642203994162,25.27133853625911,102
2374,22.582776343943706,12.540168547516986,-31.931576885810294,-42.06672986487849,73
2375,4.976232917409387,-1.898148148148148,3.9682539682539684,12.976190476190476,38
2376,10.223171889838557,8.584643848288621,17.9838485101643,-4.193121693121691,48
2377,-29.143605772462397,-3.339438339438339,3.309333646774423,-9.823094510013041,86
2378,14.985754985754985,13.086419753086421,-31.229260935143287,-1.5997412549136665,65
2379,-6.745517736667356,6.865852969796171,-16.187043874918118,8.05380852550664,93
2380,2.34050866723501,16.66996130860608,1.526278146917682,-4.505313634170259,52
2381,-4.601889338731445,-28.310301929922264,-53.43663497100259,11.55977786480931,91
2382,-0.830669224211424,23.984674329501914,11.87429854096521,-28.064440774030377,71
2383,13.100642354138671,14.97503840245776,-39.18600207874786,9.445234708392604,63
2384,-2.947049321774286,7.274483420481136,5.077369986255789,9.771505376344086,73
2385,9.62962962962963,-22.65001160942127,-6.514606326089429,30.238256781001034,64
2386,-11.6006216006216,-3.230544532627866,-60.59147317685757,0.17676767676767802,82
2387,13.417508417508419,11.19918699186992,-21.236772486772487,-2.311827956989247,46
2388,12.110639019516174,-35.64047558544414,-12.7523702626845,-8.629908103592314,69
2389,10.0,18.664235078491693,-19.75689396421104,5.0,62
2390,-13.70300224466891,-26.19783011260659,11.375023669431567,13.958465106472698,68
2391,-29.817994694884607,15.48941798941799,4.754273504273504,-56.76731821255148,71
2392,-11.920380196991424,-2.7404718693284935,-6.861415010037317,15.7252330212482,82
2393,4.126781742490017,-29.577073072766265,-6.788473769348085,-9.31033941903507,70
2394,8.202687677325361,-13.499924492924233,6.8939393939393945,4.251282991202347,64
2395,15.809294871794872,0.0,0.711246961246963,-47.091014799877044,73
2396,21.9770407690397,-5.0,2.0546737213403885,9.918981481481483,47
2397,-2.302592205291324,-12.267278690741868,-4.238248514224651,-28.317051722224136,80
2398,1.222757073579535,27.076079948420375,-2.1440073613986654,-10.555555555555554,47
2399,1.503587999568066,16.6933048932523,20.630865689005223,-0.02908363847476103,64
2400,14.335585585585585,-19.715608465608465,14.187091503267974,-9.038739038739038,50
2401,11.789815611035593,-1.2376591590352826,17.873563218390803,9.595927095927095,59
2402,9.831932773109244,-0.37037037037037024,27.20914880397639,13.19760101010101,40
2403,5.5014430014430005,-8.864229761622049,5.756053178985892,3.4829059829059834,89
2404,-9.116479925303455,6.851851851851852,-15.644562296847921,9.472795762474899,58
2405,7.5910931174089065,-13.09764452201075,0.5466459894975211,26.134438521949033,69
2406,12.777777777777779,3.4722222222222214,-5.432932932932933,-2.493872549019607,38
2407,-1.3103378061315438,18.720238095238095,-8.812669643776978,-14.058441558441558,74
2408,15.0,20.07171387073348,-0.21521934407596888,18.421337434495328,42
2409,1.9841269841269842,-37.155068937601115,10.430242272347536,-3.2336182336182335,63
2410,6.05154450834026,4.914529914529915,10.427775376498287,7.391721707505845,67
2411,-23.06201550387597,5.034013605442178,-0.8176006669322584,23.45993118371635,50
2412,-13.608503513394815,7.094943240454077,18.745791245791246,16.728287520970447,45
2413,-23.56661586855148,11.530583613916948,-3.062982768865121,15.959699781034287,77
2414,8.838383838383841,-29.483669428637988,1.3920454545454568,8.582738629352129,73
2415,-38.20834257705074,4.30484693877551,-12.083586934469466,-21.87432380968318,81
2416,1.3012899494448642,22.996848658234626,-22.947330447330447,12.242521047552495,64
2417,-60.8037670600037,-9.518281706598781,-6.946386946386945,-24.109623015873012,85
2418,-11.617656193417151,13.896546922862711,10.429292929292929,1.384157605694611,63
2419,18.333333333333332,-14.047201037025848,-12.297960597649192,20.518095648872475,71
2420,2.9629629629629632,9.643702957219856,-27.982093364096762,6.240910157166315,57
2421,16.85185185185185,-5.746981756643334,18.162264883962997,-0.8619929453262785,55
2422,-26.456117021276594,21.519990686657355,15.636781527547148,9.168910227117186,78
2423,12.136562801971488,6.723263075722093,9.442944969260758,-7.217807377059145,63
2424,11.364035181899958,12.002874017393076,3.2158317872603592,0.9535790380343627,58
2425,-27.05465262308757,6.9211960878627545,14.778167827643681,11.731269557260351,67
2426,-29.94654709428991,5.0,-24.06142677499555,-0.21513979847313136,73
2427,-11.731470814132102,5.0,13.205128205128204,13.968253968253968,37
2428,-30.411706349206344,30.26303688306294,-11.212121212121211,4.166666666666667,64
2429,-3.040872794393919,-59.00901429152203,-17.03327835987894,16.082025440010923,77
2430,9.252799310938846,-5.929419706231295,-1.662113304270167,-0.018319546341440507,66
2431,8.471275313380577,-23.31146891123599,-0.09803921568627416,-6.794871794871796,60
2432,-1.4749875019931333,8.243890148652055,30.889416866878506,8.9390756302521,56
2433,-63.055797559053715,11.052089097201883,8.623188405797102,-13.18840579710145,87
2434,-117.82663169942025,-12.054259123418301,20.699356204250815,-52.686460613095655,102
2435,6.749865807836823,9.077012459365402,3.002982410309997,5.853174603174603,47
2436,3.700980392156863,-43.496989466160265,-66.9863212459145,5.471555836139171,109
2437,-10.686007866618473,-49.675780609440395,22.347051444795806,19.716003316749585,70
2438,11.54320987654321,-1.6238275613275608,17.102700876645414,13.611111111111112,68
2439,-64.08405470961237,-54.60349920153879,6.234607892629242,-29.654769226492647,120
2440,-18.11811811811812,-4.670329670329671,3.555358004379802,-27.364845550657247,69
2441,-5.0,-19.3897736554705,20.295583825462195,-7.709355699136355,66
2442,10.82010582010582,26.159014557670773,12.256593184712717,-18.00716221447929,47
2443,-2.269849688620244,-3.0537680537680534,10.263362445302425,-13.672126077735115,83
2444,-21.364504501825653,5.0,5.841220917947261,-1.3594470046082945,55
2445,14.566936601134717,-1.931855434351263,19.054881899709482,7.663346572015305,53
2446,15.284391534391535,1.4055263684095125,-48.13434434378175,-3.401810224222734,86
2447,7.525252525252525,-12.779101641591128,13.086419753086421,4.195349076503577,42
2448,15.0,-3.869681369681369,-41.50253308519437,-9.754728132387708,53
2449,14.94506841757654,21.91542597162013,18.858425525092194,-4.2520190989845545,63
2450,7.605820105820108,8.472222222222221,-5.833333333333333,7.450980392156863,35
2451,0.08633148455709061,-5.01351465051219,-16.354396758345707,7.040229885057473,63
2452,-30.32258064516129,12.252252252252251,23.300346818569327,7.576217163256794,69
2453,-6.031746031746032,-9.076669721831014,9.22008547008547,-13.943787346042985,56
2454,-20.336680554071858,-18.239247311827956,11.14554745778392,18.641456582633054,70
2455,8.585164835164836,-28.14814814814815,14.446974242989425,21.564110739146606,52
2456,-7.126436781609195,8.787878787878789,-3.0798986261171124,-2.420340380866696,53
2457,17.873563218390803,0.8282415122287876,16.2543826181499,9.298609457278188,50
2458,3.339969918656902,19.279177096370464,-6.031746031746032,-6.361235776780454,48
2459,8.205128205128204,13.374183006535947,12.616478034098172,-6.623827561327559,46
2460,-19.756944444444443,11.533227445342291,15.507659207021078,20.295240186544536,67
2461,2.720767975074785,-2.9166666666666665,10.0,-48.70873033015736,56
2462,3.9682539682539684,-12.126436781609195,7.71604938271605,2.6689189189189193,42
2463,14.640480511623888,-2.85196038804314,-4.695426024951015,12.71043771043771,69
2464,3.1738437001594906,-34.99146260513011,-5.283996683250415,-14.745484400656814,69
2465,14.775695148035574,5.0,-5.991880291932885,5.0,47
2466,1.7193406009195484,-49.44368173556969,-22.13421090791447,-4.768126177024481,100
2467,-7.311827956989247,-4.024584929757344,-52.31442577030812,-5.537755213447374,65
2468,-15.183885190404814,-0.12180629827688705,15.389753141195104,4.120066017202728,78
2469,5.479802746943877,9.18923440134254,9.44598385331144,-1.3768115942028984,61
2470,-18.833554050945356,-16.109936763907807,9.57124842370744,7.584134615384616,72
2471,-1.143530798703213,13.345358345358346,17.136752136752136,8.799437618436336,45
2472,18.27803333617287,1.2273550724637694,-7.863247863247864,9.931990814343756,44
2473,19.58682894166765,26.237816764132553,26.281281946243585,-2.9076804076804077,45
2474,11.56225658946789,-5.976692563817981,-43.06328660592454,-24.341722341526676,88
2475,-8.160054719562243,28.528833076246872,9.136592723393298,1.5723270440251573,58
2476,-28.451901942457972,11.77304964539007,4.545973481985387,1.1781334607421565,66
2477,-23.99648304281925,12.563743461708857,5.384199134199134,-38.48942767857278,80
2478,12.811186224060808,-25.632354345678216,-8.60290093048714,-0.7618464052287579,66
2479,-47.98610234884744,-33.91213429409472,12.217497131592115,-21.527800105386312,109
2480,-7.079109520969986,-7.857040288041571,10.0,16.043882978723406,50
2481,-26.328832494246026,-0.4961656526215794,-30.596388313779617,-19.881059921710325,84
2482,4.166666666666668,10.0,3.6397215335687285,7.450980392156863,37
2483,-41.98368784526073,-14.329747096850566,-51.38604129923574,-8.52718305237685,92
2484,6.406191802768467,6.5257841573631055,-14.91403035084983,-22.41679209815897,90
2485,5.735992402659071,16.07638888888889,-8.230875042194398,33.22021116138763,52
2486,-32.32442740400452,6.415048507735968,-8.299005036531135,-4.19125736103022,103
2487,18.228479741208588,-28.160054719562243,-10.238184096649142,3.5792561641935947,73
2488,14.960317460317459,-3.469167382366807,1.5409126613608417,4.550827423167849,56
2489,-8.427396361188162,9.168848909717033,6.633986928104575,8.866645337233575,69
2490,-5.76031656302996,16.997755331088666,25.609930357270784,-45.237603932918105,77
2491,-30.563186813186814,-8.744122396358833,-26.459451401311867,-16.91358024691358,72
2492,0.01031535514294113,-7.479114452798662,11.212876271015807,-0.24162029676735486,48
2493,0.19096131672919903,6.302083333333334,-51.5710872162485,-12.441166229342882,88
2494,-73.68705601826701,-11.847998094181552,-11.499099667075049,2.887226415758402,106
2495,6.773049645390071,-16.692863767827898,3.4722222222222214,8.175801260256584,49
2496,5.0,7.040229885057473,13.101851851851851,-41.68864349695251,52
2497,21.98257080610022,-9.378902525625463,-3.3869730972036654,1.4189189189189193,78
2498,-20.902569104233493,-19.734835265681753,-22.42223091014569,-11.221820316396839,96
2499,7.500000000000002,-23.778805938244247,-25.250067967459273,19.901960784313726,71
2500,-10.605324286325569,1.8399452804377567,-4.490896002214075,-13.63921782570093,61
2501,6.691919191919194,-1.099178599178598,16.986531986531986,-10.098039215686274,44
2502,9.211029915364282,4.725378787878789,5.0,2.878151260504202,40
2503,27.19298245614035,4.385964912280702,3.5730388102304613,32.95572293958234,41
2504,6.990131578947369,-1.0317460317460316,-1.5277777777777786,25.7317479222404,44
2505,27.921259123927786,16.102693602693606,-1.5781016680784863,24.901960784313726,64
2506,17.932036004051263,-1.6666666666666665,8.811566439002721,15.870433251587752,65
2507,-7.778507904728866,0.0,10.136345136345136,7.604166666666667,67
2508,-33.379307305197685,-7.311827956989247,6.330309901738474,-1.797441242360608,98
2509,1.8022986441435211,-8.148148148148149,3.331691620698713,-25.025684711452552,79
2510,11.200852605314848,-10.635275577136042,-5.9401709401709395,-27.483074472321782,66
2511,1.6881223924567568,1.8939393939393945,12.604166666666668,6.944444444444445,54
2512,20.073703240161315,-16.502708988429102,2.756132756132757,-1.7476851851851851,51
2513,-2.4932321484045623,6.227355072463769,0.2231718898385573,13.968253968253968,44
2514,-0.9451181002905149,6.160394265232975,1.3088361146769367,16.493506493506494,43
2515,10.20422029235209,-31.386304825512475,18.134345525649874,-8.793103448275861,63
2516,-2.807017543859649,-10.644955300127712,-4.530269472129936,27.989637450421764,52
2517,6.851851851851852,-11.212121212121211,-1.079202636220181,12.357185298361768,46
2518,-69.89552543005831,-9.322487129504673,4.47843154715525,13.314571607254534,65
2519,5.704365079365079,14.385964912280702,-20.65912690034228,14.656067886924886,60
2520,-2.1418128654970756,-47.687961611739965,-18.17519783392327,-0.3518910068572243,120
2521,-14.174631694721697,-21.309359334584606,15.820857383357385,7.594369811785947,89
2522,14.901960784313726,3.2445178625144684,29.901837928153718,9.352048606616714,49
2523,21.902109328579918,12.715877337020714,17.950988313990777,5.105201474559241,61
2524,19.408463503291088,-7.8874298296674095,24.895241086518514,15.472271280979198,54
2525,-7.241032241032241,6.183389975388909,-0.09803921568627416,23.50916075650118,48
2526,-2.960388664322411,-46.735456599909526,9.369731647460522,0.40574883316818733,78
2527,0.22052339454300363,6.710991214667688,-45.696614848720415,11.577733860342558,85
2528,-3.75637870140514,-32.863416950542366,-20.428751576292562,-13.78386984379052,81
2529,5.0,1.969014511840419,5.617503411621058,-32.93861964593672,53
2530,-7.742143437860847,-6.057451369651563,7.252252252252252,24.12588865955739,59
2531,-15.425841587097388,-3.6620016505073965,7.729734451432565,25.22233066640961,76
2532,15.501443001443,-65.05501196940969,3.6231884057971016,-21.70760786179465,69
2533,24.026482776482776,16.61764705882353,12.314814814814815,8.086419753086421,39
2534,26.984126984126984,31.828316610925306,-5.664414414414415,14.943510814654191,42
2535,14.119318181818183,18.28252032520325,9.29557221319235,31.66515375449893,55
2536,1.851851851851852,15.0,-3.976162696723288,-3.761140819964348,51
2537,-6.393097643097643,-30.90873145279633,10.56459823701203,2.7864483168709597,85
2538,10.05952380952381,14.385964912280702,-19.156911511300354,16.476201143539853,57
2539,-73.36508896440537,-10.021341103552444,-52.905936092941204,2.229398851739277,109
2540,15.169172932330827,39.52191836205118,-13.386243386243386,6.700680272108844,51
2541,3.32508497237239,-28.61459559669278,10.291005291005291,-2.126436781609195,66
2542,1.6137566137566148,15.129419191919194,-4.601889338731445,-15.589774557165862,49
2543,16.736253512569302,-1.359469040651704,-1.007130922544455,7.705769398620931,72
2544,14.62962962962963,2.688172043010753,-6.854176791343889,9.874523972268335,54
2545,4.548517520215634,-7.686972022010384,7.133406751403356,-5.771898543793624,54
2546,2.192982456140351,-16.129785247432306,-9.067710901252829,-5.692347399664472,53
2547,18.6842670829233,15.942813225421919,13.10708898944193,7.314814814814817,47
2548,-6.527777777777779,6.691919191919193,7.380952380952381,-0.9592562960799498,58
2549,-0.0431034482758621,4.479430212945394,2.192982456140351,2.253086419753087,48
2550,-1.405180231282003,-4.128787878787878,-10.764099137283383,16.35964912280702,71
2551,21.681333308395367,6.337701117661508,-11.669068173428638,13.11018411895605,67
2552,-43.5366829100406,-59.81587905751764,3.754747231906074,10.18943147264565,100
2553,18.11193070121054,9.126224652540444,23.23655103066868,2.588647384662565,52
2554,-21.127136752136753,3.333333333333334,-7.050885196046487,0.016887299495996544,55
2555,-10.142309797482211,11.148440931049628,-7.747747747747748,-19.855072463768117,50
2556,-14.179600886917958,28.24096337547175,13.770739064856711,-17.50028024247441,59
2557,-1.0960960960960957,-30.623824752991716,13.118153364632235,11.72652737081031,84
2558,41.84049515373849,10.628654970760236,10.387233477272414,-1.1175710594315245,61
2559,0.07478632478632363,-35.412424512551695,9.45293505777377,34.03103384794616,74
2560,4.398859016855621,0.11634564266143221,7.665541248522004,-6.364915572232645,62
2561,14.166666666666668,2.2962944867869632,4.2394621363123655,0.9780923770454866,72
2562,-111.24751501767629,-7.8737253634431505,-5.0711412492114825,-51.085471573977316,124
2563,25.485689810133692,14.385964912280702,23.79712859314378,4.901960784313726,48
2564,-115.47638757115872,5.0,3.5251491901108274,17.155480131886666,84
2565,-54.99939964942595,8.781918564527261,3.8347763347763353,17.904040404040405,65
2566,-6.0286452216577615,17.267918584268994,-1.1035152930014358,11.602564102564102,64
2567,-24.54300958026888,-37.65727274224939,3.0366848037914718,15.724035961227612,89
2568,4.870129870129871,9.914529914529915,18.58464384828862,-14.662100843102126,47
2569,-13.744082080255776,13.023070625258857,-11.230158730158731,-23.16566586634354,77
2570,24.776545197918534,11.911217437533228,1.0019018893636202,0.6530912579299695,73
2571,14.82514507945189,-91.148631023513,-41.690576402185584,4.369488536155204,118
2572,18.39882263777853,-36.06071425988866,-28.350942788529075,-74.22315742040178,121
2573,-19.82323232323232,1.3527813527813533,-3.03247233374275,-26.991400389143205,65
2574,17.211151368760063,0.07796149308017242,-12.312008978675644,6.206896551724138,57
2575,18.668817229029973,0.5405810122791257,11.323949408404733,-18.539765693520557,82
2576,-27.957866999498926,1.4844491927825252,23.295765547981503,-21.826655413409146,73
2577,-26.994203585922847,5.764268366727384,-2.0964070382675013,1.4025112532575228,72
2578,7.628266794933463,9.901960784313726,4.385964912280702,10.416666666666668,42
2579,4.901960784313726,-1.0555131143366445,10.0,16.11640100391152,45
2580,3.5819227976090726,6.170659405953524,-50.32929532228577,35.122283020229105,95
2581,5.868649689984194,-15.169796793220314,-11.037965865552072,-42.04518064765901,70
2582,-17.197143814790877,-21.245892371862208,3.6231884057971016,27.123015873015873,56
2583,1.87429854096521,16.272815891299373,6.992193563490993,18.036132296307485,47
2584,12.746569007913827,1.8477274815121036,31.97167176768695,-17.732159139268195,74
2585,27.485381146714772,-11.204278812974465,-37.47739480117567,10.512452107279692,79
2586,-16.824268287294924,2.713079340141399,-31.830568145317443,-42.27219453044041,96
2587,31.89102803156335,12.590132827324478,-2.857142857142856,-0.9359026223857221,58
2588,6.5327006322215855,-2.6371803634596263,7.083333333333334,-24.73540630645769,63
2589,6.47345758634423,6.510397448197256,-34.93837914569622,19.5294268701751,60
2590,11.985294117647058,-2.6378446115288217,-14.141414141414142,5.0,44
2591,-3.452380952380952,0.23764853033145705,-5.9474206349206336,-1.7602874405663735,62
2592,3.365419232397306,-1.7338138614734353,-0.6845872286580317,18.47222222222222,77
2593,11.799095607235143,33.631573414182114,15.42717086834734,12.962962962962964,43
2594,15.056980056980056,5.0,0.7317503528937284,6.77910052910053,45
2595,20.0,6.3657407407407405,-11.82875667429443,-23.5270154584027,50
2596,44.04299602527102,6.2571766295170566,-16.3412901392441,-23.411566097186586,82
2597,-0.05959534265593458,15.659210696984209,12.77116402116402,10.07858404304483,65
2598,-14.985190805289875,-1.5449402491736581,-12.395833333333332,11.944444444444445,53
2599,-12.225601779173205,10.277074800732091,3.0467392279249523,9.021558872305143,67
2600,-12.969093361250222,3.6231884057971016,10.798394290811775,-3.8189348353567034,59
2601,5.0,-5.506706581267984,-28.99774774774775,-3.3368599802570316,60
2602,-18.69699725351594,-5.130397471272126,10.287176859994707,6.046002659349702,87
2603,19.485204148967345,11.402270210409746,3.1070889894419302,12.525252525252526,43
2604,13.205128205128204,11.339643061341175,-30.17577738165973,-0.8672652916073962,56
2605,-46.52654047933934,0.04195183471499142,-4.046414401272457,-26.761679584334722,96
2606,4.62962962962963,23.76938761516935,13.954451345755695,-10.440474985615255,57
2607,-4.8936170212765955,-12.023809523809524,16.22735507246377,6.957969236942894,57
2608,-38.56608487473535,-14.844054580896689,-12.687389770723101,-12.970617325478166,83
2609,-65.12160717893212,-7.9186222361284955,-13.937896297432044,-60.40239504449644,102
2610,-9.710171269678792,-16.91358024691358,-7.13577421815408,5.648148148148149,52
2611,-3.7837101076776287,-28.38340920450337,17.604166666666668,-29.52061667578909,59
2612,32.53679902789359,-0.5030291169404055,-28.802857136443805,21.36853571838092,72
2613,-9.469388466491147,4.177109440267333,-23.288415695238708,-73.61796759876785,124
2614,22.959789235897507,-33.68802237936453,-9.627858377858377,8.294330289193303,85
2615,-32.2541696804401,5.49024617423345,-12.640882509303562,5.643745880937534,76
2616,1.2500000000000018,15.755544485383195,10.454545454545455,2.820086833244728,52
2617,-18.810875227283894,-0.49194482698318964,2.0325203252032527,37.20104021118692,58
2618,14.1768525592055,0.1449275362318847,17.26676837932138,15.200164084952277,69
2619,12.024327581603126,3.101851851851852,4.747861759356015,7.032520325203253,51
2620,28.018876788677133,34.47471771363527,13.968253968253968,7.525252525252525,47
2621,-25.51992580050376,4.828042328042328,28.454592363261096,0.4407759679181711,66
2622,-21.93481563726129,-33.585157383111344,-18.031744430998163,23.433873101211812,72
2623,-51.804591274753626,10.345102083433288,-19.26472037087829,5.892494078685365,95
2624,-21.846740888308823,-1.7841682127396412,20.938070980874535,-15.673831355270645,77
2625,-33.153690610222,-26.70200620165666,-18.494751127290982,0.2928787706986835,94
2626,-9.784917441579443,-33.49655253245388,-49.20860118435996,4.143897996357014,96
2627,11.713554987212277,4.7675026123301985,31.512788705771165,16.33344555547943,55
2628,11.370091896407686,-4.850552943225356,-13.894993894993895,8.36734693877551,53
2629,-13.400463831235585,-33.87859108666834,-1.1271220259526182,12.040229885057473,82
2630,9.258339938164498,-0.4861111111111103,27.05827259896943,-10.655080213903743,53
2631,0.5618004810994073,9.718993588856604,9.038800705467374,3.772146086191565,73
2632,7.789351851851852,-1.1034849652237262,-23.208053591075526,-12.94754814538316,61
2633,7.883986928104575,-15.983151485780853,16.572327044025158,2.6561089148935393,66
2634,9.483500717360116,-6.394716394716394,8.564149638143892,-10.354321590806101,66
2635,2.6296422351580646,-20.614035087719298,16.261877987717735,26.39072293384962,55
2636,15.773775945740976,3.759985475671751,-36.51599172432506,-6.563171905033194,81
2637,-14.15864347938589,-10.778144677484875,-8.503193960511032,1.7444191847431414,85
2638,29.119802572069343,-31.803490696679553,4.683019121212884,9.191263041073753,80
2639,-51.74505177173268,2.0631982416979584,5.492098502851192,7.5910931174089065,79
2640,22.314814814814817,9.807714752567694,10.0,7.777777777777779,36
2641,12.61770656485064,-12.423562321103303,-46.33800966779166,7.252252252252252,79
2642,27.374461848345355,11.181571788826565,3.0628184076459934,-32.12601737594756,86
2643,0.0898692810457522,13.787878787878789,5.0,-0.5454461906074801,42
2644,-3.6056046265673594,2.10762617012617,-5.16666202814654,-9.004279536644932,60
2645,6.448870253901701,5.50331028862896,4.631672259108541,-13.690733869305298,56
2646,-28.15579026767765,3.0217984629749335,21.243781094527364,9.730520082021,67
2647,-23.343505432986866,-3.091510514655269,-8.154525626928907,-2.1418128654970756,74
2648,13.623188405797102,9.531018444716038,-16.436033102699767,-62.00030809673788,87
2649,-17.22407399502294,-20.89136019091527,-9.451328117322738,-20.10100399238622,90
2650,6.281085710910274,-1.4734547062133263,-48.87133371397514,8.555613066482632,100
2651,0.0,3.400711924739385,-3.655913978494624,-120.6646876636966,73
2652,-92.71408962215513,-31.114963888140032,-3.9372428733562117,9.18393755464072,94
2653,2.797817240103589,-39.355756847567946,6.709155726420473,-28.373590982286636,79
2654,10.08539210912553,-16.046720575022462,-2.236964678344456,3.684267082923298,57
2655,-1.0262345679012344,-0.09678230266465548,-81.17086119667617,9.609674329501916,81
2656,16.00459873778637,7.000322372662799,16.655950129339487,-3.9803143479614063,72
2657,12.620733478576618,15.0,0.09259259259259345,6.9997197165279825,48
2658,16.75080128205128,0.48598333824051787,15.307869474536144,-9.613962412946922,65
2659,-3.681765389082461,17.1969696969697,3.8639347820614667,-18.99585921325052,53
2660,16.504524886877828,-73.3837019281057,18.5456192687988,-33.96321322740818,92
2661,19.932050770866564,7.162179925337821,12.083333333333334,26.236926295065828,43
2662,-11.149638738651506,2.3809523809523814,-29.28326202522845,-17.585692453929067,85
2663,-10.974698102357676,-10.037918915838828,33.769841269841265,13.27291129922709,60
2664,7.068742951095892,9.39556558833945,-0.0288449707054359,-7.484074191391264,57
2665,-72.60934562504247,-20.86594559853266,-47.20179130313509,8.462639205921008,81
2666,-2.395833333333333,-7.747747747747748,29.617723058215535,-6.469013442697651,43
2667,0.13833992094861713,-11.794871794871796,-33.49189556709993,16.412429378531073,59
2668,11.074168797953964,-36.09050671550672,-37.74354662720013,16.81159420289855,71
2669,-22.70368318916413,25.473975915152387,-14.742051645647571,-13.696646341463415,70
2670,1.1507936507936511,16.77304964539007,-3.9292080468551056,-0.663580246913579,47
2671,16.097883597883598,15.759940542549238,7.777777777777779,10.22844272844273,39
2672,9.18492366719866,28.34200106944631,-15.455959915377827,-10.002362809380351,58
2673,3.2563930390017353,10.0,-7.222222222222221,7.962962962962964,39
2674,2.798950537427281,-18.323809317755714,-4.468925549035461,0.7532825693466967,90
2675,3.036289107717679,-0.9520304257146357,-27.090394957626597,10.505028624668348,79
2676,18.934015271167418,4.016647309330237,-0.37037037037037024,18.333333333333332,45
2677,-47.349650710189444,22.55400924768418,6.322751322751323,12.688259184738056,74
2678,-3.593307349464985,-61.38763899212816,20.124708666142038,-23.818174256440436,95
2679,-16.91993862650497,9.015594541910332,4.6725691018890885,-7.324454219615511,68
2680,7.882468408784199,-20.172349581097826,-16.275853775853772,-6.011120866256949,72
2681,-5.681063122923588,-3.3417587529429635,9.331480244026185,-26.663321700624355,75
2682,-16.58249158249158,4.464285714285715,9.166666666666668,-11.64310025037425,51
2683,-6.1272735505472085,-36.2687617260788,-32.02682006652009,-23.10786088008234,101
2684,10.532786885245903,-1.3768115942028984,-46.37211157006225,11.232193732193732,62
2685,-36.675096411451634,-20.509615420773912,-4.0625,-8.03743557927941,69
2686,-7.0732629710057875,-13.602587789070894,-2.2222222222222214,16.783842666195607,54
2687,22.451916866878506,-17.29450400849995,6.543209876543209,-19.077894018906747,54
2688,-1.9006193299774683,5.471781305114639,-9.715959274782804,13.772186659634063,70
2689,-11.742969294624384,1.3110272803575655,-7.62807640218559,-44.081935857681984,97
2690,9.801935394040655,-27.766203703703702,10.827931545099556,-29.41217786905118,57
2691,21.52271704903284,3.205128205128205,-28.925831202046034,10.0,39
2692,-26.88405004194478,-7.415865384615384,-55.487307936598,-43.7146066021857,80
2693,-10.753058669725334,-2.280701754385964,-7.126436781609195,2.0276792750197012,58
2694,19.363793853277468,-40.83233351394677,13.468020214163271,-1.676217314873475,87
2695,4.385964912280702,-12.826617826617827,3.177271723286905,18.872863247863247,48
2696,18.870214752567694,10.160556708377875,22.19298245614035,6.0741687979539645,38
2697,-18.250981396142684,-11.845403651404935,14.662004662004662,11.229221762066402,59
2698,16.85185185185185,13.623188405797102,-17.198885344046634,1.4184852374839543,45
2699,22.498077280685976,12.136752136752136,7.032520325203253,0.30303030303030454,43
2700,-29.07869738311044,11.572327044025158,9.476735359222499,4.901960784313726,59
2701,-13.050452489458529,-2.894928218316718,13.26519159852493,7.834757834757834,69
2702,-9.339599549340724,-9.304765291607398,-17.349682780913785,28.78845863920491,67
2703,-9.32132682132682,10.0,17.44404832640127,12.43328295643787,53
2704,-47.92016561349185,3.5834397616006832,11.317314123539774,-0.007620572379607893,102
2705,-16.472073677956033,-24.076797385620914,20.681818181818183,5.450028742711671,55
2706,-7.747747747747748,23.98978638109073,7.261278495137894,-0.45619539805586307,46
2707,-9.560067549197985,-25.977116958401787,-1.0257414369256468,6.417140756221218,71
2708,3.1131096506399176,-19.370577883386236,-8.530701754385964,20.90814107734304,61
2709,-25.168128654970758,-13.67178796650391,-7.653774702716423,15.573017085622128,71
2710,1.0984942614725064,-5.0,-0.17722473604826483,19.62962962962963,44
2711,2.2522522522522523,9.486117330944918,-6.2545167118337845,-1.2121212121212115,46
2712,19.49262651114756,-12.819834916068144,-20.188452285485162,3.441132591658657,62
2713,14.282502994747327,4.816697148325453,1.9112174375332271,10.0,53
2714,3.594619666048238,-89.18957196239283,12.178960023478112,4.981652159071514,71
2715,-1.730870932243659,-14.645793366568427,-11.37305425505765,-0.09803921568627416,78
2716,-48.76296140182656,0.8223209538999017,-39.465019300403895,-59.62350776509386,93
2717,10.225752508361204,5.0,7.873563218390805,33.1502857348722,55
2718,24.780557716129408,14.464285714285715,-20.206977447268272,-2.0238095238095237,69
2719,-4.343891402714933,4.26560867293626,9.901960784313726,9.385964912280702,37
2720,-25.235998193315265,7.976190476190476,8.787878787878789,-0.06734006734006659,48
2721,-1.6977219737797637,22.806074325598942,-22.344672305046824,1.4261947973381734,62
2722,-26.96751057398952,-2.663380199555276,-4.144880174291939,-17.05063489476782,75
2723,11.578523023156814,0.9974747474747474,2.6426951426951426,8.837145969498913,52
2724,-0.6676225342854476,-15.490221628329046,-0.7543666971647127,1.81192615935263,92
2725,4.6052644105523814,15.34188034188034,-3.4082657369013276,-18.484848484848484,60
2726,8.614303959131545,-12.582538438537924,-31.20493358633776,-16.07480064696662,76
2727,7.268518518518519,20.476914381376623,5.586080586080586,6.7640692640692635,46
2728,-21.490766178266178,7.252252252252252,-23.046750336583997,-7.045508584738968,66
2729,13.333333333333334,7.775524002704531,-8.77949377949378,6.766917293233083,38
2730,16.602564102564102,9.147334147334146,25.000581070046337,-7.809343434343433,54
2731,-6.665332799786581,6.937984496124031,-58.27054443084971,17.855266846679356,58
2732,13.82867132867133,-2.311827956989247,9.244851677487926,-2.483875393059739,64
2733,12.334885917311478,1.971868365996671,11.558224891558226,-24.6658628895471,80
2734,16.0515873015873,10.893300248138956,22.736848223791284,0.0,41
2735,22.002198222284083,9.385964912280702,-3.2874513244252555,0.98086124401914,49
2736,4.147376543209877,25.792354455035778,-16.783679283679284,21.206896551724135,57
2737,8.205128205128204,-10.891912320483748,-45.28422822626718,7.584134615384617,74
2738,-6.004678973040428,-18.71378432043345,-44.9013925707942,9.557772850455777,81
2739,1.3457854406130263,-11.092414529914528,10.0,-22.35157110151429,69
2740,15.351700567030171,-32.02514069055423,9.2478784644099,9.71710189452125,67
2741,-12.42532770550012,-4.308015320823669,-1.3705985466656163,10.279402209226772,69
2742,-43.972857795089595,12.684762387958736,12.252252252252251,-3.0259592069604904,74
2743,3.9682539682539684,-15.913078149920254,5.784313725490197,-33.904293801969196,60
2744,9.47235414683864,-1.8646954365141895,2.8077737447065916,6.16883116883117,69
2745,11.937984496124031,-15.918803418803417,-4.36026936026936,9.62962962962963,45
2746,11.638217164532954,0.8641975308641978,-5.32043930397121,2.8588187411716817,52
2747,19.216051660904604,-33.86841846553463,14.789065062721278,10.0,67
2748,-10.79546108036436,24.82906392315465,13.782846711679676,10.0,63
2749,23.605003383818246,6.04013104013104,-33.505128553732746,-3.0052047484189153,72
2750,1.242422904637408,-30.381098786271203,2.666349893529029,11.091016240133708,71
2751,-19.046420961965637,9.117063492063492,0.3981106612685559,16.914231015557,49
2752,11.448412698412696,5.874060150375939,-31.29135912163397,2.173382173382173,63
2753,8.32508265947201,18.929463606882962,-14.47781507039456,-2.7662037037037033,66
2754,-10.808929084122882,8.17334028955263,6.889058305314464,11.952652803049094,60
2755,-25.183038151788153,-16.555250739391003,-5.9773824059538345,5.127116576391941,79
2756,0.5797345928924882,19.038833592947665,17.98791626322381,14.903217697335345,52
2757,-13.838763575605682,7.976190476190476,-36.79288081043111,-32.535925403572456,88
2758,18.03410743780307,8.783085819851816,-4.209899237472765,-20.54469198528796,81
2759,8.968253968253968,2.324881925704389,8.333333333333334,-0.3949988471776784,55
2760,-41.05376138021585,-36.135800233210226,4.6035178547072695,-25.544196590706918,106
2761,11.40096618357488,13.745758745758746,10.0,22.348927875243668,38
2762,11.03900888383647,12.55289781654259,14.484072221263872,6.356452145925831,47
2763,-24.38644340380164,9.270833333333334,-1.887236206458173,-28.00208209305596,86
2764,12.529896473550973,25.72028681677805,7.873563218390805,1.7371365431527472,63
2765,13.623188405797102,21.15740740740741,-23.58398608430769,17.964466593492297,72
2766,10.0,4.027777777777779,14.517523037974327,-10.617802676626201,59
2767,-66.09285907483783,6.173708920187794,-0.30214577089576977,-33.55877616747182,109
2768,-0.9791986993241215,10.763305982344523,2.9761904761904763,11.691919191919194,53
2769,-13.38235294117647,-10.593835635788341,-16.70394108982959,29.278610038829378,59
2770,2.873563218390805,-24.44548189646229,-16.092414529914528,23.886239180356828,51
2771,2.0219348942753186,3.784013605442177,6.150793650793652,-5.358683062667879,55
2772,22.604166666666668,-0.9601449275362315,-3.1097894722789583,21.95091945091945,45
2773,26.572327044025158,-42.72919784168732,10.024404249210452,10.283816425120772,53
2774,-8.691163885323062,8.077828757959729,5.0,13.968253968253968,51
2775,5.410709362322265,-32.33260419320718,-10.574449999158375,-22.648417182315487,93
2776,-11.023035230352303,-0.052862185798165484,-7.409867172675521,5.840215215215215,49
2777,16.75269780853863,7.380952380952381,7.466491841491841,10.300236786368721,53
2778,1.683143156928323,-11.143530798703214,-38.23054089529815,1.3221366162542636,77
2779,2.7755240027045307,-26.64624183006536,11.512763496405494,9.987373737373737,61
2780,10.264898357003622,-12.808998118089583,-50.10637624880169,12.434079991645781,64
2781,-20.278118305679115,31.769386190331627,-6.225182772599702,10.0,88
2782,11.666666666666668,14.445457458640654,-25.901654388496492,12.544677544677546,75
2783,-3.4450690885827857,-18.181334740381562,-32.44216638717918,6.060606060606062,75
2784,8.836580086580089,-11.886626462461342,-31.080187708708838,-3.5632183908045976,81
2785,-15.27735042608326,12.985878232357107,-20.140793521456132,5.326341839986615,72
2786,-3.7745098039215685,-0.17319180470831919,-19.0452404738119,-14.637445887445889,70
2787,-41.58850597903602,-0.2530697813716678,2.604166666666667,-15.17794340162761,88
2788,-26.04633505391757,-12.622313388903777,-3.6934395435805096,20.4673721340388,62
2789,1.3492063492063497,-49.13942048722971,-7.975408203902827,-34.789974912523924,86
2790,12.87675819805563,23.146997929606624,9.62962962962963,-22.70700733466691,47
2791,2.2207227470385367,-3.804475072857426,4.01663695781343,5.05952380952381,57
2792,3.7878787878787885,-12.408906882591094,12.751756920113918,12.192982456140351,39
2793,-28.472222222222225,28.689839572192515,-2.419600415923945,-2.1238546818804678,62
2794,-0.4843341885675976,1.8192726714037812,13.086419753086421,2.7671029425415394,61
2795,21.77304964539007,7.192982456140351,-5.210775414760233,-11.57088122605364,47
2796,17.525252525252526,11.248321079949385,1.6212279973167263,13.391001419373124,73
2797,-3.365056971211167,18.43689057882328,10.44887320318001,0.0,61
2798,11.73300429262926,-17.83325498189957,-14.795008912655971,-44.068707944959684,94
2799,4.296619727099689,-6.031746031746032,9.62962962962963,9.001417890454714,53
2800,12.603217255395329,5.7303807303807295,11.666666666666666,-16.122295994859712,59
2801,-21.116586511323355,-5.358293075684379,-35.677275662894615,16.515151515151516,77
2802,1.1821799870045488,0.21465719604986333,18.424139089100727,-43.18796787017925,74
2803,1.2254901960784315,-100.91841762573469,-23.84259259259259,-5.273651351578566,85
2804,-7.768735729728636,3.792999864428436,-21.94695827048768,15.882182307620905,60
2805,19.166666666666668,4.938271604938272,-4.6470136144049174,5.0,45
2806,-46.45539561911417,9.052121131418046,19.030704528557322,35.54880317003096,87
2807,3.913690476190477,9.284772577455504,-20.37037037037037,6.0741687979539645,43
2808,-4.7203374541181775,-7.66395260023446,-24.07796531579902,-10.812908496732026,69
2809,12.773919753086423,3.720238095238095,19.517090194398598,-34.473684210526315,50
2810,-27.685185185185183,9.331071627086807,16.569163779933394,5.245271867612293,57
2811,-1.1467902256075058,-4.667796943338739,2.807158193043948,16.93330614332778,76
2812,-2.12219028310982,-15.0,3.7878787878787885,1.1865340966607767,66
2813,-16.98392486592826,-6.406900552863286,13.136704843981658,5.657977686050984,84
2814,5.0,-4.81162196679438,12.427213309566252,-0.5421125673063649,48
2815,7.873563218390805,9.792019574628272,22.864923747276688,-8.749999999999998,41
2816,21.633986928104576,-37.32516283639556,6.984126984126984,13.721550497866287,51
2817,-33.60079381547514,-6.97866344605475,-1.913580246913579,-15.37037037037037,57
2818,10.320754959399732,16.06366459627329,2.604166666666667,11.999734363714722,52
2819,-14.106699751861042,-15.21134691866399,16.448412698412696,21.893939393939394,44
2820,6.018518518518519,3.5199713412687714,4.191282573635516,22.69885580369451,48
2821,10.0,2.8735632183908044,-8.978494623655912,-3.4323858742463393,43
2822,15.880716519232008,6.795634920634921,7.542602325211021,1.4311360509115936,60
2823,8.37219304120267,-11.838437790910179,-0.4597680823171002,-22.09881478746686,84
2824,-20.338859989710897,-32.41932858658164,0.35786192036192066,-51.33509328500963,114
2825,5.769407178075911,-17.521845099717346,3.333333333333334,-5.73950091296409,59
2826,-10.0,-11.573039745774526,11.851851851851851,-21.380710175036416,67
2827,10.706521739130435,16.16809116809117,-9.890402772406167,11.984126984126984,44
2828,1.6439941829124953,-21.76110347985348,-9.588915838915838,-16.2889658584859,68
2829,18.134643560910842,-6.752886489728596,1.3633867572339522,-2.8787878787878776,53
2830,12.464541559369145,11.097211334402985,-59.088000475961366,0.9699892670620536,82
2831,22.603107099211478,-61.45977256276446,11.937634086290302,-4.818481569633644,88
2832,-33.81495446011574,7.136752136752136,-16.79512485858818,5.0,73
2833,11.481481481481481,-12.712964075453561,-11.376811594202898,1.4189189189189202,47
2834,-13.877923976608187,9.262574595055414,-17.74774774774775,-20.460406733226204,55
2835,4.207927489177491,-26.544750380562736,-38.27448981641682,-15.050927275753997,109
2836,-1.95062897895561,14.166666666666668,0.4527353440396924,-16.896315446304932,65
2837,-27.03794912764241,-12.348224055541127,2.4433994208584373,1.795314900153612,80
2838,11.069261755453041,-3.382352941176471,-11.80314380700075,-6.629901960784315,62
2839,6.851851851851852,-34.208649135633436,-1.4778240342112805,-14.005991991472936,78
2840,16.013071895424837,31.55767231134878,5.457380457380458,0.6073153899240857,44
2841,3.634345363331874,26.81159420289855,11.000774293457221,15.0,46
2842,-6.298715626161276,-7.717632987806781,-4.419475143159353,3.9532794249775383,69
2843,-20.38324979114453,-4.4209039548022595,-33.497899221096546,14.428360990860991,64
2844,-15.011377319309213,-2.28395061728395,-12.150789012273524,19.754289988299632,79
2845,-12.916666666666666,9.758379703232645,21.81159420289855,8.545127353266889,46
2846,-37.180437681130314,-18.137724703430614,-19.636890886890885,-11.344409720383023,98
2847,-19.53042328042328,8.588681849551415,-22.198713682016745,-15.809568781403158,72
2848,-11.982199205263882,-15.058711593799313,6.5819868451447405,5.753968253968255,82
2849,-1.7948717948717952,-15.514795851032655,1.948299851266972,3.844114528101803,50
2850,-1.9705427442961923,8.22796387207578,-16.460318150275455,18.836109753448465,81
2851,6.944444444444445,17.972077271768924,16.76691729323308,-9.334795321637428,42
2852,5.130471380471384,11.867487809155339,13.600052815739092,-8.366013071895425,67
2853,15.0,16.47424775333532,-7.831858114365854,-37.05493966507068,76
2854,11.154687353410264,-9.208998875849344,-11.465426172703909,-3.450248013168814,88
2855,8.735575207853776,28.205128205128204,-65.70811089217679,6.499021746039041,77
2856,4.901960784313726,-35.44222714954422,-2.857142857142856,8.333333333333334,43
2857,7.351190476190477,-40.42891311113817,3.4424014140995283,-22.39729695679352,85
2858,-0.36493731065471824,11.430668473351401,18.41750841750842,8.367346938775512,50
2859,0.803529032695701,23.82407226456474,10.0,6.220506220506221,43
2860,7.525252525252525,-9.702178834182229,12.010582010582011,32.52938289602112,53
2861,-21.44763042612505,10.0,5.0,2.2522522522522523,39
2862,11.839932162263132,8.086419753086421,6.841817186644773,-2.3585053158223883,43
2863,1.937984496124031,28.130985676752267,10.0,-9.6506734006734,47
2864,14.91749138017323,20.829408645748863,-0.4329329329329328,-3.3385579937304066,46
2865,-28.72427852096404,-16.279118485000836,-1.6886532823236315,-11.410619868848308,102
2866,-29.836263953911008,-136.1432009621704,6.075130169957757,9.162982611258473,100
2867,6.161236424394319,10.748299319727892,-5.793269230769231,-9.989740121255245,54
2868,4.445234708392603,-2.9193899782135073,3.9682539682539684,3.6256720430107534,42
2869,17.230019084857794,-23.325426733487323,13.17489114658926,2.380952380952381,53
2870,-33.39160142610317,5.806111961889679,0.5266219712490021,-12.478086069417337,99
2871,22.268135280646256,10.368623340321456,-51.566553343602735,-4.617836087957718,72
2872,4.483500717360116,-15.0,-21.130739886989645,-8.303303303303302,63
2873,-41.66863059326294,-44.85166565531883,-19.454471433655314,-27.189158928154946,130
2874,2.688172043010753,-1.7794396961063637,1.2388591800356519,-22.55255347039686,59
2875,-6.400726377566316,-30.111884229531288,-69.38010622179429,3.6538676503465233,85
2876,8.893662728249195,-46.61439323204029,25.29638025460876,-0.3390745057411726,59
2877,37.005301672640385,-20.833333333333332,12.252252252252251,15.0,40
2878,-8.466546233747946,-1.5125439174352202,3.0032467532467533,-9.542619542619544,57
2879,14.66374269005848,23.83508013247938,0.9235517568850908,-27.14199073435161,73
2880,14.817281807828028,16.779081133919846,13.374183006535947,5.586080586080586,53
2881,-33.26916355222414,6.525223885904094,18.06544372858927,4.521554834054834,72
2882,-1.4633655394524965,8.034315348118726,-49.28137651821862,17.45554138547922,68
2883,0.0,3.322192513368984,18.182261208577,17.976190476190474,40
2884,-19.471388620081676,-21.45252837977296,-20.398549713709286,-4.952289974353301,78
2885,-7.527615334632878,-11.72624237140366,2.942125282873514,4.238807512464802,50
2886,0.9782608695652186,10.864444215266678,20.149572649572647,27.529892822231535,48
2887,-37.03179989944695,-52.565613019703406,25.4825978333441,-1.3588588588588584,67
2888,5.164453495114669,20.841428860554544,4.546456629789965,23.584312306549485,66
2889,25.0,22.72405223554649,9.62962962962963,7.557870370370372,37
2890,27.126231938204427,24.662004662004662,8.623188405797102,10.0,53
2891,5.9240166013250075,-19.444444444444443,8.810248066402565,-4.601889338731445,49
2892,1.3532191502849111,8.909801782142207,18.292414253976997,-12.298394453566868,68
2893,16.69638587142174,-16.947258191775735,-15.528763629253822,-7.274521391940208,95
2894,-0.1386604612411071,10.477729885057471,11.881881881881881,-12.977386296873101,81
2895,7.441258462763839,2.321428571428573,9.335551522484371,-13.145012881854987,57
2896,-25.002963487539468,1.662149954832882,2.492526952555003,26.889136663788815,66
2897,-3.6507936507936507,10.318410907452446,-8.278018278018276,-1.5172040867074799,64
2898,-2.172321764736979,20.793303884610342,16.985294117647058,-11.86643313604716,71
2899,-19.269949066213922,-66.1567250699245,-15.621780561219344,18.31910858226648,74
2900,5.1063829787234045,4.355044699872286,-7.982093364096759,11.008898508898511,47
2901,-22.89316877143674,3.29583037581102,-26.070919384521282,-34.54599217043574,94
2902,8.333333333333334,-25.267448600781936,8.870214752567694,3.010866409522625,48
2903,-12.177243704499343,-9.731877599524658,4.265701765701766,12.092044134727063,54
2904,-8.651757067022206,-18.86881395329936,15.21963865955739,-16.281655780238346,89
2905,7.688172043010752,2.9761904761904763,3.161227020187376,19.326428076428076,56
2906,6.035780510418192,6.313131313131315,7.317801672640383,-1.778451433623847,54
2907,7.873563218390805,7.472384665367122,9.901960784313726,10.0,33
2908,5.032601536314927,4.232376589602339,-84.70256020820244,-2.970961828635193,104
2909,7.115217959256499,3.198258039006271,31.533245326732974,8.367003367003367,62
2910,-2.754451614024325,24.124953652206155,-1.2992084543808669,18.6231884057971,58
2911,-16.91358024691358,13.299062049062048,9.289182609616045,18.4943040136649,66
2912,-0.9139523309609903,-13.457794986118513,4.68894804298531,-17.571921208736825,99
2913,-13.114046955702475,-8.709935897435896,5.0,14.641909814323606,61
2914,7.167044106906561,-25.540266365230497,-29.930555555555554,20.59947299077734,64
2915,8.036881419234362,-26.921205918198506,12.890088213170415,-17.52528818235952,88
2916,-2.367724867724867,10.0,-38.886675735690524,24.13068527619611,68
2917,7.775524002704531,26.136809886809885,-4.129947810949094,-37.48594559691576,74
2918,-3.3617828354670465,6.851851851851851,-0.8123249299719881,-21.91358024691358,48
2919,-8.299324839283226,13.981481481481481,-23.683079755972596,15.026742998441112,62
2920,6.722408532269732,0.09775069137872094,7.450980392156863,-25.6179671774747,66
2921,-2.255806432161905,-55.38982259570495,2.3261690998777067,4.808796471517466,104
2922,19.166666666666668,3.4722222222222223,11.993006993006993,26.746189687366158,39
2923,1.6380718954248366,22.202201632026195,-1.0500843178157453,6.653945536376363,65
2924,-5.502357530659417,18.606910316931952,5.356523234770643,-7.684792843691148,65
2925,6.7782309855949014,-27.035257012871934,22.407128476066294,12.962962962962965,92
2926,27.968684321143336,9.484929887897007,4.65705561978854,-9.511066232464536,61
2927,2.46537572686998,-5.004091798369291,-12.09490162097751,-0.6140350877192979,73
2928,-34.21296296296296,5.610356915388362,11.476050830889541,-21.893796992481203,58
2929,-5.2482974541798075,-0.8538083538083543,-20.082890517000088,6.867068464812828,57
2930,-28.996979939008924,-23.483157789642895,8.333333333333334,24.54022988505747,62
2931,2.718469041998455,10.0,10.450680272108844,13.387576804915518,52
2932,-19.675925925925927,-12.571562854070594,10.906238464378,21.700680272108844,49
2933,11.638217164532954,14.472942100378383,16.39031956868769,7.4491869918699205,43
2934,25.012424070239412,2.466761633428302,-12.299991877842752,-3.9830793405857023,75
2935,-56.64129022941041,-7.7810077519379846,-19.08125793689587,-22.936507936507933,95
2936,3.119049484595703,-11.184437543133194,-3.1060606060606055,-8.247944185444183,58
2937,19.770114942528735,-0.44595254542647966,11.318250562597044,-1.1753271128271123,58
2938,-92.30355360630003,-16.990846681922196,3.5202640297112797,-0.08294263232118482,105
2939,-20.293051283482285,0.966812600524138,-36.560448514545676,0.7549933824296646,89
2940,22.136752136752136,13.333333333333334,-13.290391841116477,2.450980392156863,39
2941,-0.49734018841570293,2.5877293924181397,14.542885597872809,4.13476501711796,72
2942,-2.0867404200737534,-27.105484456735304,-9.042597187758478,-17.348484848484848,68
2943,-28.886491858326234,16.80775008991999,-5.338411886966654,10.63973063973064,84
2944,26.58649494053221,-3.666921333852834,-20.416263713915445,4.610177404295051,66
2945,-57.18250354495698,17.660651723151727,10.371650940211651,-22.755893878457595,80
2946,1.0873440285204996,26.01851851851852,-9.267676767676766,12.032520325203253,46
2947,-42.32007226193273,20.0,-16.8011756230147,-2.8513952919299044,69
2948,-9.116335921771642,-46.95734670739429,25.85355233663163,-13.452118704778279,86
2949,7.590132827324479,-10.614035087719298,-12.415223665223666,13.205128205128204,43
2950,-11.56322784479887,26.49910592941737,-47.46555996555997,-16.766756218193485,77
2951,32.272761462211555,-13.17718515231747,-92.09414420355003,9.68975468975469,82
2952,11.40435340802988,-1.0801349933344184,15.298267888847597,5.125815470643057,55
2953,7.032520325203253,21.288678196005783,1.105006105006105,-12.549019607843137,44
2954,3.524439741545006,-34.68984109253976,-44.39170718789648,-10.286234504360923,94
2955,-4.407787552948843,12.428461069765419,-14.050907993714809,-34.83255903987612,74
2956,-64.28176111394899,-5.973129992737835,-51.934829229762315,-32.13105143744188,127
2957,0.0,-0.8958001063264218,23.24372759856631,5.291005291005291,40
2958,12.93332271593141,10.781744508925037,-24.87363236119131,24.99565793683441,66
2959,-9.529340298955491,13.642977392977393,-15.726967586529913,-6.606242429850485,72
2960,-20.009362778862954,-19.166649960069222,-29.281935115727364,-32.39397506000921,100
2961,4.091459040902922,-9.763484714610904,-26.2996322673742,16.66214995483288,66
2962,6.550554422894848,5.772005772005773,-9.83978245862796,5.697358197358198,53
2963,-4.983579638752051,-6.354395972323509,-8.436469110811215,-2.001090445428865,68
2964,-16.38085876956309,11.99013157894737,16.504524886877828,-7.5132275132275135,61
2965,20.404600700655664,2.5258192244885986,-55.460401667298214,-66.86754259605333,101
2966,6.602564102564102,3.6231884057971016,1.2500000000000004,-57.50566968437226,54
2967,0.0,4.597727980080922,-2.8266178266178272,10.0,38
2968,9.901960784313726,13.623188405797102,5.0,9.385964912280702,32
2969,-7.217325678290488,18.777858320541245,-13.369019614326247,-42.1537262622534,77
2970,-77.19485882658405,-64.58152549833363,-25.053541605265742,-1.9258130081300804,98
2971,-1.8339259457680503,3.1502533861528095,-23.944172238614726,5.190802531550762,63
2972,-10.466015466015467,-12.991568745082965,-19.455830317966466,5.9397163120567384,84
2973,4.484878547378547,11.790320178478073,11.79865998264726,9.444444444444445,51
2974,13.205128205128204,14.687500000000002,4.269343940486574,0.0,47
2975,-49.02487383367631,-40.89126559714795,-22.972925457102672,-42.62204325044435,100
2976,-15.831999466453246,25.3485069917295,-6.590437555664574,-18.142529858331745,69
2977,11.87429854096521,13.101851851851851,2.032520325203252,-20.274202774202774,47
2978,-21.78847296494355,25.06893525451107,10.520124716553289,-23.197111556539845,77
2979,4.62962962962963,11.074168797953964,13.968253968253968,15.66436251920123,37
2980,-10.833333333333332,14.810298102981031,2.1367521367521367,-4.586056644880175,42
2981,10.0,8.623188405797102,5.0,8.205128205128204,30
2982,2.253086419753087,-10.969954104617074,-7.549019607843137,9.857690202517789,50
2983,1.6750104297037964,10.972666870655736,10.074786324786324,-4.27413671599718,54
2984,4.725415070242658,-4.536866313765142,-1.0114759785812417,-47.44992468435381,76
2985,11.282051282051283,-30.371940122799984,-14.21962857619938,-26.864134889433167,77
2986,-15.191121925306163,25.017753779920074,34.266214724580934,-26.450071297473936,74
2987,-112.89427217555519,6.306951340877394,0.07054673721340521,11.73611111111111,90
2988,-31.415223886136317,-49.12230010284277,-39.11959809127639,8.595355063522357,102
2989,10.0,-32.08019266721442,15.0,-22.05412702265209,71
2990,-51.27397882593324,-46.34418474379035,-37.06577036848377,-6.70201622121451,110
2991,-5.411706349206348,-37.74774774774775,9.014939309056956,1.8321399150627422,54
2992,8.243145743145744,-2.8632478632478637,-7.126436781609195,17.04685746352413,46
2993,-14.771557271557274,-3.3773633773633764,-17.326482479784364,7.5418856313425895,65
2994,19.71041505369937,6.763717805151176,3.3664021164021167,-43.91968171487633,98
2995,-53.09390467656597,13.003246753246753,-4.073868018880809,-1.2290122098048717,70
2996,24.119318181818183,-23.432539682539684,-7.595242301124655,-9.462599854756718,55
2997,-5.810886644219975,14.747420898183835,6.656500771840115,-21.396570733592487,75
2998,-23.80219524720804,-27.52429852431787,-1.700310559006212,-12.12471941638608,71
2999,-9.522270114942529,-26.390635918937804,8.659953111679455,-32.730680070081526,66
3000,3.851199969621023,-16.28059971682192,8.277574532267899,8.623188405797102,58
3001,-5.129870129870129,3.502664206998574,22.50596579594704,5.607315389924086,60
3002,-50.72636110521773,3.650793650793651,8.971347943669974,-26.073164576685706,79
3003,21.605331581594776,12.873563218390805,8.086419753086421,15.784313725490197,43
3004,-12.190303657694962,-7.395833333333333,12.777777777777779,-16.028451389806616,53
3005,11.822775577847208,-33.31501954611453,1.3661202185792352,8.252818035426731,75
3006,8.333333333333334,-53.35443899782135,16.412429378531073,-7.5889328063241095,59
3007,8.934218848829854,-25.435120435120435,-5.2306445319149475,-45.992803658197985,71
3008,-20.0,6.851851851851852,-34.1468253968254,16.27826227390181,49
3009,15.858016965651508,6.925156505024786,-40.070260705908495,20.125661375661377,72
3010,17.669247632071826,-13.719467176683292,33.288998617571536,15.51994301994302,54
3011,-9.051490450169634,-11.19035608381446,-10.161932397140232,-62.589972541868406,94
3012,13.794642857142858,11.664456034857846,-4.758489472171514,-25.18970189701897,70
3013,2.3415814429074273,-8.358665739369737,23.6046511627907,12.314814814814815,50
3014,-8.518518518518517,-30.624682039308237,-8.851559068950372,-8.655913978494624,65
3015,-13.981481481481481,-33.92323084793922,3.2051282051282044,-23.083699623223126,70
3016,-14.378258291457716,-11.62097953216374,14.452788207481575,-10.655080213903743,66
3017,5.744723566020998,-12.36111111111111,14.080217497556209,10.218394861868427,59
3018,-25.877415878774165,11.753812636165577,-18.089482573621098,-6.8848602588439975,73
3019,11.419234360410831,-24.19980180849746,10.51994301994302,-9.117283463531392,49
3020,17.817591234929946,15.821439686985904,-23.334075443481268,-3.4138441921460787,59
3021,12.853571108665573,15.741654893757223,16.871587668660453,-1.992510544951049,79
3022,18.134920634920636,5.398815743643329,7.590132827324479,33.73144399460189,38
3023,1.4124293785310735,8.217711845162828,13.951605546433132,-6.780779104298746,62
3024,-24.46414246309792,23.55619283250862,-22.352420873616786,-44.565239093540974,78
3025,-7.897985705003248,-17.230535613484996,1.6564260112647204,-12.944256147128396,77
3026,-91.9949682996773,4.460975532404106,17.71020624008461,1.1111111111111112,83
3027,3.4900690163848065,4.2222074014791104,-0.8990817091454266,-22.863247863247864,50
3028,-1.8067721348885541,2.9935558658962904,-8.233411784136422,24.811547714514834,70
3029,10.0,12.301587301587302,8.086419753086421,14.385964912280702,33
3030,-6.842872187365405,-0.1558305940145881,18.41184148713311,10.8641975308642,57
3031,4.030691530691531,5.8207306997564,13.509160756501181,-3.5648148148148144,53
3032,29.83911513323278,27.679738562091504,-19.344521414041456,6.388279727095519,51
3033,19.388852315119596,-3.386243386243386,-9.926739926739927,-11.031746031746032,49
3034,15.939716312056738,-7.267532209392675,-5.252275289451098,14.901960784313726,53
3035,-27.412994702305433,1.116220112698986,5.694467242288411,17.018723406197307,87
3036,8.022649724728392,5.4826654826654835,-0.9773707006853769,3.654970760233919,69
3037,-2.959910459910459,7.427213309566251,-23.943674128811825,-25.036694063638045,100
3038,11.851851851851851,12.136752136752136,-34.91884684912144,-38.589392452732696,67
3039,3.8843721770551056,-23.65995115995116,-7.425493917688087,-3.4592523878238173,55
3040,10.727541598684978,2.407202011239279,-9.661327994661328,10.690518631695102,50
3041,-7.838234170508358,-2.72124287056704,-18.182367149758452,17.532369581823332,86
3042,18.122629325834613,1.3679467529623233,-1.818718228031953,1.944444444444446,67
3043,-19.950562381563667,-6.790123456790122,10.905799037129647,-21.97589189901173,69
3044,17.00959003942769,-23.11811811811812,-0.5757168458781354,-0.8708551935467881,58
3045,-58.99974955365575,11.481481481481481,16.48148148148148,-3.226950354609929,60
3046,-77.23965012014853,28.55485232067511,-3.7825945701613124,-9.538586447279988,79
3047,25.031653513111316,-26.951348885497257,-6.489832981325195,1.2799043062200963,86
3048,7.427213309566251,-15.997528682824914,5.8006535947712425,1.8191839025172376,65
3049,1.6380718954248366,3.2406309406414535,-64.89112662258479,11.633986928104575,72
3050,30.439308070887016,-3.532382650029707,-27.95073811813775,17.525252525252526,76
3051,-4.9252136752136755,-16.05615246472602,-9.166666666666666,-3.2432669391167748,66
3052,13.854816354816354,-1.09890541491814,1.1335262945303528,4.45455380939252,52
3053,1.3578864107029234,-32.640635918937804,0.6415447796652238,-7.137384579245044,65
3054,6.572327044025157,6.985294117647058,-33.0467944753659,-29.696969696969695,59
3055,8.475033738191634,9.439043627048202,3.857122559168597,-3.5837079451924545,73
3056,16.303418803418804,12.525252525252526,-5.0,-4.285714285714285,39
3057,5.0552695989519965,-41.45232815964523,8.333333333333334,4.890157734985323,66
3058,-9.848967710602928,4.856304155995808,2.8939108600125554,11.071662633595482,61
3059,5.0716011042097975,2.8347578347578346,-10.023767082590613,3.9682539682539684,41
3060,5.958830351406624,-19.294947352191492,-40.960356292552106,-83.1344036215902,121
3061,0.0,-14.218317299794158,-31.68129906559079,-47.05681048287755,73
3062,10.143112701252235,-3.145161290322579,23.25281803542673,-7.807017543859649,43
3063,1.930642456958246,-9.530081978564372,-51.167821091094744,5.041113219481343,69
3064,-2.2468638216839176,-12.388161999195717,1.7096081588835217,25.733229004762737,77
3065,27.50903780315545,11.25,-8.185443127303593,13.787878787878789,52
3066,11.893939393939394,12.727854582693293,15.924162806528296,16.148440931049628,57
3067,-9.52976240924372,1.6734270223649124,-68.70255138449654,0.5171277997364958,73
3068,-4.09493022654369,-58.92333747031676,-35.406746031746025,-17.62474738889833,116
3069,-9.33394966346418,2.6251848080559546,-37.89669972277441,2.0763244170726476,86
3070,-10.548664821382344,-5.238322254912644,-48.41000730926104,-60.05997723556372,104
3071,-36.7324345197016,21.460720890545453,3.685897435897436,-47.34291031747745,91
3072,-1.6944166944166938,13.472222222222221,1.934481109516978,-28.27801827801828,52
3073,4.8373440285205,0.0,1.8727135500854226,-40.54335331941111,58
3074,10.0,7.976190476190476,5.0,-16.82615629984051,38
3075,-17.22222222222222,11.766917293233083,31.471258855053758,-26.229970747908666,78
3076,1.5762049178250042,-28.326366769901426,-1.7467149728891607,-3.4598960190284105,109
3077,-92.86269208637556,33.10679236486622,-16.21212121212121,12.71604938271605,77
3078,8.472222222222221,-15.112794555519013,3.8570032118419224,19.305108847791775,55
3079,8.330673298811465,-2.139265202311628,-98.6918616809921,22.42563473321612,92
3080,-1.666678903034128,-42.568970804190236,10.714285714285715,7.393611531058937,77
3081,-2.459451484898848,-6.212121212121211,3.947725003565826,-8.40725178960473,64
3082,-1.197089947089947,-41.29956821390358,-15.741108686994613,17.47623291740939,73
3083,-2.5019268966101293,-10.892051131989213,28.89083340535246,-26.006389443889443,84
3084,0.6785202388248308,-11.395174455978669,-4.745484400656814,1.1517783291976837,69
3085,6.719221941368568,14.187388652712238,-9.534768990371562,-7.619047619047619,88
3086,8.663446054750402,9.940424295263005,7.873717026684147,8.502567693744165,48
3087,-7.311827956989248,12.534862798020692,-13.235930735930735,0.0,42
3088,12.664404960420141,-17.49592999593,3.455059750826342,11.81159420289855,48
3089,3.9982839982839993,14.107714676029396,-1.85414906703422,-3.400621118012422,61
3090,15.0,9.62962962962963,11.828316610925306,33.75434730036248,42
3091,-1.5689809659388327,-16.374327956989244,-12.863247863247864,-0.9361535448491978,55
3092,9.901960784313726,-29.17621648563224,13.787878787878789,2.525252525252526,70
3093,-8.397435897435898,-25.188162488151974,1.1733753890657415,9.918894458368143,73
3094,23.17400861246273,-20.897778937892134,-39.26767676767677,-41.12243569195573,97
3095,-8.860038085104826,-1.1944300294066768,10.82010582010582,23.719757015762966,61
3096,6.3657407407407405,18.496503496503497,14.60404964981624,-2.4169826771742713,52
3097,19.782862065470763,0.0,7.976190476190476,0.2794098107288774,54
3098,6.388888888888889,33.226352919335376,0.5950669422920836,-56.549637511677496,84
3099,16.666666666666668,5.398110661268555,-10.842803030303031,13.290486316802106,50
3100,2.1444052196968446,26.81159420289855,8.060329394915861,0.0,51
3101,-6.7924511053166015,-25.988059564278633,-10.686220527551797,11.565656565656568,89
3102,2.192982456140351,5.537400145243284,7.873563218390805,-1.142952416689221,46
3103,-1.913580246913579,-14.385670472424202,-14.824016563146998,-72.41597983629978,70
3104,8.102321388325446,12.233796296296298,6.1416239052686805,5.5587361731602885,57
3105,-8.106060606060606,-63.027994978099876,3.590692378269125,9.901960784313726,94
3106,7.412054034394462,22.12916821680836,8.446115288220552,-24.56029921547163,58
3107,-18.364026943297805,-30.633047828640386,-15.895614774176655,-32.0687438046515,104
3108,17.688172043010752,5.260216510216511,4.857690202517789,12.331932773109244,43
3109,4.385964912280702,-6.913580246913579,5.6652046783625725,7.525252525252525,40
3110,-49.91477217667694,0.16666162701995946,19.000781353796228,-16.884708118885335,87
3111,15.360205831903947,3.2051282051282044,14.221813725490199,-22.58558979147214,53
3112,4.554334554334554,-0.9081383249734483,16.578947368421055,-5.674877877057825,62
3113,10.513714697870492,11.910667044595616,-7.184265010351966,10.830683624801273,54
3114,3.6528774872018914,17.31644036654744,11.172517524976543,5.601737821565409,67
3115,3.3282130056323607,-5.468466718466718,-17.32083004243799,2.6787269449403244,69
3116,6.367665368068886,-20.95096106537754,9.361363781525373,-17.69517487129532,85
3117,0.7112104100899628,-12.550057059860979,12.136752136752136,1.2932453068900789,57
3118,3.264203117144294,8.243890148652055,-81.6764694569755,-18.48184723257421,91
3119,-21.808579140057034,23.516994345883255,-21.785639322633603,-22.755059597939486,99
3120,-6.452328159645232,0.9167220371702198,-12.918538313292295,12.97256446185695,90
3121,-29.92390861927331,-1.2115413607950902,17.06979956059608,-65.9541220554028,85
3122,19.501405557725207,4.631587611849063,-29.55389144905274,0.0,68
3123,-2.7503824146127975,14.869281045751633,-18.6596833965255,3.7105039347508377,73
3124,2.794492894355649,15.070546737213405,-66.89993532979615,6.79590017825312,95
3125,12.500000000000002,15.894292819795282,7.794484129070597,-10.0,53
3126,7.397179788484137,4.513888888888889,24.12468250703545,10.55373761555362,55
3127,10.0,-53.939988011868486,29.577525224661933,10.887565016756009,57
3128,4.166666666666667,33.190097330717684,10.0,3.812716657544245,46
3129,12.380952380952381,5.0,10.0,2.932722813877313,36
3130,-26.86691892893426,-13.198164166239465,-6.919802867383512,-23.36094866796621,70
3131,23.831923890063425,4.915815178973073,7.976190476190476,-0.9144577930333071,44
3132,23.744775339602924,9.901960784313726,0.7142857142857153,-5.614035087719298,40
3133,10.0,13.503641061780598,-37.09868098579434,9.481571589414727,77
3134,3.2642812303829256,5.580023649938547,7.7437998517836215,9.398148148148149,62
3135,6.085157126823795,-30.81691522411908,7.875484496124031,6.310997717806572,82
3136,-33.47734809584938,19.75308641975309,-2.685185185185185,-3.338557993730407,50
3137,-26.168076109936575,8.800523424886753,9.412410287184017,13.533641499743197,70
3138,-0.14808526693076685,8.333333333333334,13.086419753086421,6.8570628544032814,52
3139,14.62962962962963,-0.4656862745098036,-31.52777777777778,30.72586328400282,43
3140,6.944444444444445,0.982905982905983,-5.664414414414415,13.623188405797102,41
3141,5.0722657894338035,19.94508079911807,14.869349556733944,2.107737582543786,54
3142,-5.875011604598972,-14.523579926404034,-1.8173091233000234,-21.13295154610665,98
3143,18.621794871794872,8.63157341418211,26.81159420289855,-2.8600243925321314,46
3144,-33.06986982737797,-14.215686274509803,-22.1087360150605,0.33615136876006524,90
3145,-3.299319727891156,11.470984105143035,2.1367521367521367,-6.221447928765,49
3146,-5.098039215686274,27.961215932914047,11.73611111111111,-46.219519482576416,60
3147,-32.11989010995697,-17.82668614341984,-28.199465645093433,-11.63058066721681,109
3148,19.820546966644972,-3.349152524877162,-2.1893134493940916,-18.045112781954884,78
3149,-33.158508158508155,4.759068405549026,-14.878498344745537,-44.69864964037325,102
3150,0.6816059757236232,3.8522101220104696,11.984126984126984,1.7297873485507136,66
3151,1.8385654099939828,-24.241054513592875,6.7944250871080145,1.8939393939393945,57
3152,-24.45416616525242,-58.192950561930544,-38.85551415865241,-10.2906301319614,117
3153,13.987100196361647,-70.64552592013769,12.032520325203253,15.372955056863104,97
3154,17.679738562091504,-8.064456501956503,11.641764668080459,-9.953112858121031,71
3155,8.83539150918503,4.675742587211527,-12.209821428571429,-2.4423315250922144,75
3156,2.749467104305811,12.032520325203253,1.0822510822510822,-71.37034698849641,78
3157,10.28038776582343,-27.886636636636638,-2.1418128654970756,-60.28295778295779,67
3158,-38.30580160914269,-13.189111184478254,1.7662223219069073,4.382887227714814,86
3159,6.8939393939393945,2.450980392156863,14.119318181818183,-26.47329917397455,57
3160,13.063415707728103,0.0,12.314814814814815,-1.6775967182471219,47
3161,-12.5,4.298302170642597,-3.118118118118118,2.1234629742854363,50
3162,-5.08190883190883,-21.921966921966924,0.5709261105572174,13.058712121212123,61
3163,3.333333333333334,12.192982456140351,13.571971424228607,-25.308029794846608,51
3164,-7.991645492484323,12.050962657448961,-66.34434062717261,4.5821114369501466,70
3165,0.11158462740038866,0.0,12.032520325203253,-39.08333882122195,61
3166,11.54233870967742,-2.4309768565329732,4.053544494720965,-2.2632813809284396,52
3167,-16.696612774198982,22.54995608256478,-22.28164497264667,8.888552082196991,93
3168,-25.108282566973067,-2.545344378886306,13.968253968253968,7.693572947879758,71
3169,-1.551265885140869,-7.0738295318127244,-57.32045913218387,9.70618096166342,72
3170,-25.915267915951908,-4.017094017094017,-3.148148148148148,10.0,48
3171,4.9404242952630035,-19.15744749078082,-8.058245304707526,13.333333333333334,59
3172,12.301587301587302,-6.941743805085805,-10.105573656016078,-5.795401493930905,88
3173,-12.401641686809,0.5611729019211324,10.0,11.051587301587302,52
3174,8.573533745947538,-11.506592736639256,1.2554687638379671,5.749219915886584,72
3175,16.076514726924117,-50.36996304587586,8.906250000000002,-20.74899319997359,88
3176,-5.098039215686274,-5.037472221537378,-59.07333897729784,-39.45091155457009,90
3177,11.77304964539007,12.000453927498615,2.173382173382173,9.62962962962963,64
3178,-20.743512137905938,-2.2988866722882064,9.385964912280702,-23.500764738598445,73
3179,8.305583305583307,10.29150675078362,25.706844615513347,-7.008377425044092,64
3180,-19.50145088205081,-0.21289997480473621,15.096798291583104,16.99316552577422,82
3181,-5.548433048433049,5.731714597260815,15.669096734525587,10.0,58
3182,-4.2254536615875375,12.927580893682588,20.0,-22.60871828306039,59
3183,21.797032105956593,15.34188034188034,21.93798449612403,15.692454215649924,43
3184,15.865138697619516,1.4115761570090475,12.314814814814815,5.0,52
3185,-26.70634845750053,-26.976007012394,4.690042661740776,4.385964912280702,76
3186,37.692101094204226,-8.913354815610454,20.577579554074692,10.0,52
3187,0.0,0.8161708619374526,6.25,-5.013227513227513,45
3188,15.467372134038802,0.0,4.181678536517246,8.23529411764706,37
3189,12.782259612857995,-8.85877488598318,-43.807279972693514,-1.4555844088494982,109
3190,14.176086259419595,4.166666666666668,-8.304126623646663,-43.925831202046034,59
3191,21.33631574364333,-16.00734178253558,3.578511496131634,25.422085500867013,49
3192,11.851851851851851,3.7878787878787885,-29.59252971137521,29.901960784313726,45
3193,-10.060468385432515,-15.154090448982723,13.281606386445098,4.5075501464953796,61
3194,17.405045351473923,-16.79250698666616,0.9232026143790852,26.58255324921992,49
3195,-22.701968210652705,-9.04130759203223,-10.922837459357867,-6.008876234848774,95
3196,3.0235159141100905,5.34037558685446,16.239389351005187,-9.403802602873945,76
3197,-1.5502629198470714,-39.99661516544309,19.901960784313726,14.445234708392602,69
3198,15.225957827129832,30.2065725280011,7.798206265698527,6.773049645390071,55
3199,-3.5599389602443425,12.399776497520861,-2.104921633223519,-3.538011695906433,66
3200,12.873563218390805,3.6231884057971016,-11.031746031746032,12.168151861134318,38
3201,-6.956585170300002,8.594619666048239,-2.4089068825910935,29.901960784313726,49
3202,-5.621931597109098,-31.22723894463025,26.054852320675106,-2.350780985080943,79
3203,6.633986928104575,-7.722770680087752,1.0628817672161341,5.0,54
3204,5.0,3.7878787878787885,0.7164076955743655,-1.5277777777777777,47
3205,0.19657970807396308,4.884200056834327,-26.419116652119616,5.1729024943310655,69
3206,11.54320987654321,-20.556181822322426,-15.03081522299464,-12.180764552268553,80
3207,-15.76187757174177,0.45997285971045265,-26.349420983288258,-12.743233050250593,77
3208,-4.933454325468844,11.488095238095237,-3.341608822684973,0.9272670497084317,56
3209,4.499487679312242,18.64733645983646,8.858024691358025,-3.494370972292148,67
3210,0.5453765668819455,-6.0113960113960125,31.262626262626263,-45.00525692012965,66
3211,-32.74771945761013,5.103458049886621,-10.634802194309717,7.6226343761554,81
3212,10.0,10.714285714285715,11.638217164532954,27.374782229965156,42
3213,2.4130509083559133,6.110536532090462,7.590132827324479,-17.44338575204661,76
3214,-19.218141986089407,-15.313122549964655,10.800653594771243,7.604166666666668,58
3215,7.604166666666667,11.61764705882353,14.901960784313726,-3.2903918411164783,36
3216,3.666068279163518,8.977272727272728,-5.873590982286634,12.860219845513964,52
3217,14.531590413943356,-19.68735942420153,1.1881540511565127,-18.16097980694254,59
3218,11.802420006754373,4.800950683303627,0.0,7.083333333333332,40
3219,13.968253968253968,11.766917293233083,-2.1426550246584197,-11.376811594202898,40
3220,-12.694838649739467,11.03788437377422,6.206896551724139,9.166666666666668,79
3221,9.293372319688112,14.831932773109244,19.22008547008547,3.086419753086421,40
3222,25.488215488215488,18.96825396825397,8.623188405797102,5.0,33
3223,1.851851851851852,-2.685185185185185,19.68482284978449,-5.4039365980704765,50
3224,-16.61823410646727,4.072270322270324,5.827024770793768,14.53783741674069,86
3225,10.0,-4.755449229133439,-1.5335163859947487,11.218384789813362,49
3226,16.984126984126984,5.0,-0.6214487141211262,2.380952380952381,42
3227,-58.06551889048302,-21.39273518706143,5.195587050009792,23.239590522199215,83
3228,-2.642937088654496,-21.122295994859712,12.154882154882156,27.26890756302521,51
3229,-17.92262970354368,-8.031526167657528,-11.212121212121211,16.54790157407211,83
3230,18.6231884057971,8.968253968253968,-8.888888888888888,12.380952380952381,36
3231,-4.116793821861194,-24.612827112827112,8.333333333333334,9.938271604938272,51
3232,-6.56624188747025,-1.6993621641665584,9.666463421156788,1.944172987730158,80
3233,13.787878787878789,9.62962962962963,14.115853658536587,3.0879591619534157,43
3234,11.893631436314365,4.5623418449505415,7.192982456140351,0.8177437641723357,50
3235,11.139212582307241,10.332507593737176,-19.265265367863634,-16.111912705325615,92
3236,4.697235660340962,-29.962914330341956,24.971865939358203,-9.373886262270428,76
3237,-31.422175665591524,-100.71449958392093,-24.05509173366316,-6.32829345595303,126
3238,-1.836446267160479,13.909493284493283,11.893939393939394,13.59942132320649,57
3239,-9.287897774739879,-4.625224120656014,3.3333333333333335,9.35869685869686,56
3240,15.94396835654739,-9.157447490780823,-41.87346687346687,-93.75217787268939,107
3241,4.136757944897479,14.921391643359605,-33.83212761815363,-35.379527415297204,95
3242,-6.93847215586346,16.846134142999663,12.900715841892314,-32.33772819472617,75
3243,14.725882008490705,15.923466160657814,-15.402296955151785,22.21423638090305,52
3244,-2.4825427968785236,-10.882936507936508,1.7096750262007276,3.787878787878789,74
3245,-43.05462523977691,10.031659882406153,20.76923076923077,12.834757834757834,67
3246,-1.2224201839547422,17.317801672640382,0.9307109145703127,16.633986928104576,53
3247,7.192982456140351,-5.228494623655914,9.81800766283525,5.773809523809524,42
3248,2.0015109412294247,-56.91683134117345,-10.294469771462222,-14.568049518289738,91
3249,7.605820105820106,18.6231884057971,33.63121592723111,15.0,35
3250,-2.2222222222222214,7.252252252252252,10.944606887589345,20.924630924630925,39
3251,-27.00717128092312,4.290736145574855,-30.19776509530608,1.7109956272517852,76
3252,11.540847067162858,5.648148148148149,-1.0317460317460316,16.19029724613807,47
3253,6.161236424394319,-12.717867811411189,-2.664874378870322,-1.7596053371915443,63
3254,22.14674758792406,19.901960784313726,3.6231884057971016,8.613905086899457,48
3255,8.110037758994117,-38.628471785823685,-31.406936925458076,-8.38235294117647,85
3256,-13.499397427968855,-3.6979166666666665,9.709135244397736,-5.062256573999792,68
3257,10.0,-10.652664859981932,-43.07275196555553,-45.48461589580011,65
3258,-19.44679739172794,5.0691244239631335,1.8006336794084845,8.219100967811357,70
3259,-16.612423195084485,-0.6644144144144142,4.62962962962963,8.623188405797102,45
3260,5.0,9.436423814165044,7.831663738941905,-41.9460433746148,64
3261,-31.61510653502854,9.19254658385093,9.914529914529915,0.1455844061571998,79
3262,-2.311827956989247,5.427170868347339,8.623188405797102,25.933048433048434,39
3263,29.802631578947366,-3.241567460317461,-16.277975836799367,-4.834017507480684,67
3264,-13.33260483142466,14.336846728151077,-53.06943552608108,5.992063492063492,91
3265,-0.7192113442113446,-38.07832422586521,10.775273022762775,5.832394378409559,79
3266,0.594604146769135,1.469298245614036,16.28137033765428,15.02771631606118,68
3267,15.310698073855969,22.25088865955739,6.000774293457221,-7.692626366158503,64
3268,5.884217443016162,6.137518980656237,-39.21977910407083,-10.900150464578779,71
3269,18.206521739130434,7.054673721340389,20.0,31.236084791925613,41
3270,-7.7061343509220315,-15.449432986711408,8.299689440993788,-17.88383138747276,79
3271,0.35023858840957045,13.968253968253968,-18.33975061596545,-7.863247863247864,55
3272,17.12148601900766,2.472384665367122,13.787878787878789,-18.764231264231263,53
3273,-7.798813422490348,-8.841685985425388,-43.65886138174031,-15.29956119858219,96
3274,19.075561456715956,26.436788520121855,8.787878787878789,-33.8419300337905,55
3275,14.154040404040405,-25.07427376055562,-1.076809533682848,3.77498818231577,61
3276,15.946969696969697,-10.144833499421846,-58.79440565097645,-50.93991267106687,88
3277,4.534658175962527,-28.79310344827586,22.618010167029777,-0.833333333333333,50
3278,-22.190803382663848,-3.333333333333333,-13.905694122412385,3.122157244964263,63
3279,-12.65078514472894,6.792432983724568,8.680358023286686,2.192982456140351,76
3280,7.275904571919753,19.763770180436847,21.893939393939394,-22.685185185185183,44
3281,-14.524320380439775,-24.54775631956235,6.500355062192564,1.0246233604329706,82
3282,-2.088585753044044,-89.18472043472043,1.386165577342049,1.2083838304663033,89
3283,-30.96546413316599,-3.2641820169665836,11.007499406155624,-54.80957767722473,78
3284,13.528577893797058,9.744268765566941,-10.127945069805534,9.499766245909303,63
3285,-14.474808942596054,-30.68287037037037,3.6231884057971016,4.437984496124031,56
3286,10.46594982078853,21.017094221428586,12.798724991707449,5.0,42
3287,-0.058760683760683996,7.796510192021028,9.413681837133302,13.968253968253968,49
3288,-44.233597216548795,12.604166666666668,-5.0947603121516165,13.115468409586056,67
3289,2.2522522522522523,-8.400401270335996,-1.405534620310096,14.941278233961162,67
3290,15.588974353355395,5.396238051187172,-21.932773109243698,6.638217164532954,53
3291,-9.767756262009136,20.431779018579594,-8.865440115440116,4.6466128637808755,66
3292,-19.495257452574528,24.75308641975309,-1.2121212121212115,-5.944824276467276,50
3293,10.0,6.583347748371102,-21.387341779498637,-3.414351851851852,51
3294,18.858024691358025,1.4011960457152846,3.297988561146456,-32.02734400102821,56
3295,5.0,-9.244864612511671,12.362155388471178,21.244719662058372,42
3296,27.588281140299777,-64.34327778859681,-25.71448953082314,-1.0253653440947446,100
3297,-18.366013071895424,5.9325225762298475,4.385964912280702,0.03401360544217713,61
3298,-65.17730759417579,-5.544220562182799,-16.67190396865841,6.388888888888889,89
3299,-2.967479674796748,3.6231884057971016,11.746031746031747,-2.437684625507122,42
3300,12.666837344256699,9.166666666666668,-78.01680208416893,12.962962962962964,63
3301,12.695824706694271,11.38888888888889,-4.9280878240505555,-1.1717180668793574,69
3302,19.087864460204884,13.472222222222221,-19.809577677224738,-13.163054695562435,47
3303,-7.018153542770984,-44.063268525274864,-10.784123284123282,-0.5694942254082034,75
3304,3.779761904761905,-5.45938881616631,-12.22160192748428,-0.852623456790123,70
3305,4.875794201085824,-2.9894179894179893,-5.451388888888888,20.998043498043497,45
3306,-26.78250761584095,-23.79482536225025,22.98560502586573,-58.75032050705004,115
3307,0.44323763137509786,-33.409380522867366,-8.288459288667882,2.407786885245902,84
3308,-4.245683653578391,-14.126589275843006,-33.18988476246541,-40.425756509500346,75
3309,12.604166666666668,12.580409356725148,24.35363723188464,16.944444444444443,46
3310,-5.996461063978575,15.788644187300402,3.04646571272187,14.839115133232779,66
3311,-3.21588004271819,4.385964912280702,13.815651260504204,3.9682539682539684,64
3312,3.053541592075427,18.059795020231867,5.456349206349206,-16.169529533500118,71
3313,-50.32509687089741,-38.30269517714513,3.1545693342368546,-22.45082668050049,106
3314,-32.334199925314124,-15.727473528821033,-24.881792424425125,-22.94984960382632,109
3315,-61.30042620825819,-11.015869614390988,16.11471861471862,14.046122919478181,65
3316,3.086987786654083,-0.6140350877192979,-4.15784832451499,39.719770957712726,67
3317,11.673691306044248,-5.900366212896396,4.856418918918919,-7.081019465314139,80
3318,-10.087229034298426,5.405035577449371,-1.2495971373373571,23.48087860831489,62
3319,9.086091753774681,13.416656442972233,27.20648452124033,25.442541796592852,53
3320,20.324543610547668,-1.0317460317460316,17.858187134502923,10.809294871794872,34
3321,9.859469398476492,-23.677530375495948,-0.8538083538083532,-39.61526338334592,83
3322,5.33238447712132,-2.9710011244641232,-27.606298732943472,-2.457481305009595,76
3323,-57.801677426739296,-53.300452636077885,-30.379085787594825,7.9215088446097965,108
3324,14.166666666666668,9.903217697335343,-1.1271367521367521,-27.783804471988468,56
3325,-37.28773327512823,0.0,-0.033677944862154696,-6.129785247432306,56
3326,8.532623717507775,12.952698423867158,17.340003195266355,7.976190476190476,66
3327,10.0,-16.85455382823804,2.1367521367521363,21.85185185185185,45
3328,-3.4343434343434334,5.0,15.027740290898185,-12.474747474747474,40
3329,-37.097742146269894,-47.21983164624072,8.916865634581038,-3.400329828901256,102
3330,-11.981739611921615,-44.34267781513888,-33.188649625527496,-1.648820021835895,99
3331,-11.808594901267316,-19.855748963569322,-47.44758282991115,15.806534225264134,100
3332,9.166666666666668,-28.609014066331138,16.993006993006993,8.472222222222221,47
3333,-36.36423761423762,4.870875432003803,5.62982210428031,9.573934837092732,67
3334,9.649036848703147,-5.460957125577085,-1.1472153577416715,18.84800384800385,63
3335,9.594309104113027,-19.509096112565338,-40.5522402197594,5.0,74
3336,8.541346646185355,18.155512794157566,-3.895348837209302,8.997134291323746,62
3337,0.13833992094861713,9.068538398454077,-3.3323313208370697,7.946650124069478,79
3338,-2.2183598964999938,-41.81854105581425,-1.1167507480922145,1.1052020294639044,90
3339,24.657637683953475,-7.549019607843137,1.926142583470169,-5.701058201058201,45
3340,1.4768712089237876,1.2500000000000004,6.007495590828925,-22.77638985012257,58
3341,4.643962848297214,-11.913580246913579,6.5543128671457715,0.09259259259259345,51
3342,-1.5012401755047948,22.907268170426065,-1.1436170212765955,5.009970739137408,55
3343,-4.116901039608875,-12.347321681196664,11.434254427647438,-3.469844526190026,67
3344,-3.038141783665374,-31.43276556662329,6.736111111111111,-15.622491081293798,93
3345,-8.655913978494624,-18.93310391561479,8.959899749373433,7.472683109251658,71
3346,-1.651281414870395,-66.27861368315003,-13.901493425733754,5.6595120463639885,84
3347,4.596070373322872,-11.972741353936488,-17.056506711679123,23.759301700478172,75
3348,10.0,-3.263888888888889,-70.35383230860478,-7.798264510435641,60
3349,-12.496807151979565,16.53846153846154,7.380952380952381,14.22008547008547,41
3350,-15.836295979652398,-15.175573449040055,19.194288826641767,16.021124313807242,70
3351,24.901960784313726,-3.1848438300051196,12.137542400700296,13.787878787878789,44
3352,-2.1230158730158735,-24.310996408029286,6.313131313131314,-4.080480667670942,61
3353,12.259528130671505,4.901960784313726,0.6818181818181834,16.89937596187596,49
3354,-9.235424643892394,-18.936098009090003,1.0585379658655527,-22.502543752543755,84
3355,2.192982456140351,13.7558977068634,22.84857119939366,-0.6140350877192979,44
3356,4.315845857009238,-0.17746913580246826,-59.57278589265556,8.968253968253968,58
3357,7.717627701487101,-2.685185185185185,-8.962215320910973,3.795623512562921,51
3358,13.32326958012015,11.289783792980725,-4.0963453984287295,21.15740740740741,72
3359,-9.4650281880825,-94.9643072586491,-16.579610043888053,-17.049627976580727,113
3360,-29.090489590723667,5.185847743987278,-3.4803518379699043,8.658508895700546,82
3361,11.150793650793652,-0.7894541229609366,19.27421491479852,-46.95835867889643,89
3362,-14.049004788829603,1.9965875309363528,4.249381570810144,3.8269693842449257,62
3363,2.688172043010753,-59.18974078246262,15.19921843247861,7.7917528470159,85
3364,16.4026792750197,-33.266498224495535,-0.054830647672239996,10.78484389645973,80
3365,-2.777958808199479,-2.9113871253830674,0.532786885245903,-34.14233591307632,70
3366,-4.7408963585434165,9.077060931899641,-0.5743655743655758,-5.4530438744089995,60
3367,6.438970057454934,-16.666666666666668,1.709849437793121,-15.51467481608345,67
3368,-1.6175881793586282,-26.998123669388526,-35.081585081585075,14.282734174038522,78
3369,18.08641975308642,12.76014791881665,-41.06863954477813,10.282912654206,76
3370,-12.588439314782025,7.057803405028547,-0.019272695903130188,-53.18013406507612,81
3371,-14.10399201692617,15.611672278338947,-2.619047619047619,-15.142309797482211,77
3372,-18.820861528816863,-39.329694076226836,9.999107556673348,10.784313725490197,68
3373,19.554334554334552,10.0,13.101851851851851,12.873563218390805,35
3374,7.131613331057214,2.282825575508502,-6.6674793259478875,0.01697562729679536,65
3375,-9.408485872929061,-51.05021099330437,1.5157277495871475,12.669151750234276,101
3376,10.76923076923077,10.585585585585587,-1.584448594252514,-2.1524763550625616,63
3377,2.9757007599896763,26.65642601126472,3.2515222773044146,-59.9774062106448,84
3378,16.849980232333174,2.8529503162613854,22.63888888888889,-8.325528488727912,57
3379,7.371192330541925,8.889152435167619,15.0,4.62962962962963,43
3380,-0.6697429065850109,15.20905759021209,3.6231884057971016,11.494708994708995,55
3381,6.773049645390071,13.932685171321312,33.19294496926076,8.787878787878789,48
3382,-5.386147366748118,2.5147234819853863,-12.962334445866354,-17.176925263172244,107
3383,7.525252525252525,6.347072879330945,-52.59706638063583,-84.47642114966908,92
3384,18.84363686995266,-11.473593896867554,2.7837660916782054,-28.188281625781627,68
3385,-24.74504857552544,-35.18474215842637,-6.051839697373222,-15.803685458857872,74
3386,-0.2850456765639482,8.593628593628594,1.0964912280701755,-58.66938295726765,87
3387,-7.959770114942529,17.521527129370266,10.05790620341704,10.0,42
3388,-7.870106824091642,4.392420864269685,14.276242493410503,-9.447094152976506,59
3389,-19.907407407407405,17.34998064266357,-2.9453262786596115,6.8939393939393945,45
3390,-23.952058579718155,-7.28123728123728,17.966120092256975,15.585585585585587,56
3391,-19.40404501552953,12.032520325203253,-2.418943064104354,-2.580113146973611,62
3392,-13.088782562466772,-33.726137054571836,1.1111111111111116,-4.892025441691238,84
3393,14.231695377206213,5.089869281045752,8.59817689085982,15.0,42
3394,-2.2222222222222214,4.98499399759904,6.675010429703796,-22.695232854484622,56
3395,-24.887791292043232,3.4774436090225564,0.3079301854828518,4.68486389144632,86
3396,6.608309990662934,3.6484409310496275,2.0773755409529073,-10.4745407136848,82
3397,-23.033210115589977,9.178578445819825,4.080217497556209,9.787100025195265,58
3398,15.924630924630925,-10.061977738608173,44.105556895804575,-50.886583175877554,77
3399,10.0,-0.833333333333333,5.978349673202614,12.976190476190476,34
3400,-10.55393112410656,10.98585740795778,19.62962962962963,6.004140786749483,59
3401,3.752285636476814,5.318297850079798,1.1680090861568955,3.023135867963454,85
3402,-66.97470948760937,13.932461873638346,1.461988304093567,-23.623737373737374,64
3403,4.2428559347943455,6.371030133196431,-10.117777293844364,-23.580810563345857,65
3404,25.643830643830647,0.833756508191537,0.5726513653342931,-33.00567680776014,74
3405,11.432451545442587,-9.412311471135,-28.154761904761905,17.200337862694525,76
3406,-10.250547175255553,1.310601018070849,-28.427672955974842,-8.637353779677314,94
3407,-22.027369182541598,-7.441182803391181,-18.9857242455556,-21.178733045155113,81
3408,-8.80322836205189,2.773919753086423,20.81617086193745,10.63811348294107,48
3409,26.726724854130556,3.6231884057971016,23.995876128229067,12.403186532677392,58
3410,-7.298917625394761,15.0,9.385964912280702,3.002982410309997,50
3411,-16.801726538568644,8.588744352562031,10.601430550874433,15.359256816901382,69
3412,1.6727941176470607,-0.9850606909430435,6.40096618357488,-34.903115790113326,56
3413,24.64180111762358,10.923202614379084,2.7941981390257253,-7.807017543859649,48
3414,-9.448127934763153,3.7865951289735,0.8197878510378516,3.3794223018360956,67
3415,14.763770180436847,-0.6575205839911704,18.217888802344127,5.0,44
3416,-2.163030754362023,4.940424295263004,25.641320528831045,-9.987956643918103,55
3417,-41.470231652780924,-12.38853545184552,9.901960784313726,-33.67933487430343,75
3418,19.109872994031917,5.76714317602898,23.26274839432734,-20.20055697122592,76
3419,-11.440359734774756,-18.47178089505455,6.461988304093567,2.2358292132882296,76
3420,-31.022058275579404,5.540581012279126,-22.142526756837455,16.670910788557848,85
3421,6.345076823832983,-9.054510978546318,-8.477282950967162,2.5955446926913197,62
3422,11.426435867058892,12.314814814814815,0.23028010544385236,21.201956673654788,53
3423,-9.720726074946398,9.166666666666668,-6.097106722106721,11.981271043771045,59
3424,-7.950598624940729,9.617723058215535,-2.6224125127633893,-6.289474161717887,65
3425,-39.92523223146324,10.573354973599772,-9.1656223893066,10.516533482635175,61
3426,22.346680509457613,-6.346426349074653,-5.0371448334096875,9.77790959171297,72
3427,-13.556755280511867,-14.29271209227414,-7.474120082815734,31.657312182688557,98
3428,-12.82695922498554,6.808114366253902,28.17503924646782,-3.226950354609929,52
3429,-10.464688290775246,-24.034985150196963,-0.5018939393939388,10.101209977669997,63
3430,2.192982456140351,-16.196740839334794,-129.0702693373904,-13.380286827867474,106
3431,6.373091872407878,4.973785883845561,32.22058325760753,3.856469201296788,63
3432,9.831932773109244,22.155047204066815,25.924630924630925,-0.8764367816091951,39
3433,11.44122383252818,5.442500263440667,21.88734468146233,-4.3769425019425015,60
3434,-15.182914198705571,17.095737800072165,-16.67312661498708,-44.83110140019209,81
3435,-13.999840980715295,10.760404866604985,-20.698247173732835,-15.92041558171448,83
3436,26.700680272108844,3.432539682539682,-38.996388028895765,9.681179036017745,49
3437,-17.882084069764225,17.083333333333332,-28.054620361261488,26.200504940424295,62
3438,-5.975893492908012,-11.302511748560118,-11.393068426966732,-9.60496222061079,83
3439,-21.815476190476193,-26.393980709993436,-6.081081081081081,6.05433919285468,60
3440,-10.730415088811672,8.00207039337474,-39.84471191967605,5.5790960451977405,72
3441,-40.06578947368421,-0.03968253968253954,-7.227842239605776,-14.329213346419326,86
3442,6.984126984126984,-22.534838814752955,16.0626102292769,0.041807150952668515,57
3443,-11.011396011396013,-17.955632525152566,13.122915405524104,0.17181656152909142,71
3444,-8.308604460209995,-15.668228874593387,7.688172043010753,21.84181718664477,81
3445,-7.772160431412201,9.319706417213906,-13.816870530866474,26.412429378531073,59
3446,14.389258402416297,1.1046511627906987,8.775516071531255,13.525149190110827,45
3447,1.5157173980703398,-16.19343637992832,9.685157421289356,-21.754055871848724,65
3448,-26.666666666666668,-14.542161358174084,5.0,-2.2222222222222214,55
3449,6.040930217334381,11.605485704423593,-3.6161567005845336,9.837714292416795,71
3450,-1.5054913707031805,-5.151946818613485,-3.4291898577612856,-7.645554479096406,59
3451,-6.349206349206349,28.699754193175245,-17.118861881670227,4.336846728151076,57
3452,-74.0619627011244,-133.22062500183915,4.562443370582906,-28.28440295474204,141
3453,24.38350514701259,18.47222222222222,19.703232644409113,11.944444444444445,37
3454,22.25225225225225,21.46669847819273,4.62962962962963,3.6231884057971016,37
3455,5.18837803320562,5.809294871794872,17.095410628019323,-3.2870370370370363,44
3456,-25.664160401002505,26.846405228758172,6.076388888888889,3.205128205128205,42
3457,0.47504025764895363,16.77125113611336,-0.9149521877716591,-12.131072958923834,55
3458,-10.724166571199449,-27.611584698903364,4.408551810237204,-18.975060994601318,90
3459,-0.07497132497132486,27.439915583344778,17.692514141789506,-10.689382344179435,79
3460,4.608585858585858,5.415726944454715,7.6104905293831955,-73.318637531035,72
3461,12.032520325203253,-14.4050211448018,6.773049645390071,-25.858717692592677,61
3462,13.086419753086421,13.521711366538954,15.0,13.173843700159491,37
3463,7.233796296296297,21.666666666666668,19.355482285962246,-10.049019607843135,51
3464,-28.43820861678004,12.976190476190476,9.019749313866962,-27.51929012345679,58
3465,-0.7078301815143919,17.127391827058126,24.915320178478073,9.901960784313726,39
3466,13.454325468844525,11.949457418115518,-0.06276869722247902,-10.840143612964479,70
3467,2.2522522522522523,29.255786168764413,-22.20753913224751,7.380952380952381,43
3468,15.33913931465828,0.024404249210451034,-8.956965025336867,10.320754959399732,74
3469,-5.833333333333333,11.732696692046286,6.993933588761173,-23.106060606060606,51
3470,-1.6337038247793392,-22.871886274516118,10.0,23.583038478549312,56
3471,19.998356802639396,-0.43209876543209713,25.036332961368828,12.873563218390805,50
3472,-7.863247863247864,-24.969135802469133,-4.639794168096055,-4.021739130434782,55
3473,-0.9130781499202547,4.81029810298103,-24.792886851710378,27.18112658307227,57
3474,0.0,-5.939153439153438,3.6231884057971016,12.348927875243664,40
3475,-7.818880022652008,9.93364819514245,-24.241059419689268,7.534657077340005,66
3476,-11.913580246913579,-88.81636336907518,23.610091254955172,-9.334795321637428,70
3477,5.772005772005773,15.289795405341623,13.083549990877579,-55.652608598100976,80
3478,6.481778675094596,-13.136926287249484,-5.426765884082958,-35.91905969817962,91
3479,-14.601184256356671,18.941219140494503,-3.333333333333333,12.92078665062536,52
3480,-6.253532389566496,-16.89291101055807,-0.16009680374249324,0.6022408963585435,84
3481,-27.549019607843135,8.623188405797102,17.40814049015973,8.333333333333334,44
3482,2.7368854045683317,-2.527615334632878,3.6231884057971016,11.921736167944085,55
3483,-42.71526517443033,10.0,-19.712014407837227,3.6231884057971016,58
3484,5.0,-3.3856092481618423,-5.125768916419321,-23.378496503496503,63
3485,9.166666666666668,-72.67484270799737,3.199235436076522,-3.397435897435898,75
3486,-11.692735557947408,-7.311827956989247,18.480035763317495,-3.299319727891156,57
3487,-10.440470521310374,-4.81162196679438,4.720692368214005,-2.1222319773680614,79
3488,15.346217826127823,-9.598765432098766,12.309368191721134,2.673611111111111,61
3489,-12.586798144511796,-22.673572867245166,-5.606480139948701,0.2529880619125495,77
3490,9.901960784313726,13.086419753086421,15.802780484500238,7.8748006379585345,53
3491,-36.429284574445866,-53.996339850276875,-30.29673518800285,1.3081305844463746,98
3492,5.0,-2.645085249574411,12.19135802469136,7.094800041228613,55
3493,22.979991485738616,-4.873239993671887,8.623188405797102,17.98886807900091,58
3494,8.122082166199814,-8.873873873873874,-4.284270833211193,-29.425813008130085,79
3495,11.102139819245082,9.166666666666668,-39.74541876994053,9.084967320261438,60
3496,-7.528936736253808,-12.198043184885291,-0.6140350877192979,-1.029576813890539,55
3497,-9.431586975446624,1.4339632888019984,20.0,8.623188405797102,51
3498,8.630050505050505,-7.6550800860813695,-9.235928944157383,9.986485349487811,61
3499,19.92869365112012,-25.297622321215787,15.0,-18.872928066076867,68
3500,18.17489114658926,7.252252252252252,14.941278233961162,-3.7477583432707995,53
3501,26.510002368308317,5.402752432214678,10.315220418195247,10.71064836254241,72
3502,-1.2299078758131685,11.872341529204276,-6.794871794871796,5.870052189050906,68
3503,8.968253968253968,11.828316610925306,-27.418163145561277,20.32998470475513,61
3504,16.13650330777456,16.52271704903284,-12.495919253792444,-11.601876355712673,69
3505,2.094943240454077,11.436781609195403,-3.2261798088410973,-32.01103504386703,58
3506,28.37920832865221,13.159700922858818,10.738993710691826,-14.758659088445349,56
3507,-6.431661786587335,-16.157083198607232,-41.82979248047618,-93.60337179709072,139
3508,-24.120106824091643,16.31654702447488,8.51031154014919,13.000606132456697,72
3509,7.253086419753087,-2.619047619047619,8.732149076976663,13.417508417508419,40
3510,16.61764705882353,-36.03850288362189,-37.38551491205722,2.6719982125947315,80
3511,-32.25452730223514,-61.52952480782668,-25.71994863620854,0.12905271757825965,81
3512,11.363949088407294,-14.343141050458122,6.40433162337016,-6.990846681922196,58
3513,-13.824663493809187,-21.385643512260007,19.21829505557058,-29.491619680278593,114
3514,2.855201817883666,1.8939393939393945,30.466622749231444,9.177109440267335,46
3515,17.933116143189487,-7.5722817862777285,20.07707404958154,-7.104921633223519,65
3516,0.4761904761904745,5.59947299077734,6.8939393939393945,-18.737398753539352,50
3517,15.302551127978074,11.951401411429462,-26.55901127121067,-26.200953405292378,76
3518,16.228238436112683,-53.31718752094139,-25.771577826469965,6.634160756501181,106
3519,-33.82844822046274,-0.37037037037037024,3.5719714242286056,2.1757205297577973,54
3520,9.321519405524784,4.22008547008547,21.903458654918673,23.29380488863247,55
3521,-2.985588972431077,-4.320075464668333,-12.061665513844346,-50.73295985060691,68
3522,3.799552843670489,-20.20262145262145,-2.7477477477477477,-10.250759878419453,53
3523,-16.15217026981733,-4.459418987720874,-84.8159772697238,-14.169753123776191,77
3524,-18.41107398124942,18.520398453160876,20.901116427432218,-12.395833333333332,55
3525,16.564110739146606,-33.54039621350135,1.7403021814786515,-54.658222893674576,97
3526,-1.8614171988712571,-23.260573916242656,-6.486791952123364,-8.777094345579453,81
3527,10.0,7.359686814021181,18.78787878787879,3.4722222222222214,45
3528,15.483315626333733,-3.7756157458655757,2.2118176777831096,-6.178451178451178,80
3529,-13.191671648544961,6.303942093902656,-6.110798386340182,7.873563218390805,59
3530,-2.474747474747475,7.976190476190476,13.173843700159491,9.901960784313726,35
3531,4.593837535014007,18.080922406214025,-13.476430976430976,-2.311827956989247,45
3532,2.301587301587302,1.7096081588835226,19.015046808196963,21.88608776844071,42
3533,-80.02247895493556,18.7176781256927,-19.654102262797913,16.76063416727776,81
3534,-16.782966001716005,10.090881716897979,0.0,-74.19117075442493,74
3535,-37.03161187666275,6.049116370400992,2.65437047200696,-13.633879781420765,70
3536,-1.8914497629548377,10.0,8.173634663973086,-4.4388270980788676,50
3537,-4.844308594308594,10.741845514467515,14.320400308682764,-5.090996168582375,62
3538,-38.84942407477958,7.934102934102933,-69.02882647068694,-6.69646552357446,89
3539,9.021317829457365,21.228359547128548,-8.700510855683268,6.822612085769981,49
3540,0.25649953878296206,-20.299527782881125,32.4542032866265,13.843636869952661,80
3541,-15.97799585055957,7.688172043010753,27.136752136752136,5.0,39
3542,4.422813669738744,-21.879409639052387,-18.290391841116477,-3.893122396643523,73
3543,-1.1763253926820312,12.843233513336607,-38.13432732614893,-5.843320327015981,97
3544,-7.480677217519322,13.194117390545962,1.3579171506000796,8.636248024763514,72
3545,-39.17107422266892,-15.664160401002505,-44.98161563413649,-21.189112582974474,106
3546,-10.322909950569525,-0.6119388292563159,13.101668862538428,-74.17876826589368,69
3547,12.604166666666668,29.941520467836256,19.16511117660543,11.185029567382507,40
3548,7.688172043010753,7.314814814814815,5.0,13.442760942760945,40
3549,-22.446581196581196,20.59947299077734,10.0,4.089197556689817,46
3550,11.934344865185686,-3.364996105206881,-12.848853026569756,7.943469785575049,67
3551,21.968630422294215,11.65642601126472,9.607432787744228,6.652636945763631,66
3552,-11.527777777777779,1.9841269841269842,-5.2785372522214615,2.7777777777777786,52
3553,-58.84001509800648,-26.665110711446918,-15.568795579809908,-19.64813525246544,120
3554,17.887724033557365,8.966450216450216,2.8818187447355954,6.8939393939393945,64
3555,-14.104369626578563,1.1743527987489344,21.94748631159781,-2.6422071314544433,81
3556,7.525252525252525,12.688172043010752,-5.5804011969700404,6.766917293233083,54
3557,13.627000765365548,21.322751322751323,-12.284051702032464,23.569664710655633,63
3558,-4.804484550177741,-18.162407183227824,15.651710752846988,-11.090506715506717,80
3559,3.6231884057971016,12.282913165266105,6.773049645390071,-7.581880460737084,47
3560,-5.0,5.070546737213404,12.314814814814815,-16.092414529914528,43
3561,17.605820105820108,20.956367910702273,12.63888888888889,0.0,41
3562,-0.3434421013152904,14.752747252747254,-13.656462585034014,26.783842666195607,58
3563,17.873138744769,5.0,12.988380537400147,3.787878787878789,50
3564,3.7495786990225817,5.2287581699346415,1.4184852374839543,5.758547008547007,48
3565,4.343894356133527,2.829744131647031,16.766381766381766,16.287841170025825,88
3566,0.5658832051367462,-0.23888771657479624,17.413194444444443,6.985560735560732,76
3567,10.0,20.875440658049353,2.588846860027397,14.166666666666668,53
3568,-2.200792577053233,11.242258444155462,8.679686976759761,-105.62356745037634,96
3569,27.456777703256577,11.336123260204825,-11.08703130374957,-45.52713826284071,71
3570,-32.65613228379186,9.63164301226765,-1.3300736961451243,11.424562655183408,70
3571,31.588810878734403,-8.299319727891156,-0.905492631835342,-79.39974870101912,76
3572,-33.53010401425907,0.18518518518518512,-23.5855441015903,2.525252525252526,99
3573,-2.9015133588304316,14.22362403183099,9.787784679089027,-59.24861436745987,61
3574,-4.2412217412217394,16.209560725376488,3.386243386243388,16.41891525350172,66
3575,21.54320987654321,-3.6886395511921455,2.3227752639517343,-62.94907289093336,54
3576,12.032520325203253,-3.6111111111111107,-49.69710611742252,7.77926826060654,66
3577,-47.69120891662443,19.83412398900236,-4.376719367934745,-13.281168849903938,80
3578,31.386684303350968,17.19298245614035,20.12892555396142,13.39026824442296,45
3579,6.811594202898551,-13.716931216931217,-14.621769477457082,11.125075999392005,51
3580,4.923370731611222,17.810293571163136,-55.461605806507876,-3.8882968646395746,69
3581,16.44122383252818,11.311360448807854,-10.714697951540057,4.237213403880071,46
3582,-12.595755403906889,18.78787878787879,-12.280701754385964,16.52067184245615,59
3583,11.558641975308642,-0.29676735559088474,10.367910605102256,-15.24344518530565,55
3584,-5.659722222222221,-5.4493873572820934,1.2818111326142103,0.06654567453115545,70
3585,-24.543650793650794,7.083333333333334,7.317801672640383,4.355044699872288,47
3586,7.49838239389323,3.7538230673784514,5.0,25.41388636787417,54
3587,8.6935379536616,11.251357024682616,5.737857399732036,-74.10165598806572,82
3588,-7.685185185185185,25.140985933668862,-16.6093032957864,-1.5277777777777786,50
3589,4.059085080590457,-32.28531792120642,19.423204237007614,20.291530956492593,60
3590,14.244227994227995,-3.9394450947345123,26.194162546621563,-20.421779922463916,61
3591,-18.415266338105596,0.9116809116809119,16.764069264069263,-77.1691730438458,78
3592,5.954631805454268,33.22146234380277,0.5479283110862063,23.935448731463914,47
3593,-90.522867824517,-3.797985712038084,6.096491228070175,12.769923142263568,76
3594,6.151563812567868,8.770739064856711,-5.086553945249597,-7.9184047712680625,58
3595,-39.83002291825821,-22.72051656920078,5.100058671487243,-33.06376539980637,86
3596,-21.119634560710075,-12.044360744925715,-16.82324988840946,-10.634920634920634,63
3597,2.0951962940749347,-3.015873015873016,14.258419036095988,19.97272064293438,61
3598,9.753086419753087,6.473214285714286,-5.081519048910355,-12.172733077905491,60
3599,5.0,-3.4711779448621547,-19.054827282225414,-21.100589225589225,60
3600,-5.544080578434384,5.769613639305759,1.783959744936563,-2.276623689823115,79
3601,12.733543462710129,6.000774293457221,13.19763729246488,19.025301897642322,47
3602,-17.369977536663548,-15.144831443435635,20.337642001244944,-27.54585326953748,72
3603,-26.03796586555207,17.431683989655006,3.4722222222222223,-7.186762798808528,58
3604,-34.82278820461979,5.699967634808061,-53.63822612157946,-38.866688278248866,93
3605,-0.040176960171102394,-30.0,9.534832451499117,-30.524285955516962,67
3606,-0.4166666666666661,1.3685744797916513,-52.26993674252073,-3.7745098039215677,103
3607,8.469301934398654,-21.11194527861194,-17.85789092475139,-6.989247311827956,63
3608,23.013381185265473,5.6818181818181825,-10.141142663962135,-2.9665204420106384,65
3609,-11.783178461633424,0.7053882635277979,-5.339143918413016,19.44589026241596,76
3610,10.772005772005773,18.089957757296467,10.22844272844273,4.62962962962963,43
3611,25.836407332886203,-20.322921349807864,8.705340005313086,-3.7837327504510165,71
3612,-2.193912595230355,-19.646774113685876,15.744400527009223,-15.707589948085332,83
3613,-39.656901702669245,6.552429052429055,-47.22973026390447,-16.826625386996902,107
3614,-6.031746031746032,-59.26050084237416,15.0,3.805896910735621,58
3615,8.155544177049554,0.15829804396047642,-34.2255681290769,8.23529411764706,60
3616,-14.784289784289784,-3.2539682539682535,7.976190476190476,15.65955645824221,52
3617,-13.201724140335426,-1.6013594562175122,-22.262044846960343,-9.451089845826687,74
3618,9.74310776942356,5.03003003003003,7.184822849784488,9.542151162790699,51
3619,-23.402761353028637,10.658105509426324,-2.7668160206081036,11.52735647680036,80
3620,-94.70458553791887,10.00810098357923,8.002549758057933,-2.2856488494448723,67
3621,-30.142287126346993,-123.03185479690507,-34.2986529186168,0.3899727407190099,137
3622,11.515151515151516,-9.192694797172862,-32.8400504487461,-60.57468595668934,86
3623,8.308655331176968,-10.102952602952602,-17.976190476190474,-2.7477477477477477,57
3624,8.684267082923299,14.45812881296752,-6.3135321468654775,24.77753220301183,53
3625,-4.311002178649238,14.939465513488232,10.778010366826159,-29.771241830065357,59
3626,8.76013664163536,-3.538011695906433,-23.231911277576913,-23.106060606060606,61
3627,7.309368191721134,-20.010772287094298,-42.621716782521595,-23.13676651772567,113
3628,-9.462599854756716,6.984126984126984,-1.5277777777777777,-19.720244653501712,61
3629,9.564165409753645,-37.61560041718272,25.33011272141707,-46.23783500153454,78
3630,5.611024419163955,6.50392817059484,14.166666666666668,2.84943853427896,51
3631,28.977701463918635,-0.5999222230136922,13.787878787878789,-43.38741366992141,60
3632,4.146191646191647,-12.192917754995197,2.380952380952381,-40.54099462365591,72
3633,14.385964912280702,-41.67942628284962,11.893959176567872,11.474381419234362,63
3634,28.747647280255975,10.821094082588337,10.683775741915277,3.1707793162901527,56
3635,29.66364323507181,-27.22222222222222,-0.7744972186563963,7.142857142857144,49
3636,-11.760583123072609,-7.685185185185185,1.4192343604108313,6.523569023569024,45
3637,11.633986928104575,-7.119041118914865,15.586080586080584,19.225388268514955,53
3638,-37.32905982905983,-4.893873902691113,22.842284343726305,-52.81157248836727,76
3639,-14.474166103222899,-12.859052448372916,10.768503262266629,5.929174788823913,62
3640,-18.128976817387443,-40.85231592546956,-56.85658767380598,-10.06294471811713,99
3641,-25.02189405400759,2.9160382101558566,7.032520325203253,-37.2525862663272,69
3642,0.9074180747567873,-22.61904761904762,3.1070889894419307,-9.751024115525794,51
3643,-27.011619462599853,13.472222222222221,12.252252252252251,10.0,38
3644,-4.84126984126984,-0.3285907859078585,21.48148148148148,-16.91358024691358,45
3645,2.2246701710987438,-9.347312835368951,14.62962962962963,28.47107644277456,55
3646,-14.80434085506549,10.0,-37.79545794875983,25.25607066794531,67
3647,-2.010976753160662,2.8152061740027827,1.2114825813455967,-26.263735966942406,89
3648,-26.48428164353341,6.851851851851852,7.354275043350675,13.417599053097373,57
3649,10.822746521476104,1.011576390487388,-29.271996056528934,6.774255156608099,65
3650,2.331718919451839,16.39546727782022,-11.891692227929031,18.4992784992785,55
3651,6.836945304437565,0.0,-16.666666666666664,27.136752136752136,39
3652,4.310344827586206,-16.88644877758938,-6.000840529142413,8.667410831174026,66
3653,5.0,9.62962962962963,20.849753694581278,12.63888888888889,32
3654,2.401046726338349,3.6192066383323223,-7.713387241689128,13.466972353893404,61
3655,0.3343741868332035,21.4143146876243,3.7684358736990333,11.836945304437565,65
3656,14.516462802466858,-8.80745480010186,-4.684708209357189,-31.42580123762919,82
3657,7.590132827324479,-3.2595503338537393,6.773049645390071,10.439549963406243,82
3658,6.538559896366952,4.014941396095898,3.214321466422062,5.741303613644039,86
3659,24.64287958773253,4.166666666666668,-1.7948717948717952,16.345785440613025,39
3660,0.9143228441474074,25.513946063642393,11.322751322751323,-26.96315452556331,69
3661,24.073392320241496,-47.4112989708065,-8.10052473654902,-27.31595172801777,105
3662,4.47175116292763,5.866910866910867,6.5432098765432105,-15.462753620648355,58
3663,-13.160054719562243,12.571534745447789,28.635084427767353,-9.04086109968463,52
3664,6.379321161929859,1.2533218454271076,-0.9753937888650583,3.4965034965034967,60
3665,-16.53156397247097,18.9128841500758,22.71358543417367,-20.48877457624431,68
3666,7.032520325203253,-1.4351851851851851,-5.432273040968692,10.690586419753089,46
3667,17.136752136752136,-7.637844611528822,5.0,10.9375,39
3668,11.021505376344088,-1.9396706050841384,-7.576733518762504,15.633770416379111,51
3669,-18.120941558441558,20.17074134890227,5.500751265270322,-21.975577406853706,67
3670,-18.85511939395549,5.0,2.4683016349683022,-11.376811594202898,62
3671,-5.009717134005969,19.31325593561813,5.504742547425474,10.822059681708806,58
3672,-36.835764267680354,-12.35383064516129,1.9930069930069934,-21.060924369747898,70
3673,3.787878787878789,-16.924094424094424,10.14039658416558,-4.37409150656006,57
3674,-2.404214559386973,9.997802239804306,-16.673388340824395,19.547819330428027,65
3675,9.859469398476492,-39.15064952207655,-5.9180365964464805,0.48855905998763216,67
3676,6.633986928104575,-19.67910005850953,6.729685370989719,16.060606060606062,52
3677,2.0546737213403885,-18.08295229026936,-15.555555555555555,20.10496569707096,57
3678,-18.955585696918597,10.0,5.611672278338945,1.6071428571428577,66
3679,8.35421888053467,-13.263647153433553,-37.85974673246443,-9.676042924592025,77
3680,1.6750104297037964,12.220067514185162,-4.031323973184438,-17.740471869328495,51
3681,-1.6168596625252967,8.333333333333334,3.4782608695652177,8.454592363261096,56
3682,-21.197762642907005,-23.60868706456942,-7.280963759458382,12.598018033589721,65
3683,-21.218530562941368,10.08840288252053,-10.782350760103817,0.9666224354540893,62
3684,23.150525844180343,16.302217457335097,5.6575229561320555,16.349206349206348,54
3685,22.01058201058201,12.78985507246377,-4.522270114942529,12.663067926225821,39
3686,-31.49036582738759,8.205128205128204,8.32810867293626,5.978260869565219,54
3687,-3.5343734145104015,-5.978441127694858,-62.009674781569856,5.116133082234779,73
3688,-4.423400673400673,-4.434059934357308,-60.45199505474677,-11.790806106818833,84
3689,-4.717355868901232,-8.214176743588506,7.362155388471178,1.2840225905876437,68
3690,23.424426148815492,-14.53724568545883,-34.68674843674843,-1.0317460317460316,83
3691,-6.140467396704031,-2.003758153799685,17.831439393939394,-22.16176193797677,62
3692,-25.82138126984565,15.323868677905946,16.431460923666258,-45.66313338403943,88
3693,-45.843033121982074,5.63973063973064,14.316203760768039,-4.449396697488166,61
3694,-1.1142573278631769,5.235167837626854,18.944974573535443,-11.39794834760702,87
3695,-8.00602655824346,16.71631344756268,5.3839869281045765,17.944109955604212,81
3696,-54.53181371829682,-2.1011573947139732,16.240608667079258,-11.68871226851408,85
3697,11.73611111111111,-18.9277547029485,19.926982239488005,-5.145285087719296,65
3698,2.3529411764705888,-5.614035087719298,10.291005291005291,3.4722222222222223,38
3699,8.180457535296245,9.05147707357563,-9.357768153675417,5.9397163120567384,84
3700,12.006448412698413,-36.94444444444444,-7.4919319677912375,-39.44625571999252,73
3701,-62.9815700736129,8.205128205128204,20.757658059361066,2.162885007712596,75
3702,17.756132756132757,-15.372624145443616,0.6388830982326907,21.633986928104576,51
3703,24.404936439134552,12.16374269005848,19.196555078908023,-23.03131509013862,53
3704,2.688172043010753,-49.16370002977357,-16.384702771816126,-53.28219074986316,98
3705,0.5950126262626281,-12.461349392788678,-3.3807134894091426,20.82476167558414,67
3706,2.4704906458791456,-20.366076093245958,-6.8875475206057555,5.483405483405484,96
3707,21.15382620284581,-34.207493894993895,4.498212709950495,18.115536920568367,54
3708,-4.254204576785222,-28.84536389921873,-56.665176778317296,13.478885386629173,81
3709,-3.724886224886224,14.901960784313726,8.966032101530422,-21.09463473498561,55
3710,-12.391193036354327,21.840838160323756,10.0,8.417508417508419,47
3711,-0.6778410288846719,-2.7926042211756497,-13.530425089932614,-0.39068381199682856,53
3712,-1.8112244897959182,15.665209163963024,-43.03933760090756,26.643957127547953,70
3713,8.968253968253968,-32.45053624023318,-29.933454325468844,2.882968593752908,75
3714,6.021505376344088,14.980359147025816,9.711098398169337,24.41047343702371,60
3715,-13.587251137807254,-3.6886395511921455,-2.165242165242166,-10.482295482295482,57
3716,-8.276014109347441,30.94711828465627,-5.474939051229311,17.083333333333332,75
3717,-32.850776077132444,9.994523815858319,-14.068648633076945,-11.750929488634855,76
3718,-29.776694730928142,-20.612037497926,6.062054086295316,5.0,63
3719,-64.00477030685364,2.506127450980393,-8.035130718954248,-24.30321101756578,88
3720,-38.882521938136215,-6.847422446696961,7.976190476190476,-19.968340117593847,85
3721,7.192982456140351,10.0,-11.666666666666666,0.6990962254120161,40
3722,21.34864982456056,10.207075073689147,11.279904306220097,6.307683892270357,64
3723,13.623188405797102,-2.4121789948402834,-9.979099137396602,-1.7483676606347416,56
3724,-7.685185185185185,-22.07581796020105,1.691919191919193,-48.68693202932333,66
3725,3.9682539682539684,8.603327070819333,-10.910861773414368,13.38864838864839,52
3726,-49.47243186100573,-17.254572896461358,-31.545296268935292,9.54921422663358,102
3727,4.120370370370371,8.936759889140843,13.66514419814383,-124.83612111693591,102
3728,19.901960784313726,-1.913580246913579,8.009153318077804,3.3333333333333335,33
3729,-36.30986543872206,9.377216312056738,-33.586534362496415,6.241063843656638,98
3730,-6.074377849740168,19.16982490378526,8.56060606060606,13.077021256845818,56
3731,6.592628356335494,21.85185185185185,3.533888939772838,8.261144883485308,67
3732,26.11960055196546,18.019574165085004,-4.453640822486324,-7.126436781609195,57
3733,7.074136955291455,5.938003220611916,14.557772850455779,0.37274453941120633,44
3734,21.126126126126128,-7.175005825759845,-56.11093574210589,5.159945685127532,74
3735,2.450980392156863,-11.424269798253537,9.321862348178138,8.695444299387676,57
3736,7.654494098148598,-4.281868353748822,-4.54743036852453,1.4192343604108313,60
3737,-41.4845088127758,13.525149190110827,5.365853658536587,-39.45971310476669,105
3738,-10.627974466517145,7.616892911010558,-2.44710218345741,-15.227637781749381,76
3739,15.738995575949971,8.105426855426856,-5.614035087719298,20.592547204066815,46
3740,-31.037916182733255,-13.617571059431524,16.54320987654321,6.602564102564102,55
3741,4.741426873779817,9.166666666666668,6.3563591316833215,10.0,48
3742,8.393804763667777,-31.147207605508843,-4.3062080808760665,-151.12824953058015,105
3743,-1.2243061475798043,6.408410138248847,-7.147785039941903,-20.921052631578945,53
3744,-9.381502648327244,-3.762183235867446,-0.05876068376068444,-11.376811594202898,50
3745,-68.4842028957541,4.031339031339032,-7.6387289488366745,-26.24402901257121,95
3746,-4.927177601809955,4.294153723677002,-22.104411643192396,-15.06945135996909,80
3747,7.450980392156863,3.2653241476770885,21.480666923519983,14.495230551558253,53
3748,13.333333333333334,7.525252525252525,1.87429854096521,30.44794309225549,44
3749,2.777777777777778,-55.59471263342357,0.7720057720057728,-22.064558868384186,92
3750,-25.502460910342958,-16.29310344827586,4.32624393843559,6.902502386378604,68
3751,1.9344811095169785,3.9886039886039875,1.0511482500278022,11.135916480744065,61
3752,-45.576335586114226,-10.913490016623227,-7.522768670309654,4.667963844384405,90
3753,0.13189927982822547,-9.049793087060166,-58.14304254390815,6.4367816091954015,71
3754,5.544733044733046,-23.162154053887463,8.536196507894623,1.7897720534168262,65
3755,1.9827634663415985,12.173382173382173,2.25523911007782,2.6387829477074334,57
3756,12.301587301587302,5.938003220611916,6.063876985055909,14.696639598600385,51
3757,-26.574038827559953,-58.49298836109477,-0.09419152276295151,-10.757395315323121,87
3758,-12.594643369837167,16.66656072548521,29.082661578631836,7.9894393434904,62
3759,16.565656565656568,10.0,0.001685859528998801,12.487816764132553,42
3760,6.344086021505376,-16.20219515940089,-16.769921024566695,22.02616666116102,71
3761,-9.343891402714933,13.787878787878789,18.75496031746032,12.466931216931219,43
3762,-4.902572139967097,-7.846185653203197,5.238602793288624,-2.5876549534108992,74
3763,5.25883430295195,-22.64797873172257,-3.4412528731075813,6.978460053751677,67
3764,0.5374001452432839,16.37932116192986,26.56761412575366,-3.048498193315265,43
3765,26.464842347195287,5.0,-55.03873771730915,13.968253968253968,56
3766,-16.378762702835157,10.425777141878836,3.0310896288339904,-9.226190476190476,61
3767,10.112942612942613,-34.925213675213676,-8.75095377111506,3.205128205128205,61
3768,-1.3945881653285754,10.53440584333033,1.6777702340979364,-34.47937795807978,63
3769,9.70582285195572,0.7134112786652107,12.865937682310562,-30.52418391847185,106
3770,-3.0940240315240324,11.677150174490599,3.9069264069264076,4.903217697335344,56
3771,16.229561294884178,-12.408610259653903,-0.37262414544361766,-2.32997537564101,57
3772,13.968253968253968,9.901960784313726,5.390105699030185,-4.106699751861043,37
3773,20.954582590612006,-40.790844957511624,23.29896954896955,10.0,58
3774,-7.843412639677494,-5.078475213217178,10.130926704299823,-3.093112859872112,84
3775,13.261144883485308,19.92262038915183,15.172902494331066,-19.575939642296262,58
3776,-19.771557271557274,-7.0962675535846245,8.663446054750402,21.55830280830281,49
3777,3.946771532932721,-4.0643936386970445,-36.377208934952,-21.814520976078857,76
3778,1.2245662882844295,15.57120785381655,-17.15277777777778,-45.06364500861356,63
3779,-12.807017543859649,9.976232917409389,-15.51470588235294,13.522087644428069,56
3780,7.917055711173358,17.100595325233005,-29.55635170955471,-10.0,59
3781,6.00465438700733,10.840509962850389,8.19921828380475,9.294846402689542,53
3782,-4.683568987854577,-5.311016144349478,1.7361111111111112,-22.651850898032087,68
3783,-52.49271803013745,18.6231884057971,21.401348310225465,-15.618880082350405,75
3784,9.056656850774498,-57.717849858390586,-1.3870050741721722,-0.44763680537898587,67
3785,-0.37037037037037024,12.332568594734894,-2.549019607843137,-6.3768115942028984,44
3786,20.654761904761905,18.96887426299191,6.279735682534284,-4.495257452574526,56
3787,8.650167384026783,-0.029239766081870844,1.5861513687600648,-2.0238095238095237,45
3788,-7.166119321291735,-9.722222222222221,1.6025641025641024,-7.43162912986737,68
3789,10.0,5.368870895186685,14.88785943054236,5.298409311567206,42
3790,-5.141253397860387,-0.15816728582685968,12.131148446307439,13.47161306042885,67
3791,23.218994970454986,16.218484244800035,29.757847235027764,-13.563909443269907,54
3792,7.679738562091504,-26.37778693521499,7.837426785134857,22.423722179526113,69
3793,-3.400621118012422,18.826098511890862,-11.574074074074073,-14.366744366744367,63
3794,-20.972141909548984,16.999771062271062,-48.18840579710145,17.183911565907838,70
3795,-8.723653674218646,-8.288792921728898,-10.748717008797653,3.7289301685586516,67
3796,17.38095238095238,21.68877918613088,1.5257439155117547,4.9856755882791735,66
3797,-6.360495041496325,5.982905982905983,0.9062384643779993,2.9761904761904763,45
3798,27.50711662301173,-6.8251088534107405,-40.36604968120925,5.138339920948617,64
3799,26.534786385532655,-2.5695077868990914,-0.2828162924778681,-52.50184051086602,67
3800,15.615369698166988,-7.532206951533192,2.1485326603080233,2.873563218390805,74
3801,-4.339691770693053,-4.049329501915708,-31.983344927154413,-6.057635175282234,73
3802,22.85923753665689,-14.158758959881709,-22.947692820256542,7.192982456140351,62
3803,6.811594202898551,0.35929951690821227,-14.545855379188712,6.022991317108962,53
3804,21.14698934330218,3.902470849198723,-43.04556574690281,-12.516178508044165,99
3805,7.7569947996777255,18.431490989630525,21.991785018100806,12.777777777777779,43
3806,12.050714814359587,5.0639601662847715,-2.0891490572759888,-27.192780337941628,65
3807,-2.921501081340505,11.73611111111111,1.8119217383923276,-3.304469365981255,86
3808,-7.580023591928354,9.421221146020589,-6.484366426226891,-6.3438786595541155,91
3809,-22.11019056737809,-5.69515306122449,-27.42286907428207,-61.05676940300263,104
3810,14.531590413943356,0.5374001452432839,5.465949820788531,37.58948447291563,45
3811,4.548745173745173,-47.85890145130525,-23.144622357794628,2.7777777777777786,82
3812,-12.202139064606145,18.094920126170123,20.463526587295988,-16.93196188471085,88
3813,3.6183724708314875,-61.256983592976496,9.196314541142128,-25.118756573140043,75
3814,4.62962962962963,12.19298245614035,17.77382393884729,7.981283422459894,48
3815,-15.171744528064583,24.62962962962963,6.161236424394319,18.08641975308642,66
3816,7.6559714795008915,-7.274978466838931,-0.8333333333333321,-4.9430199430199435,46
3817,-6.913580246913579,9.166666666666668,18.333333333333332,8.787878787878789,34
3818,31.21079689899066,24.399082387128136,-25.08219706679181,2.8987699132889695,64
3819,0.38595099078970185,-27.61780467142308,-3.3555072159411434,-5.457234976032062,98
3820,-3.749999999999999,-6.136131612014143,4.9342105263157885,-9.870294370978364,66
3821,-0.7671957671957665,28.358010587736295,6.478293976886134,-0.1246170983013073,69
3822,13.086419753086421,-22.152300255053312,2.545864427860697,-19.26188743167414,70
3823,-31.609620745676807,5.681818181818182,19.829335242869078,6.602564102564102,57
3824,12.038712921065862,20.0,-32.77914570713755,-6.618273325590398,63
3825,13.205128205128204,9.649063855876252,-1.0317460317460316,0.0,40
3826,-44.373144849501195,7.908708296491412,-31.771667574325605,12.745737356222572,100
3827,16.22735507246377,25.387538820830624,31.746031746031747,6.263754696725712,54
3828,-27.042719562069404,1.4880952380952381,1.851851851851852,-24.368790175115244,75
3829,3.896103896103896,14.877559035167732,12.503192848020435,-0.4334668194864637,56
3830,6.476964769647697,-3.562050157444893,12.000069906270761,-2.2703318398518806,62
3831,3.4027777777777777,29.04624242859537,-3.7692138779095297,6.3113604488078545,52
3832,-3.852241297581126,-2.533555088702144,-1.6165413533834585,3.408348085767441,75
3833,13.299664807017747,0.039713373046706746,-16.47359078893935,2.8857630008525152,66
3834,-27.926897818998505,8.977496113174887,2.5070218650073457,12.818048114407514,73
3835,-3.1535947712418295,13.205128205128204,10.0,27.38095238095238,35
3836,8.830077086656033,-27.66871797662088,-33.56021307281658,3.710965063424082,97
3837,10.867346938775512,-36.90761784511785,-3.730348005750398,2.2522522522522523,52
3838,0.9489620764130571,6.960359901536375,-7.089111585192212,-24.275078908737022,79
3839,-63.88463076614571,0.5103764204844711,-71.55487742169085,-2.787740271917487,132
3840,-25.00153278385445,-4.771171478488552,-6.377643953756365,-6.019483276279789,86
3841,-9.39102564102564,1.2799043062200963,26.791279636107223,-3.015873015873016,50
3842,-1.3768115942028984,-22.474747474747474,8.075123851437933,12.976190476190474,53
3843,-7.911243161667607,7.845988309349779,-10.770826085885654,-24.53955510556783,81
3844,1.8115942028985508,-22.3760176585254,-6.91242498038885,-3.557449494949494,60
3845,-9.749281509387867,14.336419753086423,-27.89376363363999,27.367042707493958,73
3846,9.043102335785264,24.84996359557229,3.445581131003126,-38.23934971289866,62
3847,0.7673778599255605,-62.47307259652841,1.2587835452285265,-24.030133071561124,97
3848,8.16193853427896,-61.36418089248278,-36.6677347547565,27.60625728504008,80
3849,3.288201160541586,-30.473975042927336,-18.59207196735801,-4.869698803654536,70
3850,1.7460317460317465,19.445488721804512,-9.0625,10.718131646251178,45
3851,-0.808080808080808,-50.558015320823664,-1.0467205750224617,-0.8690330477356181,56
3852,-7.807017543859649,-3.16780621785881,-53.939738794170296,7.450980392156863,70
3853,14.133597883597883,6.526627559236256,15.952380952380953,-42.48444628450521,74
3854,10.070546737213405,5.78760212218859,-15.30042270531401,9.308361391694726,60
3855,-4.326295205655665,-30.472612003380856,-21.55042305571733,9.117647058823529,92
3856,19.166666666666668,2.010582010582011,-17.681535768557524,6.574281298710387,56
3857,-19.44517635921165,-3.621141929965458,2.3532995953502116,-11.76197458455523,78
3858,6.617647058823531,8.086419753086421,14.531590413943356,19.970760233918128,38
3859,-1.853162409376454,-1.8942577030812302,-2.0370370370370363,-36.24041836807794,66
3860,-36.804431290730484,-8.936802791291955,-1.2558974851190987,7.248096981055235,78
3861,-56.24258388256523,6.6744301395268595,3.5653835653835664,-6.7028707243375845,88
3862,5.357142857142858,4.881154499151104,9.385964912280702,16.06366459627329,39
3863,-16.78301257434322,27.553475935828878,-27.880456831424688,1.3700918964076862,66
3864,4.62962962962963,10.169753086419753,7.476232917409389,10.816170861937453,40
3865,-14.391025641025642,1.0461760461760459,36.37126400644369,-16.618104118104117,80
3866,-1.6093032957863982,-2.5490964583482274,7.311922534430025,22.080293987621573,52
3867,7.500000000000002,8.586681349839246,2.525252525252525,8.268294397862505,49
3868,-33.51133949302445,-69.03504432223696,7.362341480720437,12.591165435110906,97
3869,-28.005172413646584,-19.59610230169441,-13.253968253968253,-16.969867429906866,81
3870,-0.7520410047005797,-9.71014492753623,-0.8498396528956798,9.283907833069785,59
3871,5.412658705341633,-4.392020697167756,7.273717567835217,15.71212527564217,56
3872,-3.648094075435484,-18.352007469654527,-5.512820512820514,24.01459212634908,67
3873,2.639835715127338,7.44861758277651,5.03003003003003,0.0,44
3874,-37.94202513310064,-1.8439644147009897,-16.35487528344671,-6.984452401119066,70
3875,3.0715388007054685,-23.015873015873016,-2.674402891794194,8.333333333333334,47
3876,2.646028310989948,5.0,1.564039408866996,16.691919191919194,43
3877,9.74765974765975,0.0,-1.9137172957206925,-21.88856817446326,67
3878,-10.999301774537017,12.180735930735931,7.688172043010753,1.9112174375332271,67
3879,6.736111111111111,7.472384665367123,-2.2222222222222214,-32.756826506826506,57
3880,7.252252252252252,18.993506493506494,-18.99585921325052,2.605820105820106,43
3881,-1.6216216216216224,-13.750722814930464,-21.072107429362227,-35.30337396467522,78
3882,-4.91453460656359,5.654761904761905,4.11764705882353,-15.659722222222221,60
3883,6.39228494812577,19.18887315568142,-8.580765639589169,4.828042328042329,47
3884,-11.497747747747747,8.757176629517055,-33.15567262258438,2.5986575225451105,69
3885,-34.26695980411679,2.1367521367521363,25.217847826367688,-10.076807576807576,70
3886,-16.948813368821458,-47.22222222222222,3.9682539682539684,27.25088865955739,62
3887,7.192982456140351,0.0,7.976190476190476,-28.78667876687842,41
3888,25.669658497241567,4.153439153439155,28.24862832535467,-9.661327994661328,60
3889,16.839945280437757,2.7386449225529708,0.17795279366106698,-15.69921926002246,69
3890,7.794413007014785,-15.774016604931203,-5.441236273159819,30.88792329892212,95
3891,12.016022432689098,12.329803286599038,19.507550146495383,-1.6481557658028247,51
3892,3.48745608256478,19.190236748376282,27.90901545803507,7.136752136752136,43
3893,-5.275682922741746,0.7825854700854702,-18.120941743803492,-29.309823320876475,83
3894,-6.057692307692307,0.8092948717948718,-2.549019607843137,0.9569926560594244,53
3895,27.486095399698343,-23.376651057507228,-8.80142282594458,3.5987404408457033,65
3896,-36.93734732950419,-12.520428615479494,8.17489114658926,-5.984504913076341,56
3897,-4.7742950663047425,-16.699940845903576,-15.484562588966249,2.5200666951025643,80
3898,-29.06302115253599,-5.354808938552779,19.57132723867876,-8.971626034674623,92
3899,7.873563218390805,6.571853713326582,-15.179460434768314,24.87901134169319,67
3900,-13.518518518518517,8.655660377358492,-20.029239766081872,1.7919533499243663,53
3901,15.225999451759122,-21.502533085194376,6.283068783068783,21.633986928104576,51
3902,15.656108597285067,2.9761904761904763,11.164038078999717,27.083333333333332,40
3903,8.123725661535707,-11.917362026057678,4.517704517704518,13.217877632839269,50
3904,-13.106869184455391,4.380698266786975,-1.0802469135802462,-17.328334495853674,64
3905,0.9180068226120863,-23.749245161227257,-23.580765639589167,-28.57809025381489,63
3906,5.0,-4.572829131652661,27.03252032520325,-17.409867172675522,41
3907,-9.275069393914894,-10.707671957671959,24.62401306094591,-30.159932659932657,57
3908,11.944444444444445,13.431841636176003,12.646989872468119,17.368657453730798,49
3909,12.48563167727096,7.486432527557543,12.05098418934897,-34.71861471861472,63
3910,-8.106060606060606,8.333333333333334,-30.21960041995159,13.623178316160775,53
3911,22.888388493227204,-24.823958573958574,-25.9549386397467,16.87429854096521,67
3912,6.986551030668677,14.978177850518275,29.431453264102604,-7.559405996905994,55
3913,-46.61390841906069,-19.874184529356945,-42.765908477310035,-17.79754672660632,99
3914,32.473035439137135,-10.34923618570235,12.367936847103515,-14.217585247593915,59
3915,25.422058588516663,13.801427965254268,7.988380537400146,10.68482482227223,52
3916,4.947247445052076,23.333333333333332,-1.5468639887244535,10.50590445517982,55
3917,7.029266405179804,-8.34357398873528,9.777455249153363,9.901960784313726,54
3918,20.079426746093414,7.777777777777779,21.76691729323308,14.901960784313726,35
3919,9.385964912280702,0.0,-36.4690907647564,-1.5277777777777777,48
3920,-34.93344628937752,-23.93276326780163,8.970286885245901,5.864197530864198,66
3921,-12.352315001568732,2.339087622127728,25.907215771196128,-28.806256812194878,78
3922,-22.0061482417672,3.2051282051282044,13.670033670033671,-3.2539682539682535,55
3923,6.206896551724139,20.032647482091367,3.3414233871899786,14.531590413943356,47
3924,16.944444444444446,20.131072631072634,8.405142947825874,10.0,45
3925,8.956253045903715,2.92025113741915,-17.291160875547277,-11.463223317044513,74
3926,-3.421052631578947,10.864004692786207,-13.155423585789798,5.416666666666668,54
3927,0.8446511535756409,-41.034943481041296,-33.00201897769372,14.806698098618014,93
3928,22.604166666666668,3.9682539682539684,13.472222222222221,9.901960784313726,32
3929,-0.5391024678628833,16.872865877172686,-7.625627175666081,-52.94006379348713,92
3930,4.376325998666424,8.09659113250754,-17.014931624337443,-4.995899319616999,79
3931,28.66442927241475,2.314814814814815,8.205128205128204,-6.398358585858586,38
3932,5.398110661268555,24.053544494720967,17.896505376344084,-24.967567835214894,52
3933,-2.6378446115288217,8.922111480251015,-2.8055278055278046,12.252252252252251,45
3934,18.85565052231719,-8.77644034680563,-46.22938070257803,21.262626262626263,66
3935,-1.2722901533822222,1.192512713168881,12.352941176470589,6.380775657091448,70
3936,7.6907429165653785,-28.5113401679529,1.851851851851852,5.3952446247657,67
3937,10.300538833147527,10.404473658150131,-2.0014094432699068,12.192982456140351,56
3938,20.82516339869281,-2.1347898133612406,5.076551332033789,-11.031746031746032,50
3939,-32.56729787431543,23.370098039215687,2.0403523728331923,-2.807017543859649,51
3940,19.849204986541455,15.0,-40.47737606241442,-2.126436781609195,60
3941,12.362155388471178,25.0,-2.826617826617827,7.427213309566251,35
3942,6.583917953780967,-2.613216422639173,7.613006886875663,-15.64459492177625,84
3943,5.064132857259542,5.5207814381201485,-11.245600804424335,-9.960163652024118,57
3944,10.457516339869281,13.787878787878789,17.472384665367123,-0.24455489972731215,46
3945,-3.0572329575952786,-8.869112547778041,-79.6632557610302,15.138888888888888,77
3946,-15.46741440402781,-11.541907166907166,-5.254237288135593,-11.114971465125638,73
3947,3.6231884057971016,7.569661447286574,9.119318181818183,7.873563218390805,55
3948,2.487816764132554,3.9309914891310243,2.3809523809523814,11.561035290874,48
3949,-19.999540997632465,1.2041353708020384,7.873563218390805,1.3113604488078545,57
3950,-13.730319388214125,-8.670953229776758,-3.3873208297550392,20.363671871556626,71
3951,-7.181410996172593,13.500914235369523,-2.967720685111989,15.6724093001163,89
3952,-5.043167866544849,-2.782660751410752,4.535290006988121,-4.676131322094054,65
3953,0.0,13.072358072358071,-24.109203609887604,11.387911780841645,46
3954,-9.60891812865497,-5.211438314600672,10.787037037037036,-32.224475997295464,62
3955,-7.807017543859649,-12.857142857142856,16.7756494546285,-8.756427829816332,69
3956,-10.65372646566101,2.695824706694272,-16.164609856470317,-16.11779378118758,93
3957,5.525838601130224,21.602564102564102,-8.7217523968289,-6.129785247432306,52
3958,-11.053412349439482,-9.881059921710326,1.010494623381268,15.0,55
3959,25.668934240362812,21.638217164532954,10.771265771265771,1.2274172953460543,49
3960,13.383921246923709,-17.448094898986383,11.36574074074074,9.740918803418804,67
3961,3.86645123253302,-40.21713279366041,-37.874680961535425,19.97744629226694,111
3962,-37.74756703039902,-16.55054644808743,2.3839392387779483,2.11689145677816,66
3963,25.809294871794872,13.417508417508419,17.548522354363175,7.638888888888889,45
3964,0.2981511355105404,12.679738562091504,-31.38702547012006,7.473314309871062,108
3965,-6.895845863237167,-28.4640522875817,-14.37201143083496,-17.383141660620794,78
3966,-35.87226430976431,6.025120038764813,8.205128205128204,-5.389822595704949,54
3967,3.2562915647972765,10.357142857142858,-39.56982546065006,9.034679133133768,79
3968,6.599886331344132,16.89733834354998,-0.8067763937981498,-57.24685057845672,71
3969,25.0,7.121898074849909,6.489580439709684,-79.68361997898143,71
3970,6.4026792750197,11.515151515151516,-46.195162485812894,16.725985563212667,78
3971,-25.033197795338175,-1.1191158141463173,-67.70575369201111,-36.88920855871559,116
3972,-15.085825027685493,19.90580847723705,-1.74011174011174,2.907960983252606,49
3973,-8.341073608930751,-27.406471500926976,-35.87643678160919,-26.21323180421332,98
3974,21.343184616841906,10.875440658049353,-4.315497344653496,13.36734693877551,55
3975,-14.228620494761094,11.881881881881881,-24.79545508264771,-6.39545995106441,72
3976,8.977372670146533,-15.536638744473303,-26.317591144514083,-0.8749311239685169,86
3977,6.578947368421055,-34.98080346743869,-27.146147577423875,2.450980392156863,66
3978,14.531590413943356,-22.68120207321659,11.993006993006993,4.850442408581944,47
3979,10.0,8.968253968253968,15.0,-1.7948717948717956,33
3980,1.6226486114158933,1.7691319684073314,5.836896100540875,15.978906714200834,51
3981,26.514798905005165,-48.263587032966285,-1.0338882214418774,10.0,69
3982,8.525149190110827,6.419234360410831,16.638217164532954,10.059523809523808,40
3983,-32.233007205568846,-1.2348942355118,9.50755014649538,5.0,65
3984,21.161236424394318,-12.011619462599853,10.0,15.858585858585858,38
3985,7.083333333333334,-42.27270749009879,5.0,19.83560090702948,49
3986,-5.251661918328585,-11.599069718264765,-0.1388888888888884,15.59947299077734,56
3987,12.590793409562407,-7.023809523809524,9.066248079405975,-3.062015503875969,51
3988,21.93798449612403,15.156476383656909,11.418485237483955,10.895597608030867,43
3989,25.12024570470103,-4.219054580896685,22.583886170686746,4.906204109546878,52
3990,9.454316905598969,3.8034188034188032,14.934048818207744,10.400883838383837,67
3991,-17.325401626672047,-0.6810631229235877,25.976648579107597,-21.52777777777778,61
3992,20.518714605401918,8.472222222222221,15.008710801393729,7.998590556730092,46
3993,8.459851551956815,14.588293650793652,-1.7188275286355932,-22.657563025210084,64
3994,4.795825237001708,3.5091607565011813,0.07171387073347946,0.31821188071188167,48
3995,9.176493710691826,-31.048714357537886,-49.50636394908841,9.032957562835934,66
3996,-5.292131294808363,-5.053148922733074,-30.95959595959596,-8.759196378041878,71
3997,-2.8319475938523553,8.765461631803522,-7.316561844863731,-27.71453230315999,74
3998,10.595626585900552,-43.81273114060936,-24.812697706114328,17.2686066064308,104
3999,-3.584995251661919,10.074786324786324,5.508470472980027,-10.610794997204733,66
4000,-36.49082076156117,15.868488809665282,-16.73700047219735,4.548408057179988,75
4001,-0.34371489238495423,-2.628205128205128,7.291666666666666,4.58994708994709,56
4002,12.032520325203253,-6.9979911156381736,7.873563218390805,4.498106060606061,45
4003,15.648148148148149,17.984901277584203,9.797149122807017,-0.17467415816228815,42
4004,5.0,5.0,16.375661375661377,3.08641975308642,31
4005,18.444949703734324,-47.08112874779541,-7.7974168678009015,6.488095238095238,59
4006,9.126409017713366,10.413943355119827,-13.909750046785948,20.454545454545457,50
4007,2.873563218390805,-9.862117138331973,-29.197129777164857,-17.321428571428573,76
4008,-0.3763865573878409,0.7569551117938236,16.93798449612403,22.703917599428436,43
4009,27.985196780032602,-3.7745098039215685,-27.02545230102321,12.252252252252251,80
4010,3.2671957671957674,-24.923705979936983,-14.870423202983535,-2.9166666666666665,59
4011,15.903005238673245,10.284917199878837,11.22050622050622,4.492347891004107,74
4012,-26.54500152906504,14.236379236379236,-23.960063038165597,-12.430166325419332,85
4013,4.901960784313726,10.243055555555557,-6.794871794871796,32.96426197741987,42
4014,10.0,-10.873015873015872,-6.691923607468283,12.748424415091083,46
4015,11.851851851851851,23.6231884057971,-2.7842377260981905,30.759165723208685,47
4016,-6.0470674756389045,12.785987958401751,1.867725983836535,14.617888150496846,61
4017,19.385964912280702,-13.059413580246911,28.863366571699903,8.968253968253968,54
4018,8.674095607235142,-8.424332380656466,30.913028717481627,-48.29106624864889,86
4019,6.425954754191954,22.589474444313154,22.300201153907892,7.545299886048117,59
4020,3.4878615456239643,-12.162698412698413,9.385964912280702,8.483050490923748,64
4021,23.136809558173965,19.68379446640316,-12.807017543859649,0.6432643979577648,56
4022,-17.23803993255997,5.0,-14.012443935717593,-3.798043326345213,55
4023,-8.413795049019358,-15.785992759676969,-17.508373377268963,8.674213057252022,98
4024,-4.6701388888888875,-34.02104558055311,-8.189873774406664,6.301103437326347,68
4025,10.338672005338672,24.825059005538968,-5.788690476190475,7.380952380952381,47
4026,23.457242453721328,-9.045237494333307,-121.82984114554127,-5.260642135642136,74
4027,15.282551617138084,6.244913879072809,31.870939903382,-4.732261765730324,83
4028,-39.65807987433533,6.811594202898551,-23.1657848324515,10.251756360994976,65
4029,3.2825203252032535,10.22844272844273,18.687932437932435,23.438211825155708,52
4030,18.23678242671871,2.1367521367521363,-3.015873015873016,12.388518054976128,51
4031,-6.247516145057128,12.989210661624455,12.506755328539636,13.573235061330301,63
4032,10.0,-7.0428924842494265,5.265633821474646,3.086419753086421,49
4033,-2.168541624798433,-27.13791309781715,-9.219296490259222,-1.1726778767056905,82
4034,9.240861400921078,21.197559115179253,-2.610234926955357,-19.521360538517403,64
4035,-15.26906697638405,18.58107695222033,5.0,-3.3488464101282673,58
4036,11.117724867724867,-2.2582743277943673,10.365853658536585,0.30122693867434513,57
4037,13.940259046851041,29.115752808526672,2.727292509901206,0.0,63
4038,19.220897661390136,27.537576372649717,19.435976628959086,11.311360448807854,49
4039,-4.510893810970314,-16.128393283565696,-1.4161994477984017,-2.7170868347338932,66
4040,11.41434719304862,-20.784653998124316,-0.42579121879196324,-30.52705677969026,82
4041,8.446275946275946,6.638217164532954,-26.267672051985777,12.646711892854952,62
4042,16.916954116620413,-3.1636926096894733,-46.60360370672816,7.615635997988939,80
4043,21.77304964539007,8.787878787878789,5.501443001443001,-7.735983135160671,47
4044,-10.937115924382478,-19.590452200111717,19.353960693271425,-10.379508339827181,86
4045,-27.70391912188202,-19.78855175871411,11.609694237130515,27.485153524010634,76
4046,-10.767800698801981,5.570818070818071,2.7651515151515156,-9.625224120656014,60
4047,14.077715278466098,-13.130745320275466,20.82208809864899,-67.4854858381721,97
4048,-0.7744972186563968,-5.098039215686274,2.0402298850574727,1.2273550724637685,43
4049,-30.8507771510168,-8.134357762017336,13.075794711824125,22.811614260473785,81
4050,-27.106030543530544,21.126126126126128,-10.476337007407457,-43.921620268029834,74
4051,6.16883116883117,-20.7744972186564,19.363973410208185,0.47772988505747094,49
4052,4.41753091897288,-45.78506491466237,9.693849413677,2.7589326096788787,80
4053,12.175819984744471,11.206896551724139,14.520383041888419,-0.5402663652304969,47
4054,16.54320987654321,-17.15090894657458,4.8611111111111125,-33.864607614607614,54
4055,11.448412698412696,-28.88298827814957,1.371471665589313,6.700680272108844,52
4056,14.776773477918251,-8.550924742785208,4.8717948717948705,1.7460317460317465,52
4057,13.800073418070022,-1.2121212121212115,0.9754150702426565,0.9105867032696313,51
4058,-2.023778734305048,14.538647776183646,8.831923890063425,-17.22222222222222,47
4059,-0.37037037037037024,30.09425194909066,20.0,3.086419753086421,46
4060,-16.11783524669187,-9.597441042704494,-15.733161065241264,-5.46467220809326,92
4061,-4.858748869054995,-0.8538388138816795,18.716165759894487,-24.85741737754185,86
4062,4.860609988046271,7.252252252252252,10.121653414336341,-10.081727135298564,54
4063,16.613744751616608,7.410394265232976,4.62962962962963,3.3659991594815817,57
4064,-11.692114771323158,-25.349404982766757,-0.3773247121459349,-1.6670032902551313,85
4065,-59.802993666722706,15.995481127060076,-9.625861891607833,30.526315789473685,84
4066,-6.174492945326277,4.573934837092732,10.0,10.475040257648953,45
4067,-11.572640752207315,-12.281360300753285,-6.244646006550768,19.770114942528735,58
4068,-36.05028862663902,7.450980392156863,-0.37637630374425335,15.322748747949545,90
4069,-2.9156819882626333,5.0,11.130125661375663,-10.422837396521606,67
4070,8.24555749170055,8.115536920568367,-0.8333333333333321,0.3985201818019153,59
4071,-39.68903562653563,16.341158621036996,13.05442866801893,-10.053489949438895,63
4072,12.850682908822444,20.0,-4.309413580246912,-14.240059457450762,44
4073,-0.3226388152858739,11.386113456546893,11.313131313131315,5.071447397984221,56
4074,16.30341247686394,5.81605087419041,0.2884615384615383,29.166666666666668,45
4075,-22.685700837098764,9.995608256477823,-22.02817650186071,-2.2015135165649657,80
4076,-2.899898212965363,-9.368762484965055,6.712723628190738,2.512077294685991,62
4077,-5.692455784221657,-11.413488943235155,-20.706683695189444,-7.87057716246803,81
4078,4.252842257410364,9.960718294051627,0.48963745042176465,-5.175075820237112,54
4079,-4.814814814814815,21.666666666666668,10.607315389924086,6.959456314295025,50
4080,9.194009240188485,-9.414414414414413,11.004140786749483,-20.979733327480822,65
4081,3.57762102706491,12.010582010582011,-7.818605006105006,10.0,48
4082,-3.990423698500959,-13.394823761114745,-6.134028950530263,11.589307934416635,75
4083,13.462578638017234,-17.474747474747474,-62.2568079102709,-16.889620336067843,76
4084,-95.85149871914578,-24.819879781960246,7.57936507936508,17.111839175054314,94
4085,4.673239107226383,0.03086419753086478,14.62962962962963,-2.311827956989248,48
4086,12.450980392156863,13.05921534182404,1.4814814814814818,-4.190705128205129,49
4087,7.777777777777779,-17.99287551277821,-2.206912722056715,-0.5367629786234431,56
4088,-50.085058119925286,5.0,7.873563218390805,26.54320987654321,54
4089,12.21677559912854,13.403441071123998,15.580357142857142,-23.398189950732164,56
4090,5.653563915242353,15.562133944486888,10.430351735383182,-1.2292609351432886,65
4091,-7.395833333333333,6.5586419753086425,11.42152471420764,2.0402298850574723,46
4092,-18.069465718811774,21.435185185185183,-8.611859728419322,-15.059037334879887,72
4093,10.0,0.0314379352527987,32.66974547147985,2.098008697157791,61
4094,2.604166666666667,-1.6258169934640527,14.906083543594056,1.5476190476190488,41
4095,-2.5324675324675323,-48.36620994808326,11.703447665010405,-4.599670608763569,90
4096,-10.261883014542589,13.3659850326517,-10.125373833242282,3.870214752567694,74
4097,21.161236424394318,-6.666666666666666,10.0,7.259528130671507,38
4098,22.618010167029777,-13.200663349917079,1.721124946113878,-12.316982534373837,67
4099,-40.643274853801174,1.937984496124031,-11.885052138564864,8.953279424977538,54
4100,7.8389874468305845,24.37721631205674,7.270940435902074,-5.697075089089607,47
4101,3.0604222821203955,-35.713530655391125,3.954451345755694,-7.2382903699361725,67
4102,11.14506408624056,4.439927732610661,4.389838556505223,-1.3750985027580769,49
4103,17.48052212848159,11.60264105642257,7.239510702145065,7.620184291738223,62
4104,-42.5,12.083333333333334,-3.263888888888889,0.9854303402690507,51
4105,14.724828017510944,18.205128205128204,-2.1264367816091956,11.845330312822572,45
4106,11.496751624187906,12.380952380952381,-15.606060606060606,4.347864611022507,44
4107,16.61278143768797,10.94284188034188,-0.8823529411764703,-20.620063645425965,73
4108,11.105006105006105,11.851851851851851,19.833948971396374,7.3751696225100485,56
4109,-3.6469984066445242,-9.289071883906727,10.912243059198385,7.352941176470589,89
4110,-3.0555555555555554,0.6264838556505234,10.978260869565219,-24.30985717087286,62
4111,13.086419753086421,-3.3435739887352787,-16.94125159642401,-18.66959064327485,54
4112,-3.90001935733643,0.8243429454863218,13.086419753086421,1.3211951447245571,46
4113,12.604166666666668,9.62962962962963,12.06756206756207,13.787878787878789,36
4114,-7.61150209403739,13.780734516028634,-9.137806637806637,-2.4529249378418663,56
4115,3.6733392055520917,16.17619133481629,10.714285714285715,30.125052213868003,54
4116,-17.596370193898483,15.160748984278396,-4.484489400484023,-26.216876893091406,76
4117,3.6898395721925143,-16.730769230769234,10.416666666666668,-24.94322019587977,57
4118,13.327228327228326,15.856873822975519,24.299593330085003,-11.67394681109305,75
4119,1.6962377946120586,-9.716324455196707,2.8250017955900324,-3.387093651814233,72
4120,-11.626984126984127,26.37990778857652,5.139571456314404,-24.88487819370172,63
4121,-71.15168322953262,-10.945993223714655,7.292851345747327,-12.19273345222993,99
4122,23.955319748002676,-21.680118394114338,2.314814814814815,10.499810531930638,54
4123,-30.066525086396446,5.694113677859806,3.4209085933223857,-25.02403846153846,73
4124,-2.735399796813411,-18.81276795873069,-10.737400211084422,18.036716370049703,82
4125,22.08061002178649,-2.311827956989247,-17.60344593677927,21.86192658175417,48
4126,-96.77225397048107,14.914529914529915,-13.581656286761511,1.124408040279373,116
4127,-0.7542870690993504,9.119318181818183,-10.847897129866439,-2.0195786647992517,65
4128,18.642367994610478,-24.800260705327197,4.004576659038902,-32.47974161368,72
4129,-16.371832358674464,-3.4677134288874445,13.276858723287294,21.212741506859153,52
4130,3.3333333333333335,13.436791383219955,5.0,-44.1750414031918,51
4131,-21.58742864758698,5.3661173666883855,-132.76971865546207,-30.92164173981413,108
4132,-5.098039215686274,-2.2464402427637715,4.62962962962963,13.8474025974026,47
4133,29.940424295263004,-7.023809523809524,15.0,24.214078996687693,37
4134,7.136752136752136,11.92455127938999,-7.165242165242166,-11.654641654641654,47
4135,-11.750899523720388,28.548075925526902,7.71604938271605,8.03928928928929,54
4136,-2.845117845117845,3.2051282051282044,-28.380146375160322,28.197945845414363,76
4137,-0.803303303303303,10.853174603174603,12.447220864559576,8.205128205128204,44
4138,-15.091745438075916,-17.039505368381185,-27.740542828428573,-9.406955045339211,90
4139,-17.432753177130333,-34.899547255234864,-60.53634229664297,-2.2865897700881197,102
4140,-82.30816911422234,-24.28259895806225,22.136752136752136,-101.8074483313415,126
4141,2.590132827324479,25.507712588985257,-7.6895326895326885,1.8034700823794738,71
4142,13.275877128336145,7.0074289405684755,-8.582044047845933,-11.231155303035768,66
4143,0.0,1.5676141257536607,-9.951854766432772,-36.30202947637158,53
4144,-11.225571050132451,-0.103542700521156,11.599378881987578,7.364830955963187,77
4145,3.9098017821422077,8.820894761387237,19.265873015873016,2.862327267089172,56
4146,14.740918803418804,11.662149954832882,-8.715463696723067,2.301537117713589,50
4147,15.654761904761905,-15.153765611082685,8.623188405797102,-3.9788781979920422,58
4148,7.032520325203253,30.63973063973064,14.070166859847385,8.46070154515687,45
4149,6.804025701547339,9.429364411952688,14.51178038292376,-23.506493506493506,68
4150,-0.8407605466428993,13.339513039179337,6.736111111111111,-10.569650083984698,55
4151,3.0750418831814184,14.75062176514082,2.01804745922393,-39.0683527158937,66
4152,8.070768537299976,-10.13888888888889,-20.917340249393714,8.374183006535947,61
4153,0.0,-1.783435706854521,1.2559038053388356,-18.141609425316936,76
4154,2.5031928480204346,-24.554754147145452,2.380952380952381,22.19818376068376,60
4155,-21.51815260677803,-65.44794164827667,-1.5843234155621726,-40.30445811412978,114
4156,-15.02923976608187,8.086419753086421,-2.0370370370370368,-12.622351001711465,51
4157,12.873563218390805,-26.15183781769682,14.303497861704816,3.8816807855391033,67
4158,0.3284659639642846,8.447282421740626,13.787878787878789,-4.652515818510441,57
4159,-36.25755546487254,-12.763987391646967,-59.82819180788086,-14.75367991980871,110
4160,20.0,-3.731894147607342,11.956521739130435,26.07312036023461,52
4161,-1.0074225191657369,-1.3425594245985195,8.495065789473685,9.901738473167047,69
4162,0.2918077198776938,8.817125828620085,-24.08363723225954,7.160669191919192,77
4163,-87.49455472368629,11.06974992220894,-24.890193520330506,0.8491780192479386,92
4164,2.44861758277651,-18.658673207551267,6.1111111111111125,0.0,54
4165,2.314814814814815,7.399346481503095,12.525252525252526,8.25336279292862,52
4166,3.6231884057971016,6.240803621958123,-24.608087959179088,3.3343836385608188,66
4167,-46.226472374013355,1.54320987654321,-60.435286391168745,-28.664173843405315,90
4168,2.192982456140351,-6.492303992303992,16.283068783068785,-31.400578676793508,49
4169,20.70436507936508,18.475926239084135,-21.71294604798441,2.604166666666667,48
4170,12.136752136752136,-2.9910609821324092,19.114467522855772,-18.980512675014623,71
4171,-6.578682755153345,7.688172043010753,-24.150359874044085,-25.283105130252103,78
4172,-47.22634513517036,1.0072310509922928,-13.777735913356565,-80.70515401439785,131
4173,-44.60837653018398,-16.04100609535392,-5.880681818181818,-1.1553316249710943,92
4174,-50.12873934744371,16.700680272108844,-22.16269841269841,5.008169934640522,65
4175,14.373959373959375,-5.892909038070328,18.96579427273425,13.585164835164832,54
4176,-38.69066336441918,9.539400786752482,-12.965544160512712,13.440549615892591,73
4177,7.416170661524992,7.038712921065862,19.557772850455777,-82.84860081677706,87
4178,3.180641821946171,-0.4816654641269422,-5.0747282608695645,-8.393114821686249,68
4179,9.31377482555019,13.492063492063494,-8.01470588235294,-3.015873015873016,45
4180,11.201956673654788,-45.0887917818091,-37.05382208142509,17.512637226001083,89
4181,12.880289722394988,2.1399756074678686,11.88316227875862,-5.460496652357119,77
4182,-24.612827112827112,0.5393260195089469,2.450980392156863,3.6231884057971016,52
4183,13.333333333333334,-20.391926008444248,16.986814927991396,-13.123885181577785,91
4184,14.131844395002291,10.923202614379084,17.083333333333332,31.392045454545457,40
4185,-5.9121355397951145,-1.113470827365814,10.40426645955443,-3.4010900096171413,56
4186,11.507177033492825,-21.305628388465195,-0.9809476882647596,-32.1953452655207,70
4187,-38.03941131235274,7.683761904698984,7.739441930618401,-18.858469955221725,90
4188,-6.810247747747748,-12.561265805849958,-14.60224767921391,-14.490658216148411,79
4189,-0.2413403905941216,-16.356739074130378,-17.2682905583465,-1.9537937489725032,67
4190,12.135668276972623,6.622636622636623,-10.396561850546668,-6.459451401311867,56
4191,14.39153439153439,-0.6140350877192979,18.529492256672786,6.493506493506494,45
4192,-100.32558617394919,-4.898783215628747,-17.96334141730452,14.381509012241592,99
4193,-2.126436781609195,-13.302540281822559,22.770999520315527,8.545925462383535,56
4194,7.777777777777779,-8.975937880496282,14.502468778784568,23.826969384244926,51
4195,-45.653972569771,-42.508640050082114,9.016750627257803,4.741533738551032,105
4196,2.032520325203252,22.091032101530423,8.260963945343907,6.323949408404733,60
4197,3.3769024446115523,13.269307723089236,-0.1515151515151505,-35.73199380216924,61
4198,11.78513695755075,-0.9497751570922288,9.56664954383007,22.035054458942046,61
4199,-26.08789313882637,10.0,18.16266857620241,-1.9465186605146028,57
4200,8.789836347975882,19.74924012158055,23.66223432719596,3.8194749506294503,47
4201,-5.279307631785995,-4.872072372072372,-7.248712616359675,2.2522522522522523,49
4202,1.7096081588835217,-3.6753271128271114,4.081632653061225,24.96915015457215,51
4203,1.7866161616161627,4.204825813172512,-46.10468075985318,7.500096948826532,66
4204,2.5544384420434847,-3.5354080068774216,-15.085926803678735,0.1631450271253838,79
4205,0.19551544982225888,2.443604460258671,8.303941141674061,7.48001998001998,61
4206,7.328605200945626,9.413645534509133,-18.106511544011543,-5.7636207636207635,59
4207,7.719298245614036,25.147328735342846,9.472942100378383,7.536884411884412,52
4208,5.142081736909322,-0.9664716408137446,11.712962962962964,26.558873549419765,56
4209,-47.38466462101985,13.634279957864072,-10.685390432679455,3.2227024260451937,77
4210,0.0,9.166666666666668,-3.338557993730406,12.71604938271605,36
4211,-37.80114812723508,5.7875457875457865,-7.908989036715408,-90.87670677253105,108
4212,-3.2562220290415014,-2.311827956989247,21.578947368421055,4.464285714285715,41
4213,-87.95009561215844,3.3783783783783785,-2.960090018913548,0.17897897838196797,84
4214,28.530414865001333,1.0741687979539645,2.0325203252032527,-22.023809523809526,49
4215,2.692743764172336,-30.668255541117293,-2.889425237703997,-32.367958509443326,93
4216,5.893246187363834,2.525252525252525,-13.17738791423002,2.094713737758098,53
4217,17.647527910685806,-17.48942852377158,28.258963258963263,-9.699223472042945,66
4218,-5.726407522073156,3.205128205128205,4.720692368214005,-6.031746031746032,42
4219,-30.924771447340753,7.082827172410774,-5.426322043969101,-1.0196173986163637,82
4220,13.09228412489282,1.0092741172595994,-9.442614551310204,-10.931537598204265,59
4221,-3.7644047517997064,-18.055555555555554,18.171776070004142,-3.9484126984126977,65
4222,-26.93295745270411,6.082251082251082,-6.126518376966499,-34.15869738657926,90
4223,-3.565198072911514,-2.222222222222222,6.110578948311868,-24.84191130930261,67
4224,11.770833333333336,8.584643848288621,-21.52777777777778,0.9194411825990778,51
4225,-1.2121212121212115,17.892741344186575,4.62962962962963,8.197501500682748,57
4226,12.358835121993017,13.831923890063425,4.832451499118166,30.118348338457036,48
4227,-3.6031953171912603,-3.8396057347670256,-27.207544553082307,7.92487684729064,60
4228,9.166666666666668,16.66214995483288,13.975086738731513,-13.63131479730942,52
4229,-5.116548140956986,16.41711229946524,-15.590784777267881,7.128425452380747,55
4230,11.445444168639678,-12.94754814538316,-19.874363640504242,2.9629629629629632,74
4231,-4.3993700445313335,9.901960784313726,24.300296972250372,-24.256000917558797,71
4232,-44.72667656916383,-73.89668303593741,-10.976397679324894,18.318830879071847,83
4233,-31.084749323526516,11.700680272108844,-1.0317460317460316,10.449030473702951,74
4234,-25.0,3.08641975308642,7.002314814814817,-1.3544310096034224,43
4235,-2.311827956989247,10.261405570330055,8.084107626790555,-0.27130277130277136,54
4236,9.166666666666668,0.34188034188034155,8.417508417508419,-24.811621966794377,41
4237,-26.012984639629376,-6.7487515655869155,17.309368191721134,-20.15902435282346,106
4238,-18.1598158131177,-20.12987012987013,-0.1688316320164467,-19.497941824148302,71
4239,-13.6692573450199,-41.6474277383797,-0.38622526636225274,-24.39761741064823,89
4240,-9.513778987463198,5.894969098750614,-6.913580246913579,-27.76358395855251,65
4241,1.9882298756772845,17.44066393098517,-6.284444049796637,7.796439495078381,75
4242,6.461344416773844,-43.72095300545725,-20.44061078071314,1.8218159065628474,97
4243,6.764069264069265,-12.472426470588236,-69.41736826980994,-21.123294346978557,91
4244,-17.61904761904762,13.787878787878789,11.485351232691658,1.7125931118936872,51
4245,-11.470151693068022,-13.038262589895602,-2.491622466438325,13.959057546008252,106
4246,6.1900548894987715,13.205128205128204,-2.422977593293999,-5.191834309481369,54
4247,-2.1652421652421654,-23.972764698933272,-10.210186638758067,5.0,65
4248,8.891372743831761,-27.15667282500613,-8.299319727891156,-6.42416225749559,77
4249,-5.5097273451101145,-39.78076558298035,6.36002886002886,-46.636811757786056,85
4250,0.0,7.873563218390805,10.525232528909,19.911179960199572,40
4251,0.2884615384615383,8.252818035426731,21.984126984126984,11.543180868838766,42
4252,-22.349753857336374,-12.521434491596843,4.179267913127311,-13.272185092360532,60
4253,-11.121812313672777,10.0,1.481481481481481,-7.706849477682809,58
4254,27.03049753743408,-31.568168934240358,6.725769175213058,1.54320987654321,59
4255,19.643962848297214,10.773809523809524,21.984126984126984,0.7661583151779237,42
4256,-19.1995504941503,1.3282148608235564,18.35813492063492,-7.276846390623482,70
4257,-38.361669080471756,-17.078027017094364,3.100896393579321,2.397179788484138,110
4258,-1.7554302422723471,4.344919786096257,21.0737509216825,7.777777777777779,47
4259,12.16374269005848,-5.718482905982907,3.9551697583510066,9.831932773109244,48
4260,12.36215538847118,18.6231884057971,3.9682539682539684,-11.449706219535244,55
4261,-23.791829660517628,-14.106037151702786,-52.39188131024684,1.2722058193640748,105
4262,11.937984496124031,8.236117330944916,-25.636807579532036,9.247147979937006,67
4263,7.873563218390805,25.56092843326886,-6.527777777777778,-23.233082706766915,47
4264,16.237816764132553,-1.3905306015235088,-5.426065162907268,4.542151162790698,50
4265,2.6408440801086535,12.743319101834283,-12.581829733977344,-3.0269791893375912,81
4266,11.756799493991146,-5.434089620572726,5.639730639730641,25.902673080872162,61
4267,12.572278864277799,2.9761904761904763,-10.856868574259877,-3.6375783739336,54
4268,10.092592592592593,18.205128205128204,0.46013371023466654,-2.7983067424659205,44
4269,25.00133386688009,-27.16495218777166,3.757176629517055,-8.229166666666664,51
4270,17.455211398980396,17.133352705435087,1.704819352340989,12.976190476190474,50
4271,16.764069264069263,25.303030303030305,27.73671861907156,10.0,33
4272,11.080581153101729,-69.2809783895026,-2.458066460726035,-8.759316176717734,101
4273,-12.150789012273524,18.497937411944505,-11.819077066398297,-4.3735647412117995,77
4274,25.421865715983365,-7.892183388506917,5.608974358974358,-9.810744810744811,51
4275,9.567067067067068,13.955573627832404,20.672528958533015,-19.82198364615506,70
4276,5.634920634920634,-0.33775254660720133,16.572327044025158,-3.8396057347670247,55
4277,17.866665874261084,6.436781609195402,-24.361436412856524,-10.718596589198976,77
4278,1.1590145576707727,-1.2622392507449978,5.550108932461875,-7.863247863247864,47
4279,1.8525144106539457,3.33994708994709,-54.95110582876541,-0.6671019289414062,85
4280,-0.3537788523368919,-75.42139093787631,-41.934604952329956,-15.907534763306252,93
4281,-71.6772231038877,16.11483705532953,5.548387357366231,8.472222222222221,71
4282,-14.955286879995258,-6.1653677160546465,0.15010622547387342,1.9411021984551406,74
4283,23.466266437964553,6.700680272108844,-2.7832244008714593,-37.18500657838893,53
4284,17.425494826810617,8.472222222222221,10.0,9.573175202523718,54
4285,9.49367427628297,6.984126984126984,-23.38293650793651,21.666666666666668,51
4286,25.92941771570288,8.06382339913749,-26.86315010759316,-4.414414414414414,76
4287,24.969197469197468,-5.311004784688994,1.6356949283778572,4.901960784313726,50
4288,5.0,0.34801248617038105,5.55766951531408,-12.222222222222221,51
4289,16.800863363363366,11.093538298020913,-6.518805627332759,1.1051697628109363,70
4290,-29.406839281956806,-2.8632478632478637,20.893300248138956,0.5014430014430014,58
4291,-4.6925772965795804,0.2768859562059447,-5.506706581267984,-8.728071304183716,68
4292,-22.9578488372093,26.81159420289855,5.816170861937453,2.2870359245464384,46
4293,11.206896551724139,-23.189781702590054,0.0,-8.981481481481481,47
4294,17.05467372134039,7.503192848020435,7.688172043010753,-5.791226008617312,38
4295,-47.301085400840606,12.083333333333334,-42.56413131243232,17.52088554720134,79
4296,-43.40458476876333,-12.053411110817203,-10.491452991452991,-57.09874445428275,112
4297,13.663446054750402,9.29216981848561,2.2522522522522523,-31.491428843907208,47
4298,6.42205418521208,17.976190476190474,28.87456547371457,2.258165175785315,56
4299,25.382133899136857,-37.09244835786441,-2.1816261501557404,-22.143871014894522,82
4300,17.161156385962588,7.525252525252526,-7.5889328063241095,11.021505376344088,43
4301,2.7779880017731684,22.590845562543677,3.3288166214995485,-5.479670986691026,53
4302,-9.582003849597282,12.117841244903303,-27.56643004497944,16.515829308106113,78
4303,8.618709954361337,31.033655886597067,-12.447508133952752,-9.670582828477565,68
4304,27.803373874802446,3.7457912457912466,-23.413955516638694,5.456349206349206,49
4305,21.42387557894413,-25.89531129002765,0.2967208230366125,-9.935167540209555,83
4306,-52.47084731749292,-24.180226799802327,-3.9420641268995418,-17.30491197526875,105
4307,-18.439105114555375,-39.45480335428722,-20.38527020983161,3.221434997750789,88
4308,1.9444444444444446,-6.527777777777778,16.700680272108844,3.3806066181424885,49
4309,10.15873015873016,-11.40580589309809,13.016335543806342,-8.272439105772438,71
4310,14.732878658709861,-18.655685709257135,-80.28046433748187,7.340272322597539,79
4311,25.56893687707641,22.525252525252526,3.7586390217969177,1.3503734827264235,43
4312,8.310291174874507,7.723412065517332,-3.9120900076277643,-4.160539215686273,64
4313,12.688172043010752,19.068627450980394,-14.02848186249919,10.0,44
4314,10.883289415898112,14.223646723646723,5.0,-13.137135195958725,47
4315,-12.481336319522208,11.58775914279059,-5.382996632996632,23.438295546138683,56
4316,-6.67680354250934,-4.807966217300592,1.5151515151515151,6.388888888888889,71
4317,-4.5828933330738035,3.086419753086421,4.62962962962963,8.472222222222221,49
4318,22.136752136752136,17.873563218390803,2.688172043010753,-17.28395061728395,39
4319,-39.03890824622532,17.525252525252526,5.0,2.7777777777777786,45
4320,10.056980056980056,-13.308080808080806,17.527017899358327,13.101851851851851,47
4321,-114.1751192520733,1.1261261261261262,-19.936795850972143,-26.330431877474588,92
4322,-26.0660766806322,-25.833333333333332,-24.587003463266488,-10.17843267843268,79
4323,-15.0,9.115853658536587,-13.403997962821492,13.205128205128204,45
4324,6.258986258986261,3.029255636211097,5.0,8.787878787878789,60
4325,11.721981721981724,-8.449224386724385,28.132698768197088,2.4888695315524587,47
4326,-10.484399261023402,-16.274458893304395,18.578040980715407,3.1771968046477848,93
4327,2.910447761194032,-0.8359392112252522,1.7797634464301124,-53.194764464925754,67
4328,-7.279908982836196,5.026655443322111,15.717333283310747,-0.22249522249522258,81
4329,7.525252525252525,13.331690135972728,-44.846852346852344,22.02687249857061,53
4330,28.714243339708222,7.216775599128541,12.203670024414603,-4.436569157817404,54
4331,-4.41482128982129,-12.763216845878137,24.587732528909,10.223120694818807,55
4332,17.453864851688635,-58.87214428892657,7.6888604353393095,0.31915445028330414,83
4333,-5.649801587301587,-11.490839243498819,4.0781578281578295,11.851851851851851,49
4334,-11.294074631666485,-52.5058583014377,15.018767590774313,11.106811473875496,86
4335,-0.11516854682987387,-59.420828799908875,11.22735507246377,-26.527991615563714,101
4336,3.7824954543220795,8.509160756501181,7.175925925925927,1.9841269841269842,52
4337,34.5145056871513,-34.13032041171827,31.260329891393226,-22.91477868893894,86
4338,-2.05026455026455,-14.80448455017774,1.9170770511010262,-11.748737373737374,61
4339,13.036881419234362,-8.353868353868354,7.873563218390805,-6.666666666666666,45
4340,22.849210987726476,-7.413632119514473,-6.959946794986231,-7.339857116071949,59
4341,9.888068038312836,16.561791383219955,-2.3856276581660203,-31.06442577030812,59
4342,5.296717171717173,-4.498556998556999,15.634920634920636,6.6382171645329535,50
4343,26.700680272108844,9.158496732026144,18.582427536231886,6.124414041080708,49
4344,14.62962962962963,20.537400145243286,15.0,4.166666666666668,34
4345,5.938003220611916,-2.0238095238095237,7.590132827324478,23.205128205128204,37
4346,-8.484262650929315,16.525401146544525,17.311804172416316,19.219687621268086,67
4347,18.859479892088586,7.380952380952381,10.143112701252235,40.99224847271816,46
4348,20.980392156862745,-13.274959742351047,-34.824430255661255,-30.223418511130767,85
4349,-29.907407407407405,10.283816425120772,-8.20409982174688,3.205128205128205,47
4350,-18.532372298512897,9.156057689724662,7.962962962962964,28.086419753086417,59
4351,-24.98357963875205,7.450980392156863,12.17833092833093,4.1208791208791204,56
4352,-10.146077754773406,7.811791383219955,-33.53715998260624,7.406217286865199,88
4353,6.752044252044254,-7.493872549019606,-14.986700560807645,-29.584876616886078,70
4354,-38.25241662683767,-25.041512891436614,17.679738562091504,-5.001899120838409,83
4355,10.820399113082042,22.525252525252526,21.208143384279524,3.7014991181657857,43
4356,-5.106481024324412,8.337860048233852,6.834799085075005,0.06912442396313345,66
4357,15.611672278338947,24.816216066216064,-3.7236590038314175,11.989981266297058,52
4358,8.787878787878789,-9.900932400932401,8.472222222222221,-8.899432073774177,45
4359,-22.555046387856866,12.886671883150758,-46.98909222732301,-7.7383553925065485,96
4360,10.0,6.572420634920635,11.07869142351901,7.352941176470589,35
4361,-83.2299792729868,-39.30980948455432,11.561048679045284,-51.733288284574016,127
4362,4.664593880695577,4.581912475134982,-45.5975900567759,4.5109768617231305,70
4363,10.0,12.282913165266107,-23.05668318022316,-12.005745864441515,63
4364,-48.293079463258216,-2.234370370604214,-8.88888888888889,-10.491551459293392,84
4365,-23.51218470546292,-41.89449763487421,1.212155180335565,-3.015873015873016,75
4366,9.667755991285404,11.764069264069263,5.059966914805624,10.665204678362572,39
4367,-4.989684644857059,5.0,22.96005887011855,2.525252525252525,54
4368,-14.754540796223193,1.3750199076286038,12.604166666666668,-8.873632202471054,73
4369,3.6231884057971016,19.484126984126984,2.4074074074074083,-4.708994708994709,42
4370,-16.007858542591872,-9.21596685564971,-8.072169059011163,-53.27462306202058,99
4371,-19.19934640522876,-15.831955467372135,2.834757834757834,-30.849417287996562,81
4372,-23.093238747982067,22.624834656084655,11.488095238095237,-60.70652935407034,64
4373,14.345885076096735,-7.5974951759395095,-4.675925925925927,6.220506220506221,73
4374,-6.701425692126448,-19.975595750789548,-25.902878422257672,2.380952380952381,65
4375,5.0,9.497863247863247,3.2070707070707094,6.862760749255003,51
4376,14.737484737484738,19.967193300526635,-27.319288372860772,10.8569847020934,63
4377,7.282913165266107,16.148440931049628,2.722337722337723,-13.13645048892885,45
4378,-20.206185471373516,-8.476743930653104,9.419020807450321,-17.672591834007697,78
4379,-19.007936507936506,5.506678061709506,-0.1789428934569255,-33.237349830182254,85
4380,6.481481481481483,-23.83503401360544,-14.711538461538462,20.081557428535532,56
4381,11.469298245614036,16.842494089834513,26.52110912091983,2.2714590864367983,64
4382,2.3615542163929275,-0.2507598784194527,-1.2558234926655967,24.151660664265705,49
4383,7.465836980356039,9.725415070242654,-1.3768115942028984,10.710803507162908,58
4384,6.569872712147621,16.3969844161101,11.474287828338884,-33.00791138228402,69
4385,-43.385472596984215,3.4070365734946453,-13.965018332473436,-29.378306878306876,90
4386,-0.38775160311037915,-20.249189951163096,-92.20291944900143,11.228300684036762,101
4387,-8.605002542435287,-11.308760251884191,-141.09676271440978,16.395994867627955,116
4388,10.535080535080535,6.076388888888888,4.435107376283847,-31.83457544505639,60
4389,19.81649069884364,5.580357142857142,11.984126984126984,-9.07557354925776,44
4390,-28.902737047898338,-2.2390288678854917,5.586080586080586,-1.2734599194088654,56
4391,-53.66340214517184,-12.742061139882004,-9.735488334819927,13.472222222222221,85
4392,-4.908862719812311,-3.655913978494624,-28.606301106301103,11.144471677559913,69
4393,-14.10719987228608,-1.1791637453004835,17.907049709565637,-6.7328487459056845,74
4394,-18.90941408967756,-12.218812301748189,19.224030037546935,-22.002908661206128,93
4395,7.4062259176506515,16.302083333333332,-9.074675324675326,-26.22079329031333,71
4396,19.901960784313726,-14.47500403695416,-108.42047659935554,16.755926785919048,113
4397,27.135757080610023,17.38095238095238,12.8519846772763,7.301587301587302,42
4398,2.16374269005848,6.971500721500722,-25.892905783416047,11.054082490709568,73
4399,-19.436917800196333,-12.236641472574973,-15.401863911525489,17.211432960280888,70
4400,7.321582379721916,5.0,-21.950609358441344,27.468772463039784,67
4401,3.526026818709745,9.65848965848966,27.491108039812488,10.47008547008547,55
4402,4.801268992445464,5.0925925925925934,12.136752136752136,-22.165242165242166,45
4403,7.688172043010752,12.605820105820106,7.371794871794872,22.38095238095238,35
4404,-6.567460317460317,6.794276935092695,-0.9971865526222725,9.826652435167617,63
4405,17.41106719367589,2.4865482725523314,-8.337850045167118,-16.487725524992605,50
4406,7.314814814814815,7.604166666666667,7.450980392156863,3.027360066833751,39
4407,-18.838794339198614,-1.2031065034402069,28.174603174603174,15.938393964709757,63
4408,-3.333333333333333,-10.01685519591479,-7.3502955967992785,-4.97977498883296,60
4409,22.950083542188803,10.0,-47.405344115383556,15.02078218365677,57
4410,15.374199387357285,-12.018365848022707,-4.026369185620956,10.0,55
4411,-5.2899557649295845,-1.9410618002460382,26.161236424394318,9.787784679089027,61
4412,-7.17189479074029,-20.820253954311926,13.333333333333334,-24.733261089370615,74
4413,3.9682539682539684,16.99013157894737,2.777777777777778,5.0,33
4414,27.05237737851234,24.901960784313726,-2.0014094432699068,-5.833236820078926,57
4415,-50.783032187201705,-6.808812016146058,23.479981232692207,-10.652143816684355,117
4416,-4.860847564832384,-16.91358024691358,29.368628183618284,7.117446393762185,52
4417,0.20467564585211662,18.47222222222222,9.62962962962963,6.993006993006993,40
4418,7.688172043010753,-6.212121212121211,-5.337995337995338,-2.0238095238095237,41
4419,9.385964912280702,1.9841269841269842,-0.3984619210002833,-0.9722222222222219,45
4420,-45.41587288566906,-19.78540409819014,8.968253968253968,-20.891912320483748,80
4421,7.8963240985641345,-4.762747748659254,-66.26094265045455,-27.525938169166697,111
4422,8.876321553071921,4.256782422907438,-9.337471941638606,-32.76873572972863,65
4423,-38.885573553092726,-9.0625,4.901960784313726,20.5923749971369,55
4424,-20.77822644006507,0.0,-29.52101547689783,-75.44269420769272,112
4425,11.040958049886623,-9.592968928007291,19.82310752003112,2.855031147714075,60
4426,-13.440931049626702,-3.2126629866880165,20.208333333333332,-8.295762503079574,80
4427,-14.111847868084507,25.706521739130434,12.688172043010752,12.771164296001551,61
4428,-25.824120140040538,8.948252688172044,1.5656160968660975,-55.902977080158905,69
4429,10.477729885057471,6.5720232968294985,3.6231884057971016,16.515594541910332,47
4430,-8.596276304882988,-44.20229495306894,-13.27763566324462,1.8364041192306044,79
4431,2.2522522522522515,7.261278495137894,-17.766203703703702,-1.8814599483204115,52
4432,-10.285858108021968,-39.15791479523594,17.221019721019722,-1.8360785715595167,84
4433,-14.002525252525253,-11.53230954745354,4.62962962962963,-6.794871794871796,54
4434,-14.440093979117162,25.527255480976578,0.04814523356722833,-14.46729638284106,72
4435,15.288643235071806,2.1367521367521363,4.672299027137736,6.177599246211999,51
4436,-1.5277777777777777,-4.905714034570657,3.8359788359788363,-24.794410672070246,58
4437,-10.833333333333332,7.103386666903562,10.871212121212123,1.7054871084542296,48
4438,-1.2694331614476804,4.901960784313726,6.984126984126984,5.8933002481389565,45
4439,30.100250626566414,5.0,27.72405223554649,0.0,35
4440,21.75424192665572,9.274891774891776,6.700680272108844,-23.72193065996175,60
4441,-15.391421974083265,6.104651162790698,9.225502781343604,5.0,47
4442,-18.264866381068952,5.2287581699346415,10.436495700140473,-21.764705882352942,50
4443,11.054554889628236,-6.968442185833489,16.985294117647058,10.0,53
4444,19.82094226579521,23.975530118803885,10.923202614379084,-27.647135149534286,80
4445,-41.8413172622131,5.995749848208865,-5.512820512820514,-14.729516660903904,68
4446,-17.62105204400601,1.1603942652329744,20.13813012132249,-19.22274079532144,70
4447,19.385964912280702,7.688172043010753,-0.6305114638447966,25.899435531788473,38
4448,16.41125360174608,-10.013514650512189,1.3596491228070189,-11.794871794871796,53
4449,-37.45442304943079,7.065608212953588,-15.157087097314802,10.586459511085332,86
4450,21.893939393939394,-26.596954096954097,-1.3742022752473844,2.320731681167346,70
4451,-9.434419008461228,-56.98476233106672,-3.16080929282933,-69.6420853162045,143
4452,20.795261032452682,31.095628322885503,20.922621146406318,12.362155388471178,51
4453,22.099378266749653,-16.969074622583395,10.32382650029709,7.843858328772121,61
4454,23.27932098765432,-11.543948719838813,11.934481109516978,-4.5025130532376885,54
4455,11.537536456639408,2.8112908794361715,1.9112989539818819,-15.31398811447681,63
4456,-19.20469853214418,1.2362209416651855,-26.193659483637845,9.62962962962963,70
4457,-2.16504669334858,4.7612002058529015,3.3576670646397324,-32.549019607843135,68
4458,2.427757427757428,12.427213309566252,12.836714241663362,-3.6299081035923138,47
4459,-30.93931794000193,13.564427722036417,4.62962962962963,16.666666666666668,50
4460,-67.33598908616794,-8.606406725461742,28.121746877229334,23.931629559054883,89
4461,20.360205831903947,-1.7411718398560505,-2.0365388579283055,9.186507936507937,53
4462,-11.845724864840307,6.008122729820843,-4.6571487136751655,-19.422247466756808,94
4463,13.087474120082813,-17.50028024247441,12.226996061582529,5.818721946172927,61
4464,5.144927536231885,6.227355072463769,-8.154160654160654,6.132956913356189,58
4465,14.381307195081456,11.9530103908102,1.689261031366295,16.44326646200709,61
4466,-12.394859482121982,-3.055555555555557,3.215838945005613,3.4722222222222214,66
4467,3.6231884057971016,-12.126436781609195,11.937984496124031,8.512116741283409,44
4468,-61.03442593161506,-9.280456040795283,-20.957567072778883,-29.416517532396284,114
4469,-2.474747474747475,4.385964912280702,15.125634981726826,6.984126984126984,49
4470,7.083333333333332,13.096584787761257,9.356725146198832,10.291005291005291,40
4471,-3.566971989911057,-137.2283551417755,9.031223758569388,6.480905617734263,93
4472,14.631841040509771,8.23164619530148,8.787878787878789,2.2522522522522523,49
4473,-22.369709648276245,-68.19477801314984,6.344086021505376,6.388888888888889,66
4474,8.787878787878789,8.68371144735622,4.2363792363792365,12.967887912740856,47
4475,6.696600106659783,7.317801672640382,11.38888888888889,-38.97140675157916,61
4476,22.86033570516329,-4.002525252525253,12.106817720929222,17.688172043010752,60
4477,2.450980392156863,-4.94047619047619,12.917456930614824,15.558712121212125,42
4478,24.279457002543698,-83.16126216573825,-20.986276455026456,6.700680272108844,67
4479,11.488095238095237,-52.8808975072386,7.688172043010753,31.045238992525594,61
4480,-60.219785885642565,-8.48076654949595,-28.741072479174584,17.328478890675363,119
4481,28.86836693697969,3.3333333333333335,12.04940137505927,9.62962962962963,41
4482,16.57773386034256,-6.182132427439059,3.9975902475902476,22.877759365854605,56
4483,2.517526066688019,7.055074555074556,19.39664867296446,14.441984679176329,46
4484,20.86007130124777,6.425934746368183,3.7878787878787885,3.8296946547051687,55
4485,-6.400573497606377,29.2255027813436,5.439360929557009,18.287037037037038,45
4486,3.3115709587066933,6.779621494559848,-48.33901120665827,-18.03819301111897,93
4487,33.1951594781276,-8.932640542875362,-19.692781835375794,3.4722222222222223,77
4488,-0.15849086973518922,-70.83641373125138,-7.280745750089224,-44.01548904395204,131
4489,-14.993369328407692,9.068462401795735,-11.011342845217829,-30.121957360734452,75
4490,-3.2763532763532783,10.138339920948617,15.776921173793173,-49.331856773717234,58
4491,32.092706802343514,6.181586444744339,18.62753147235906,6.8438279567146,57
4492,-13.123743898937697,-19.259967876039305,22.136752136752136,0.6395824642554047,72
4493,-6.412037037037036,7.154882154882156,-5.6987871222503,1.5645908428326618,63
4494,2.2797763173065855,20.632033063016546,-6.396102848855289,-1.7471819645732687,79
4495,0.8933002481389583,4.960018086665322,-2.0238095238095237,-19.047201037025854,60
4496,16.011586452762923,-2.2207709909322797,-13.047466742435294,3.979101386742558,68
4497,17.874608291274956,21.197559115179253,16.839945280437757,6.645096344762642,46
4498,5.858585858585858,-2.7477477477477485,16.249054460792248,-5.0196408529741845,51
4499,-5.2842377260981905,7.884593502873072,-22.12856659491229,18.849075907490544,95
4500,-13.431628717183028,1.1253289194465665,-10.082805355343716,4.305601908060925,70
4501,-3.677258414100519,19.252799310938848,31.052621806298276,15.487112688464348,43
4502,-4.776828110161443,14.147992530345475,12.14674758792406,0.6073153899240857,43
4503,-10.548702921266637,5.611672278338947,1.5511940511940523,5.0,48
4504,0.07315223959561523,18.25333168963985,-40.87052974096163,11.344086021505376,69
4505,8.205128205128204,-33.477282950967165,0.0,-16.45750254124638,50
4506,-12.606744899100336,8.205128205128204,-51.59090909090909,12.136752136752136,61
4507,15.409290945820628,-0.685355165546671,7.9720772717689234,-10.385073480735208,83
4508,-9.601549914165526,-5.729166666666666,-3.3133512988322416,-1.2780460419141058,61
4509,7.450285213443111,19.642857142857146,8.787878787878789,16.743150210642472,50
4510,-1.0662157572912712,0.7303807303807299,5.18837803320562,19.461221688400823,47
4511,32.87507443399892,25.181692242114238,-3.6761429718086056,13.497466914805624,51
4512,-29.14800175669741,18.25716110198869,-9.947536654853726,3.269230769230769,61
4513,-20.65437286025521,7.873563218390805,7.713434955393244,4.370847812373828,66
4514,8.929093567251462,-16.919191919191917,-18.52673818549548,-14.613519591272649,71
4515,13.81135305296921,-0.43446530702902386,0.18925518925518903,4.608585858585858,62
4516,-18.57639175352235,16.349206349206348,6.158197671355568,-9.682539682539682,60
4517,-6.689311594202897,-5.064102564102564,0.6915470572470994,20.511463844797177,54
4518,-9.318191044533755,15.897435897435898,9.520612546928337,4.396338500370799,76
4519,22.05467372134039,-3.5348798293216714,25.568478583667403,-25.77953653623774,89
4520,5.467372134038801,0.3240740740740735,-47.30344294860424,8.436791383219955,55
4521,3.624080945509518,12.38634424118295,-20.098039215686274,5.396238051187172,50
4522,23.92645971914265,0.15873015873015994,9.44606887589344,8.269653052261749,44
4523,9.41297208538588,19.917194644656284,-17.297359950381846,-0.6140350877192979,58
4524,-24.143383746807082,-1.3243075007780885,-17.455322455322456,10.075446351258538,71
4525,10.741303613644039,-3.9136680313150913,3.8931764507422386,2.097062747307545,64
4526,11.879377296997436,-12.797899116614538,4.300108932461875,-38.4337991988854,67
4527,-37.96796700376277,-45.32145013802623,-42.0309438201595,3.9351650208042965,108
4528,22.604166666666668,0.17300194931773927,27.495369944813827,7.178661714665774,46
4529,4.901960784313726,-5.511803011803012,5.05952380952381,-22.22222222222222,46
4530,-29.633109544390255,10.138339920948617,21.71112229557762,12.380952380952381,85
4531,-13.524486947091678,12.688172043010752,7.154882154882155,-1.8534850349243217,74
4532,-15.141142663962137,11.766917293233083,17.8046547344793,31.461320817884808,53
4533,-20.709836609526565,-74.54608297215005,6.9966523194643715,4.587732528908999,86
4534,-28.2172567365067,-2.1764852635070167,-22.4391296904193,13.652877915855498,67
4535,2.351712614870511,0.0,-22.054612054612054,8.973665223665224,50
4536,-9.39103661478089,-24.34985145377826,-7.395833333333333,3.787878787878789,78
4537,-2.4831887883358466,22.03252032520325,5.0,-12.549019607843137,41
4538,24.960317460317462,17.40740740740741,10.665204678362572,1.4935064935064943,42
4539,-2.1570757917675145,10.0,-0.0771142262917639,2.7777777777777786,65
4540,10.517127799736496,17.757616487455195,-6.447368421052631,-5.1328652618642305,48
4541,18.991976639498276,10.0,0.0,3.333333333333334,41
4542,11.642880495339513,-35.07305963142035,-6.031746031746032,5.0,66
4543,18.02109687961206,-4.129024289205809,6.568627450980393,-2.7404718693284935,64
4544,-38.93293564297851,-20.845214154037688,11.814033861447653,-1.0317460317460316,73
4545,-29.864724487740357,-20.653991290779587,0.8838123234408073,17.17508604494906,81
4546,-27.723176581872234,-48.330491021854314,3.6740956072351416,-5.37037037037037,68
4547,-0.2991364292734151,-4.799691833590138,4.002628567820527,-24.939778683722484,74
4548,3.5564540281521415,1.5784264620114614,10.314506347115046,-6.403343172961374,68
4549,22.503192848020433,2.688172043010753,-33.2786992143395,2.525252525252525,76
4550,-16.3173433709148,0.6441348469212294,-50.934549756723094,-7.43940184379256,85
4551,-17.435609463911348,-23.53616638421927,-61.98324343648215,4.57910659254704,104
4552,27.852014743801483,6.359649122807018,6.8939393939393945,-18.800304633637964,63
4553,4.009587862046878,-54.028390616218914,19.453073814689652,11.627569127569126,77
4554,-3.8594495960086626,9.821723463981286,1.8920858884957004,-5.887232814316147,82
4555,-16.646623278626677,12.670307728447264,-6.434593160935871,-3.088782562466773,49
4556,-59.87557256036998,1.382275132275133,-20.688090050835147,9.33508012455381,77
4557,17.604166666666668,12.155269166763423,-30.84599797365755,6.851851851851852,48
4558,6.638217164532954,-30.070568700705685,-3.2864450127877234,-74.41682474335913,74
4559,0.1691729323308273,-2.4399133175728918,-17.876720580705403,36.92413328967952,51
4560,-5.734391327063739,-20.31781978770215,-56.08454321121576,0.39811066126855543,83
4561,6.237816764132554,-23.434343434343432,13.374183006535947,5.008710801393729,48
4562,7.976190476190476,1.0401310401310409,-0.46568627450980316,2.3178016726403827,43
4563,5.428743961352657,-3.0250559890519315,8.968253968253968,6.613756613756614,45
4564,-1.418764823937237,9.032258064516128,-31.425664525419727,8.027070775781166,62
4565,23.607268901540372,11.700779727095517,-12.307692307692308,16.493506493506494,46
4566,2.604166666666668,-0.6336759406934835,-7.916666666666666,-1.7043239411660456,45
4567,12.63888888888889,5.401234567901236,20.924630924630925,12.154882154882156,39
4568,-14.77920227920228,19.79503838572466,-2.640110785272074,7.450980392156863,55
4569,-43.71443733496329,1.9123799411062392,-2.7613683793473536,-29.899254869636284,86
4570,1.183594764878665,16.1231884057971,-7.126149070871609,-11.732030746784593,79
4571,-3.7640548553861235,-2.6553952084512344,23.089008862741558,-0.18682018682018686,79
4572,5.902777777777779,8.403361344537815,-14.043136860503726,4.972117836520736,64
4573,22.083333333333332,-1.3768115942028984,4.006734006734007,3.086419753086421,40
4574,-4.634912897313937,-5.2683151969806925,-17.573028775383,-15.934094885663402,86
4575,-20.68287037037037,3.6231884057971016,24.685157421289354,11.060606060606062,46
4576,5.855539822348089,-15.982870152571216,5.393897996357014,-13.155049925790337,67
4577,-29.54617168467273,-0.5724242503394825,11.395227907529566,-20.405162472799454,79
4578,-23.626443689372753,9.51388888888889,-5.509745564892623,25.634920634920636,50
4579,21.330309901738474,-0.45784883720930125,12.976190476190476,-2.291591235750412,49
4580,6.225758484530415,9.67508604494906,-27.47888032063674,-50.903690066056335,76
4581,-9.48005698005698,12.253874773472367,-28.899013337531606,-17.01887832758674,81
4582,-71.6786870857708,-15.3916072836218,-1.575574793949599,-10.367695689386865,105
4583,4.0878644602048855,-10.573288778061253,-32.31297350679339,-18.71119837516995,79
4584,-3.474133302939954,13.76370216390205,-32.5354054534923,9.74310776942356,103
4585,-30.63564419994497,-22.32548609830557,6.984310501519106,-17.776181353767562,94
4586,0.053502077159366834,-72.1264367816092,-4.441073571664301,23.491455330535793,58
4587,8.421409214092142,18.140373640723183,12.472384665367123,-55.80352451027408,66
4588,-33.158182813355225,21.04131593714927,2.71604938271605,8.603469217580717,54
4589,-5.232829073050507,-39.29294013219776,27.450980392156865,3.913368913368912,81
4590,-33.8124178755065,2.6851656164933178,-33.77196849857581,-48.200149548626875,108
4591,-0.9927986346053563,-30.544539538792414,-6.112926652142336,-23.48129574410409,70
4592,-39.64070048309179,8.994190268700073,-5.939153439153438,18.046286072601863,55
4593,13.623188405797102,-7.351828499369483,5.2978574860870395,4.800777726241824,69
4594,-20.857712831397045,1.674181515283209,17.867416400025096,5.289001122334456,60
4595,-14.715315172632243,-8.03030303030303,6.736111111111111,-10.893755367439578,57
4596,-3.8609841825660625,-0.9533226606397327,0.7303807303807304,17.750044665006303,55
4597,12.346835191662777,3.8745550020059802,4.2971549621166005,24.22663358147229,54
4598,-47.77822448554156,17.81747723243887,9.46523505734032,-13.22695035460993,59
4599,-12.817727832146984,-16.885521885521886,4.660479323308273,-24.369090222218222,83
4600,24.970760233918128,11.944444444444445,3.960263592616534,15.0,38
4601,27.059808458527705,9.166666666666668,4.517704517704518,12.252252252252251,52
4602,10.0,10.607140761603002,17.75534851621808,-46.43603916789602,71
4603,-35.2281730285292,-11.49048947642298,8.729527177803039,-12.834680621008308,97
4604,16.291547958214625,-23.43238587424634,5.0,30.92367684416233,52
4605,-17.52126289937852,1.8568839968293045,-10.899470899470899,2.8888372676120735,84
4606,3.6231884057971016,-30.99393511158217,4.461221688400823,5.0,47
4607,23.17489114658926,9.799382716049383,9.965882810710397,-16.714723768295194,53
4608,6.144781144781145,6.666666666666666,-49.71312705212299,9.176493710691824,59
4609,9.077587072167018,-15.86381051898293,-32.17603421847184,-42.40769998648776,84
4610,-10.299236653725817,-42.345848595848594,-1.8832142408992867,-25.12436715826546,78
4611,23.92203623390955,8.365712976844911,4.39929663023079,24.57638405084126,85
4612,18.854816354816354,-9.024584929757344,-7.97466120835686,-11.913580246913579,52
4613,14.508902976395238,22.67741333135625,1.7361111111111107,19.79714912280702,67
4614,22.23650410244613,-27.311827956989248,-6.91358024691358,3.985333207006578,61
4615,-22.080549460686445,1.0301288749564619,9.90958694083694,5.405140451242225,81
4616,-54.583972961632526,32.670112561480956,12.500000000000002,-3.626097576757089,73
4617,12.486784950440894,-30.783874346522452,15.143284238111825,-7.935174506893967,88
4618,11.911217437533228,15.092592592592593,0.5067155067155067,2.845211350496056,49
4619,-13.936628865433622,-7.875993750943272,27.723385164662595,11.676473271300857,69
4620,8.426716189874085,21.262626262626263,-10.996187281355228,-26.652871031820215,66
4621,-2.395833333333333,12.094943240454077,9.385964912280702,-14.532627865961198,40
4622,-26.203703703703702,-11.282679738562091,-1.538912156615491,14.47975467903004,65
4623,-24.080564113802403,-29.46733091543641,-6.861932497013142,-59.257419474810774,101
4624,17.121280279175018,-28.508678098186543,9.390571483772852,8.468610881933346,84
4625,1.7361111111111107,28.326249243587956,-12.647058823529411,-34.73725660617346,69
4626,-3.086171940661105,-30.501586529264497,-11.369164512169462,1.4293886767291026,81
4627,8.009153318077804,33.87021475256769,18.950773289471396,-4.473684210526315,43
4628,16.528822055137844,-3.8095238095238093,11.294286145032416,-137.06534821289299,76
4629,-7.7453111005742565,17.287622228408566,-20.63840647224438,-29.51321415800886,77
4630,22.89876991328897,-38.23754789272031,-2.0288670942675395,13.086419753086421,58
4631,-21.83343289526085,-1.5277777777777777,-12.977721533952536,-9.388327721661053,59
4632,7.7898550724637685,0.0,1.64767708885356,3.9976958525345623,40
4633,-3.988796759838687,7.806555049559139,7.777777777777779,-10.949005799843967,69
4634,7.509920634920634,7.472384665367123,-6.558276133240263,-11.988188062749463,63
4635,10.48679592236761,4.7402597402597415,11.50361372344131,8.44845513963161,58
4636,2.791514041514042,15.436507936507937,-47.79351121663018,-3.6953599406665734,60
4637,1.278385497908534,14.265873015873016,7.583668423177979,1.666666666666667,61
4638,-48.10801027632026,-3.186059436059435,-16.629751426532692,9.285403178924229,87
4639,28.015134895501742,0.2765538773001459,12.287968327427588,6.858665970982678,68
4640,-136.72445454229398,1.7738494555686959,-19.234492391419334,14.361658456486044,113
4641,-13.782505910165483,15.48754636989931,-2.842657406764099,10.824761675584138,64
4642,-4.97075047540886,11.96636449635676,12.136752136752136,11.79047154924348,58
4643,-101.7384175717509,-65.37587657073209,1.0548523206751055,-74.94377574068497,138
4644,-16.54782272648822,8.926459719142647,-57.7752718042755,-0.967042437164066,68
4645,-3.948412698412698,4.385964912280702,3.4722222222222214,-20.383012408206206,59
4646,-8.269894153552267,-2.222222222222222,-64.05983536757553,4.870129870129871,78
4647,0.4287439613526569,6.6380718954248366,24.354952627747288,16.75422098545445,71
4648,25.298663324979117,25.87087449808595,-28.696961071271364,-12.882888716222048,73
4649,6.984126984126984,5.631038647342995,12.56415244160342,-5.073753248095352,56
4650,12.252252252252251,13.569913241945319,3.338792433620021,3.8502506265664165,52
4651,3.585662573757812,2.585268884703914,-13.382352941176471,-6.120366314605765,64
4652,1.0999806426635708,-14.601184256356667,11.225441181581536,-1.8529374426370033,58
4653,12.777777777777779,5.0,9.658197490678308,-6.0905067155067165,51
4654,17.06592535096571,0.3946512800315034,14.15861486294923,-26.927491570085525,90
4655,5.924630924630925,-8.808170415112269,-2.1685606060606055,7.032520325203253,54
4656,2.688172043010753,13.870214752567694,5.0,12.591093117408906,34
4657,-32.797141112985315,-43.19571978556949,0.8567570546737229,20.81617086193745,78
4658,16.85185185185185,14.530144130966594,-22.74691358024691,15.0,45
4659,-0.7093973739058037,-21.076391653837305,-0.5308479323932955,-66.68714168714169,84
4660,12.604166666666668,7.204914968072865,7.450980392156863,7.970608760569323,47
4661,-34.22094218674407,-5.4151155312808505,9.373338649654439,13.968253968253968,57
4662,10.456349206349206,0.2884615384615379,12.780764635603346,3.196594427244584,44
4663,-7.960590217028686,6.091617933723197,5.3365916360266645,-0.1916310249643587,62
4664,-11.104098488390214,-32.02584354061616,-20.499376354639512,-4.456379042845208,78
4665,-50.51217709305945,-27.623439362569798,-23.676050591595267,6.173708920187794,75
4666,-12.395833333333332,-5.256941334527539,14.71230523862103,-4.8239904508938185,66
4667,-20.017135642135642,3.485838779956427,-62.67759314158908,-11.37625600872456,70
4668,-17.128902303621636,7.887295898048585,-21.399765601517725,-12.551900079686849,96
4669,-24.930555555555557,-2.395833333333333,24.531590413943356,-9.669846055865698,52
4670,-16.122588105346722,3.4638047138047154,10.135871222671797,8.308438155136269,63
4671,2.9985905567300932,13.374183006535947,-15.17507582023711,21.832343892727955,57
4672,-7.768627883560171,11.704339883882293,-39.197771288605466,2.2766565014627034,70
4673,-29.13384860753282,22.679738562091504,13.205128205128204,12.316468253968253,50
4674,18.870214752567694,-7.602709075606744,7.719298245614036,-10.795883812623638,66
4675,6.302083333333334,-3.263888888888889,-15.886982953479182,11.480212639006119,66
4676,-1.9532627865961203,14.127816627816628,-7.466220348223743,-21.541780782032305,78
4677,25.67786212713749,4.385964912280702,17.19298245614035,16.240530303030305,38
4678,7.815734989648034,35.067434965766395,6.515151515151516,9.926365033524178,58
4679,11.984126984126984,27.910522078142215,-0.001202501202501427,4.914736364011727,46
4680,2.604166666666667,-10.654451696807133,-1.5262700825010853,-1.3587732929891558,62
4681,5.0,-10.833333333333332,-20.607431103754635,2.777777777777778,50
4682,8.205128205128204,4.62962962962963,17.142857142857146,27.525252525252526,33
4683,12.782793108317293,-2.9388373252470616,4.840529464329908,0.17686790152932685,76
4684,-8.421052631578947,-27.824279470242203,5.0,-8.577260055754678,58
4685,-10.0,-0.37037037037037024,20.463317500687122,-45.10896471834437,71
4686,-8.798043326345212,-31.835649957657484,39.940892011325445,-0.42875157629256044,65
4687,-13.868572792609127,-2.0238095238095237,16.73611111111111,-3.862956260497244,62
4688,4.983068557062813,-14.798695456590194,-4.4069967669820285,7.282913165266107,60
4689,13.93428055038434,-2.433004041866478,-53.830449767949766,-2.967372134038799,65
4690,-12.932521562658549,-47.97104072824769,-62.83972812724566,1.8970662744967353,100
4691,7.362155388471178,16.805555555555554,10.29233870967742,3.7878787878787885,36
4692,29.256883442655578,16.41463275871878,-15.006495943995944,10.449187041366322,68
4693,-13.693897099069513,-3.610020403588898,-15.410539215686274,-15.477547599489778,78
4694,13.756361171529196,4.3887147335423204,-39.922752869234586,-13.444278312514927,93
4695,-52.2312737301317,-9.543127884367607,-58.6137996660791,25.393567076216165,94
4696,13.581102910479222,-11.503397335777198,-5.451482479784366,3.39737696880554,64
4697,-13.233024691358025,-21.115929027113236,10.0,4.335585585585585,49
4698,-12.277346836170365,-15.207319135031305,28.095238095238095,-2.7501507379289203,75
4699,-87.50705689912884,6.712962962962964,-12.626975770658843,-6.065130570516516,91
4700,0.8673469387755106,-4.318181818181817,-0.09433962264150875,-38.4919093970818,58
4701,5.7904129393693005,4.188652091619212,15.706521739130435,-2.7477477477477477,51
4702,7.083333333333334,6.381886775733971,6.773049645390071,19.155289347357456,50
4703,-16.48621845990267,21.8818611570678,16.06366459627329,-25.404360654934578,71
4704,-14.746426395603933,-5.567516722408027,10.0,12.192982456140351,45
4705,-11.210107092898145,1.5151515151515156,19.768510685849396,6.240910157166315,58
4706,1.3700784624162488,3.1808986220750937,-2.187050355703118,11.693364993751636,88
4707,-11.27403047192331,12.83308195072901,-10.399825574540916,1.344086021505376,86
4708,18.756970154028977,-22.235154136019737,-36.68037332667364,-12.376009672274527,85
4709,5.9375,1.1612364243943194,7.472384665367123,-1.5665134912218672,46
4710,25.79096280057918,-17.409867172675522,3.0668004906880793,-44.779278910210095,74
4711,-3.068406912721525,10.174952135736449,13.714240556345818,-38.42745115181936,57
4712,2.724614566719829,-64.34194890077242,-13.638849044343912,-13.362036187265137,78
4713,-4.512632501138246,20.434111429983467,17.427341173148186,7.291666666666666,72
4714,-20.43388835168428,11.62314100906598,-27.319553501981552,7.136752136752136,75
4715,10.901116427432218,10.066259947528945,10.757972742293617,-7.553246485317725,67
4716,-4.239880189311201,-34.904069337358955,-51.04975272994198,-22.93169184096051,97
4717,-1.0044645861089796,-26.44736842105263,5.0,-33.220485200320454,69
4718,-3.9394264394264393,18.922111480251015,-18.78667876687842,7.083333333333334,48
4719,-8.499950753471879,-82.9300400715842,5.921208993964412,-10.580408353510196,97
4720,2.666837344256699,-25.398838869263358,-3.212746305418718,-16.740606305034618,69
4721,-10.127227644716761,-119.328698866744,-71.16343836879805,-6.00017711073376,120
4722,17.3205468744016,1.7006802721088439,1.937984496124031,12.425031855343297,53
4723,17.083333333333332,11.19586805070676,1.6518033184699883,13.333333333333334,45
4724,-8.723796262755876,-22.7291470505365,-6.015896509547137,-31.806293748058344,90
4725,14.373380766593646,-29.758268308257794,11.572327044025158,16.836945304437563,55
4726,9.166666666666668,-46.233295860955444,9.62962962962963,11.666666666666666,55
4727,11.832889304426304,7.604166666666667,-10.073169283619187,-1.843891402714931,63
4728,-11.835088927159443,5.0,-10.049019607843135,13.246662673746005,67
4729,-35.681266120752255,10.816170861937453,-18.949676117195303,5.687122071050643,60
4730,-5.614035087719298,5.823975571315996,-10.523303342939627,-7.819643806485912,59
4731,-7.695425840587129,11.496751624187906,-3.2870370370370368,11.984126984126984,43
4732,-0.8987600307634258,10.220678014795661,9.166666666666668,-27.58893280632411,54
4733,14.036973334101086,-12.61028704977458,1.3220623210092524,-7.037037037037036,78
4734,1.851851851851852,15.106209150326798,-28.84212747166809,8.086419753086421,51
4735,3.3053362165026265,3.9835164835164836,13.952932524361096,-23.577379410712744,53
4736,-5.0,-1.0825441287626156,-14.795108653984773,3.236551030668677,55
4737,12.873563218390805,12.988380537400147,12.525252525252526,-5.614035087719298,38
4738,-11.913580246913579,13.775252525252528,12.582956997918636,7.380952380952381,41
4739,0.7389937106918243,-16.690433749257274,-8.600209453507158,1.2020702889115675,86
4740,5.0,-11.844640525641807,10.97966847966848,-32.058119185778764,55
4741,11.175826363998409,-4.224925917638896,-2.893518518518518,6.689710072063013,61
4742,12.252252252252251,-12.078373015873016,25.832601204941632,34.922792349262934,56
4743,12.872840535146738,6.811594202898551,-9.738594429669945,2.083333333333334,50
4744,12.604166666666668,-20.37037037037037,7.777777777777779,-12.436076994900525,42
4745,-1.7124233616009006,-12.758566969093284,6.384035477363378,10.673338925775205,67
4746,-3.7802721732815496,12.469911041339614,0.3003782751844781,-45.09391645640594,59
4747,6.000774293457221,22.83730745475121,3.2051282051282044,9.21906956389715,49
4748,-31.604529905651265,24.964156871387637,9.857253086419757,-25.78783938337714,85
4749,12.474165033152307,2.314814814814815,14.959436317951502,3.08641975308642,48
4750,8.421652242986747,8.336996938243487,6.629301391596023,-5.220481803143094,71
4751,17.003721637076602,9.699453551912569,-31.003433621697255,-12.986662257495588,67
4752,14.720692368214005,14.102986385595084,12.976190476190474,21.655277176710328,63
4753,19.567067067067065,-1.7948717948717952,1.9842579015966129,14.901960784313726,37
4754,3.115317468572087,3.177714421477786,19.17307402382029,-12.002631339653096,67
4755,-10.03733522627666,0.2898550724637683,12.885632885632885,12.555570161021654,62
4756,-18.519998855541537,2.365510306686778,29.28739641102478,-24.206081081081084,65
4757,9.687500000000002,6.105252700080285,-19.998971616618675,3.4722222222222223,56
4758,17.853653211059253,-11.676832118082507,-1.546401579296315,-58.15245300493138,92
4759,13.968253968253968,11.40096618357488,6.531700643220253,9.464285714285715,45
4760,-61.17493617493618,-0.1646162869367096,-7.199113155986471,-7.277444202041288,89
4761,17.0945757220267,-2.9563492063492056,-8.286445012787723,3.0319680319680318,54
4762,5.858585858585858,4.48763262106378,-2.7585194144808756,15.996154135099369,56
4763,-20.600175967823027,5.8006535947712425,-10.74402399781608,-16.83733142379759,69
4764,-0.27930763178599527,-6.243961352657005,-3.2040998217468797,2.8490910534254184,48
4765,-19.143321763753658,-13.525664367145602,20.7997557997558,19.016321516321515,65
4766,-14.291014320959517,-6.145061514000802,-16.159784038640662,2.1940108395216757,64
4767,5.0,13.973849574161383,-37.928616917786286,13.587962962962962,65
4768,-50.524928350342265,10.22844272844273,-2.0387840670859534,-19.305079627660273,68
4769,13.503419385772325,0.3988157436433295,26.153399446082375,14.814708873633357,42
4770,-31.229646937737286,-20.0,4.748338081671415,9.642857142857142,55
4771,22.242845764351138,-10.554765291607396,-2.2871592594769936,-17.188734514586205,79
4772,-6.437541377027473,30.556804272035148,-13.18840579710145,6.766141141141141,60
4773,1.9444444444444446,10.784313725490197,21.37932116192986,-0.48721602174889966,48
4774,32.26293601293602,1.295666424162424,11.503527336860671,10.075323989244826,55
4775,2.604166666666667,0.9062384643779993,8.472222222222221,8.041004178514694,45
4776,-3.8515590689503725,-21.934863768738754,3.3333333333333335,4.62962962962963,46
4777,-14.318181818181817,-13.240673461005448,1.700680272108844,-2.7170868347338932,57
4778,8.385416666666668,3.856462738041685,-3.8075792930602397,-44.53624677308887,76
4779,-5.959051724137931,-57.03332052901372,4.763058312220263,28.09342919772645,68
4780,-16.697862772948532,-2.474747474747474,-24.18382913806255,13.844018659506634,72
4781,2.4870657797487077,7.536068677373025,13.039529914529915,-4.906737454066727,51
4782,-4.1467328570537205,3.086419753086421,-32.32302179318414,1.4880952380952381,60
4783,-51.734727410532344,-10.101986044015028,2.111481576948698,4.8765432098765435,79
4784,15.693257359924027,-0.31484257871064436,-17.79198799358816,-41.55853267285993,78
4785,16.349206349206348,10.638824590809929,-2.8632478632478637,-5.222495222495223,48
4786,10.354160526574322,-21.74718196457327,-28.106060606060606,12.461856869184455,58
4787,4.667919799498748,-24.064537652712552,4.717796146746306,16.01696302845728,82
4788,18.991276660777324,15.822746521476104,-14.033882783882783,1.9294699011680123,77
4789,3.2365510306686778,15.681808955466245,-19.61729887830124,18.92909356725146,55
4790,-28.765606374302024,4.712821009260637,8.205128205128204,9.977862574541343,64
4791,-8.476765893101955,-12.55875199019128,-13.219388072922229,-28.882181121428697,97
4792,20.235458765337135,-2.88759117340582,-4.607742380485197,10.04454926624738,62
4793,-7.936446269779601,13.934576023391813,22.732359945092867,15.228758169934641,49
4794,25.72586328400282,5.139152435167616,-9.991289198606271,11.244417494417494,43
4795,14.488949293106398,1.4281978905657136,-53.44204618749805,-85.20547474042243,108
4796,11.1431143313896,12.374987719815307,-31.42426979825354,11.007287024121391,64
4797,-6.91358024691358,13.948252688172044,-63.2279152330879,15.001333866880085,81
4798,13.060422282120395,-3.1060606060606055,7.258581636570874,-1.1086338281253263,72
4799,12.543572984749456,11.260679444979338,-12.975146198830409,-5.659722222222221,54
4800,13.472222222222221,-17.496807151979567,6.747719886235375,-30.789228357663784,66
4801,3.6231884057971016,6.911217437533227,22.77552400270453,8.086419753086421,38
4802,-31.599288075260617,-21.140520107911414,-10.793349733874807,-53.39323196580316,84
4803,-8.729960537674188,2.295482295482296,-52.58271702294473,10.22844272844273,70
4804,16.602564102564102,9.722222222222223,-0.18784512867205372,-4.4760101010101,52
4805,-15.453090253814887,13.256371118413393,-31.458331379447987,-79.47600219259661,121
4806,-5.791270892002716,-74.48275310378611,-71.10390080780698,3.3079387404281926,101
4807,5.802266081871346,16.186734934086626,-9.180351239174767,-22.083574320416425,64
4808,-7.126436781609195,8.10708898944193,27.00264507708896,-8.091742486903778,48
4809,14.540258388865034,-40.02607799007394,10.0,14.504904990570376,59
4810,15.42929292929293,6.268370144531516,4.9520505391413625,6.550687724319658,66
4811,17.442178075609235,6.344086021505376,-6.336510329161891,-53.41431793661913,74
4812,-7.378273582506992,9.540023894862605,5.439056093817998,-6.18887976646597,58
4813,12.657240102093045,9.48763262106378,-9.462599854756716,9.438339438339439,53
4814,12.19455076188759,-0.061399819987309145,-1.2121212121212115,20.087736888332127,61
4815,2.591197564360452,4.9404242952630035,-0.7740672026386317,-13.12570145903479,53
4816,3.4722222222222223,17.232998262876634,-33.188527331273114,-32.356881002829944,65
4817,-59.18722049977977,5.992063492063492,1.8363014909067543,1.4217764117459417,94
4818,7.314814814814815,14.733832129342966,-31.794871794871796,13.369026132670907,55
4819,-0.775969962453066,5.0,6.700680272108844,12.822815267668208,50
4820,0.07478632478632363,-78.24907806914024,20.350156163673063,3.597883597883598,74
4821,7.873563218390805,9.048821548821548,7.593662761345689,-1.9135802469135799,49
4822,5.075261990773464,-23.132054045757528,18.188347861491877,25.067181843497636,78
4823,-19.938826588004126,-28.451112328989566,-56.79548145336286,-30.79605374802668,98
4824,-26.00436075821738,12.314814814814815,28.392649815063606,-17.880971367813473,63
4825,-54.87058080808081,-58.786371201521206,25.856050053793847,4.8555184829694635,86
4826,20.694801026957638,-9.974536944699297,17.61658072319837,6.71800899314802,60
4827,1.3920454545454555,-4.711538461538462,2.4279656451336598,-6.527777777777778,53
4828,11.000774293457221,-20.350435189836638,13.335382319894459,2.863707360611386,81
4829,13.42093415399712,-8.47428297496697,29.03598525917367,-14.449891067538125,65
4830,-123.52893491529144,-13.26388888888889,-58.45328952049505,-4.907097208254359,119
4831,0.3988157436433295,7.801956815114709,10.024404249210452,22.385762385762387,44
4832,5.355651032342762,21.771517212104023,-12.971688429005502,-7.133481456173054,64
4833,16.168091168091166,-73.1024856988953,8.829656862745098,-1.3585434173669473,75
4834,-10.049267514023152,6.572327044025157,6.209629765470588,7.000148544266191,55
4835,9.740918803418804,14.016647309330237,-8.770085987029953,-16.035461596570425,81
4836,6.736111111111111,-8.720095693779903,-16.796360342555992,-6.829496141302378,55
4837,-5.411102563358201,14.901960784313726,-23.055555555555557,24.968534325151975,51
4838,-8.540851120902088,-11.093896747359745,22.198428575566822,22.296731046731047,78
4839,-39.09028084918178,22.57971820541342,5.012077294685991,-50.96911116049342,87
4840,-1.447368421052631,5.517127799736496,18.00563236047107,19.36484784517375,47
4841,-8.390051533433885,6.662149954832882,-24.019138755980862,6.933775741915277,52
4842,1.3696451886439056,9.032967237301603,6.60264105642257,-0.543981481481481,53
4843,27.347995518129423,1.2205062205062207,7.038712921065862,11.193490745617606,56
4844,-2.845786963434022,12.873563218390805,16.975921455088123,7.450980392156863,47
4845,0.39881574364332906,-0.21642741860625048,18.27932098765432,-5.833333333333333,54
4846,-2.619047619047619,1.6121743753322704,7.101964769647697,-46.13584124482655,67
4847,-3.478386827283262,-7.8072359656748365,-77.16716774591427,5.0,84
4848,-30.247252747252745,6.713554987212277,-3.6913448174968906,-4.318181818181817,62
4849,12.525252525252526,8.136909373253214,-5.401986379474667,12.092946984251334,69
4850,-23.920461372620032,6.666666666666666,14.86339915528482,-9.998600860808597,84
4851,5.0,6.9183436431498455,-18.14520976285682,7.032520325203253,47
4852,-19.262100087064216,-13.00986842105263,1.3095238095238102,2.3809523809523814,54
4853,-9.959470860321767,-10.793142043142044,12.450980392156863,12.495714251130096,56
4854,-16.668814338692634,-15.97511616732463,-9.086779448621554,20.071330214851265,62
4855,-33.07359555379521,-2.3856209150326793,6.811594202898551,1.696957940800305,74
4856,-9.462599854756716,22.9804843304428,-24.606481481481485,-0.3133198572988065,65
4857,-2.126436781609195,-3.1883176651627507,20.676468593135258,2.7089495510548147,57
4858,-5.0,9.901960784313726,3.0372774032194307,6.959211366538955,54
4859,-44.96766445019975,12.389162561576354,-35.79667644183773,0.5852034300310169,64
4860,-5.0,19.666889483065955,-1.5277777777777786,4.068627450980393,48
4861,0.0,10.0,15.464656335799711,-6.031746031746032,35
4862,-10.728473717787917,1.6765266951994473,-42.791070133579666,-3.502242480737102,102
4863,-14.0625,9.385964912280702,15.80543846353647,7.873563218390805,51
4864,5.0,7.380952380952381,22.25225225225225,-6.1047616974341095,37
4865,12.777777777777779,8.623188405797102,5.73038073038073,1.5740740740740744,36
4866,-112.65916608614215,12.664981027424187,-12.751336398877383,-4.35666460668207,112
4867,5.553301780482309,-2.3990492571872477,12.3015873015873,19.393860476577238,59
4868,-32.48950169681877,-6.47014277693553,-29.2840401847285,-52.699320695644225,82
4869,-49.3781983853456,12.637333398827653,-25.668046433132638,-7.0182585329818075,89
4870,8.086419753086421,4.5336330434222685,10.648148148148149,22.083333333333332,40
4871,-10.719211344211343,-3.906677179496609,-18.668357786004844,-29.914823290109332,68
4872,-49.32024203594126,23.933393196439845,-21.440897325280417,-33.49616901797504,115
4873,-11.948322714576584,-6.261293332931631,-5.737422035047851,-12.949251180861182,78
4874,-2.6800736964955636,2.604166666666667,5.2287581699346415,14.104747162022704,59
4875,-90.46273404466682,-50.863997551686666,-14.690608486294957,12.422934983175947,120
4876,5.567632850241548,31.630248305284173,7.976190476190476,10.0,41
4877,15.927710282548993,-14.243330462801476,-35.49214082237882,11.846240179573515,86
4878,9.329734592892487,-13.400621118012422,-1.5665109744057109,-2.2882495294538074,59
4879,18.25281803542673,5.0,-12.746913580246911,10.714285714285715,40
4880,-6.592736020653641,-5.793269230769231,25.932539682539684,-8.828781512605042,56
4881,9.898989898989901,-40.21136685564384,-19.334566622646882,-9.159165784267437,114
4882,-7.839678553518198,-44.627743468435646,-23.720466912740427,-5.8440020358625,104
4883,-2.7477477477477477,-23.792202235938873,-6.706612324616054,0.5753968253968269,82
4884,16.25,8.205128205128204,12.14209766841346,24.85641891891892,37
4885,-22.383329012185637,8.460757666342646,2.525252525252525,-38.010209671767555,68
4886,11.481481481481483,4.11764705882353,-6.046576879910211,11.725045787545788,51
4887,0.11799288584414924,-11.031746031746032,11.418485237483955,-2.474747474747475,47
4888,-13.228785022775595,6.870000699335064,-2.603142945950159,-24.7895422650247,99
4889,10.288461538461538,-10.976914414414413,8.231873209053736,-5.0,43
4890,1.2145691609977334,1.2874891581286931,10.0,6.976753753069544,57
4891,10.099067599067599,-18.964375759554514,14.12087912087912,0.4640072403230313,52
4892,28.226797145292572,-15.227670911498944,-45.094335783296295,-61.854326699641675,94
4893,-1.2121212121212115,14.385964912280702,10.0,17.75105183773914,38
4894,8.968253968253968,-20.741875495396627,-6.269553297855185,5.608421150133413,71
4895,-1.700310559006212,0.4292929292929295,-14.918856184996786,-84.23673641011791,84
4896,14.19988954471713,0.7599405425492383,-1.713829436727106,7.773660739762434,59
4897,2.2522522522522523,13.891494684177612,-14.852422450461669,-3.062015503875969,53
4898,10.867346938775512,-14.900932400932401,13.115536920568369,-16.500442174784283,55
4899,-43.94741061407728,-2.202380952380952,25.33853495653156,21.488095238095237,56
4900,7.032520325203253,12.451324842629191,19.901960784313726,7.33472636884799,49
4901,10.0,11.558641975308642,21.21292158593549,2.6411688911688938,53
4902,27.6478793810264,-9.507740896633189,2.6848151848151844,-60.56456646562858,82
4903,-15.764182322333768,0.9711115737549179,-2.8728070175438605,-3.1884057971014492,65
4904,11.223881634390667,-11.20865395288237,11.312532073401638,-22.737209954122807,75
4905,3.4722222222222223,12.08828491006922,24.558034660493675,-24.034175579813567,61
4906,-2.1264367816091956,10.739087301587304,-10.876509427234064,-11.718833097969501,59
4907,3.7956871345029235,3.3965563626580577,4.378371233710762,10.98086124401914,62
4908,14.385964912280702,30.906238464378,-16.302213186833185,-25.48619230173653,86
4909,-0.4618779513796305,-10.37769407825905,-7.226080246913577,-27.54310344827586,62
4910,-3.6300355220500395,8.787878787878789,3.08641975308642,10.416666666666666,42
4911,-110.70738533987864,25.3803260502186,-9.505837565378455,-4.801864309660871,86
4912,-8.883709103830732,-14.859660717863058,7.753311851056213,14.901960784313726,70
4913,-19.668964076858813,-37.72429206658205,-2.5435823309805548,-32.49680715197956,73
4914,16.046480167119704,4.7701149425287355,-4.048969198496272,6.123504152063403,75
4915,2.301587301587302,-14.797984213528888,15.717057853280764,-1.4109287834925017,60
4916,-0.45784883720930214,21.666666666666668,-30.15182310914018,9.055962810656178,50
4917,-47.89753525116761,-21.74424895765759,14.068627450980394,4.729658284196805,95
4918,-10.0,16.313131313131315,5.645912893253318,12.271659471325766,48
4919,9.104104104104103,7.5678130006673285,-13.352007469654527,1.9841269841269842,61
4920,13.205128205128204,-11.371517038350856,6.9052589234265085,-28.104778432029043,73
4921,5.997474747474747,-1.0317460317460316,7.777777777777779,13.205128205128204,36
4922,-20.988949322282657,-8.382352941176471,2.604166666666667,5.283816425120772,47
4923,-2.2791333378145224,-15.737080954472258,11.066849816849818,-1.2797619047619047,55
4924,-26.445744085247778,2.866100160185397,11.602564102564102,4.385964912280702,74
4925,1.649867263978763,11.160394265232974,6.5719702225898455,-15.041508199402935,59
4926,11.36574074074074,2.0325203252032527,-1.4353925129787186,-33.63291349072989,59
4927,-0.9417360605815608,5.862193362193363,17.86812044164985,-11.794871794871796,47
4928,-25.839645875282894,-18.39270304787546,11.30225154034678,15.806336146707263,79
4929,7.5,12.873563218390805,7.688172043010753,12.314814814814817,36
4930,-10.282144016321231,14.128587461920795,-34.99471821915365,-43.28137812691588,96
4931,12.049316266358616,15.225752508361204,-30.368334447362088,10.822746521476104,64
4932,-27.260267261550474,6.173708920187794,-9.948483057197649,9.728871167107746,79
4933,-22.93070444174895,17.410394265232974,0.4563492063492056,-5.729383486966002,66
4934,-3.163958282803783,-40.58977455716586,3.5993489672513945,8.205128205128204,73
4935,9.62962962962963,8.862433862433862,15.0,-6.212121212121211,37
4936,9.62962962962963,-31.967792081343504,-4.993418815974412,-12.0778697952611,83
4937,11.941291661119248,-8.03943669962602,0.8733974358974363,-3.4764309764309758,63
4938,3.0392892892892895,10.690586419753089,8.787878787878789,5.324543610547668,40
4939,-14.525820248174988,3.8480038480038488,-3.9828053452948313,-70.53420659043759,84
4940,4.385964912280702,9.901960784313726,-5.077035406549926,18.542768959435627,42
4941,-11.520030130686743,19.45129707873336,-58.16538998131038,1.2077294685990339,84
4942,-20.228037744178348,-10.274853142500199,4.77059891755982,-22.006496522089705,78
4943,22.42973877258026,3.256393039001736,5.4656490219767235,11.633986928104575,58
4944,12.873563218390805,22.688172043010752,-1.1377450819042583,-4.2696192696192705,46
4945,14.015594541910332,2.0325203252032527,1.3131313131313131,-19.414414414414413,45
4946,2.223012486170381,-1.9135802469135799,20.808963350421422,14.989929052429055,52
4947,-38.09906717813277,2.8835764208784838,-149.12285184297886,12.040744112545383,133
4948,-3.055555555555555,-8.637241873544827,21.30952380952381,13.623188405797102,53
4949,15.015432098765432,-57.3482043687048,1.4880952380952381,-3.299319727891156,58
4950,-0.5482902557158802,-29.47309469740472,15.544162583636268,-35.24664671351615,97
4951,4.771505376344086,11.458207066679426,-10.532089867128228,10.271317829457365,49
4952,-0.2466272400172158,13.90625,22.94171932338827,-4.449089557785211,64
4953,9.108512108861655,-14.57637148426622,-1.0634321782128338,-8.267534934201601,70
4954,11.184012066365009,-6.93863833789207,7.534562211981567,-53.31140059442458,75
4955,-22.953008036712372,-1.5122044241037376,-6.827730350242425,-54.277794102872356,115
4956,-19.233673214352965,-46.10096338682366,-17.475230321448436,23.04637661451549,88
4957,-18.59023859023859,12.778549597110308,-5.944221122792551,4.258946101874763,75
4958,7.040229885057471,6.996920788773148,-28.54753432114284,-71.60802066324361,90
4959,3.186000904181289,-36.58383888647943,3.6794240242516114,13.20048309178744,70
4960,-15.0,7.170704539125592,-2.632843847957478,-70.14960740442238,73
4961,-12.887409977091309,5.4093059441774365,-0.5231448609595013,4.61796410106331,80
4962,-38.67937002681318,-31.966855245280023,3.463203463203463,-14.903381642512077,94
4963,9.068776768052132,-36.77007420323822,-32.69430008603991,0.4266965715961337,92
4964,15.787454452715478,-12.68694666544129,6.700680272108844,5.772005772005773,51
4965,-26.501577548664095,1.6330108185825063,4.596904056932107,-15.42863018179304,79
4966,14.62962962962963,0.690586419753088,0.0,22.33465608465609,36
4967,6.168831168831169,-9.492068128049405,14.242383831199621,0.10620915032679656,58
4968,10.100316350316351,0.0,16.201956673654788,13.80118695141987,56
4969,10.37147434941353,4.809311059311059,-7.317898204781841,-40.610114894065624,77
4970,8.488507392416782,19.777455249153363,-3.363026214069857,7.192125530575044,53
4971,3.084107626790555,22.77777777777778,12.609395109395109,-1.7471819645732687,44
4972,0.5541260753754802,1.4273689273689278,-69.30494295431367,23.1355873442567,102
4973,12.320981863664791,-8.062015503875969,28.20768887265051,2.9761904761904763,45
4974,-5.247747747747746,-14.08418667886897,14.62962962962963,-12.02734256187544,75
4975,6.182680672307572,-11.02537516683266,-35.2898732055864,19.716588445977905,72
4976,-15.207007334666908,-10.202850877192983,16.572327044025158,-26.164021164021165,53
4977,-7.237098944416017,17.027132103858445,-6.933578987150415,15.66436251920123,52
4978,15.546359177513676,5.519943019943019,6.428253119429591,10.772005772005773,44
4979,2.3614125338263277,3.8700918964076862,7.873563218390805,-11.667695435887495,70
4980,-44.19634649611767,8.92327861377109,6.602564102564102,13.968253968253968,53
4981,0.0,5.0,7.142857142857143,8.623188405797102,33
4982,-22.526281577844284,-56.51635072020576,-6.031852756826576,-3.476462015600365,111
4983,-21.540018279148715,-24.362373918378474,2.5301814501554256,-48.14548762842931,89
4984,-5.614035087719298,10.774591796097173,8.472222222222221,29.672000113176587,36
4985,6.060606060606062,4.424283154121863,14.542744836862486,4.168037084703751,51
4986,-25.986904195343275,-21.18002273373117,9.361664445669824,-0.44778075033636777,78
4987,12.622539923807206,-11.395152630771591,-35.17857142857143,-0.37037037037037024,63
4988,23.4992784992785,13.233113496271391,-13.729575163398692,-9.837531420192711,55
4989,-9.589672075726844,-8.688639551192146,18.247029080362413,1.9707919301415258,55
4990,22.754814545750897,-4.589793281653748,6.901519867206143,-19.957926490434232,67
4991,-0.3459661211599183,16.78494503862151,9.166666666666668,-2.685185185185185,47
4992,-6.663510101010099,14.435107376283847,4.492614191493745,-6.527777777777778,55
4993,2.442727043549505,8.968253968253968,3.688797156289417,-6.973155951650575,47
4994,8.205128205128204,23.917555326224058,-3.0018053743690927,34.30416775131292,46
4995,8.629764065335753,-37.089924995781395,25.10785510785511,-1.2793921916592712,70
4996,8.623188405797102,-14.317983536664467,2.450980392156863,14.444302046626651,59
4997,27.29730491590074,-15.573114864225097,-32.09832240533995,9.364362502877992,78
4998,10.0,16.797032105956593,-2.395833333333333,-1.4379084967320281,40
4999,-4.23834636600594,-9.438827098078868,22.127851140456183,2.972077271768924,49
5000,-33.13961520508453,7.976190476190476,0.0,11.122076023391813,61
5001,-28.419746220079926,15.741150499922432,-3.2245334031048323,14.027777777777777,63
5002,-1.4482588901193543,1.0824514991181662,6.17283950617284,-2.9114676173499694,55
5003,4.822530864197532,-4.1798941798941796,-5.584156822985025,1.937984496124031,55
5004,20.0,-22.06930828668089,-3.2638888888888893,-6.67036667036667,60
5005,-24.687660010240656,-6.980841476617693,-7.688766165493103,7.554109403954606,96
5006,-0.7217261904761898,-6.336549793423108,13.759378413983677,-27.23089475024459,68
5007,9.355921855921856,-15.14358108108108,33.61780773081019,-4.966623012841498,56
5008,-6.306523915219568,16.572327044025158,-11.962939021762551,17.502913752913752,53
5009,4.6010348583878,2.14261615577405,18.273582506992117,-6.705094422485725,57
5010,19.926108374384235,-4.124595064654634,-38.36749333879894,-67.53447529265482,87
5011,26.700680272108844,17.59144237405107,-1.2622392507449973,6.620386942171253,49
5012,10.522929877768586,26.412429378531073,-3.308080808080808,-78.84224450013924,59
5013,6.851851851851852,25.60344827586207,21.279993579001243,-15.813331690991266,58
5014,4.813765161509524,-3.279220779220779,8.236551030668677,8.086419753086421,54
5015,25.069444444444443,4.901960784313726,-12.050890817031418,9.671717171717173,48
5016,-0.27536308238062546,0.6739665563194985,8.636363636363637,15.0,43
5017,13.870214752567694,-69.7920596373215,5.0,13.623188405797102,75
5018,6.436781609195402,-9.771950446845404,12.378396866360962,-8.82716049382716,59
5019,8.167989417989418,2.1733821733821728,-0.5215419501133778,-10.251974567987293,57
5020,-1.210163652024117,6.048722309150156,-2.7662037037037033,15.01068376068376,62
5021,-4.728682170542635,-11.56366628070804,11.633986928104575,1.146168993913356,52
5022,-42.23799586379627,9.781488352916925,3.8359788359788354,8.916634938140316,75
5023,-11.239085574328392,-15.507592888326318,5.334374186833204,-22.12558962264151,74
5024,2.8581871345029244,-2.395833333333333,11.419234360410831,8.205128205128204,36
5025,10.169172932330827,8.480324243285022,10.135805498921863,-16.38225821729658,52
5026,25.85858585858586,7.878151260504202,13.968253968253968,15.0,33
5027,3.1608005521049005,-52.76246827761227,17.701681515088158,2.427213309566251,61
5028,-7.188284953796332,9.102564102564104,0.5119380577046488,-11.862538118695753,62
5029,-8.18840579710145,-9.36897807351982,-32.70915691624112,20.93632958801498,89
5030,7.9161328875484145,10.774853801169591,8.333333333333334,1.7646157518074066,73
5031,8.922111480251015,12.849326599326599,3.8187429854096564,6.85483870967742,48
5032,12.912457912457914,7.083333333333332,25.357957788454392,12.314814814814815,47
5033,-16.719399877294617,9.517704517704518,-13.60190700416264,-11.83806146572104,64
5034,1.005070888004325,0.19426288013852466,-32.74774774774775,-22.194926011656307,72
5035,5.981499366800422,-15.444298052993705,3.1795137384235512,-0.21894166310084096,67
5036,0.35052910052910136,-5.890471535632826,16.027169291688345,-10.13565288831246,73
5037,-9.26961926961927,3.47520908004779,26.686648701167762,12.486720374106307,58
5038,0.6014347027009237,4.055839616373854,-25.955108697139433,6.783733406073832,89
5039,-0.7772770503057904,-6.477084546773106,-24.161376975584623,-39.17364314376857,72
5040,6.418918918918919,7.604166666666668,-0.33714777900824267,-1.2121212121212115,44
5041,-37.84633399387498,11.572327044025158,10.151022165541221,-23.81293089626423,64
5042,-50.179859949306625,11.173708920187794,5.64146880792688,-20.236667057395348,73
5043,3.084045584045583,11.515151515151516,-13.80196598066855,3.1374618813042456,60
5044,-14.18066757124356,-37.65882596462492,-10.749265259069178,21.340679489113487,105
5045,1.1293158567774944,6.419234360410833,10.882543382543382,2.3621553884711783,49
5046,4.790238956905625,13.484353192307605,6.8939393939393945,-0.8990817091454271,72
5047,-26.11475112800992,1.683036491684545,0.7065217391304355,-0.7713131605983925,88
5048,-6.879359937073589,3.597883597883598,2.9035631442138787,3.3019788182831658,75
5049,-2.115843506795991,-38.057090187037424,7.24008655394525,-6.666666666666666,69
5050,-17.48723609722136,18.398640543782484,9.354838709677418,7.450980392156863,61
5051,-0.5177897650859506,2.951081904886254,-39.97376494501287,-9.75760313158687,70
5052,6.103641498228864,4.192914365328159,-5.771270108291864,-14.726621453841224,68
5053,12.604166666666668,4.640870447857909,-21.452328159645234,4.776699167151001,63
5054,-54.55901384103057,3.002733567452637,-8.91700146929862,-20.634920634920636,87
5055,34.21151306588662,-19.580911415949778,20.046765832769893,-58.47293862497069,76
5056,21.922799422799425,0.0,8.472222222222221,-1.8835502168835498,39
5057,28.358282625747332,2.5762121650279552,15.0,11.180555555555555,53
5058,-6.8123935071995865,-33.4050711415881,0.9289127837514934,4.764009068879082,100
5059,-60.38535031554995,-60.328082339918225,23.475027892186358,1.0185185185185188,101
5060,34.721012388695314,10.0,-51.85606060606061,-0.37037037037037024,48
5061,6.599378881987578,13.333333333333334,8.870214752567694,5.0,34
5062,-27.475984347704173,-64.63041592561859,-56.9262684200997,-34.734092284001534,104
5063,-5.494345886502749,-3.8194444444444438,12.250888659557392,7.710110255876847,51
5064,12.768700072621643,7.884758747437106,-11.606728279161848,-5.555555555555555,68
5065,-2.549019607843137,3.333333333333334,-3.7169312169312168,29.014892014181843,46
5066,21.00979305247598,-9.0625,4.901960784313726,4.573934837092732,44
5067,7.624834656084657,-12.197632614299282,11.804255625590129,-13.577947273404867,70
5068,-2.5893241728807985,6.374298506651449,13.968253968253968,9.907749930265343,65
5069,-4.361798378606781,3.7459450540845896,-33.18433188489686,-50.17688556904243,81
5070,-17.89272254877905,8.333333333333334,16.944134592791883,-1.7995832669745724,69
5071,-21.33967883967884,13.908678263516972,10.357142857142858,15.428743961352655,47
5072,25.537383030737228,-4.07557354925776,-23.328107461895122,-0.38982259570494904,59
5073,-16.54035619552861,12.604166666666668,4.901960784313726,3.0091533180778036,41
5074,-28.01278518973794,5.230073584110851,0.602240896358543,-11.345578533142179,81
5075,-7.824206605719212,-60.441070232603664,11.319506275180036,10.192966075319017,85
5076,-22.74801089095682,0.0,-14.291239415222517,-14.226827094474151,65
5077,-11.769235955719058,-35.12645484013689,0.48855905998763305,-9.881059921710326,70
5078,8.857003211841922,-0.37037037037037024,8.472222222222221,17.42142518458308,38
5079,3.8843721770551043,13.047764209578322,12.427213309566252,4.994775339602926,49
5080,-3.4352948638662903,3.529271949391158,45.46100881179073,0.0,58
5081,5.741303613644039,17.277512141492497,-10.0,5.007622666291397,52
5082,11.730277395239032,12.873563218390805,0.5570717877219433,-2.967479674796748,47
5083,-0.20246735763977086,6.773049645390071,-3.9992257065427794,-4.2696192696192705,50
5084,-48.8707903887378,-3.1259571279432246,-13.958558802308803,-20.66724226342604,94
5085,7.770666779616478,1.7654386377903326,-8.970002716805787,12.152285270197101,70
5086,-5.0396825396825395,26.11801711646913,2.4200767263427116,-7.925863044708545,51
5087,15.276222287716541,-21.071655588245978,-39.95583038024486,-14.515926460370904,83
5088,6.121483071430478,11.893939393939394,-6.090198217857792,-20.128205128205128,52
5089,10.092592592592593,-22.326366636376534,5.0,-0.7264075220731563,58
5090,-5.093259405604062,-21.077885215206855,-10.356953855511895,-48.87774849573127,87
5091,16.41711229946524,5.708716235032025,-2.674948580120997,-39.54403694773557,66
5092,17.421100699219295,4.166666666666668,0.0,16.20689655172414,49
5093,-41.601357546136164,2.988380537400146,-14.742975899504135,10.555555555555555,114
5094,11.99013157894737,3.086419753086421,15.372046254399196,-41.43936604093308,60
5095,21.14106904909086,5.501443001443001,-21.540404040404038,-1.6162828780130103,67
5096,-21.54994373746417,-82.21602043021056,2.671017124798638,-13.658756198726516,99
5097,10.752192400625361,8.472222222222221,4.356725146198832,7.173382173382173,57
5098,25.894913444673225,8.055555555555555,11.85924981675133,-60.60026778776779,62
5099,2.0532340442085495,1.243781094527364,-25.371208952853344,-32.819936403680245,72
5100,-2.4152236652236656,-3.3773633773633764,11.018518518518519,12.777777777777779,45
5101,4.166666666666667,1.790861198188785,-12.208840900701366,7.094943240454079,48
5102,15.0,21.161236424394318,2.8735632183908044,-8.937644950453299,38
5103,-1.0714285714285712,0.7244744744744738,23.000803022099802,2.0105820105820107,52
5104,-9.6956924960262,3.787878787878789,-3.917635235912546,8.333333333333334,56
5105,14.507797270955168,22.96522921522922,-17.347688099766103,10.81605087419041,54
5106,0.8754406580493539,-3.25653469832774,17.833002382628205,-20.140223394080337,67
5107,-56.31839849710107,-12.11474473722322,-6.001659463830516,-5.650609237362969,79
5108,2.801751094434022,3.3717070498679695,-5.767195767195766,11.852720860135758,56
5109,-45.524939276068544,-16.875316477095186,-15.523104346633758,15.275974025974026,88
5110,-13.898032648032649,10.069124423963133,-1.2944664031620547,9.624881291547958,47
5111,8.32265799878263,-8.685465768799101,-47.72747883211733,-73.86652873417303,103
5112,-3.851761204041037,-57.829349952133995,-6.15205223880597,5.063532301180225,83
5113,10.690586419753089,24.576093309952707,2.59144237405107,13.333333333333334,41
5114,12.787738190705312,-1.257639763670988,-22.43993455248715,-13.026419572862386,73
5115,16.76691729323308,-6.675301808687735,6.122467004819946,-20.704376326030257,69
5116,7.605534983056501,-6.024634895066786,8.531746031746032,-13.77949377949378,66
5117,3.365107115107117,-0.6140350877192979,4.190207156308851,6.975160261034523,59
5118,19.289237175699498,19.282284278922848,-8.247104055927586,-44.958422446110134,83
5119,6.88608776844071,0.7618100974134616,-29.829919498421553,19.897480750065256,74
5120,3.4722222222222214,19.540023894862603,2.5076020190962733,16.783842666195607,45
5121,10.000620294737942,1.3303099017384734,14.814840956145304,-42.500446707763786,56
5122,-12.444678198535142,3.597758597758599,-4.406565656565656,-9.135030388094114,65
5123,4.985119047619049,19.015594541910332,7.252252252252252,34.81482244225872,39
5124,-25.594165441889018,7.574740422484784,-17.486784723139948,10.34188034188034,78
5125,-14.771241830065359,3.7332005973120967,-49.48137125220459,11.77304964539007,53
5126,5.8867862390434205,-11.339924417370069,1.0843551999721104,-23.795843874328757,67
5127,11.602564102564102,-8.518624459699975,-7.189855022516312,10.963254867164258,53
5128,27.42175095435965,-12.679836024961446,7.447498055483537,19.751702545820194,55
5129,-21.311722756735545,19.520645046960837,3.971336952719577,-8.674198680356316,75
5130,6.892439763079299,-8.033108866442198,20.223697441189703,23.367346938775512,50
5131,19.43607491182118,1.3728417176693042,-22.814946310639503,-57.791462366692066,80
5132,16.753812636165577,0.8582631338949298,-44.54259378950624,15.382788906874085,68
5133,-3.559603976270644,8.856382978723403,-5.791615791615792,-14.054232804232806,56
5134,-14.691185820726439,12.68099621360491,20.883487654320987,8.721340388007055,54
5135,4.46574091501628,-16.071428571428573,2.450980392156863,15.9375,44
5136,-2.0238095238095237,5.98086124401914,7.8581871345029235,-10.652708172081486,56
5137,-139.15696724045978,10.361012608353033,-12.150412607729681,11.643721786469925,113
5138,31.555355883761855,12.380952380952381,3.889201613659818,-12.877533094924399,65
5139,-34.0999662276258,10.227272727272728,5.611672278338945,28.175955698707998,59
5140,18.80653447149611,-16.412037037037038,4.972045498361288,13.843389315087428,56
5141,-11.440209934322251,-10.12099515508012,1.3455063455063458,-22.66161169411943,83
5142,6.355131796308267,-25.722514209356312,25.593791642223124,-39.984327700013424,91
5143,-38.45766129032258,-0.17376650333044208,23.32821300563236,-19.924242424242422,62
5144,8.390819634662,-0.833333333333333,-13.927224736048268,8.442140296979009,58
5145,1.1125663118416766,-5.620846521697429,-1.3782642756494248,15.478583242228016,64
5146,-1.0961852083935844,-9.459418987720873,-5.524104378593542,0.9561366733046861,59
5147,-44.541860923224874,-34.49796993754761,-3.0832782551222735,0.020900862603398185,99
5148,12.320981863664791,13.951914260838748,7.777777777777779,10.169172932330827,43
5149,0.9335839598997504,-23.39325632717334,-3.564024683042182,11.036503295275226,83
5150,16.283068783068785,17.259528130671505,13.461450748085461,17.03252032520325,41
5151,12.777777777777779,-9.131623437417833,-21.787171014805956,17.352941176470587,62
5152,-4.720597790773229,10.396238051187172,6.547619047619049,2.4157143811815027,47
5153,15.0,8.374183006535947,10.0,17.236783154121866,34
5154,-2.44710218345741,1.990131578947369,-20.748996670309687,21.56988436400201,52
5155,-0.33974618678541835,-32.04119765669853,-17.20139019452107,11.034184283032209,84
5156,-35.105884543915636,3.3696671354899195,3.288124372926866,2.2788798138602004,91
5157,-2.1652421652421654,14.636686991869919,-7.685185185185185,5.0,41
5158,3.4175084175084183,-25.58518654284783,14.146191646191646,-8.720016542597188,64
5159,-4.855072463768117,-23.0348314503087,14.162553462245114,-15.055926821623665,70
5160,7.450980392156863,3.2553016726403836,9.329734592892487,-3.5185185185185173,41
5161,9.234350305778879,4.385964912280702,-14.661327994661328,12.282913165266107,49
5162,8.90952042267832,3.9682539682539684,5.189255189255189,37.82224301589751,44
5163,12.777777777777779,8.787878787878789,-20.004208754208754,12.03362603064332,49
5164,-6.877842755035736,-0.34005112260200065,5.05952380952381,12.076719576719578,57
5165,13.021680188615989,-92.94043374925728,-12.607058772472305,7.21408603874905,79
5166,-5.981917589504654,2.393929170244961,13.607680061484409,10.188378033205618,67
5167,-6.446898925182012,0.4161655436018221,-81.77022573056439,-30.763956379949143,127
5168,-19.929052429052426,5.858585858585858,1.8762561010623031,0.0665456745311559,48
5169,-37.418971100632334,13.808284445231596,-49.25648423014142,6.842212447051159,83
5170,8.159679826346492,14.540023894862603,2.2595281306715065,11.984126984126984,45
5171,5.7984607984608,2.8735632183908044,21.93798449612403,21.02271944005815,43
5172,2.8307297078153573,-42.743580478404105,-29.169416597564872,6.515151515151516,71
5173,-4.55352848209991,-14.367685131436437,-68.46497463914412,24.267738434405103,94
5174,8.760596581894012,9.978177850518275,10.215121031646733,13.143186365813046,53
5175,9.587732528909001,-8.605211213906864,9.62962962962963,7.213840996168582,49
5176,6.8939393939393945,12.212885154061626,11.332049407707302,17.765594541910332,47
5177,11.276175440001744,2.3868067416454517,-4.124559341950646,25.86755701355473,47
5178,-90.95924321535918,4.960101218885843,-12.25596041385515,4.389601542266993,92
5179,19.068627450980394,16.2853618902006,3.6830357142857153,-18.684260656160014,72
5180,-1.4115552581541242,-0.871403124907107,-23.035864026146534,31.656306753531894,71
5181,21.633986928104576,0.0,5.80120910946199,6.993006993006993,51
5182,-36.97616972283759,16.81823167242069,-16.02502327071646,-3.0673747026951173,104
5183,5.555555555555555,8.250803777119568,0.8092948717948718,27.846265456121465,53
5184,-21.834615452946508,-23.996066095400824,1.8115942028985508,12.192982456140351,66
5185,4.7157622739018095,-1.6861032874470716,8.694470096364139,-20.392862933513342,65
5186,-6.804436854992975,19.090909090909093,11.54761904761905,26.338402882520526,52
5187,-17.474747474747474,3.6665072533078273,-6.1481759120439765,9.247457814729783,53
5188,5.619960302949265,15.522957450708091,-37.44461049529083,-56.83674935524732,91
5189,-20.37096041051307,-2.133553476426343,7.302984486908974,2.143398495857511,98
5190,-10.042432128106414,-35.50121357948378,11.69018560894991,10.538555535880356,83
5191,15.528499278499279,-32.61211442812716,1.4612465560327554,-3.1370654672999785,66
5192,-16.758275108196166,3.1550582880626212,17.084636230977694,-18.250401340280604,82
5193,-36.85392796067037,22.12121212121212,-15.87912087912088,-20.019640852974184,83
5194,-41.52479091995221,2.0044426103482413,2.8735632183908044,-3.5669637162174483,75
5195,6.976549603985887,7.349980642663571,-4.374389983489909,-2.7477477477477477,61
5196,8.623188405797102,8.31242463142335,32.52952341712846,-5.367383512544802,50
5197,24.36989404850046,16.279904306220097,-20.15197221079574,-15.327700972862264,56
5198,3.1352139278968556,1.700680272108844,2.841880341880343,-0.6788472964943537,49
5199,-1.9135802469135799,4.385964912280702,8.623188405797102,13.333333333333334,35
5200,-5.779083132534668,-42.93450830377573,6.179860714058828,-36.81372838630903,103
5201,1.4868569585550722,2.314814814814815,13.9390756302521,-5.469998020554137,56
5202,11.572420634920636,10.81605087419041,11.607905982905981,1.3957781797961384,55
5203,-13.629495543339324,-2.685185185185185,-11.005809731299927,-0.23622981956315314,54
5204,7.450980392156863,-11.510461864295628,1.666666666666666,-7.943025516104425,59
5205,19.372157244964264,3.9771339771339775,-4.002525252525253,16.063785790964925,54
5206,-11.504838034710641,1.1588407292741663,15.0209008626034,16.253479956685243,67
5207,-4.964382215671825,3.7979896691330453,-27.02154548091442,0.577184253654843,70
5208,27.605820105820108,-7.474747474747474,5.759940542549238,2.371794871794872,41
5209,-7.967479674796747,17.25225225225225,-0.5794358320954061,-12.562247121070648,55
5210,10.004456327985741,2.384516060751416,14.026962664473178,-5.623730629888264,70
5211,6.3113604488078545,25.34188034188034,-0.09803921568627416,-4.708994708994709,39
5212,15.0,12.777777777777779,-11.44345238095238,11.98529411764706,42
5213,8.791386464981597,4.102212333602086,-23.850882329239738,7.069560457866306,82
5214,11.44122383252818,7.032520325203253,2.2830063455063456,-2.857142857142856,47
5215,15.008710801393727,3.333333333333334,-10.30419490790478,5.703798427583594,65
5216,5.0,-3.4900731452455585,1.5686274509803937,-0.7912457912457906,50
5217,-12.134448447680658,-68.55985358267304,-46.71541795224465,-3.137591575091575,100
5218,-10.135069523453689,11.64191958834816,9.160145127637389,-35.24608021715061,71
5219,-0.7744972186563968,-35.18518518518518,13.787878787878789,9.62962962962963,45
5220,4.472643221360006,-29.898393722914097,-4.321733968772792,-7.403630521634252,69
5221,-59.47692739359406,15.0,-27.81469431572951,15.527674216698607,82
5222,22.65106799589558,5.223523156012608,-7.756279094814367,-77.57825507825508,80
5223,-17.731011945007893,14.509720060210944,-33.93138823265865,-96.69443765438668,100
5224,-10.821796722275769,7.083333333333334,-0.8333333333333321,-0.5996929657643943,51
5225,12.777777777777779,4.740918803418804,12.450980392156863,-8.660762211486848,40
5226,-28.111250348092454,21.728771789844714,6.805292220829628,21.05567305973477,80
5227,-24.437836415759637,-51.215587951068905,2.7549779601763182,-51.56239889308654,104
5228,-5.362062767976745,6.042059008160702,-16.173030615755074,17.72537124021737,71
5229,-5.490620490620491,-22.348291342544215,-32.654930649569316,11.26621701312104,73
5230,10.0,11.578827660871386,-0.028998778998778896,-36.23369320737742,60
5231,-5.686660863291298,17.741277186528585,9.861111111111112,-41.553884711779446,70
5232,3.784013605442177,-46.88716042914959,8.17489114658926,11.851851851851851,55
5233,-12.550864786282983,15.875440658049353,-0.833333333333333,-3.5791141347099504,75
5234,14.51825951825952,3.929093567251462,5.18837803320562,-26.112640965119326,50
5235,-1.9183285849952547,-10.261297924447899,11.985294117647058,4.130966952264382,60
5236,6.360672382177759,27.36035437617014,2.735141267749963,4.1383400206929615,60
5237,24.45164451445124,7.777069160997733,15.200308166409862,0.8588007852713728,62
5238,-10.30858750871085,-20.130718954248366,-28.78190492643759,2.231576205361372,86
5239,11.984126984126984,7.743831706513555,21.893939393939394,-0.21274906723823062,44
5240,-7.026183692850358,3.4217291939435817,-4.139432708234292,10.458786215365164,80
5241,17.89876991328897,2.6239193793352276,-26.572640752207313,16.576531359140056,58
5242,-7.485106022424171,3.0023059002519856,5.319315316667011,8.53067144467234,70
5243,-7.637844611528822,-11.857803049663515,16.828316610925306,4.901960784313726,44
5244,17.294030974527583,13.374183006535947,13.205128205128204,14.166666666666668,42
5245,-23.239201331873744,22.950083542188803,-11.682950674451163,0.6987239340180516,57
5246,10.069124423963133,22.959765986081777,16.117821012761123,1.3383127545689133,52
5247,-26.992149641403373,19.619042817772403,6.730777906120881,-10.733530143491208,77
5248,1.0636645962732914,10.580357142857142,28.466274388462633,-5.02923976608187,49
5249,29.028302320985247,25.99310776942356,3.3056626906081585,-0.9451181002905145,55
5250,-18.253137429182136,-8.686703261667391,8.473729917498915,-0.8322890559732659,58
5251,-11.534391534391533,9.660481590793031,-5.424690545664846,21.400897188740963,78
5252,-3.800651867512332,5.48132460734087,15.203773725279103,-11.018518518518519,58
5253,-25.328952093657975,13.058862433862434,19.438980221757436,-7.136666082855406,63
5254,7.252252252252252,24.267738434405103,-80.580809984072,-14.466089466089464,72
5255,17.309711402092393,-33.99778825126845,23.89317645074224,14.17626728110599,64
5256,-5.554765291607397,17.873563218390803,3.9236230642434196,-4.190705128205129,49
5257,-2.83625730994152,-14.622035684783317,12.136752136752136,13.824072264564741,61
5258,20.90596211688011,-26.858463882717615,-16.60383771393131,11.599378881987578,93
5259,12.312328902780155,-10.04474341002633,-16.214625727009626,21.76691729323308,73
5260,-0.06410256410256387,11.73611111111111,-8.233896783948381,5.741403299542834,57
5261,-6.031746031746031,-5.833333333333332,-8.482939754362892,-5.098039215686274,68
5262,-15.037577365163575,9.190236748376282,-29.652540193756675,5.144927536231885,61
5263,-46.76612661700915,-18.41830281031733,6.709608158883522,-26.536974155819657,66
5264,-14.131985784494422,11.493506493506494,0.11128364389233969,-49.244368752019525,81
5265,8.532435179155375,-8.365585840314097,21.476549542615494,10.633676686795145,82
5266,23.09717742133455,8.94036519036519,18.47222222222222,-15.306805024207284,61
5267,5.398815743643329,5.0,8.009153318077804,10.0,35
5268,16.167753385245646,10.629773839360306,5.619600456401029,18.241473823493063,52
5269,-36.112574622236195,5.8544091683632535,12.754436083240432,4.937012975414586,71
5270,-2.627819406975557,-17.644933026449543,7.525252525252525,-33.74687277570282,79
5271,-4.519841597227952,3.7403474903474905,-1.9893016122395526,-36.060566349287214,85
5272,-5.0,16.944444444444443,8.205128205128204,6.143231793837094,39
5273,-11.115098351940457,-41.03318007044715,-8.015873015873016,6.8939393939393945,53
5274,-51.12653428601916,7.845308094018486,4.311865956049943,5.587484035759898,92
5275,-18.006660750913625,-7.665665548795502,-12.664652570360952,14.113181504485853,84
5276,-9.199699920187197,22.21042948423764,-63.765063720157684,-22.923834970958595,92
5277,-8.199136636636634,3.48093302361595,15.0,-13.062015503875969,46
5278,20.95007565142731,-33.34357398873528,0.0,12.252252252252251,43
5279,26.745330286996957,10.112433862433866,17.873563218390803,9.048821548821548,48
5280,-33.47213643736896,-76.70668693488166,0.1740523514717065,-33.019684908069074,100
5281,4.586954439895617,-6.49877748513271,12.47177304033375,16.40932349813929,70
5282,2.2242375684182942,24.79636264119023,-34.403208674042006,-40.34257567040083,77
5283,-8.48560506212272,7.779349716947648,-15.450677331858033,-61.771968306651125,103
5284,7.876984126984127,-35.26610644257703,10.112942612942613,-29.966777408637874,61
5285,14.62962962962963,-3.955038691393916,-24.96996996996997,12.380952380952381,50
5286,-14.294871794871794,-39.89567919344556,-6.696755625327054,20.47291166985564,63
5287,-21.53983775721036,7.136752136752136,-13.213383838383837,-6.843078579571139,69
5288,5.336743393009378,0.32346491228070207,-24.79043831985009,-44.953239463692704,77
5289,-30.0891848765831,9.411764705882353,-11.973929529076587,11.086645184389546,56
5290,2.534757508353156,-51.53508423533058,-17.45910526612281,0.7932192060481542,85
5291,0.7867398175759142,-0.41226747109100037,6.943863930034304,11.770833333333336,71
5292,-0.9660403340440655,-5.964436370276853,-90.67026540710751,-1.7717456216118945,79
5293,0.07027366221838705,-10.61245627110442,-41.20717830070231,-6.113782051282051,104
5294,0.2571753339016767,-17.148872649042303,5.036660869994204,15.334374186833204,70
5295,-29.3071002006424,1.3396426880973253,-9.929453262786595,-8.897306397306396,76
5296,-13.507612700263735,-39.50738827774057,-6.993618088699491,-1.4582581770081764,86
5297,-13.066342312988338,8.64280384846502,6.448827884249878,5.0,56
5298,6.6246074957508725,14.104104104104103,17.506127450980394,-4.52991452991453,45
5299,13.205128205128204,-17.647215761717444,-3.062015503875969,-3.333333333333332,50
5300,2.748538011695906,28.82407226456474,10.07655133203379,9.016636957813429,43
5301,3.105426855426855,-1.8929110105580693,6.392045454545457,-5.0,42
5302,15.68482482227223,10.215089491405283,0.2748111938206428,20.333375774552245,64
5303,34.57340657708305,-32.12059182647418,-12.74837575898472,3.616898148148149,84
5304,12.777777777777779,24.211151299967092,3.3741830065359473,8.968253968253968,39
5305,2.552171932538779,11.87429854096521,-9.220746775096725,5.245271867612292,54
5306,8.792977181621954,-24.693331926787806,-11.48968845985081,11.186733676703208,67
5307,9.375925798339592,-19.180500227572935,-16.91358024691358,28.033848445723088,67
5308,3.8334813334813376,14.978177850518275,4.851622467168685,14.950414444413752,61
5309,-33.18487684504416,-4.732701451451451,-47.64693661705825,22.417490014715156,71
5310,6.599378881987576,-19.978529037500323,-8.233082706766917,2.604166666666667,61
5311,-0.09803921568627416,8.472222222222221,13.787878787878789,5.0,31
5312,12.048068890174154,-36.4158453001029,-17.626902254561827,2.724451822196187,77
5313,10.0,8.611374657389838,23.917555326224058,2.173382173382173,36
5314,-1.8011062438307006,3.1070889894419307,3.91296869625043,13.150076306538352,58
5315,2.7777777777777786,-0.36827332559039805,8.787878787878789,-2.9193899782135073,43
5316,5.0,11.238859180035652,14.62962962962963,28.437085667411576,47
5317,-11.909572959624557,-17.714216786797433,2.3657761701973623,7.326892109500806,86
5318,14.284772577455502,37.72205263564922,14.448051948051951,9.901960784313726,50
5319,-20.12813173832363,-13.400107517754574,9.954254533039855,-5.313490462744194,91
5320,-27.311827956989248,-25.37037037037037,6.984126984126984,8.205128205128204,45
5321,-32.551025487853444,-47.04791158322099,0.8249672632038418,-61.01851851851852,79
5322,18.870214752567694,14.398999840176312,4.966322055137847,27.5534188034188,40
5323,-34.14537019609484,2.65136833450787,-31.286280365097646,-2.054377524100217,69
5324,-3.227682811016143,10.0,-7.311827956989247,0.9988583402534339,59
5325,1.8115942028985508,-4.931765389082462,3.4368908382066277,-6.93734732950419,48
5326,-28.917521315196716,13.06650859985308,5.0,-26.777505187107586,70
5327,27.65777809895457,9.901960784313726,6.312107495750871,8.970504821327284,45
5328,10.0,7.976190476190476,13.205128205128204,16.836945304437567,34
5329,18.318327330932373,5.0,-8.031376518218625,-20.909415976933545,59
5330,11.775243757583612,11.88893924412217,12.767869255964495,29.46559361246561,60
5331,-7.419600415923943,4.821428571428573,1.134585766507028,8.583505866114562,62
5332,10.169753086419755,15.414920828454662,-17.17285654350803,-3.2749597423510464,57
5333,10.822731547433271,-41.43161304926011,-23.642906295916397,4.41193853427896,73
5334,21.94241853750757,-38.82458875020849,21.73611111111111,7.010799568365359,75
5335,15.17567901839407,1.8431773424933482,-12.39397866293445,-62.2672626801448,119
5336,8.01861324239841,-14.810744810744811,11.250000000000002,16.81159420289855,46
5337,-42.59650267814426,2.827854365500177,-2.2702655485674352,-41.89307810589275,90
5338,-6.621572871572871,20.336735233248092,9.641909814323606,-52.15383002903862,67
5339,0.6481036350466964,6.700680272108844,-2.710534485936877,11.23070987654321,55
5340,15.905858406089813,-8.44157093967918,-23.323017978190393,-3.345265548906152,85
5341,12.525252525252526,31.967318266337873,4.385964912280702,25.092592592592595,36
5342,-25.529942593577346,-70.29845625752192,-15.459041092844341,-32.11274025948794,116
5343,-6.998350907602678,-0.39770822859058175,8.008526294530352,-4.065064066678791,62
5344,-3.2980599647266304,3.3374363751155545,-31.16620536465348,10.648591174906965,83
5345,4.810298102981031,12.811621413128506,4.903217697335345,-0.45574795574795335,55
5346,-26.726992683865998,-23.081409331409333,8.747072599531617,-45.232118319226934,65
5347,24.508192066331603,2.1962759462759465,6.5656565656565675,6.770833333333334,43
5348,14.677936712134827,-19.657287157287158,0.0,-16.818702765800495,60
5349,30.55941722781109,-7.158996814169226,-8.787905567520639,8.437149270482605,62
5350,-34.33982683982684,6.151691445809092,-3.521864478737794,-12.324536404417195,59
5351,40.45860587622602,-13.845042297516517,-3.781759956555483,-18.469180355068854,74
5352,27.750684646358202,8.383155156980967,-12.873445998445998,-23.986923570256906,58
5353,-55.55132778394314,2.5992063492063484,18.304154995331466,-0.5421002478287762,76
5354,-6.182266009852217,11.99013157894737,-13.051794783861894,-1.3768115942028984,58
5355,-5.188599567938073,-9.763708577142417,-0.02947398165593329,-18.165388895122714,79
5356,-11.351010101010099,8.086419753086421,7.857225787705747,2.427213309566251,47
5357,2.1367521367521363,10.0,-30.255209910589798,25.32251858401284,72
5358,-27.200375299693516,-38.6160810393547,-121.33387271597215,2.149398220826794,104
5359,-11.580506728533042,24.871794871794872,1.773049645390071,5.469593634555272,50
5360,-1.3365539452495971,-7.192887878699574,3.224474474474476,-7.224475997295469,51
5361,-5.048840048840049,8.291550165091097,-5.935033014331857,-86.23297147722434,80
5362,3.4722222222222214,16.88188188188188,-5.848214285714285,19.914174972314505,43
5363,7.873563218390805,-2.45928620928621,0.8994355317884732,-3.895348837209302,44
5364,-6.490839243498818,10.988529014844804,-38.0528094152989,7.59144237405107,54
5365,-51.36292565095738,-16.595117845117844,-5.442227149544221,0.7453520300153027,74
5366,-0.37037037037037024,-57.24298962265916,1.5151515151515151,-26.0375856853285,66
5367,0.5693861051133949,-43.59954419478229,-50.53616694780657,-18.264892077547604,101
5368,-1.0846253745520293,-12.14265502465842,6.474287828338884,8.125595911648883,61
5369,25.555555555555554,-2.395833333333333,13.689839572192515,-12.637844611528822,40
5370,30.8569847020934,5.0,10.0,22.142857142857146,32
5371,13.787878787878789,-18.504204610991728,-1.7070078195668268,3.0248698669751297,64
5372,-37.446236596691584,6.461988304093566,-11.99713693957115,-36.63299663299664,80
5373,13.205128205128204,12.44047619047619,13.241473823493063,14.385964912280702,36
5374,-9.124559341950647,2.0325203252032527,16.909115512664194,11.326296152303595,59
5375,-2.4851617476258787,-22.42373828056619,-22.319875543559753,8.576885884523048,78
5376,-6.205357142857142,-5.784227023059661,-33.66302557502144,-8.757471649628512,75
5377,7.450980392156863,2.9645662978996317,3.937582599396711,-11.913580246913579,66
5378,14.761904761904763,-4.404762996901034,3.3085019269229803,-13.014392885462243,77
5379,12.352941176470587,-10.426984639678437,-15.087945965605538,5.836139169472503,57
5380,5.411529717795702,11.893939393939394,11.150793650793652,-24.31961410693226,59
5381,0.41908858405022187,24.679382320225088,1.368105910788838,11.468253968253968,50
5382,21.2910097483999,-21.550669842235344,27.25225225225225,8.310159590151851,80
5383,27.444620350398516,10.183541987824581,31.942190669371197,11.238859180035654,49
5384,8.787878787878789,8.472222222222221,5.0,-2.4968071519795654,37
5385,-3.8804797011236642,1.100473613989102,-45.19644053356594,-33.84934724889748,90
5386,-15.434956521135705,-9.198020773202293,-1.4576704299934775,7.418725837672621,95
5387,-32.46063258949572,-15.122365958539655,38.38882333089229,-15.255915637860081,90
5388,-15.45757030262118,19.878193701723113,-7.628205128205128,14.115853658536587,51
5389,6.102693602693604,-23.558400924472352,14.55082742316785,-24.69332926433431,77
5390,10.514245886061758,7.136752136752136,-15.773231604231476,-8.091453591352636,87
5391,12.352941176470589,17.19298245614035,-5.614035087719298,4.005132850241547,38
5392,5.98086124401914,-3.927042160737813,-18.43806289425797,14.901960784313726,57
5393,-31.878184320284312,-4.51058201058201,7.873563218390805,-35.1523509853232,88
5394,-38.98361563953273,-10.574365574365574,-0.21521934407596888,9.720692368214005,65
5395,-7.339064578908253,1.6261708161070985,-24.043687864414572,15.317460317460318,86
5396,5.035625845945615,-22.385607991916586,2.153669973846565,6.600380409553488,93
5397,-30.915117236956316,7.450980392156863,1.5380823412635873,0.0,68
5398,14.720322487198798,-4.01913875598086,-18.966174268831224,-13.69047619047619,64
5399,8.00910865322056,6.568582065237439,-64.4826861558166,13.32687338501292,106
5400,-8.129354305824894,-31.788145888069607,8.31730565805389,-8.192983905547706,70
5401,9.703099154162905,-6.985445369828459,-21.9770634152596,-22.97433398310591,83
5402,-30.794592501909577,6.006035808867463,8.968253968253968,16.602564102564102,64
5403,-7.023809523809524,22.49735030627479,7.112985054161527,24.067696988838986,53
5404,-0.7375478927203061,-27.916666666666664,-35.72997200629975,-0.4978354978354971,65
5405,8.831933744469698,27.17658352503816,4.795321637426901,-28.792125529677808,59
5406,9.976232917409387,7.301587301587302,-1.913580246913579,22.497367102882933,47
5407,1.8939393939393943,-15.945613100785518,-3.8564019215614955,12.450980392156863,49
5408,7.380598584248958,9.441595780488422,10.0,-3.4316287171830284,65
5409,-0.5842391304347823,5.759940542549238,-12.180464154148364,14.761904761904763,47
5410,4.385964912280702,8.968253968253968,7.036529497569424,-2.53917378917379,46
5411,5.159018130716244,-23.194444444444446,-0.47688422688422527,-1.7349826770116619,56
5412,6.418918918918919,3.0079642579642587,-9.530909586056644,5.0,45
5413,7.380952380952381,-58.8962127118721,-3.578284095184884,8.092536118851907,68
5414,-3.677248677248677,17.573849687178267,12.127353640511537,-70.93052465327676,69
5415,30.143262692282303,20.094073523142317,11.984126984126984,-9.010968372023138,62
5416,7.2594972691424395,8.104118104118106,-5.88235294117647,10.0,53
5417,12.216775599128539,25.94485483837589,1.4880952380952381,-50.12581959950381,62
5418,21.63905133203379,-13.09603850939778,14.237527888290828,9.982430379007043,70
5419,13.806108890114267,15.872063813240285,5.603448275862069,27.907946409762165,60
5420,19.43510737628385,-13.129927429980022,7.192982456140351,8.756038647342995,49
5421,-5.411255411255407,-50.62421217467583,1.835159892290767,-12.677316644707949,84
5422,-34.8678270919294,22.584134615384613,-16.00342558675892,8.370098039215685,65
5423,6.666666666666667,-8.055555555555555,-63.3667806753613,-10.790723613304259,70
5424,4.386865151384207,-11.08237239179514,11.841817186644771,-13.092507958349032,64
5425,-5.0031249198246215,6.890210527721042,7.604166666666667,9.443987385163858,67
5426,2.7755240027045307,-8.155513468013467,-25.26794642701789,-52.42337808592619,98
5427,13.641395154553049,-7.3597644185879485,-0.5555555555555545,4.158812031152458,52
5428,2.371794871794872,-6.96383950881702,-63.788143060273065,1.753812636165578,86
5429,28.817100610736098,22.87780053226278,8.752733109219413,9.203323558162268,61
5430,5.0,11.65642601126472,20.457380457380456,7.154882154882155,37
5431,19.977469768158336,31.313747621887153,2.4214251845830796,3.7746433634591554,61
5432,17.256242985409656,23.182261208577,4.129644044667398,1.0855538796715294,51
5433,11.879277842010762,2.341269841269842,9.918091168091168,-3.797498410051003,55
5434,-33.572132254845904,-42.954216024391464,0.0,-16.098484848484848,73
5435,-21.018965960826424,0.0,-1.2468071519795663,-25.260642135642136,59
5436,-7.715334182725487,-57.87043789591403,-12.133470839070068,-33.13433140118438,97
5437,-32.88555753255484,-0.7006573673240339,1.8110757816640186,-28.173658743307357,94
5438,-1.5908162147999554,30.5884557087266,3.086419753086421,11.090558188652096,67
5439,-4.9508440671350495,-2.4545528723488026,5.501567605116706,-31.20301593569533,72
5440,33.385685280666095,-0.9693084693084695,-6.176625570575075,-11.980056980056979,65
5441,0.5460858585858599,0.0,23.627531472359056,11.359649122807019,42
5442,18.333333333333332,-7.272611700529319,31.84181718664477,17.07667739788479,51
5443,0.9246309246309252,0.7244744744744747,17.389251997095133,21.62274806640257,45
5444,10.131063404720695,-11.234230751941059,14.23487938488913,-2.6966738753393713,69
5445,8.968253968253968,-1.706431338425098,15.817750651341981,-29.83360171765969,67
5446,-6.893796992481203,3.9251505199781063,11.851729253251928,7.4614765687021425,60
5447,10.171182467578785,-40.28461132353676,-11.112114436417844,-36.21618941984575,84
5448,29.4564136504926,-15.508658008658008,-5.467062421979824,8.23448029130574,76
5449,-11.652083618995382,4.793837429523229,-42.88507022059654,-60.81053056679577,91
5450,14.887079831932775,20.899224744309535,8.324068283417878,14.797532642360231,49
5451,-0.33799533799533776,23.830633391777194,12.252252252252251,-9.580346475507767,57
5452,34.23599143976424,-17.86086017988305,-10.29623718462135,10.808416032201198,71
5453,-27.959339608955975,3.670832407049577,-4.414414414414414,-24.870623203956537,69
5454,6.299065152888673,-11.81967362343402,18.440846811990188,18.78787878787879,67
5455,-2.6324428901183268,13.560419708574623,4.589371980676329,0.0,55
5456,0.10772943387420786,4.385964912280702,-11.251678920050615,16.602564102564102,52
5457,18.205128205128204,1.9021810224912983,7.362155388471178,11.754327013770988,61
5458,11.11332742316785,-7.987120527770932,-22.651072124756336,-1.58017908017908,50
5459,3.8319238900634254,-1.7713933034141642,4.901960784313726,-0.6425776040955178,52
5460,8.835978835978835,3.555671055671057,-23.031288199659897,5.0,47
5461,-21.757565886422512,23.172884091932975,5.1729024943310655,-9.581505733051095,68
5462,-18.09577283454993,-4.024078557976862,12.74915641592404,-0.14230979748221095,65
5463,21.828316610925306,-7.313301000981154,5.0,9.901960784313726,38
5464,7.432381218916352,18.133365144859397,-14.341364230523524,9.771505376344086,77
5465,-3.232856736377862,-5.61013128398651,-14.746329941563207,-13.268942797244684,81
5466,0.0,8.623188405797102,1.746031746031747,14.888733271086213,36
5467,-3.1137941006362064,-8.97943885200257,-29.854482100987177,24.826038159371492,60
5468,4.513888888888889,11.648195814862483,-1.9441124150809754,-5.4476821221219325,62
5469,10.820399113082042,6.313653491072845,12.546958855098389,-40.735155510697304,62
5470,6.378802697801415,8.005050505050507,2.5061274509803937,12.116312696211823,57
5471,21.515594541910332,8.936173447667702,-8.77264492753623,-6.879569682424512,53
5472,9.192546583850932,-2.7662037037037033,28.547812542221813,1.4353392801668674,51
5473,5.0,6.250000000000002,22.334159447254684,-25.045544733044732,51
5474,8.707940829084205,22.314814814814817,15.0,13.968253968253968,36
5475,13.350413874655104,4.028426873254457,8.6337620968674,-6.746829433026058,63
5476,8.45954902287586,-4.131511190334718,-38.050641009384854,-20.932260544056877,72
5477,-5.343877759850034,13.285997492018542,6.666666666666667,-8.293650793650794,63
5478,4.42285135599089,19.166666666666668,16.07237539766702,4.6903205726735155,52
5479,6.937984496124031,-3.363481617338561,9.385964912280702,0.4371106408058054,61
5480,23.058361391694724,1.6313655709940549,-6.2173647542760975,11.770833333333336,55
5481,4.176267281105991,28.023431594860167,-5.634920634920634,-20.965142601189328,63
5482,6.944444444444445,16.642649952080987,-8.503248375812095,-1.666666666666666,53
5483,-17.988850786236377,31.440651766204237,-11.376811594202898,-3.236462898729979,67
5484,9.740918803418804,-14.583333333333334,25.72586328400282,12.032520325203253,43
5485,-11.321814507626202,8.472222222222221,5.0,10.11229398264831,59
5486,6.662149954832882,11.943149443149444,-22.13235294117647,-1.4908392434988187,55
5487,24.62962962962963,3.269230769230769,3.3832046332046337,0.6482355976794807,54
5488,13.73330005229877,1.9154806270908065,5.276090868196131,-4.7597383941921745,58
5489,4.244509579032327,-6.048428302545872,9.253416116627822,-67.47280497280498,71
5490,5.683510038348748,-20.967507438692575,-0.09803921568627416,-43.46179163301082,84
5491,-9.126746920817723,8.480872391470944,-2.3037477402308433,1.753812636165578,67
5492,24.23754636989931,5.677862127137491,11.021505376344088,5.0,40
5493,7.908249158249159,25.963809282578282,-3.0147058823529407,14.643962848297214,49
5494,4.950057822398248,2.054875839539113,0.5894922071392663,7.356389003109198,57
5495,28.217888802344127,11.934481109516978,-7.685185185185185,7.419954238566991,44
5496,8.534341475517948,3.3333333333333335,12.71604938271605,5.978260869565219,48
5497,12.208298215271467,-21.358138639233506,-18.001285060108586,-85.30000016521197,94
5498,-31.391728820394313,-2.7477477477477477,-5.610158908975013,8.631215927231107,76
5499,-9.299824047915516,-23.862846099688205,20.302282973647387,25.654946154277166,61
5500,1.3262887207512062,2.3593135099245544,12.641472575115952,27.744193567838096,73
5501,-12.182931978015803,-21.51900196945475,9.295930247942632,3.7674037674037666,100
5502,3.8319238900634254,19.557772850455777,24.851914733069233,27.562468272541615,49
5503,5.206185381570941,13.482905982905983,-8.79700540148731,-24.114194288826642,75
5504,-48.24041423349298,9.201680672268907,-3.090826745718048,18.804735038594437,70
5505,2.604166666666667,9.65965965965966,-14.550218282729151,27.878818171944857,56
5506,10.0,-44.124189063948094,20.56402754446854,-14.696969696969695,88
5507,13.086419753086421,7.977729885057474,5.0,14.901960784313726,35
5508,-36.00224334315919,-4.860847564832384,-29.859401124791,27.832181259600613,62
5509,-2.249503968253969,-13.920618876857635,-28.686868686868685,-91.77096867886341,79
5510,-57.864726774049146,-5.344429262502371,-39.987151532449744,-20.34579140075347,122
5511,5.900952670078352,11.171586838044913,12.656157280931012,-4.4133453758151076,69
5512,26.37406947890819,14.054881899709486,17.197391630531165,-5.578350795742098,52
5513,9.515740107845373,-23.510860484544697,-14.344182670426223,0.18732315902127117,68
5514,6.984126984126984,-8.370531435691008,13.745791245791246,13.060203604306555,50
5515,-4.347257843762918,-1.913580246913579,-8.775560482877555,23.185503503692846,60
5516,-4.309413580246911,11.805555555555555,8.787878787878789,15.960038986354778,40
5517,17.138743938435592,-0.9944712580193338,12.493521289287877,7.58907732406247,66
5518,15.0,11.418485237483955,21.839945280437757,7.44572731672835,43
5519,0.9699401179638887,-14.160795383849695,9.226796131558038,-45.081248202473404,65
5520,20.980861244019138,-0.328226148614295,-35.995599020379736,-45.47295802037193,105
5521,-53.19844631682702,-28.442258781386844,17.74825189688282,-60.0521604522816,107
5522,0.8811802232854884,-16.158436431257293,-14.846000993541976,5.668468856662621,68
5523,7.380952380952381,-2.8632478632478633,-16.135163898711973,-46.52573674115263,69
5524,-4.422668535199408,26.58433159473191,-34.665712360113,7.3427031631365995,92
5525,8.706578592894026,13.194444444444448,13.835978835978835,19.565527065527064,60
5526,3.151340996168583,11.971433321391789,11.700779727095517,1.8115942028985508,53
5527,-18.406918904777037,-36.525943236469544,1.5575396825396828,-0.06037297816890863,81
5528,11.283068783068783,-16.91358024691358,-32.892098802653116,7.897367254311717,60
5529,-62.27058489988921,-15.126040598567617,-10.548685033563729,-22.35972305736862,93
5530,-3.9258312020460355,-16.764705882352942,-0.17507582023711032,23.96825396825397,44
5531,-9.491627413003537,6.5531161562951326,22.110579479000535,-10.330298786181139,66
5532,19.742778692054056,7.083333333333334,17.9906160750714,32.58594346829641,50
5533,3.039529914529915,24.822092015081065,-4.948504654387007,19.697113650918,64
5534,-22.595631345631347,4.6794160334670885,25.46660993504991,9.342861464004839,58
5535,11.46505325915621,-33.99256557969099,1.85483870967742,23.333333333333332,54
5536,4.901960784313726,-12.923062865497075,-91.8793691456189,7.793040293040293,71
5537,-16.91387354766121,10.0,5.0,11.104651162790699,44
5538,8.90333040451671,2.2897433112486887,-1.3768115942028984,-2.474747474747475,62
5539,-19.569028122104523,-16.792287567488124,-8.849206349206348,9.259539338160408,74
5540,18.049124999072404,-9.856042678623325,-0.38320303245676346,-5.564427324239667,75
5541,-20.48056722689076,-7.9453262786596115,8.403483470226414,21.11111111111111,57
5542,-6.850206323890534,-11.671826625386997,-39.60017014731818,-35.09917598283409,97
5543,-12.466329966329965,17.541672886500475,-21.375139236981344,3.4722222222222223,57
5544,-1.9933973780101502,-60.61067185224069,3.603670634920636,-2.4051156474138633,81
5545,26.00317146136674,14.763071895424838,-4.5436507936507935,-8.177935647943388,60
5546,-28.421377845719952,-51.77746713484549,-7.363660267248194,19.987710375493492,94
5547,6.746031746031747,-17.790947267980975,1.0119253308888034,34.332167243734546,100
5548,13.787878787878789,0.9011164274322176,-4.648863085005434,-9.17982179726203,66
5549,10.0,8.787878787878789,-31.117571059431526,-29.042456611960006,50
5550,20.034013605442176,4.166666666666667,-5.073634966475823,-1.8377401465636747,49
5551,25.194299493991146,3.9682539682539684,12.976190476190476,10.0,32
5552,-31.456269425019418,11.22870484478663,7.492919056919222,-25.70145999177231,96
5553,11.148440931049628,-29.115961199294535,9.385964912280702,35.704365079365076,48
5554,-26.960892449398198,21.38888888888889,-11.683172986229012,-4.1717101285834435,60
5555,24.72222222222222,-10.512346691012187,-1.4261149878784103,-76.49442480585861,82
5556,7.154882154882155,13.371947784926029,-3.8165976743562915,-1.4578111946532992,58
5557,8.895502645502646,3.8970097986831806,-6.2848964977588135,0.5860805860805853,59
5558,-10.614035087719298,9.938271604938272,1.61002411002411,10.314039408866995,47
5559,-4.94189596388137,9.511172872757266,-2.685185185185185,-11.814892623716151,74
5560,-4.324096577440146,11.937464931163348,-36.575573549257754,3.4722222222222223,61
5561,-2.2244759972954693,6.4935064935064934,26.3030638612034,11.802119258259612,43
5562,-5.098039215686274,-11.376811594202898,9.385964912280702,-14.36487724688064,45
5563,3.7263065204241688,0.7599405425492383,-17.71302304472104,-14.73183094838171,82
5564,10.65520501004372,21.36853571838092,3.8383838383838373,0.9380032206119164,51
5565,5.921710564532862,10.804422088299244,3.1507539434368708,-17.93094287280334,69
5566,2.0546737213403885,8.333333333333334,8.749578699022582,-10.587983583004728,54
5567,26.944444444444446,5.303030303030304,5.0,17.78985507246377,36
5568,-94.76761823601413,7.718946522659498,-23.907006986903895,2.8635157280990633,105
5569,0.7365245197888601,-49.292324456666506,15.512657120923715,7.0546737213403885,90
5570,25.208556464568304,19.270158888155493,14.607984607984609,3.3333333333333335,53
5571,-4.164183358107372,-26.15272113047419,12.63084025117071,7.380952380952381,67
5572,8.182261208577,12.083333333333334,-9.907407407407407,8.623188405797102,41
5573,2.3558182963107726,-6.011636636636636,5.144927536231885,18.260157744211675,51
5574,-34.512432012432015,-29.380890837333666,-15.786669570315325,13.265754307420972,81
5575,-1.5667229424069373,17.127391827058126,24.65874679711158,6.712962962962964,53
5576,-0.8523589009440551,22.433219664677466,-4.584816077010245,-19.52194410527744,69
5577,5.809294871794872,9.166666666666668,25.561172901921132,1.8086308873178711,43
5578,5.436495700140473,-12.747747747747749,-1.9489760421132942,13.205128205128204,56
5579,-40.67828581497089,-1.913580246913579,6.090257781434252,23.116916004363407,63
5580,10.411202762387358,-12.212760357921647,-3.5583069993825136,-1.215986394557822,55
5581,6.691919191919194,7.301587301587302,-25.720275555294307,-19.07030637103101,64
5582,9.901960784313726,29.676589167135386,-16.502839568852295,-13.45238095238095,56
5583,-21.8588360384026,-17.18174596529142,-14.788645562582726,7.988380537400147,75
5584,3.9668289217774344,-4.780894339717868,-0.5938356357883419,-4.672939006480934,77
5585,-0.7546405081616343,32.24903015663885,-8.76661350345561,-5.392242705447871,72
5586,-9.09546258285754,1.048930981250404,8.333333333333334,11.992837785520713,76
5587,4.08454418871086,-5.688318347570117,-18.70003083900396,11.81159420289855,79
5588,-17.108585858585858,0.8203991130820407,46.21275971077361,-7.3280423280423275,55
5589,-2.6690764190764185,14.252884380320662,1.212876271015806,-10.638930265916363,57
5590,15.519678327533734,-15.860471973108558,-3.627704705070432,0.4563492063492056,69
5591,5.285338360629984,9.329734592892487,29.291719247726945,-14.596091310087251,66
5592,-1.9384528759528763,-15.224850809889173,24.31893687707641,17.39284294719254,66
5593,-43.36178283546705,4.901960784313726,29.582111436950147,7.083333333333334,44
5594,-10.385580094095463,26.926703067053946,8.777607361276718,16.23920363050798,78
5595,-37.25507951603081,7.500152965205277,23.649612503423803,10.992866395833516,65
5596,-36.77919142693425,7.873563218390805,-0.8993985784581753,18.128842519294352,59
5597,7.14031339031339,-69.00541850536254,11.077859338728905,20.90367550283162,79
5598,-17.9499911246995,2.1367521367521367,-19.29563492063492,5.1913648910311885,57
5599,6.331368707828727,-15.841808709844855,7.525252525252525,-32.94674859190988,78
5600,12.650831290737344,3.0035302861389823,9.822530864197532,-2.5324675324675323,58
5601,1.5275662402455037,7.432428462306834,10.0,-2.162698412698412,63
5602,19.39664867296446,10.324543610547668,5.0,-10.218954777020688,60
5603,-5.286974155819655,4.718234981392876,14.07888407888408,8.205128205128204,44
5604,-24.43907156673114,10.322327044025158,11.060606060606062,1.3268438860169613,56
5605,-32.031523539106054,0.7244744744744738,-18.562634192163173,3.6470071899727636,76
5606,-4.105911115775143,7.598062197218316,-18.432539682539684,-34.95598718850219,81
5607,6.633986928104575,-64.70853594885423,8.205128205128204,14.453610879049476,69
5608,-5.1565637910175735,5.128648233486944,19.054881899709482,-3.386243386243386,53
5609,-8.507981665876402,-3.9103548396102625,-37.47077912920906,12.083333333333332,71
5610,18.597883597883598,8.623188405797102,0.0,7.450980392156865,34
5611,10.139152435167617,-0.37037037037037024,11.599378881987578,13.968253968253968,36
5612,3.7878787878787885,-40.679295366795365,-13.062015503875969,0.6359649122807016,58
5613,-0.33799533799533776,11.638217164532954,0.2545155993431858,-0.018612469592860226,45
5614,12.120678617157491,-14.541055349878876,-108.9940492664696,-34.936246371384065,88
5615,-25.514674930219602,-28.659430193122045,9.225932797361368,-4.08253205128205,66
5616,-3.9029431216931223,4.036037062352854,-2.807017543859649,-42.703262081448415,65
5617,3.4722222222222214,17.40740740740741,1.4409814814512285,17.036480894055458,66
5618,-33.658198002482635,-11.625816993464053,6.633986928104575,25.303030303030305,55
5619,-6.018518518518519,15.458058624376335,15.137247176254267,5.075802003643523,64
5620,20.0,6.565656565656567,12.500000000000002,-16.42711149797093,50
5621,21.734003786699866,12.083333333333334,-8.621523095207305,11.133392785495117,62
5622,17.534562211981566,-3.714722940401508,-7.311827956989248,10.497263413930083,70
5623,22.15235647680036,9.943864258052562,0.32454361054766734,-28.194444444444446,50
5624,2.9230333899264296,2.343382675863495,-12.141272469206708,11.283068783068783,64
5625,-1.4800557706448503,-8.482051905134682,-11.662345941961012,-15.49062049062049,69
5626,12.903212136621748,-5.225168350168348,0.17354683494169443,-36.36118761232188,91
5627,-13.43838373471994,-9.70899470899471,16.216302805821034,13.623188405797102,69
5628,-17.442524289470033,1.1612364243943194,3.4435036640918986,14.385964912280702,69
5629,19.909003831417625,16.303418803418804,-12.191358024691358,-2.4779437784998946,58
5630,-15.17507582023711,5.396238051187172,-35.6326370217732,6.364466402276446,69
5631,12.975701160541586,9.015594541910332,0.24500818913277356,-7.590005873474431,66
5632,-31.385024120090208,1.8115942028985508,-7.1249822986229425,-11.402846643453188,93
5633,-22.062097771400943,-7.0614591465001295,1.3387423935091283,11.948019448019448,64
5634,3.7878787878787885,14.908559577677226,4.274891774891776,16.209760682940214,51
5635,6.641259992082455,9.140211640211641,-8.18840579710145,3.7878787878787885,55
5636,-10.332369506942559,14.807769261550774,0.01165599370857251,-8.95761283016185,68
5637,10.95928800197093,3.0914985091186473,-3.203197945845003,15.457380457380456,53
5638,5.340608465608466,-5.7618464052287575,-24.865876730378414,-86.88234817783356,86
5639,22.473035439137135,0.5184544722588225,-15.157168304987776,21.602564102564102,59
5640,10.01866368047779,1.4516469926341777,5.068830540528654,-1.3101604278074857,64
5641,-14.973257001558888,-3.8150535210649306,-17.287144196173863,-68.21659742214607,112
5642,-0.8616599793070376,-7.023809523809524,16.874824092316356,21.81159420289855,46
5643,2.57020757020757,-15.955431941787165,-0.7002639031361506,14.068462401795736,59
5644,-3.3435739887352787,22.19298245614035,8.812716657544245,0.0,38
5645,7.348927875243664,25.6774414118967,-24.703956344810827,11.295326275947026,67
5646,5.537400145243284,-16.21212121212121,2.836500549102327,2.1637426900584806,47
5647,0.02896241582189729,-25.691878247025304,-19.82665088888043,-0.016927516927515818,75
5648,-16.64796172036387,1.0786914235190088,3.7513225726570774,2.9102388368503354,91
5649,38.68983957219252,-42.6944334962477,-26.95973511564049,27.699828651725667,84
5650,17.688172043010752,-20.069314529291177,18.163418290854572,7.173382173382173,50
5651,-6.91358024691358,5.0,20.875440658049353,0.0,37
5652,12.81546584178163,-7.10319023703042,-40.87887997699225,-2.8787878787878776,82
5653,-101.64188634701512,-22.604779096410294,9.169319365122407,-31.047262456598613,111
5654,-8.229166666666666,-22.323777856609844,10.0,-0.09803921568627416,53
5655,16.407936153369043,1.7407386293599298,15.0,-1.0317460317460316,56
5656,9.385964912280702,-7.096267553584626,13.333333333333334,-14.00638327721661,47
5657,8.787878787878789,23.208115062953773,9.62962962962963,9.166666666666668,36
5658,7.192982456140351,3.870214752567694,0.9232026143790844,21.85124269005848,40
5659,-7.0938150901386186,7.777777777777779,18.46705187711155,7.976190476190476,54
5660,-8.515912723229796,5.382285225770939,15.503689780005569,-20.390637526054196,78
5661,8.396556362658057,-24.285714285714285,-4.837035595419437,8.070116487455198,62
5662,-7.609309751903709,-22.48955733092637,16.776377217553687,29.738409755898886,59
5663,-18.05305756517092,3.9909548746638914,-1.2243218709548103,20.41278660973058,66
5664,-9.89147793263647,-51.95160169387445,-24.020154487961328,-16.5946274913074,98
5665,12.154213036565977,-43.273580358621345,-10.952428415893284,12.380952380952381,67
5666,-13.427672955974842,-53.08045633584979,1.773049645390071,-3.299319727891156,56
5667,-22.19765739181657,9.630688435719884,9.55082742316785,1.828316610925306,55
5668,-5.578350795742098,0.0,7.311776061776062,-5.411706349206349,49
5669,-4.767071599035333,-2.3769660071029914,1.9609231216923462,8.43812032011659,83
5670,14.129262445788147,-11.15794898387069,3.9036694299852197,10.172902494331066,72
5671,20.416666666666664,6.911217437533228,3.08641975308642,1.7460317460317465,40
5672,0.0,21.93798449612403,-13.592176923819926,4.166666666666668,43
5673,-16.49722847671764,20.955511923004185,31.00844493388353,-3.381834215167549,57
5674,5.0,-2.9431460831911873,6.79590017825312,9.385964912280702,49
5675,30.127251177287047,12.362155388471178,7.136752136752136,2.7777777777777786,48
5676,-8.525712171661116,-18.93950840297872,-18.35979627098048,-12.345663361129892,78
5677,8.013496384639762,10.845255913893768,18.883442265795207,6.066821161929861,52
5678,7.380952380952381,11.713554987212277,26.01225168608911,3.0355349653595285,52
5679,4.252799310938846,-19.688059970080833,9.054881899709486,16.160394265232974,50
5680,9.235320181806685,2.8735632183908044,1.1049549099863571,-13.056968126026348,64
5681,-20.712074303405572,13.75,10.238178001335896,4.9603174603174605,51
5682,2.838132625866807,-41.1155171187235,17.329545454545457,-73.59169493836117,115
5683,8.59094982078853,-0.9566813957521152,11.56815816682527,-16.09152827023084,76
5684,12.525252525252526,1.496751624187906,10.293359730274071,-3.814622340164135,61
5685,7.688172043010753,7.262309384326677,27.965005592441873,12.314814814814815,49
5686,-54.173657185460584,-7.601794340924776,27.272014145667253,16.93798449612403,77
5687,6.563393328798579,-2.395833333333332,9.08730841264381,-4.137806637806637,57
5688,-7.159064603753165,-16.52777777777778,-57.44389709906952,-0.8591737715266632,85
5689,-7.860261005422295,18.47222222222222,-7.243867243867243,2.475384641367314,46
5690,-8.782423047080158,-17.042483660130717,6.7895890113363135,3.1783843303507915,76
5691,11.56761412575366,0.09458293941052487,-13.981481481481481,7.192982456140351,47
5692,-10.467138468290543,-21.106378548239014,-20.20687067562068,18.263401774257687,66
5693,2.5031928480204346,7.371794871794872,15.0,25.547933731921006,46
5694,-9.3345317753587,21.370091896407686,5.0,-1.0317460317460316,42
5695,21.270039462325812,24.823703489581685,23.26005961251863,0.3638224365299645,73
5696,23.521202361782073,20.09338285654075,-2.126436781609195,15.487861811391225,46
5697,6.022775701547339,-11.843296022862587,1.3060675332480614,-0.5016221907208589,74
5698,-8.18840579710145,-16.335353363655248,-1.444618599791012,3.2051282051282044,54
5699,21.00895079155949,15.0,7.450980392156863,8.235158235158234,40
5700,-4.137806637806637,-12.381399088716162,17.83198684514474,21.116441141674063,49
5701,17.07048262824505,8.970504821327284,-7.917662790226508,21.425812749342164,51
5702,-16.27063612801442,10.0,21.353519880622212,13.787878787878789,56
5703,3.3333333333333335,2.809157754010696,8.968253968253968,10.0,35
5704,0.0,-29.442330484685918,-22.655155155155153,18.682489465699046,70
5705,-79.16874088273683,27.299347402322233,10.0,9.878393112232496,69
5706,12.032520325203253,-5.895895895895897,3.333333333333334,-5.406162464985993,45
5707,-9.99936283338016,10.649026611759531,13.914402207085134,8.750000000000002,50
5708,11.302083333333334,28.6046511627907,-5.352141317834942,-87.72272669284833,68
5709,8.509226332152018,1.1494883040935677,-5.398428731762063,-1.8519577930333107,71
5710,26.01347188288115,-9.773495605138606,-5.895895895895896,9.787100025195265,52
5711,6.925111925111925,24.901960784313726,5.689043635472207,-15.802487373204464,51
5712,14.371665967320116,3.089406610911988,-29.42918192918193,-19.41290240960824,75
5713,-37.305853568312685,-18.5693315266486,-30.03789496057962,-6.435498318568619,105
5714,7.525252525252525,5.093369468369467,-39.511764485594256,15.0,55
5715,-27.497928277647862,0.0,10.172902494331066,-42.68705306856958,69
5716,-27.083488594806667,3.6265432098765435,13.836547586547589,-5.142679492698974,72
5717,-15.767329785871986,7.380952380952381,11.973008312319044,-81.23234763076441,87
5718,-11.38590203106332,-20.92600760295974,-62.910206887483454,4.318921967854751,96
5719,8.618233618233619,16.02271944005815,-1.3768115942028984,2.878151260504202,42
5720,-0.34394272534689563,3.182261208577001,7.283533533533534,-6.119912766529869,77
5721,-7.238175426975542,8.559778854762374,-1.1440773250786087,-32.2639953440893,103
5722,15.477729885057471,-16.03174603174603,0.0,11.05168987068859,43
5723,-0.1680672268907557,-0.37037037037037024,11.448412698412698,8.787878787878789,39
5724,4.89108390881105,6.626979711435036,-83.08612043989982,0.0516522936105841,102
5725,9.123571732091591,29.6847442680776,-46.521899453130445,0.05189255189255282,72
5726,24.85641891891892,10.15873015873016,17.976190476190474,19.48641015137179,37
5727,10.0,9.526842075861687,17.314814814814817,7.580399584076055,36
5728,2.781416059173811,10.694147782410717,-4.588001811121542,-18.270397322199578,76
5729,5.90201465201465,-1.3768115942028984,-43.521040247264224,30.45742715049296,83
5730,-25.54657986364447,-0.24553589926635278,-29.688573206887384,-26.785914600122254,90
5731,1.8115942028985508,6.60264105642257,-4.639794168096054,-28.32894239965949,54
5732,11.161438542593043,0.6073153899240857,-3.5807656395891687,0.8564285108907539,49
5733,-0.16651399617085794,9.62962962962963,-8.411130856099408,-1.6625849468367164,60
5734,-7.506459948320414,-10.555555555555554,3.7190746319492156,8.6363544100117,56
5735,-16.952203980505868,-22.96381275968762,7.764550264550266,12.777777777777779,62
5736,-2.914646173662936,0.25451559934318624,17.228232402980364,-30.612993115641423,83
5737,-4.581566660551479,-23.494990892531874,8.754435947418406,12.192982456140351,66
5738,-3.6507936507936507,7.777777777777779,-14.662710649065875,13.916382614299282,68
5739,-23.953713688940933,-25.86955282895631,-3.8499000999000996,4.8765432098765435,74
5740,-9.662879643859927,-27.60296174051858,4.1516543902021175,-2.9986843222137303,85
5741,11.117724867724867,0.0,10.332422531302088,-15.282125242446106,57
5742,13.064552406657668,-38.71677712194953,4.574013949013949,-6.665915103415102,66
5743,21.48148148148148,3.5194238900634254,5.36787360272961,-19.13151119033472,55
5744,9.193297009231852,12.854599104599103,-33.90764694485527,-35.58875607153991,91
5745,0.9880031758029841,8.768631436314363,9.753086419753087,-45.06079139852332,63
5746,19.499766245909303,6.88608776844071,4.608585858585858,-7.7905971826117,46
5747,30.281804547866507,8.452119883040938,10.467372134038802,-68.87942302860057,64
5748,14.914211032632085,-19.51892559961025,-54.71768297251151,-46.26461988304093,89
5749,9.927213309566252,-3.3541960826907036,-9.036713606233647,15.0,50
5750,11.515151515151516,-8.65079365079365,-5.6050640404551615,17.427213309566252,62
5751,10.707860971018865,-12.485504503514955,6.912117676636733,-2.033772858736989,68
5752,7.593693227124385,11.122076023391813,2.0743829871927124,-2.807017543859649,48
5753,-30.3679179133383,8.968253968253968,-2.6488415723047494,-17.683467900859206,73
5754,-2.986385437365829,11.937984496124031,-10.236205979936983,12.873563218390805,52
5755,18.994067526676222,2.3809523809523814,17.150133816800487,-2.222222222222222,44
5756,13.987407543248366,-15.468409586056644,5.16164994425864,3.5278424716114696,51
5757,7.91056166056166,2.008531233337436,4.901960784313726,7.380952380952381,45
5758,-10.510900971893879,12.34016929450366,13.333333333333334,11.565656565656568,56
5759,7.648470520810947,26.264038430948393,11.984126984126984,-1.453242098403388,53
5760,-3.9299480475951056,11.905594405594407,6.937984496124031,3.5517172167405704,60
5761,4.445890262415962,-64.29269117222016,-3.5756539216033296,-9.83780915466962,71
5762,1.9841269841269842,-17.741133991133992,-34.29077501445923,10.0,58
5763,17.13349734643076,15.62234662605074,-11.34433962264151,-7.123780549141198,72
5764,13.333333333333334,-5.969971369148906,3.479607324716021,6.753812636165577,45
5765,8.472222222222221,14.62962962962963,12.525252525252526,10.561735261401559,34
5766,16.20689655172414,5.0691244239631335,14.947257863924532,47.95921114047606,50
5767,5.655461219529619,-51.29330943847073,-7.267854951341393,-28.979442746253326,113
5768,-6.125750501728538,1.2354362034668949,8.454592363261096,-0.09419152276295151,64
5769,-84.8755020876275,9.215331206305711,2.0833333333333335,5.255499005499006,63
5770,5.658681910740615,11.34920634920635,-23.750117553781756,13.057132418034675,65
5771,27.66652702136573,16.448412698412696,-16.28386246979432,-22.27716727716728,70
5772,1.5723270440251582,36.57818151997483,-22.247801781270343,-7.51029947027612,83
5773,-1.312831274005287,-19.545454545454547,-0.3067765567765566,10.955955955955957,60
5774,12.07010582010582,10.0,10.849753694581281,5.0,33
5775,-5.5810657596371875,-24.924296331435798,-32.39798440198337,-9.32946158075119,81
5776,5.475040257648953,2.142857142857144,-3.467823026646558,3.333333333333334,51
5777,2.314814814814815,-34.33857489651116,-48.27248251578028,12.450980392156863,72
5778,16.785856981999512,-1.7057479557479551,-10.29381903833658,14.017109075248612,57
5779,12.591093117408906,8.968253968253968,12.177755819060167,1.126604675213775,51
5780,7.525192222337392,-3.1030737482350386,-33.18532601719933,10.821600454368816,63
5781,-8.643033703739668,-2.474747474747475,16.535947712418302,14.39594356261023,51
5782,11.746031746031747,0.0,10.829407520583992,14.015594541910332,38
5783,5.517127799736496,-10.0,18.96825396825397,0.2629567011287437,55
5784,-0.20061728395061706,14.166666666666668,1.2068965517241388,-1.2121212121212115,44
5785,12.220722747038536,17.25225225225225,14.215049656226126,6.076388888888889,37
5786,2.192982456140351,2.367149758454107,6.254369336667475,-33.29331422098325,69
5787,-0.7759699624530665,9.309368579250274,3.5107927605715794,25.0,67
5788,15.216003772126582,-43.88251235453531,11.207722525629972,-9.42425454085658,72
5789,12.252252252252251,3.205128205128205,6.250000000000002,-5.875368592759897,42
5790,-1.8868903493600828,0.3032578552255778,27.254931050697635,9.175673189317965,64
5791,-5.6060606060606055,7.976190476190476,-32.22222222222222,7.136752136752136,45
5792,-16.2948084133097,15.557385448689796,2.154213036565978,5.0,47
5793,24.948040170641413,11.153127615389945,0.2713178294573648,-0.08495080863501636,83
5794,3.3330826879213973,-27.791452133509026,7.38095238095238,0.0,58
5795,-30.17150011646867,-5.424779898464109,21.38888888888889,-1.1548941403750839,60
5796,1.1726699226699253,-7.126436781609195,7.136752136752136,-12.420089174865318,59
5797,-23.95370140426638,-9.98040679327229,-12.731612985125711,8.140300363902753,83
5798,8.518950185616852,-18.954761007474403,-0.41226747109100037,7.386262830005515,72
5799,-4.878576964974023,10.4043325371009,-26.178630957425774,3.3812200661599032,67
5800,10.79050579050579,12.495466364215952,-1.2499999999999998,-15.361766166179226,66
5801,-24.88866501766399,15.03884107800288,-3.3618181131077227,-8.928574215663037,72
5802,20.82010582010582,-7.836407043724117,5.0,-9.124559341950647,45
5803,-12.167312536579956,-58.82432734284001,-0.08102100546853364,17.57829947618277,77
5804,-1.7283950617283939,-5.527985290793639,11.89488104784817,-5.840760546642899,53
5805,-2.716899516164135,-49.05289938556068,-4.983277591973245,2.192982456140351,67
5806,3.2051282051282044,-5.0,11.21332123312158,15.093139616472698,45
5807,17.77777777777778,15.832391625074552,5.759940542549238,14.02557319223986,41
5808,-62.26758317727378,1.7929116090880801,-22.076453775538443,-17.766817237339588,112
5809,-3.2245263696876583,7.751265865377366,19.8079025316877,6.232193732193732,60
5810,10.024404249210452,17.03252032520325,-17.735059816502645,4.067493204940611,59
5811,-19.696817519398166,16.967288011695906,-3.341750841750841,-2.886453823953822,66
5812,14.901960784313726,5.323464912280702,1.1226964513834385,9.54951284327747,88
5813,-70.6737560615644,16.602564102564102,-2.408906882591093,7.873563218390805,52
5814,-16.3768115942029,14.262574595055415,-7.238668194550545,-5.61104822989373,56
5815,-8.540452687159318,4.771117955197558,0.27364212848083835,-33.347444529537086,92
5816,-7.263109743309396,5.398815743643329,-1.7069243156199665,25.572173421322514,54
5817,-3.0555555555555554,10.0,-67.5972582573356,-8.75,64
5818,7.716396586259602,-50.90834725745995,-30.421245421245423,-21.58249158249158,95
5819,0.0,9.62962962962963,-24.601889338731446,18.040678098817633,43
5820,-2.11201690821256,3.7878787878787885,6.984126984126984,-25.406162464985993,47
5821,-15.058760683760685,-2.9674796747967473,-11.325536062378166,-25.52501333922099,62
5822,-12.845786963434023,10.537400145243284,-1.8650793650793638,15.0,43
5823,-2.1264367816091956,-9.749526401426305,3.563612701060107,-12.967479674796747,49
5824,-20.46281474564673,5.820399113082042,11.978854478854476,19.548408057179987,58
5825,22.124071419998376,18.728615015800372,11.809082085721808,22.843150750163005,84
5826,1.0763888888888893,10.288461538461538,-6.782111197655873,5.156476383656912,46
5827,-12.794844718699947,7.944696935035358,9.166666666666668,7.203499658816627,64
5828,-3.427405501138216,17.55181549010441,0.8156187345114003,-12.530436915595583,72
5829,-6.569200779727095,10.0,36.10577908453524,2.083333333333334,49
5830,5.0,-9.827097505668934,-26.141583503967578,-23.33785004516712,63
5831,17.41106719367589,7.314814814814815,-1.666666666666666,2.525252525252525,38
5832,2.604166666666667,12.976190476190476,-10.02923976608187,-2.423994850465437,49
5833,9.995483288166216,28.36032003133521,3.1028401143343687,9.074736632876167,48
5834,21.201956673654788,13.917555326224058,-23.99922570654278,-18.13573370416865,54
5835,0.4932877406281664,25.442235247417404,-1.0317460317460316,21.84145297260747,60
5836,31.56761412575366,11.151081622779735,9.099210987726476,-47.2600653959539,59
5837,21.248078236042335,21.66214995483288,3.4941547541002222,-19.796189868028947,59
5838,26.26868096166342,-8.188754877825598,8.339947089947088,-20.897783970424683,60
5839,8.205128205128204,10.0,-0.09803921568627416,1.2388591800356514,35
5840,10.01110604371474,-37.99181472442235,-2.701040081177066,24.363438575689933,79
5841,-9.300490635467284,13.086419753086421,33.61746168591256,6.2636165577342044,54
5842,-4.92113442439806,-43.963782138124245,-6.746163667492403,-15.355070308496618,115
5843,6.493742013604075,18.812716657544243,-16.81764780504276,2.7898550724637694,51
5844,-0.5357142857142856,-16.30802197667474,6.2254901960784315,-49.277786039568824,75
5845,1.661442006269593,8.472222222222221,-25.62286000874851,-20.142746913580247,54
5846,-16.3768115942029,7.71292547608337,0.8621933621933628,37.579940050669194,51
5847,-33.56680843522949,-19.814917629205386,4.316469782571478,-5.917301383103269,76
5848,-29.003339840294174,10.853174603174603,5.096207968548394,12.905223100796958,67
5849,6.149365176351257,11.851851851851851,11.750841750841753,13.165901928068227,54
5850,-11.448898518418558,16.504524886877828,11.851851851851851,-43.14516129032258,52
5851,-4.302433871953911,0.7303807303807299,12.764550264550266,-14.827097505668934,51
5852,-11.033278006962217,7.825670498084291,-6.312758868773837,6.847835970176394,72
5853,-10.168438277615493,-16.074078708729225,-79.2435219472749,2.9339544471123453,101
5854,12.257747710013831,4.739147749900438,-13.477045628442006,-21.690298730055986,97
5855,-13.287037037037036,-3.8888888888888875,6.34920634920635,-19.62898285306744,65
5856,9.190236748376282,-10.499036535380132,11.38939763939764,16.564934825154165,60
5857,0.12200264329762867,15.63902654363181,4.397132241959829,2.939127462688089,98
5858,14.074136018112698,15.086397901890379,-14.205577860469162,13.08109723014002,76
5859,19.95620425589591,-53.10286170237774,15.399417125163394,-9.332824861955341,91
5860,-78.75622857375112,-3.11572796846289,16.710311972428848,-28.460601167649678,98
5861,1.9841269841269842,1.2500000000000004,-25.62365799218142,-77.26875963938973,86
5862,-48.559110210350035,-20.208472083472085,-17.27011348606283,22.22398963120066,82
5863,-25.320881226053643,-1.0844556677889985,8.966032101530422,16.700680272108844,49
5864,18.104443449271034,-33.03791931519835,-26.82653667835698,-9.9560610594323,92
5865,-71.14376921923666,19.269662921348313,2.233989214465238,16.515151515151516,89
5866,13.102321388325446,10.0,9.62962962962963,13.791547958214625,38
5867,10.91728801500239,-14.963219458651352,-59.568150840970304,-34.07472362985882,79
5868,1.298982355310057,0.18405829764856185,31.94960517877185,18.1543138891699,60
5869,8.33286796909088,-9.745484400656814,8.421544517553862,2.9839381868769945,63
5870,3.1220721906996403,-3.9784946236559136,10.72586328400282,9.166666666666668,54
5871,1.4192343604108313,8.781908474890932,-0.36331300813008083,21.893939393939394,44
5872,11.712797198982953,13.071495526518017,5.010315355142941,6.617647058823529,60
5873,16.215541324056503,15.946175304160786,13.509160756501181,28.977133977133978,50
5874,23.148240887214605,-8.162154456458929,12.605820105820106,4.63845513924082,77
5875,7.525252525252525,-15.246887438916424,19.409514570827376,12.16374269005848,62
5876,18.97900053051085,5.315925286805356,-14.922856964661655,6.087099322393444,71
5877,4.1036189534521,-9.26899236792417,-54.209133945976056,0.2545155993431858,72
5878,-2.826617826617827,-9.81162196679438,5.383565627127158,6.076388888888889,51
5879,13.968253968253968,1.828316610925306,6.836945304437565,29.00880429905194,49
5880,-14.45220319383399,0.47504025764895363,29.132326007326007,-43.79088163770864,80
5881,-9.845031207520693,-10.611147684880404,10.939716312056738,10.286923993916227,55
5882,13.968253968253968,-40.44554282304107,10.621989357523816,-15.383276625918771,72
5883,5.555555555555555,14.6503312863607,12.314814814814815,-52.798260879219086,57
5884,-20.948295543679915,-0.9570539020103421,15.0,0.7820353708823422,83
5885,38.013308090034435,2.2522522522522523,-9.474526369687657,0.17327861377109066,51
5886,-73.67278905796664,33.05857000610374,2.3384661835748797,18.060422282120395,80
5887,-3.323223968385258,-0.5101899838741941,-17.121848739495796,21.45967650155705,68
5888,3.003812636165577,12.976190476190476,11.481481481481483,13.787878787878789,37
5889,3.6469394977619594,10.537400145243284,2.314814814814815,-5.928877666429942,57
5890,11.958566501249429,-0.45997610513739673,-21.64499085551717,16.662534117556607,58
5891,-17.87272598813731,-19.925213675213676,18.54849595738176,-19.173750756412044,67
5892,12.074136955291454,9.429463442621337,2.8735632183908044,25.541691424044366,45
5893,13.968253968253968,-9.404861315780854,14.209794580914807,14.385964912280702,59
5894,9.147334147334147,0.8201058201058204,31.082129719640236,17.26293601293601,50
5895,-7.190953495301322,-12.987523031705653,-143.49350620434438,-34.90477514720439,116
5896,-5.583226905065985,-10.234750124456008,30.092763315864488,23.624847374847374,56
5897,-43.999287749287745,0.0,33.47828640276014,-20.85878652488405,62
5898,7.724614566719829,-53.27483672527854,-27.362080425390495,6.80885068598894,78
5899,-5.0,5.0,-7.320261437908496,18.728610905091898,54
5900,-1.0328185220082633,-3.3928571428571423,-2.7482808841693833,-58.05672967301935,89
5901,-22.555562462284296,12.777777777777779,20.87801087801088,-13.414830449144173,66
5902,-17.857142857142854,13.264241796850493,-48.08235103966811,28.33309609523996,66
5903,4.700577200577204,-5.236601397852217,-5.412267471091001,19.629475951118998,65
5904,-9.16175714221556,-3.1007651702852104,8.623188405797102,-4.81162196679438,67
5905,0.0,5.470358991864369,-6.031746031746032,-3.386243386243386,46
5906,14.166666666666668,5.0,16.22900851161721,18.205128205128204,32
5907,-23.532221920529896,-8.942157662165402,5.752421918998012,10.261752136752136,76
5908,-24.838786613113836,-2.2400284900284904,-65.26372816080428,7.6023162441251335,86
5909,23.6231884057971,27.686698999018848,15.0,9.901960784313726,34
5910,19.901960784313726,21.77304964539007,-14.343891402714933,-11.107451324842629,47
5911,6.709608158883523,-5.812597519914593,4.0979340473779295,-19.35185185185185,52
5912,-2.549019607843137,-3.7931034482758617,14.604218880534672,7.590132827324479,43
5913,-0.6140350877192979,4.965607353117867,0.8251633986928102,13.663446054750402,47
5914,-30.386249687581355,-24.698305345028285,4.678495700001077,-22.136331282602224,108
5915,8.009153318077804,-29.60767086791188,22.835682835682835,-33.80932169132509,66
5916,6.474287828338883,28.14370052411637,-18.108382845224952,13.623188405797102,56
5917,8.205128205128204,-8.434343434343432,10.0,9.83187134502924,39
5918,3.2422549915709973,-16.708379681127177,4.381726539465543,1.0045208197127558,75
5919,-48.906207240763365,-3.5344981161042575,-15.040954415954417,-18.386243386243386,87
5920,-27.765883430238528,-22.974110385434194,-0.9143518518518503,24.166666666666668,97
5921,-36.75859701564687,-0.27168708434693034,2.2267632881844253,8.221656156302785,101
5922,-1.3752665245202556,13.148012895131142,6.496622931203023,-17.876984126984127,72
5923,13.887141858839975,15.927315022142608,8.754279489573607,24.526842075861683,56
5924,10.276738639727398,-21.608243367268866,6.753676753676753,-12.668997668997669,81
5925,16.644004144004143,-8.572089695255286,-7.685185185185185,-20.293687367420087,65
5926,13.146997929606624,11.269856327995864,12.76097113211451,-22.74774774774775,48
5927,25.6489262448098,6.636577708006278,6.105006105006105,-10.658394501079849,71
5928,-24.754728132387708,-20.871563962686807,1.858647325178766,-3.3856239864366793,75
5929,-66.54546963726094,-31.5383275292404,1.0964912280701755,3.427719220402146,111
5930,-1.146500888732529,-8.366248308108773,-4.01913875598086,15.0,63
5931,-25.489215871219265,-17.801157848487122,0.6849128540305007,4.630688435719884,58
5932,-4.062076443480613,-1.4242697982535373,-5.1328286582144065,1.4880952380952381,62
5933,-4.74879480245901,0.9900937776240439,15.0,0.922536099016456,61
5934,-8.89317310369942,-4.312892127099776,6.5359477124183005,-14.707732374137505,77
5935,-0.5815505617502148,-11.578410176873883,-22.924714394836023,-17.78820837644367,76
5936,-47.43550071373411,6.402131460270995,-31.8327042354791,-1.7787204239739562,92
5937,-29.99524337025587,-22.979723773141345,18.80293682925262,-19.07589709673043,83
5938,-13.738369704178881,-3.595987628495368,5.820399113082042,15.54647785039942,69
5939,2.958315925383034,-43.94470628002571,-14.547668063040586,-22.783270455114472,93
5940,0.1851084810180943,9.012289573417945,-31.472493661311827,4.534313725490197,75
5941,-21.69269092921249,17.71604938271605,-19.53714366036243,-22.150430083904382,88
5942,12.957461507167139,-6.2485447992694345,-10.386371172488037,7.281586021505376,76
5943,-5.16088486676722,3.374183006535948,12.714045214045214,-16.914267375360843,58
5944,16.17152946421239,13.43795093795094,-12.562067562067561,6.441047177103236,64
5945,-42.207544553082315,17.510702907208284,0.3245436105476678,9.385964912280702,50
5946,9.436274509803921,6.984126984126984,-13.173558897243108,28.18202772368458,57
5947,-12.845117845117844,6.666666666666666,0.0,-42.024818940469345,55
5948,-32.737308639564276,2.447287433504603,-1.5277777777777777,13.926027676027676,63
5949,-7.079664138024853,1.5476190476190492,-0.287698412698413,8.35480407944176,54
5950,-67.36140575540637,-1.5634901936271781,9.433984040666822,-2.621267621267622,74
5951,-7.579943888641478,-0.6143282424031433,-5.669191919191919,-23.912335651466087,80
5952,16.57358312713562,-46.1420509128124,-8.168482037418705,-12.637844611528822,69
5953,18.597883597883598,22.439086297601477,8.792361338127929,8.205128205128204,40
5954,19.7905072670363,-34.631791243206315,10.03550273551325,-15.409673432214417,82
5955,-40.84596968385543,1.7730496453900706,8.446625584990368,9.916580667354664,58
5956,2.9761904761904763,3.205128205128205,21.797032105956593,4.765795206971678,38
5957,-21.38092843975197,9.130966952264382,9.810298102981031,28.389149327658874,58
5958,10.900952911822475,-33.732387278582934,-3.814120747926175,16.078511864515924,77
5959,3.2247899159663866,1.2127415068591514,12.21677559912854,-12.284389199446997,52
5960,18.235294117647058,8.968253968253968,1.6025641025641022,-7.1494552593721865,55
5961,17.124125874125873,3.0173524865060015,8.350803961125129,-5.0,56
5962,-3.2399504767925817,31.197559115179253,-1.8757014590347905,9.588293650793652,46
5963,20.039059889806158,11.89677091278922,-60.70705649538886,4.9058084772370485,70
5964,7.2307013973680645,-15.754594520735122,21.666666666666668,-4.021739130434781,50
5965,-55.07803166069295,24.21528239418599,16.893939393939394,4.413472706155634,61
5966,-1.2837349600053785,-8.148148148148149,20.29100529100529,19.74052328653847,61
5967,13.205128205128204,-23.136574074074076,6.1967716379481095,-7.905056759545923,49
5968,0.3895701721788676,-1.0725761528219346,1.3916947250280565,-7.958892958892959,60
5969,-8.2481112060238,-2.311827956989247,14.160588551040385,19.27771462254221,73
5970,-0.15485653892546591,-21.202035125360336,14.305555555555555,20.37152583762753,59
5971,-60.779510980760406,6.369224370010052,-3.9948672185514287,11.583806151104113,89
5972,4.817019400352734,-20.041607648367396,9.947650205183333,-45.39371032573982,92
5973,27.921626984126984,17.38095238095238,5.1271165763919395,10.066545674531156,42
5974,5.547928311086206,2.0833333333333335,2.8347578347578346,-7.023809523809524,43
5975,-17.74774774774775,-1.8943903318903317,-15.559509394486044,13.660856687172478,51
5976,6.529374201787995,-23.288887937621716,-23.82617268066184,28.173680523420124,79
5977,-86.64366559689014,-14.466091119958001,-44.933454325468844,-1.7948717948717952,96
5978,13.5951042492005,-17.459437974581963,10.456349206349206,-10.529173207744636,88
5979,-38.536629781936405,-7.559963826941351,-14.610200976783796,6.46043771043771,92
5980,8.472222222222221,1.770833333333334,25.188378033205623,8.205128205128204,36
5981,-41.01264568350723,-10.569263752456942,20.59859465375148,-9.439745196324143,77
5982,17.371794871794872,9.62962962962963,13.787878787878789,25.501443001443,33
5983,-84.12894573586377,-72.7375730994152,10.405269046573398,22.348513126788603,94
5984,2.6603144741731715,-1.2346904998344925,-36.668500064887866,-36.21424397219336,78
5985,7.4989129293928904,6.502756073189509,23.39506172839506,-10.660974451624856,54
5986,12.071050642479214,-9.843291033566219,5.302654064820359,3.7878787878787885,60
5987,-7.916666666666666,-18.17053317053317,11.602564102564102,14.96728412489282,53
5988,-16.6194667687205,-2.235449735449735,-0.37288016910316,-5.659982969231965,73
5989,24.47488584474886,-30.16777551769924,-8.163054695562435,0.46923192222555077,73
5990,-80.398475358127,16.496751624187905,-30.324006327527453,18.96825396825397,80
5991,3.6991869918699187,6.572327044025157,-57.56691833994466,21.412429378531073,59
5992,-66.04537524568767,-31.480054293703706,-0.46006846403401624,-15.206632483738218,91
5993,-17.895214719285246,16.7664705854693,20.189247122386657,-13.958645104594048,89
5994,7.5,10.477729885057471,24.733893557422967,10.0,35
5995,23.663446054750402,1.9841269841269842,-2.1474483351284874,-11.212121212121211,46
5996,-9.898547359793831,-16.090225563909772,13.931953137538116,9.51860231271996,67
5997,9.62962962962963,-20.424003238210886,2.0106981757215276,-13.84707917094303,62
5998,-14.267496414205693,15.75234047944692,11.326487582543786,3.2730073161340023,66
5999,4.9767516434183126,9.166666666666668,7.692307692307693,8.689839572192515,42
6000,-4.058020135070672,-17.076797510378135,-69.0267446510899,5.398110661268555,88
6001,17.604166666666668,-4.489064856711915,-4.480056980056981,15.862193362193363,44
6002,1.7670455965412122,-19.9668399919902,0.573901407234741,-36.79726592130061,80
6003,10.227272727272727,9.33499743983615,-13.736383442265796,-12.747747747747749,56
6004,-25.974848790518244,2.7314814814814827,5.892255892255893,-1.0317460317460316,71
6005,3.868446368446369,-88.45719099151151,14.55082742316785,21.706349206349206,84
6006,-2.807017543859649,17.914287805592156,2.2354181167772307,-8.925973920491462,68
6007,15.421865715983364,-14.367658485305544,-40.81006936410132,-6.8015379448454265,87
6008,7.098005957655083,3.770690782185035,-17.426602241180245,7.96043296043296,63
6009,4.181985036704058,-47.35389470358716,21.11111111111111,-23.296163822288534,75
6010,-53.62659703576047,-6.708985404373756,-31.396731342359125,0.22814255467937739,108
6011,21.619286510590857,-15.0,-8.728293670154134,-4.165622389306599,52
6012,3.334217600452746,-10.491134978624464,-2.4103920363177167,6.633986928104575,72
6013,9.347864611022507,12.38095238095238,20.143112701252235,9.439219784047372,43
6014,11.980472871945741,9.914529914529915,-28.064522031913334,-6.560283687943262,60
6015,5.0,-12.595421014776264,-10.918707313010161,14.32455268239582,71
6016,-8.686868686868685,4.750047666714335,9.318936877076412,6.572544220065857,48
6017,1.2321937321937322,7.192982456140351,6.585648148148149,-9.89722908580553,54
6018,9.166666666666668,-6.898148148148148,9.695767195767196,6.588993443832155,41
6019,4.560707581425305,-61.146119610227885,20.0,0.2571753339016767,63
6020,-2.4938725490196063,26.700680272108844,-4.275525525525525,-9.845362430339076,49
6021,-22.746017643558627,-5.0,1.0452294338742067,5.121878050711015,67
6022,-1.8752744839701356,9.763770180436847,-11.490471869328491,5.002986857825569,49
6023,-52.57093366598455,3.4209085933223857,-10.242514384671248,-15.583226905065983,60
6024,-44.726485092776066,-59.477207524919066,-20.979026567461457,-9.385093812250739,107
6025,-7.455126936882504,13.137029580798583,10.604471371125586,-40.08854417428984,82
6026,8.874749802169159,-24.640813958253453,-27.793649684055296,-36.94391609157684,101
6027,-9.705745731960565,13.05874840357599,-2.311827956989247,-1.8650793650793647,48
6028,7.520104816119996,-14.607584261774884,-23.034459501850808,8.795721187025535,58
6029,1.851851851851852,-37.59917150842327,-10.024638929762428,9.839192087091249,66
6030,-24.58304536134725,-4.0895061728395055,-9.810328146725205,-28.947184865728044,79
6031,1.543242296918768,13.116195398804097,7.962276650832034,1.5723270440251573,58
6032,7.424671614819963,-11.321707045391255,1.0027472527472527,-5.914063879865766,74
6033,-15.578499791193583,5.153357789667323,4.816308243727599,26.262626262626263,66
6034,15.86841290261102,-2.3827515639825663,34.50350299784651,15.0,62
6035,-51.56987029916637,14.72051405493408,10.826631887491647,-2.697764361482913,73
6036,8.472222222222221,9.901960784313726,10.213877217553689,16.0626102292769,39
6037,-28.072213144962344,3.7864021024284202,-18.677581405206357,-6.519246296738807,93
6038,-51.156338889197755,-8.366013071895425,21.042990966878556,8.047880869665178,61
6039,-13.625094268476621,-9.994087619310912,-14.40907843806432,10.401234567901236,55
6040,-20.419813774644457,-18.488247863247864,-2.769395556913091,-4.361173114617758,96
6041,-15.979306323102456,1.2711557059961323,5.853592613767802,-6.236092726303504,77
6042,-3.1405903192928877,8.231774264382961,7.407407407407408,7.380952380952381,49
6043,9.542151162790699,10.766045548654246,32.83198684514474,6.013071895424838,45
6044,-61.07652959171942,0.3985345007016847,-6.614596494733479,-55.616322164456996,106
6045,5.0,8.63101600846699,17.800177858317394,-1.4236505793943977,57
6046,-7.099711559115038,11.44956759556531,-10.925263367123833,-57.46197636719473,77
6047,1.3920335065175429,5.0,-39.33640540098341,3.929093567251462,68
6048,12.858187134502923,-4.204738967547317,20.87121212121212,9.840067340067339,40
6049,-12.338382532541711,5.126621181387916,-30.44529408499996,10.410447761194032,68
6050,-2.2394671515724696,-10.942424715244186,11.016363957540431,16.530583613916946,67
6051,-12.126436781609195,-10.925363053022629,-13.303887514413828,-57.51247354898542,81
6052,10.759940542549238,-17.102547211242864,-3.8779239766081868,-17.727327490135835,56
6053,8.472222222222221,-20.688090050835147,16.88188188188188,-77.70451588427137,70
6054,-25.01766735366026,10.4949458669295,23.63409549071314,-10.614035087719298,63
6055,15.863719945876555,8.597883597883598,0.0,18.94551980336294,52
6056,5.0,3.2051282051282044,4.089197556689817,6.656426011264721,39
6057,-1.9767670035181286,14.636686991869919,-14.552503220410427,6.143787920590588,87
6058,-8.57031857031857,7.450980392156863,-46.97717767678456,1.2864483250086076,89
6059,-5.821723426212589,1.3457854406130259,7.450980392156863,-5.614035087719298,41
6060,-10.634956998097518,-21.472663139329807,13.782722294728117,12.701285642462112,65
6061,13.003246753246753,5.0,-21.653618097777276,-45.47908772478092,60
6062,1.3937127986619195,16.84181718664477,3.8319238900634254,-5.963681004331409,54
6063,-26.14817591204398,-1.5802158758815124,0.0,-0.058760683760684884,51
6064,-20.872183372183372,12.627368211823537,-11.959589739762153,14.16794264879762,60
6065,11.84691453738089,-4.716183574879228,-16.228700668928372,-61.523258170673664,84
6066,4.685157421289356,15.390442890442891,-30.32394195125423,-1.0406650893134302,64
6067,23.877730857199534,-22.37941297208538,18.66098241098241,8.205128205128204,62
6068,-0.838074043971095,-21.955266955266953,-8.349599599599598,16.021505376344088,54
6069,1.4189189189189202,3.6556603773584904,12.59437694921566,-16.743552757420822,58
6070,22.44047619047619,8.205128205128204,2.9761904761904763,6.56907477340914,41
6071,-26.55860056701718,-15.053093669369847,-69.32050572690069,5.308533274634971,120
6072,-15.853808353808354,3.268529185867896,-5.886869653010255,15.261994275639047,50
6073,-31.98436167945439,-22.22984247872049,19.932024520474034,-4.616226800291957,75
6074,11.436781609195402,-28.124703790248464,20.476856972181825,-10.117988026285488,72
6075,16.00696688931983,12.694991789819376,-1.995921175487739,10.548720002116372,70
6076,-44.97643358370759,3.287037037037038,7.407407407407408,9.548517520215633,54
6077,12.383939238777948,10.279402209226772,7.4051536323341605,5.772005772005773,42
6078,-15.030282503925513,12.259528130671505,-5.614817209775094,15.690586419753089,74
6079,14.60568842921784,20.07912117581929,-2.7477477477477477,-3.6299081035923138,56
6080,9.957354107213138,-3.3743924920395503,9.451721911664114,8.981481481481481,54
6081,16.185029567382507,7.450980392156863,26.90917870328165,17.604166666666668,42
6082,-13.229166666666664,18.7332005973121,4.400707245534833,2.834757834757834,49
6083,10.0,-8.055555555555555,29.093504773329336,14.831932773109244,39
6084,10.947237651718648,-6.930479167526267,3.68309723808445,13.078316610925308,87
6085,6.523851965028438,-7.301512601846305,-16.439822793665954,-17.744555186415653,69
6086,15.511063695790028,-5.993682243682244,-45.08753829435986,-38.96114939137546,96
6087,18.998206233765124,7.180356193514088,7.679088178247014,-36.94760217514333,65
6088,-20.882020446448763,-18.327759428641958,0.6317001431943969,6.307524832039171,69
6089,-27.08361623720416,-8.26388888888889,-20.748875307698835,17.976190476190474,63
6090,7.658093540446483,11.488898141865262,-16.96421339327299,-8.230349800733833,63
6091,15.724474474474473,15.537253694581283,15.0,7.6666906078670785,42
6092,13.938172043010754,-9.248645200052225,-0.27609191824877977,24.905603655603656,56
6093,-6.411828110914906,0.0,19.328316610925306,-3.5587761674718195,59
6094,-67.26532567049807,12.450980392156863,-12.218621253947338,30.30837171567707,86
6095,10.0,-3.3823529411764692,0.18837803320561974,9.62962962962963,40
6096,-3.6696900982615266,8.344508495829896,22.136752136752136,3.846002799710247,69
6097,7.942125282873514,-13.426675663517768,-9.529490694417348,15.118940078289674,53
6098,0.0029868578255678457,8.205128205128204,-3.8778986648100076,25.867346938775512,49
6099,-12.747747747747749,24.252884380320662,16.330790927937556,12.835662284691676,59
6100,17.998433817984324,4.0878644602048855,-15.202850877192985,-27.917215634606936,58
6101,-31.52108178144251,-47.80461576419191,9.270407531277096,7.898027356044558,95
6102,9.62962962962963,13.496401259559155,1.8742985409652082,38.70926989257317,46
6103,7.192982456140351,-6.582338748399664,13.086419753086421,17.20354808590103,52
6104,2.590132827324479,13.86209223323561,-0.6179314337756381,9.425634425634424,54
6105,-17.07863015607581,5.709876543209877,-39.648010472974605,-36.369670169012274,66
6106,8.472222222222221,-9.462599854756716,24.531590413943356,9.6875,41
6107,-26.218610251117987,14.748338081671413,-24.18868168868169,10.564266356949284,54
6108,0.7210718209556237,-0.854275197155089,-7.886201598223353,-10.098039215686274,75
6109,19.31372549019608,-32.84293987003089,-38.45149547991133,2.8414257137661387,80
6110,2.4719567400944804,4.62962962962963,10.774591796097173,2.218013468013469,57
6111,3.7055335968379453,5.580357142857142,-14.145794507636612,12.173382173382173,52
6112,4.672299027137737,8.252164502164504,-9.650789012273522,-43.71576517135727,66
6113,14.816077606317457,22.5,-38.529121565251856,13.875677722182573,72
6114,19.307699285295236,-53.81389657571649,-9.146352811766345,-9.413303344780191,94
6115,6.436781609195402,-22.685185185185183,-31.663889051947702,10.906238464378,59
6116,-0.19234667551230977,24.172802333776247,8.968253968253968,13.749578699022582,60
6117,23.377425044091716,10.953579038034363,0.3305088863497083,10.139152435167617,48
6118,14.123554316842544,3.7055335968379453,-17.280701754385966,5.853758169934641,52
6119,-17.493592642846373,2.3358195950885823,-12.28945035460993,-27.29792751531882,77
6120,16.37932116192986,-26.7224254677321,-3.5382617175573796,3.5606060606060614,65
6121,-4.2482943469785575,7.976190476190476,-2.459286209286209,20.61385746869618,50
6122,-13.857551035220066,10.08379116541947,8.345376689415229,2.9771398192450826,59
6123,-35.73061579512337,-64.50281335681564,-11.912337072144712,-52.15448941633389,113
6124,4.166666666666668,21.30952380952381,12.317801672640382,22.525252525252526,33
6125,-25.436034553681612,15.76256379240144,10.324074074074073,2.3702650177866547,53
6126,-36.64597581918866,8.623188405797102,-10.357422006599544,12.777777777777779,86
6127,-34.51736989598707,-2.9623469745513957,5.0,14.50464783609105,72
6128,6.578947368421053,13.87103796586555,5.586080586080586,-5.0,39
6129,0.9362039079020219,1.8939393939393943,10.22910262040697,-3.6568986568986572,54
6130,18.454986747669672,9.820747520976354,-8.30610913944247,-44.13188124189197,70
6131,4.317734662562248,28.42641019740791,-2.973049810071565,8.623188405797102,56
6132,-12.545787545787546,-3.3617828354670456,11.602564102564102,-2.9334781322108503,52
6133,-1.5187428707352808,-17.263945637658285,23.874001622712015,-37.817599067599076,77
6134,4.0404040404040416,-16.55749061699814,-9.158027644869748,10.968518161500619,59
6135,13.561860030352069,-34.85510716304064,-61.40649400219854,-66.13915259917866,106
6136,0.2583014337810594,-53.726546343585724,4.595139440210486,-10.18313099195452,94
6137,2.2522522522522523,-16.072030173073816,-11.621593181100707,-5.171957671957672,57
6138,12.423266481237498,-34.41484809584938,3.8319238900634254,-11.504086490141258,52
6139,-9.430272108843536,2.3079937304075253,1.6297398589065262,13.753571585469409,73
6140,19.833923119927174,15.978260869565219,-8.15359477124183,15.010683760683758,46
6141,17.66891891891892,-2.0238095238095237,7.525252525252525,16.34004884004884,40
6142,17.165305457306086,7.848904872977583,7.525252525252525,-20.45935958821621,67
6143,7.314814814814815,-6.318922305764411,10.885202889459162,-50.834863187341554,60
6144,8.458715122541427,5.1073194534450455,18.552532123960695,9.940424295263004,49
6145,5.540216332899261,-0.9708962235557985,7.849796135800191,-9.365079365079364,52
6146,5.3954449847052,-27.769711635410367,0.02279583161936305,-0.8886967865296036,88
6147,2.855339105339106,8.472222222222221,10.338672005338672,18.764255021427807,45
6148,11.747066250742721,-0.876436781609196,0.0,2.314814814814815,42
6149,-7.529086111756852,-0.06547918312624135,-32.360595749677515,-37.209764242150854,103
6150,1.6324103636897824,5.015076330591519,-26.998196812620993,-70.48890661177958,95
6151,-6.572859227982725,7.819296690165979,2.833099579242637,-14.532627865961198,66
6152,-10.759328456832305,0.2982954545454537,-41.07513294581657,-0.37037037037037024,86
6153,7.878151260504202,-2.395833333333333,2.314814814814815,8.661067193675892,42
6154,-57.96790241062687,-3.9032666206579236,-13.138499438855579,-6.983169260082565,73
6155,21.873615190510854,0.8297994382090497,-19.089312338104605,-75.83605462643285,102
6156,-29.770723104056437,-11.064814814814813,-5.296767355590885,-0.37037037037037024,52
6157,6.627170355653032,-13.45679012345679,9.727514789768662,9.280556105847728,56
6158,-75.21388987659691,11.546301273646904,17.029707501405614,-3.6805259185820347,91
6159,11.633986928104575,10.759940542549238,2.5171138294336757,11.860670194003527,54
6160,-41.273749984924,-17.73657896206916,22.609901313106597,6.716537966537967,67
6161,12.794500185804534,-6.7620629169542195,-8.83876357560568,23.630050505050505,48
6162,25.81605087419041,12.344844844844847,7.024160050475839,-1.212121212121211,44
6163,-27.556592318001705,-54.584951723339195,19.958783156279026,-11.623393653291371,83
6164,-5.442227149544221,20.055154080026888,-68.70746174667742,5.12437094313994,61
6165,-48.38450764921353,20.659075683062966,19.178147149845266,-169.80656939827352,123
6166,8.377851140456185,7.604166666666667,-6.1249752426223,5.0,51
6167,5.37679174665476,-28.283261324817214,-15.459708515208142,-66.52063311804312,95
6168,-14.494949494949493,11.948019448019448,-3.7726449275362315,9.910671585707455,51
6169,-1.845188053729983,5.33666010640801,8.472222222222221,-15.43868321277248,81
6170,23.49783736338358,-52.67486983004224,9.461221688400824,7.525252525252525,52
6171,-0.36331300813008083,14.260031078591792,19.27210703526493,11.540667545748354,64
6172,-4.258696386355961,-3.180517263178551,4.2998911419964045,15.161649944258638,63
6173,17.886309731446392,0.6592888257468972,-3.3729989580373205,7.3256951381951385,65
6174,0.8155637787718639,-103.96463766307129,-2.311827956989247,-62.184547967276515,99
6175,-45.901648513839575,-8.179231462700022,-14.028036990668214,-16.83540924079192,88
6176,3.226150358503297,5.225752508361204,23.203698902428485,-15.496351766513058,58
6177,2.824723169550756,11.766917293233083,4.445234708392603,5.0,41
6178,-92.2240442884726,-10.865683229813666,10.598649359816722,-16.8074728307103,75
6179,19.80885015367774,5.965890199299812,-36.62660256410256,4.866976800116335,63
6180,-6.063884134059571,-10.428063132361975,-13.646492020475758,-30.590106604639434,84
6181,-17.920327418115964,15.869937633662147,-17.971580512230915,-17.620187671363688,90
6182,16.893939393939394,26.860670194003525,7.040229885057473,1.7347028626964862,54
6183,-8.396155053536814,9.85641891891892,10.223171889838557,-9.997788589119857,60
6184,-8.885297708827121,-6.025741436925646,-39.892108965589955,-3.516688625384276,84
6185,11.494383286241083,-24.59343202650787,-5.486111111111111,-70.55154935594116,112
6186,-10.0,7.775524002704531,5.129419191919192,23.978937728937726,38
6187,-77.56961287512479,5.00478054330469,-1.3818860877684407,8.965940459682537,106
6188,13.396897156312157,2.897998926266219,11.54320987654321,-19.66968011556604,69
6189,-12.253193960511032,4.7860048274629,-10.823506289308176,-14.811155028546331,58
6190,13.472222222222221,-7.106836869645218,-10.535714285714285,24.960317460317462,42
6191,-11.32955043807757,9.889302867108867,-5.478759692755635,6.4124293785310735,62
6192,3.6231884057971016,-4.642857142857142,-18.11811811811812,15.189255189255189,44
6193,-9.13150083881791,18.661503618528236,18.25281803542673,-7.151012639518385,62
6194,6.165515798284161,3.2163567374593462,3.559102674719586,-0.665892373209445,63
6195,0.185185185185186,-0.3125,8.631936981332675,0.9863014274778985,51
6196,9.901960784313726,7.96775203025203,3.0447330447330456,6.565656565656567,46
6197,15.982905982905983,21.521721992890726,0.9246309246309252,5.923202614379084,42
6198,-15.955920709441836,-9.281850128315856,11.572327044025158,-27.012049240922966,89
6199,-7.081836674243437,15.776515151515152,-58.59749810485847,-16.230158730158728,73
6200,-0.31456330533492505,-9.182788430194817,-70.62046325958488,-90.5349907314158,93
6201,18.6231884057971,6.775985589051485,2.71604938271605,-3.055555555555555,70
6202,4.084967320261438,4.842680192990238,-10.812581098135409,8.115536920568367,58
6203,13.516537928302636,-2.528592819513535,-80.75816617715641,1.5200959330741775,86
6204,-30.12987012987013,6.700680272108844,0.770533548510592,26.32075871659205,54
6205,-4.326033443680501,-13.654290839685086,10.628654970760236,5.1063829787234045,63
6206,25.8343776106934,6.4935064935064934,18.10708898944193,25.158730158730158,35
6207,-4.72400441922281,-1.957009398869864,-50.86060924299449,-80.05673299964157,118
6208,5.0,-62.63171225937183,-5.1559770638718,-6.474850809889173,61
6209,24.41347270615563,-3.125701459034791,16.770833333333336,2.864923747276689,41
6210,-5.37037037037037,21.00077429345722,10.611672278338947,-3.5990338164251203,41
6211,-0.019640852974185607,-23.54726360241066,5.0,16.19918699186992,49
6212,-47.62098789437481,-1.9698881298582371,-22.56919105571178,-28.797672915319975,118
6213,1.7720522052205223,-92.59414710451213,-19.17085637673873,-15.237453172337812,114
6214,11.956901037983563,-23.542971365552013,12.14752590867296,-4.839419128874342,76
6215,25.0,16.804000065494318,10.341713777696468,-9.567917213762499,65
6216,8.787878787878789,9.901960784313726,12.010147959814251,5.237648530331457,44
6217,3.2051282051282044,12.252252252252251,-9.528053645700702,2.8735632183908044,49
6218,4.877086908336906,-7.541226113789794,6.828316610925306,2.5833422322985906,64
6219,8.343776106934003,-0.23249738766980088,9.901960784313726,-6.687710437710438,45
6220,-19.2281973943211,15.638255585199557,24.688983855650523,5.166398282340312,57
6221,-1.0591103310438115,-18.36094866796621,8.645568990396578,8.333333333333334,61
6222,-2.3902894491129776,-101.96186371248184,-38.58423321962769,10.072463768115943,97
6223,-63.54858902896118,9.587473515476066,-4.008274249068566,14.027492662560373,80
6224,15.871212121212123,-23.841560551599986,-8.008968181949125,21.250790263948154,61
6225,-7.126436781609195,-18.26729666355906,-10.098039215686274,-7.474747474747475,52
6226,7.450980392156863,8.787878787878789,2.878151260504202,12.591093117408906,35
6227,-16.929012345679013,2.8538359788359786,1.3266043508455807,-13.852062289562287,60
6228,-15.574477797421624,-31.981151208442515,-15.063124645504509,3.4726418032332678,101
6229,11.547619047619047,-15.33913452012542,-24.205376129718232,11.955065611337114,80
6230,-9.974536541253183,22.515410146989094,-19.531563179104165,-72.16766114652296,76
6231,12.314741069434437,15.434070434070433,8.904214726873318,0.11300180966073725,59
6232,-4.398501644194836,12.887476092297337,-1.9114742766860868,-9.701336675020885,63
6233,-5.652337119728424,1.6064491064491069,0.46737213403880107,-13.072645142165182,54
6234,-0.17746913580246781,9.582111436950147,-4.953703703703702,30.680941887934118,53
6235,5.396191646191648,10.934785202026578,-4.437229437229437,-5.500233754090697,63
6236,26.557484581725813,0.7692307692307692,8.074146997754704,-11.666666666666666,59
6237,-21.752338109960103,23.78658348299196,-41.684810560327236,-14.469359239166986,107
6238,-16.62546455674085,-52.52736163208625,-26.477821695213,-0.2324382475822402,88
6239,28.767897936790604,-0.0736806193462538,-9.92265486451533,-25.345678620879177,72
6240,21.243781094527364,9.824924179762888,-27.488776001296284,10.865093163702264,67
6241,12.688172043010752,23.756852634288915,9.68029972931934,26.783756384578847,45
6242,-4.6097762932505955,17.43966482081932,-32.615144151312634,5.0,76
6243,6.1603942652329735,-34.78517948398436,-10.105791734648358,12.421860469400773,77
6244,-5.532855880300966,-2.904203319077313,-8.629157591464555,-8.583374730915715,101
6245,-0.933845029239766,-20.311634165636452,5.694203457361352,23.847427860032905,66
6246,14.228512157345122,13.472222222222221,-2.8632478632478637,-0.37037037037037024,43
6247,-13.361652413243725,0.7007235231679059,1.4367816091954015,7.310972653098641,71
6248,-5.357142857142857,-35.881362180704286,-24.466606813849065,-16.405500948824912,111
6249,-5.853808353808353,-5.425740188548537,6.34920634920635,14.914736364011727,45
6250,-36.68675210318241,-4.669160290385484,9.488482384823847,1.3682686652413665,84
6251,21.1046511627907,7.252252252252252,-12.592592592592592,-9.146825396825397,43
6252,15.918601012687034,-54.04300035935698,-1.3353183692166741,-14.505370082815734,67
6253,-1.2121212121212115,-18.113794100636206,-1.654040404040404,-10.139054696579318,68
6254,-36.494097355976905,1.2214925833851673,-5.098039215686274,-0.1423097974822114,68
6255,13.987608932461875,3.770482655270847,-4.573243335031634,-24.076797385620914,66
6256,6.32705575107536,-10.061558324945548,5.711843437825522,8.472222222222221,79
6257,-30.439292418574695,-5.743217577092561,12.604166666666668,6.9547084138494135,55
6258,-12.395833333333332,14.385964912280702,13.101864329044858,16.984126984126984,42
6259,11.661442006269594,8.205128205128204,12.858187134502923,-10.366795366795365,45
6260,6.793315054184619,41.64546467178046,-70.05703995458094,-14.086217892298722,77
6261,3.1582575130962223,14.898989898989901,-3.015873015873016,-8.286445012787723,52
6262,5.744400527009224,14.881154499151103,12.178585941461215,11.25,63
6263,-12.165242165242166,21.560834324479096,5.787037037037037,10.728013845670674,47
6264,7.604166666666667,20.09602597837892,7.873563218390805,14.275481612282189,51
6265,-14.097222222222221,9.85807235807236,34.97623291740939,16.311360448807854,50
6266,-1.3724685276409407,1.1995139936316408,1.1501540224944482,11.943448034196265,53
6267,-10.160077901305971,21.849189012415913,6.4124293785310735,2.725211250070281,76
6268,12.317801672640382,-9.068140874503017,-27.405738068357724,21.243781094527364,67
6269,7.218718793779056,-19.73203001338183,20.777854550319056,-3.7298906048906044,90
6270,7.136752136752136,-18.724120082815734,-28.0795532969446,-17.735157523876076,66
6271,28.917555326224058,14.452241307080019,13.23953823953824,0.0,36
6272,7.667970431128327,-40.29558404558404,17.12942524031339,15.467311278240558,64
6273,6.820461199236005,-40.737706542499566,0.8531746031746028,10.737531811526065,80
6274,3.657876943881001,26.85185185185185,-3.897306397306396,-16.263713089875665,45
6275,5.748878723684925,2.6735684111042803,-0.9183673469387754,-0.27458492975734305,50
6276,11.515151515151516,13.43140375133918,9.534832451499117,4.047619047619048,59
6277,-40.76287345514444,20.0,7.212569712569712,15.0,56
6278,-8.113238286701463,17.794117647058826,1.1026936026936056,1.9040155154776546,68
6279,27.357185298361767,13.10708898944193,2.040229885057471,8.472222222222221,35
6280,5.98086124401914,13.486012608353034,22.634937273302054,6.96317512793231,53
6281,-14.42723381924834,-3.9388120839733736,15.191070882813827,19.967274427302478,62
6282,8.985507246376812,2.0924700557129707,-0.1377217553688137,-2.923301360801359,72
6283,16.134651600753298,2.382849587209251,8.297258297258299,-15.918367346938776,61
6284,-24.089684796134954,10.452722307561018,23.75074272133096,5.228442728442729,68
6285,-22.32520124025718,-1.0264303736317748,-28.907563025210084,12.097182652738208,81
6286,-6.297795771479981,2.9761904761904763,-3.252233877233877,-15.312499999999998,55
6287,9.67687074829932,-38.52123478866711,-8.78667876687842,7.301587301587302,69
6288,-43.06201550387597,3.9682539682539684,-30.111881812317083,-10.808822918228742,79
6289,19.29915383866533,-22.93025251439924,10.010315355142941,-6.676630001594132,78
6290,7.219762456954109,5.997474747474747,13.976256821084409,10.0,39
6291,2.2162460082449424,5.0,-6.272254183438391,16.73611111111111,60
6292,-24.29785678735847,-14.545454545454545,5.038088005155114,-20.769936296328765,77
6293,0.12581547064305543,11.070018989882591,-10.389525851765299,18.09356524174097,79
6294,8.490234724094122,-1.3768115942028984,5.181362993540496,1.6318798948267013,68
6295,-13.021062757904863,-30.006885718484106,-12.524613186746933,-72.50524346731409,98
6296,15.451068868407578,-1.2076386618720711,3.205128205128205,-16.564480493051924,55
6297,-8.97834621518832,1.4412238325281805,8.926459719142647,3.1597777295597336,65
6298,-7.93046928916494,-0.18980859498101177,10.565156169994879,-33.36192810457516,65
6299,15.748219830376442,-9.160035995074358,-8.734708531471332,12.204804998922645,58
6300,-27.99036168845879,14.938306363200825,-28.459152932837142,1.8742985409652086,73
6301,28.051204801051664,-25.382442416340723,6.019337197498118,3.8439200297396416,73
6302,-14.119388371679984,9.166666666666668,-106.94086615888018,-20.45036846231837,116
6303,-30.218320327015977,11.04013104013104,-13.273088422041793,11.36574074074074,59
6304,-72.31198280379778,0.0,-1.4748508098891726,-49.792024062764476,74
6305,11.242746615087043,2.0325203252032527,10.169172932330827,14.478629261237959,49
6306,-49.722668929986,0.6474204731268145,5.126566204283733,0.8538540987171122,88
6307,1.4124293785310735,5.447412905569074,-101.00314660089558,23.745719178082194,73
6308,-4.211355812699598,6.984126984126984,14.166666666666668,-12.85106897209269,63
6309,6.2636165577342044,3.2051282051282044,-9.528603411408247,-5.078031660692949,54
6310,5.0,-1.5233309479955455,16.531789331051204,-33.85803160228448,77
6311,1.159014557670773,1.6839957324736883,6.379321161929859,7.688172043010753,48
6312,5.827982453998715,-14.733742899287577,18.18877551020408,-23.418201419053936,56
6313,-4.631180242298241,-49.90773851821946,-11.405833689240339,-28.672514384391146,100
6314,11.337682379349047,-11.000692283870594,-5.839795211020404,-13.870063525235938,66
6315,2.2652579077470385,13.989094509194244,14.376503126503128,1.3498318215299348,66
6316,11.008950791559489,17.525252525252526,21.267719089016516,3.086419753086421,43
6317,-47.16229394163454,-5.670671494404212,-15.820626636256907,-13.959536579012594,89
6318,-2.408906882591093,15.314039408866995,10.0,14.6875,40
6319,-1.9043670536207855,-10.0836527566337,-15.078905518391656,16.443701226309923,71
6320,5.858585858585858,14.66415361342898,14.560213659516576,1.3657407407407405,57
6321,-5.069964757464758,1.5388822076242779,-16.474343360532618,26.089198383606277,93
6322,-5.104562946333799,15.352894606390922,-1.2121212121212115,12.604166666666668,57
6323,7.9752787647902545,12.437335191970723,7.083333333333334,-39.750325570512956,74
6324,13.472222222222221,-5.1907464247399115,20.331088664421998,9.529077613532937,54
6325,-19.628745046504168,-12.291398541398541,-16.531044249458226,-2.2767911601084005,85
6326,-20.499348321928966,-17.513308656033665,0.6222018722018736,30.323069765356117,68
6327,-54.88014767413956,-46.359108350645535,0.46395325807090515,11.07869142351901,81
6328,-2.9193899782135073,8.799437024034631,7.133406751403356,2.842760687588274,52
6329,6.666666666666667,0.08265972130449573,-78.9309472642806,5.471611721611722,58
6330,-36.69024330789037,5.0,8.418034444680991,9.14313142574012,69
6331,1.189934156035851,-8.312607648404708,-48.087457205104265,-17.142242457434072,97
6332,24.807692307692307,3.846377464862341,9.441111971104233,-9.444444444444445,52
6333,-9.60635098808616,15.587608432436017,-12.29103504454777,-3.263888888888889,86
6334,-13.797486911988592,-0.833333333333333,11.393698893698897,21.633986928104576,51
6335,12.523540489642183,-29.740736522559537,4.213091516997355,-43.34819100744278,75
6336,-64.31671368247686,5.182852503792908,12.490780954776955,-8.149472011961498,89
6337,7.77976812459571,8.787878787878789,-2.280701754385964,17.25225225225225,39
6338,-11.364915572232645,17.628220186359723,-21.875148561631665,9.748338081671415,55
6339,12.472384665367123,2.604166666666667,12.8687527642636,19.209297061554246,51
6340,2.5992063492063493,19.748338081671413,-13.034670008354219,-108.58386108066416,76
6341,-21.26751133997511,-17.37306701915843,0.062215452985073805,-5.709263854425145,82
6342,-72.22287903345385,12.65457812627624,22.68883924877968,-46.762867174283045,79
6343,-20.61960622854387,10.0,-14.877185380614455,-1.796281881258528,65
6344,-36.91644855809848,14.546399077649077,7.7591478822082625,-20.62537136066548,106
6345,-13.554019127553042,-5.413718801586526,-35.28605456521072,-17.034052713514882,88
6346,1.496751624187906,-6.146699181439537,2.688172043010752,-16.844729344729345,66
6347,8.333333333333334,13.28252032520325,2.099187362345257,10.561735261401559,41
6348,9.166666666666668,3.787878787878789,27.867132867132867,-2.394179894179894,39
6349,-1.451762276726408,0.0,-10.712449075001668,9.718234981392875,44
6350,-34.993504873737535,9.62962962962963,-26.289528731389197,30.178197003742262,87
6351,-22.585829440307457,2.982999910127844,-9.383043023530881,3.05335440295201,85
6352,5.0,16.776377217553687,18.78787878787879,13.036999550157445,40
6353,-5.128588776129759,3.5587621656070496,-14.435159903336157,-92.99882987382986,79
6354,13.48864258347017,6.903415708447156,10.237648530331457,-53.64625463431075,57
6355,3.6487321509481085,-3.5555293035491893,-21.95777378378496,-5.286906672088956,103
6356,12.03611668063592,7.380952380952381,26.323949408404733,1.5285680417259369,43
6357,-5.527057899621617,-3.7169312169312168,-5.363313008130081,21.44122383252818,46
6358,18.8296568627451,-35.22832639373993,-20.137952414167245,-24.778229259103576,68
6359,-7.941800751308275,-12.823137599352432,18.323533817445163,14.881154499151103,70
6360,22.152218300692496,-0.4880854120811935,17.198773104506586,14.83668906149526,70
6361,34.42350801114816,16.766381766381766,-22.253154182504133,5.858585858585858,55
6362,1.9798227883284998,-28.680203257480393,-4.5704128041084555,-11.438572311510253,82
6363,25.912698412698415,10.169172932330827,13.678335464620632,14.62962962962963,39
6364,-1.2121212121212115,9.166666666666668,5.0,10.615210282548993,41
6365,10.0,-11.471175518223683,-19.619955745624903,2.314814814814815,60
6366,-39.27981819180408,-0.7254099006498809,0.2731092436974798,4.859469398476492,85
6367,2.508840317620768,-25.43692124619506,17.312565602039285,-26.89291101055807,83
6368,-15.0,-37.963851411014375,-7.933229553164277,19.30782180782181,59
6369,-16.76941317866495,-13.610995060200137,31.997322978493578,-39.31177446102819,90
6370,-6.527777777777779,2.604166666666667,-9.73094768826476,-12.619047619047619,52
6371,7.590132827324479,-5.777230432402845,10.0,8.009153318077804,39
6372,-17.227639836335484,12.904040404040405,-4.569054216797035,-8.26388888888889,60
6373,4.889036370305945,-24.967454222591208,-1.7595812404555566,-25.634805695511663,77
6374,4.385964912280702,-0.09803921568627416,4.918981481481483,14.08719404654364,41
6375,32.31481481481482,11.025934025710733,-14.061226298068405,12.472384665367123,50
6376,9.445234708392604,-1.5454076367389042,-11.527777777777779,8.205128205128204,40
6377,41.298491254186786,-3.6322302429119917,13.333333333333334,9.914529914529915,58
6378,6.773049645390071,-5.1388888888888875,21.515151515151516,-28.848331302564713,55
6379,-36.13013357256778,-4.220151828847481,-10.064102564102564,-14.46770788182734,72
6380,-24.57282913165266,5.398110661268555,-7.813721896383186,11.382275132275133,50
6381,-44.855278843914526,6.060606060606062,8.821548821548822,12.499835523976252,70
6382,-5.038974662478701,-24.646205880383096,2.3095070367642183,11.959758650935122,81
6383,17.309368191721134,16.59163971663972,5.5014430014430005,3.9682539682539684,48
6384,25.18222639933166,5.127448393264153,-20.635846553365734,-16.44736842105263,57
6385,5.0,-10.14358108108108,-14.6132527084908,7.530104723087181,59
6386,-11.904761904761903,8.593051255589957,17.071741575418045,7.625311196739769,60
6387,-14.068142148039055,-15.145981238372759,-107.62788881529852,4.367499481403646,98
6388,12.873563218390805,-2.905056759545923,-10.49062049062049,26.766588215863578,45
6389,-6.666666666666666,0.3030303030303032,-2.4226847993281133,5.916273416273416,55
6390,10.925842917011968,19.461296376258016,-14.859761455780772,-21.28948003715334,82
6391,2.259528130671507,-3.1870791245791237,-7.621612544886201,3.0836757476828396,59
6392,4.901960784313726,22.37621779288446,17.688172043010752,4.646464646464647,50
6393,-15.780998389694041,-4.292174234034698,7.525252525252525,39.04530001039673,63
6394,-3.1884057971014492,1.944444444444445,-16.453864171255475,17.733258400764054,70
6395,12.20788585339669,30.410206718346252,0.20905759021209036,10.237648530331457,43
6396,-23.438944096838835,5.558804418453542,6.438387935405229,15.647618224344567,59
6397,7.542660535473278,-2.7477477477477477,-12.735683489540431,-21.95508647539301,68
6398,10.0,3.205128205128205,-8.503248375812094,11.766381766381766,39
6399,-26.596827501999915,4.2240300375469335,-4.000278473962684,-2.5967823026646553,56
6400,-49.61886925273652,-2.3611111111111107,-15.17830343831104,-11.219885103316049,84
6401,15.695673244692854,9.385964912280702,5.0,7.604166666666667,37
6402,13.787878787878789,11.496806039488968,-7.2044684423021454,2.2522522522522523,42
6403,-21.6370703180716,23.733031674208142,0.6211835872852829,0.5697678997145126,65
6404,13.472222222222221,21.52271704903284,16.467617349970293,0.7303807303807304,39
6405,20.54510275783568,-9.253198908371322,11.75563236047107,6.822612085769981,50
6406,-3.5153804953519394,-173.49498068681922,-10.433428811161171,-54.68064685640165,112
6407,19.26590590335331,-13.650554692221359,-21.91358024691358,12.096275188380451,64
6408,-32.7325289089995,17.095410628019323,11.808465251447707,6.102391310724645,60
6409,16.504515599343186,2.2522522522522523,5.459346233003522,5.73038073038073,46
6410,2.503192848020434,3.6231884057971016,-3.1677890011223333,-0.5313802350208352,48
6411,-13.776626425383206,-9.908016569200779,6.600923951670222,-14.711538461538462,67
6412,13.101851851851851,-5.580194220891065,-8.951864281090728,1.3759546686375979,67
6413,-27.324359210768943,-42.637904255941486,6.039562289562291,-35.64059208377106,98
6414,-11.145183645183646,-7.326388888888889,12.239289899888451,0.3965616510191692,61
6415,-1.5277777777777786,6.743777970958499,16.918283257262793,10.0,56
6416,-16.15205223880597,-5.438219015754319,-93.7468687362493,6.9565261782242915,105
6417,18.590059507398216,14.87012987012987,19.842800234268328,5.229863875374712,48
6418,5.511463844797179,-20.05748880748881,5.100311463859603,-2.6393442423889155,69
6419,3.9376819037835986,18.56072222574558,6.117724867724868,-13.236351505052772,63
6420,-18.70709979401193,-17.206338146277808,-96.96944422167611,-31.62640351122791,129
6421,-1.7365042365042358,4.005483237772928,12.556596409055425,-89.05300967065182,70
6422,12.029560585707264,-3.163580246913578,8.005682639037607,7.219337277476814,67
6423,5.028532420185241,-20.0,1.1484409310496275,-0.25892408245349463,52
6424,12.252663622526637,-21.009245071949838,-16.03136140278843,-21.170888493245663,89
6425,-12.113053068517747,-0.6110351117191062,10.719095719095721,2.9761904761904763,62
6426,16.83381149721419,-6.802304738787843,-7.826617826617827,-17.188552188552187,57
6427,30.373177080248034,-90.61106085873911,13.773271733293372,-2.760437566042026,89
6428,17.56008668242711,-2.6880774655699753,6.617647058823531,7.601706901398553,47
6429,-25.19382611626437,0.1262839026411502,-2.474747474747475,1.700779727095517,84
6430,8.817733990147783,-50.05872708702897,-7.932848150239453,-4.874184529356943,65
6431,8.639722797331492,-8.50344847495698,-16.353039321789318,5.234674329501916,77
6432,20.208333333333332,7.314814814814815,-3.4012825624667724,-3.015873015873016,48
6433,8.205128205128204,-5.648471872238179,-3.143135545123675,4.093990957581223,92
6434,25.106382978723403,1.990131578947369,4.934617492757029,2.679738562091504,47
6435,-17.54201661775474,1.1078745665533694,2.7444144360547718,-26.113494183970907,80
6436,12.688172043010752,18.791547958214625,22.450980392156865,-18.16261769950295,59
6437,7.493894993894994,-23.380238791423,0.5047425474254741,19.90580847723705,49
6438,-2.0423960097873133,13.709079180777294,-22.465899965899965,7.976190476190476,53
6439,13.023517412057103,-15.060346035473225,-17.655697606677997,-4.601184256356671,65
6440,-5.782350760103819,10.3787141334075,-26.748295599484678,9.420366163524534,72
6441,1.1603942652329735,11.07869142351901,5.98086124401914,14.166666666666668,39
6442,2.8704073560336685,0.5405810122791257,0.6073153899240857,-54.241428359075414,70
6443,-36.167504447382335,-13.31464354579635,-48.782882579433476,12.737520128824476,92
6444,-44.31766527189622,-0.4630590587602976,18.91035494296364,-7.644867008924978,83
6445,21.572420634920636,9.385964912280702,8.48093302361595,18.79876244427328,41
6446,-16.03174603174603,10.893300248138956,31.58198684514474,19.813135780628045,39
6447,21.037029799894405,-24.4318524281229,-6.977578399422418,5.459424727585901,92
6448,7.032520325203253,-7.5889328063241095,-0.4922027290448341,5.656108597285067,42
6449,-17.826658396833835,-48.63871635610766,-20.89395339037474,7.985997080824667,92
6450,-5.001446908017934,-3.0323817788371805,-21.22954055492899,-65.37698412698413,95
6451,16.85185185185185,13.044664766362878,-68.86475252491984,6.984126984126984,56
6452,-4.343891402714933,-23.14814814814815,4.89204267443019,27.034180893830015,54
6453,24.257759784075574,13.002982410309997,3.787878787878789,16.047973439277786,50
6454,-13.185073176288554,-0.6647203963539896,9.523809523809524,-46.13794915273826,82
6455,1.4188848558177058,0.9538607593407198,-1.9672131147540988,-1.106237816764132,61
6456,14.164303857286317,3.3333333333333335,22.19298245614035,16.661442006269592,38
6457,9.147376543209877,-12.743657391400207,-6.527777777777778,7.716049382716051,54
6458,12.62518782873225,-11.87805119549069,6.040007286450822,-6.2816083565724865,85
6459,-18.352553569944874,6.39648093248499,-0.632969834362128,15.0,51
6460,12.44047619047619,-7.863247863247864,-23.337850045167116,-29.33563748079877,50
6461,-7.574845253416683,8.754399195575667,16.565656565656568,13.522532434723026,53
6462,4.144059448131368,-43.386780572233825,-127.76305793092145,13.258145363408522,110
6463,-38.03511303511303,-11.95353428727813,9.368471035137704,8.033791362793501,71
6464,-8.277146022311591,4.312762698781215,-1.808143547273982,8.115268378426276,93
6465,-2.158283603296391,-9.574222858121164,-56.88117608991993,-6.044059315720302,78
6466,11.851851851851851,23.1922840058009,1.3392377885131515,6.8123978202036515,47
6467,16.141552511415526,-27.862563500203716,-18.505380106727323,-18.18482443482443,80
6468,-7.624931231014145,5.189704941920897,-24.190705128205128,23.914594530536558,74
6469,6.769630832130833,4.016647309330237,14.850489017155686,16.893939393939394,44
6470,-3.37139144156688,-3.0147058823529402,-1.3059350278240842,-7.580185316837917,69
6471,-13.72100843283209,8.720238095238095,-40.066771316771316,0.7520851308599354,61
6472,-8.888888888888888,15.0,8.086419753086421,13.104251500840554,47
6473,22.11895111766151,-9.93212669683258,-8.5973207249803,11.226526199320805,59
6474,16.53846153846154,26.197559115179253,6.185029567382509,17.145726484424593,46
6475,-13.891328627783288,-51.932751968862235,-1.2291144527986617,-12.693494776828109,124
6476,10.590783635537854,-3.769367887014946,-27.700080962079788,-20.55410973758404,70
6477,-54.81249528430901,16.662547711709664,-17.916666666666668,4.3924241701530455,74
6478,5.4394953883602435,-23.469946767228652,1.4026792750197008,7.875745847443962,71
6479,-16.633008989163187,-4.091563861010533,-34.209190712933605,-5.498971193415637,84
6480,-0.9626216077828977,-18.819716681084174,12.755009107468124,7.361423835882041,66
6481,13.400643654950464,1.66400281247701,5.940108653550775,-8.171904879221952,64
6482,-10.177970177970177,-93.61605294941278,-9.470872694556904,8.62992142219823,98
6483,24.39664867296446,-11.091510828352934,-4.534050179211469,0.42790824340071865,55
6484,-6.794871794871796,-30.966604875856646,18.64850676549139,-9.894802544056276,74
6485,-7.963795814839457,2.100898614056509,-18.910333493666826,1.3657407407407405,61
6486,9.583171377274327,26.833177715530656,10.0,11.15638630390794,46
6487,10.0,7.777777777777779,6.590236274647639,26.305007097690027,50
6488,-63.86610868699461,-10.50148463880628,-17.082509193164483,12.873563218390805,90
6489,6.3503734827264235,-40.78671156463815,-83.0303587923307,15.0,110
6490,-5.193892872464302,12.509792090906867,-10.03968253968254,-4.429059846855777,70
6491,5.223171889838557,10.862193362193363,12.487816764132553,-7.548983004193312,56
6492,-1.1519961519961521,28.185153126934512,13.532189137027846,-9.705409778863585,72
6493,2.604166666666667,5.03003003003003,-15.784950343773872,3.333333333333334,41
6494,12.506127450980394,5.567430175273315,-22.48017096652619,19.63923287072112,56
6495,19.01659604519774,-3.282860782860782,18.0691390366313,-8.784392646882132,59
6496,-6.055352943737108,-40.58036261026033,9.775641025641026,-45.45977011494253,74
6497,16.935977382405955,-31.254229694513675,11.418485237483955,22.094774009735644,63
6498,16.303418803418804,5.492164129674642,5.269360269360271,18.50916075650118,49
6499,-11.767017704517704,-8.525503330206242,17.09400711302683,0.7358282157382132,79
6500,11.836945304437565,-7.685185185185185,12.873563218390805,-7.698412698412698,38
6501,8.689839572192515,5.0,4.166666666666667,13.472222222222221,32
6502,2.4837696930874795,3.429955838255676,-20.826388774706736,-1.5153149188046073,106
6503,-8.051339580292087,-9.03902453892358,-8.012886158047447,24.892676767676768,66
6504,36.140819964349376,2.472384665367123,8.333333333333334,12.688172043010752,34
6505,8.767403767403767,-13.26388888888889,-0.07767921983608073,18.425350816655165,55
6506,-16.345954676845462,10.656108597285067,-4.291517148323662,-3.927018400702609,84
6507,10.845797639900589,14.499766245909303,-0.1431076000713314,-5.108124589548736,66
6508,-6.365698468130077,-18.303935907938193,-56.082289803220036,-41.621391910767805,87
6509,-41.84665241682785,-38.47943845033387,-31.611507445158836,11.54320987654321,95
6510,6.247746224926752,5.484739350285571,-25.906801358635974,9.701062839578327,59
6511,11.429066737991224,-2.831800288767816,-8.148148148148149,30.80428810976807,60
6512,-33.77998602112732,6.95970695970696,14.157098939707637,1.388888888888889,82
6513,5.0,4.07758645716067,0.3386720053386725,18.499844382197324,46
6514,5.0897366522366525,10.322779072779074,-17.36111111111111,24.58937198067633,46
6515,-17.64281470163823,-1.3964414700477723,19.02557319223986,16.753198029290207,69
6516,5.0,7.338772338772339,-5.065789473684211,-25.1382998746551,63
6517,-8.397435897435898,-42.83907919777485,-24.524417685337227,3.0181623931623927,69
6518,7.588075880758808,-35.71031411747295,15.066545674531156,16.993006993006993,56
6519,3.509160756501182,17.233796296296298,10.724474474474473,-28.28502778571178,50
6520,12.659019345077914,-3.609943977591036,25.125842649376416,6.372630070546739,76
6521,23.6128316329827,18.055617222283892,17.840836598902023,-17.608410302930345,82
6522,-0.20286056061874902,-12.023809523809524,1.5763909238405844,9.318207959512309,82
6523,20.309936065287598,1.4222104961434214,-10.38613325927002,15.506535947712422,67
6524,11.565656565656568,-1.8320105820105823,11.9880539220412,-2.474747474747475,48
6525,-4.639700577200577,31.04419262409688,12.976190476190474,-15.595304454000107,61
6526,-74.3452380952381,15.63973063973064,9.111443633845365,20.236592973034384,80
6527,-1.132007114155852,17.339844171619156,-18.92221535078678,14.90566037735849,64
6528,4.385964912280702,8.013811585240157,-22.863247863247864,-16.91358024691358,49
6529,10.0,26.96472218622839,-17.925863044708546,-27.93346606935457,68
6530,-3.1535947712418295,12.688172043010752,-19.002525252525253,19.571167659992582,53
6531,3.2051802348493643,-4.097222222222221,16.805555555555554,-15.228494623655914,55
6532,1.2941913330173183,8.556931544547645,6.264460847794181,7.253086419753089,58
6533,-47.48152751626695,8.224820918596025,-14.785875933416918,3.28719084533038,85
6534,11.412429378531073,-15.773115773115773,-11.093443167175886,-12.99850582838662,59
6535,-87.0439289679643,-7.490187198067632,18.845000806156307,-1.7179294823705926,73
6536,10.0,-20.089786756453424,-44.58063541396875,-29.1486866237254,66
6537,9.224030037546934,10.0,17.8652098356003,-29.62299895803732,67
6538,1.973699324445593,12.42849929787733,15.901116427432218,-56.2522759891181,71
6539,-5.096705348806188,-2.5556736960245723,3.948346339650687,-44.915805133196436,59
6540,-4.322047000618427,-3.0798129073991136,9.177109440267335,21.307542563025024,60
6541,22.604166666666668,-8.929208046855104,13.976964769647699,-7.851816588003295,54
6542,-2.89263679978714,-24.356188701914967,-76.86974522316855,-32.28140743387861,96
6543,11.071937321937323,13.280423280423282,-3.9258312020460355,-0.8799379235921201,50
6544,15.863132084842313,11.22050622050622,14.416773094934015,-3.9866118729884157,72
6545,0.4166666666666674,8.968253968253968,4.7157622739018095,-8.851559068950372,45
6546,-7.311827956989247,-14.365287524935106,3.6429703964667155,21.461988304093566,57
6547,13.401459999204361,-14.738490513174451,4.881366546743238,-0.8447595749592276,64
6548,10.486264919404455,-1.4408799760244193,7.317801672640382,-10.095122595122593,68
6549,7.02399436303066,-4.4388270980788676,5.0,-5.02923976608187,57
6550,-10.604283399239877,20.914071126672905,-19.963602715820464,-41.32590758351408,89
6551,2.217654062739924,-43.4475425763992,8.14517485384421,25.415267729071104,66
6552,-2.409867172675522,18.205128205128204,7.4110671936758905,1.3629426129426143,42
6553,6.388888888888889,-60.35633605125541,22.602126134734828,-18.655913978494624,67
6554,25.44568050382004,13.333333333333334,1.944444444444445,6.859417588584257,44
6555,13.277572101101514,-31.706641029169948,2.604166666666667,11.666666666666666,55
6556,0.6337704163791127,-4.41638608305275,-21.476523844760457,-13.892987849305547,85
6557,-2.0378827105538697,-77.21184808184424,-6.994568613836034,-18.532488141893964,97
6558,18.333333333333332,-23.82103589298967,24.404212936821633,10.112942612942613,56
6559,-54.567056453466186,14.850442408581944,11.392045454545457,-6.527777777777778,62
6560,17.566312882247725,9.905239687848384,-2.156096892452118,-38.850476087871044,66
6561,-6.20052669214819,16.745471294493427,-19.96996996996997,-26.512929957111083,88
6562,-2.8632478632478633,-6.2889658584858985,-7.8346961680295,12.664404960420141,48
6563,3.558798472120934,-4.032366269208373,19.52034969578829,9.27304964539007,57
6564,-4.288720538720536,17.866161616161616,-6.513395367397653,2.967574252237524,49
6565,4.901960784313726,10.0,3.9682539682539684,16.345785440613025,33
6566,7.213082973302318,14.828424942815985,-31.44855434408999,-3.451886730144253,78
6567,10.303030303030305,11.26207729468599,1.4968060394889666,1.1813186813186811,44
6568,2.074136955291455,-18.178090441958506,3.08641975308642,-17.661647992530344,52
6569,-25.004336850063115,-31.065830721003135,-1.8713450292397658,4.859469398476492,62
6570,-3.5632183908045985,-5.2374301190892965,-0.5589147974205426,-38.45223361963768,78
6571,-18.299319727891156,9.737819370172314,-26.87819524567959,1.0355017526697647,63
6572,3.597883597883598,-2.171607076498379,13.086419753086421,12.873563218390805,43
6573,-30.322372653890227,19.889437635916508,7.512297772807362,-71.11111111111111,71
6574,-35.89881434084333,23.248329699538687,-12.546014617968398,9.914529914529915,68
6575,-23.281317447984115,7.314814814814815,-1.3749746903372966,10.237648530331457,69
6576,-11.27406833849665,-82.63131863300669,1.3555894604281715,-31.77435900695509,120
6577,5.793229492673376,11.746794871794872,-8.518518518518519,-12.493872549019606,50
6578,-1.6304804104256116,0.9808612440191395,26.488095238095237,-18.081347664680997,56
6579,1.3457854406130259,-3.229166666666666,5.0,10.0,34
6580,-42.46952633605177,0.24756863127764883,6.7786340489034576,9.875788780251025,90
6581,7.314814814814815,34.12009016925212,9.385964912280702,-0.01411782661782679,52
6582,6.785845203183913,-15.945993124695693,21.077721421274095,17.503192848020433,59
6583,-11.873801105655966,-0.10923473689431162,20.71939823537062,-9.919829606126704,96
6584,17.252952471132854,9.488196988196988,-20.242883888832832,5.053077252743549,61
6585,-21.66406087137794,20.0,21.0626102292769,12.10450847005469,54
6586,14.478141267972546,-6.182899389263902,-8.492129850825503,10.0535214166924,68
6587,-5.87115132373753,-8.621770379962587,-8.299319727891156,-23.603154038858882,86
6588,-46.1912163141128,6.0540431078933965,10.678940942098835,10.791032562408542,80
6589,12.169605462288391,10.043949106449107,-10.001445121877016,6.58775914279059,56
6590,40.546597144341504,14.906083543594058,7.817142008318479,13.378758462763841,49
6591,7.083333333333334,2.232435649774361,-22.521593617684225,10.0,56
6592,4.172144913477878,-0.4422271495442227,6.359649122807018,-5.747200689061154,51
6593,-2.011619462599854,13.00796425796426,31.12500912990374,-14.06587209803061,58
6594,7.873563218390805,-17.343726186946284,11.040958049886623,1.6025641025641022,62
6595,0.24986709197235601,8.321150097465889,22.84722222222222,-35.21042018644142,75
6596,10.0,-4.511341485025694,5.611672278338947,-15.098039215686274,40
6597,12.976190476190476,-36.01191958831188,14.901960784313726,11.378971905287695,53
6598,10.862193362193363,-25.395272751751705,2.1054218831507576,-20.98658911765247,73
6599,10.0,8.334547397047398,4.385964912280702,7.873563218390805,35
6600,-8.78296291663957,-34.443442360109024,-53.39799528246903,-6.082311539796227,101
6601,7.519322782480678,-0.41347381864623145,11.691919191919194,0.0,45
6602,-2.4223856209150325,-39.84936972350582,-27.81728962096341,-32.14689407134375,105
6603,-42.7751244721353,18.11025311025311,2.114993215739486,-14.476167885602989,74
6604,25.95829195630586,-13.536878446298736,-10.02923976608187,7.282913165266107,53
6605,-9.351851851851851,-20.18970189701897,-20.852821695213,24.578754578754577,52
6606,-32.49311424645845,3.422035692064121,1.1170438172726502,21.206896551724135,82
6607,-54.17821198611679,3.0809399129591504,-10.725108225108224,14.362535612535613,72
6608,31.972145980296027,1.4189189189189202,17.38095238095238,21.63214679302105,57
6609,11.526278146917683,18.591821027962215,8.9361734476677,-1.2606837606837615,62
6610,-18.83224158422768,-29.24300493744938,10.429292929292929,-36.907168567407886,99
6611,23.367346938775512,14.166666666666668,-4.211133069828722,-56.80287675711017,50
6612,-39.16347156285543,-15.014437606137767,4.425815567119914,-29.76969634028208,90
6613,3.9682539682539684,0.0,9.385964912280702,3.70066495066495,39
6614,12.233796296296298,6.238859180035652,-19.598765432098766,14.199889258028794,46
6615,2.688172043010753,13.787878787878789,5.731750352893728,15.0,34
6616,27.553508620678052,-2.1945496892988845,-13.27588727367132,-53.03101064630323,83
6617,-15.614035087719298,5.401063934345668,-6.793888555121273,-0.6283191146743419,60
6618,-8.25778792320386,11.569716231274779,5.876090092559538,-76.14483224380653,99
6619,-6.656223893065997,9.388852315119596,15.18837803320562,28.895203271850505,53
6620,9.62962962962963,1.2500000000000018,3.2051282051282044,-1.2473924022837064,48
6621,13.787878787878789,-2.3611111111111107,0.0,3.720001338342161,43
6622,-0.45668067900372833,12.861428153350895,12.056407973746683,-37.03717958202342,73
6623,-8.980662802501882,0.0,-33.68946446466503,10.0,61
6624,-22.092985842985843,-43.720439226891514,3.4722222222222214,7.080610021786493,57
6625,-27.904589371980677,-2.6077802916038215,19.80917058058775,-13.831958365426926,71
6626,10.683775741915277,-14.874184529356942,-12.717086834733893,9.914736364011727,52
6627,9.553405872404591,11.418781295241315,0.0010283833813249377,-34.70586821973629,55
6628,-2.395833333333333,-9.413919413919414,9.62962962962963,1.7460317460317465,43
6629,13.133658054001192,20.874183006535947,14.725415070242658,-0.4329329329329328,46
6630,-16.990846681922196,-3.922103415834418,24.216748066706536,9.811547714514836,51
6631,15.070546737213405,5.661901326862964,-6.666666666666666,30.760035946272925,50
6632,4.41919191919192,1.350607141784299,-41.17003367003367,-20.910861773414368,62
6633,-32.090303614921055,9.479018173201906,1.8813056645700064,-51.782136070167795,91
6634,8.153863047804672,10.932430590674171,14.349406632015334,-7.333650106470971,77
6635,-42.782221163329254,15.089962121212123,8.965193774192075,-47.30042016806723,82
6636,14.801157097172277,-22.476258309591643,-27.792145237602828,31.344086021505376,62
6637,22.898690815357483,12.407407407407408,0.0,2.314814814814815,43
6638,11.846923954767092,-5.393321679496757,22.62015762015762,-4.059009921562516,55
6639,0.19042232277526416,-5.085825027685493,-11.98622091479234,13.472222222222221,50
6640,7.744926671407029,24.58937198067633,7.976190476190476,3.5724728487886384,46
6641,6.472180324974137,2.3717948717948723,21.807521097715156,17.77777777777778,75
6642,-7.680640691873409,-26.728738544438652,-12.459472033825604,3.6434194890077265,88
6643,-29.57017217886783,11.007447665056361,15.0,5.567580216536574,55
6644,27.14531361636846,-23.008875870717976,10.29100529100529,-16.287186876834486,62
6645,2.380952380952381,0.0,-17.165242165242166,-0.6317640692640678,42
6646,-8.581514762516045,-6.129785247432306,7.777777777777779,27.27449264683307,47
6647,-13.753270272944366,-19.802945287129525,26.92697141794592,13.90692640692641,63
6648,8.921097121687701,5.58691945246567,-7.014357199398343,6.40096618357488,80
6649,9.459770333398703,-3.5881045080224565,4.180543275370861,-5.833333333333333,64
6650,-52.56287198233234,29.571150097465885,-11.494812567553113,-9.923940131796728,93
6651,20.416666666666664,1.9841269841269842,8.787878787878789,-11.474713629886043,50
6652,-10.716667644585264,21.80263526773199,11.65642601126472,-5.698598685637905,58
6653,-9.194968077345827,-1.7232467232467237,-92.2503634674968,12.670682730923694,98
6654,8.954451345755695,10.787037037037036,-19.051552693037515,26.720752792181365,52
6655,3.4232336863915798,9.573855803694515,-4.060589169284822,12.545299886048117,65
6656,-23.372378034645116,20.958886008321038,9.522514522514523,-1.6666666666666665,59
6657,15.0,12.352941176470589,-3.0069930069930066,18.119698646014438,38
6658,15.591765291431589,14.778338945005615,-16.21212121212121,21.182405362885323,52
6659,6.568627450980393,14.385964912280702,-22.978429476252863,-5.0,59
6660,-2.1264367816091956,-19.002525252525253,-0.6702654071075127,6.476050830889541,41
6661,-2.0238095238095255,6.572327044025157,5.441079841324638,1.1821219715956568,61
6662,-0.10707182644922586,5.370813975996905,17.402659069325736,8.275201038358933,57
6663,10.880230615215762,3.1801836624733517,27.173051038597258,-18.97999259822921,68
6664,13.472222222222221,2.8735632183908044,7.719036240541618,13.787878787878789,39
6665,-7.395833333333333,7.380952380952381,7.873563218390805,-1.4883520003879038,47
6666,-4.295634920634921,-12.310142097460249,18.051099227569814,6.370091896407686,55
6667,-2.400128894764118,5.0,-25.617857003258482,-25.430409683846424,90
6668,14.626156539134783,3.920797363779819,6.283068783068783,26.39777548446279,45
6669,5.0,11.944444444444445,10.0,-3.5643452783412206,37
6670,-10.445375468194941,-4.975595750789549,-7.291666666666665,2.192982456140351,51
6671,-10.143670971844346,-13.52781435154707,-8.714733542319749,11.074168797953964,60
6672,21.34429806909751,-3.9954511048569277,0.32570043362145795,5.730376746658262,61
6673,-0.08101851851851816,-2.105513025430973,9.385964912280702,11.211484593837536,59
6674,8.998283998283998,17.638782947707433,-4.413919413919414,0.0,40
6675,11.07869142351901,7.380952380952381,-5.143581081081081,-15.833333333333332,40
6676,-67.34125944575895,5.290815995150362,0.0,8.521011076042523,68
6677,-3.373985893365142,-3.8387635756056806,15.328781106899699,-18.7986021921647,60
6678,23.84346955903826,6.572327044025157,-13.10169775687017,5.416666666666668,67
6679,0.1621908453303802,3.295909179618196,15.012365306482955,-96.59453348094321,74
6680,16.469298245614034,21.633986928104576,3.6231884057971016,7.649645554948362,51
6681,20.902735077770945,7.389805700095992,-6.1700336700336695,18.410969755055778,65
6682,-10.698667928443136,15.95829195630586,9.601571268237937,-3.6140208804947007,61
6683,4.6709085933223875,3.491008758860022,-0.852623456790123,2.496922301777939,63
6684,-21.374327956989244,-0.6145384983261621,4.782202963467874,-0.5547652916073966,51
6685,-1.1063372717508053,23.42932301871255,-22.29850802219223,-6.611519607843137,64
6686,-25.81415208746447,7.088173338173338,-27.077468961526932,-17.00378915330321,104
6687,-3.306816640149972,-0.75128392562603,2.3668566371228206,-13.093709706104663,61
6688,8.472222222222221,6.940402707933932,7.380952380952381,12.525252525252526,58
6689,21.287738515968666,8.426079734219268,6.798366689671038,-29.281485685798074,94
6690,13.333333333333334,-24.14438714553922,3.9054961824840166,-20.817213466559526,64
6691,-13.055555555555555,7.909306937283981,0.3240740740740744,-8.158182813355227,53
6692,0.861118462403379,-5.051982375993946,14.926421957671957,6.34373953316471,64
6693,5.0,-9.241055726853295,-24.57061008498377,10.448438634713145,76
6694,12.782699783889198,-0.27334751018961256,-5.098039215686274,5.4898615950445215,60
6695,4.297904346923957,-2.657960754691355,-15.382177133329206,0.9691096239472774,80
6696,-7.0839617898441425,-8.427672955974842,33.96227749488619,-71.0555317768055,80
6697,-5.234827297427619,9.783514727505583,-10.531617505301714,-141.0208687568512,101
6698,-4.600040356224607,14.203873120129279,17.345277719991678,19.527879527879527,63
6699,19.551784622294786,18.843145174331298,0.38469651426462104,-14.925319213350937,86
6700,-30.32058396653291,9.329573667567194,-23.781376229056537,1.3020833333333335,73
6701,3.5417133926460584,17.21677559912854,2.2018538110624375,24.772156948891325,61
6702,3.732149076976663,13.968253968253968,5.034439201105869,13.154778819740457,41
6703,21.85185185185185,5.046296296296297,-24.119801619801617,-2.746913580246913,45
6704,9.698754053592763,-5.102952602952603,7.873563218390805,0.0,40
6705,-10.6110039644273,14.115853658536587,10.609336526246492,8.058484079356534,61
6706,-0.6079027355623101,-2.526455026455025,12.792887624515929,23.685897435897438,52
6707,-18.49553986047215,-10.277841207584114,4.901960784313726,-11.79893186970747,80
6708,-5.0,-0.6478150771650277,-15.436034553681612,14.431999203504578,53
6709,-8.088782562466772,5.4005265460373835,-31.52777777777778,-7.8025918617926955,64
6710,14.225502781343604,-7.126436781609195,15.227272727272728,-3.1192358366271407,44
6711,-23.971124142058258,18.333333333333332,36.027829444145155,6.206871210068143,71
6712,1.476050830889542,2.154882154882155,-0.7912457912457906,7.307838726093673,73
6713,12.03252032520325,24.5587831847467,5.216358451214459,3.155544177049554,75
6714,15.228758169934641,7.032520325203253,-11.227742165242166,-2.7477477477477477,43
6715,-21.884630356759338,-11.991153903909574,-5.3067765567765575,-19.772352745100243,81
6716,-9.35178699382329,9.19886874540933,-17.015365312223906,13.205128205128204,76
6717,8.796296296296298,-0.15497234247234148,17.976190476190474,11.968756716097143,48
6718,11.143727496702326,-14.511652287363559,-8.793382543382542,-7.335344394167922,74
6719,5.0,16.378971905287695,17.525252525252526,11.25,35
6720,-13.050638078939796,-17.71229957113427,7.750531983707388,-29.826998050682256,85
6721,7.604166666666667,16.929524460239836,8.79676583276989,-68.9968785853058,74
6722,18.6231884057971,14.261547347494979,-27.766203703703702,-14.737336680061137,66
6723,26.70217822170284,-9.954055069753798,4.898406297479007,12.032520325203253,62
6724,-24.640220890220892,5.858585858585858,-8.849206349206348,-5.095964677857662,60
6725,13.716978627372892,17.40577385725742,-72.83360385076071,-60.770316604634786,86
6726,6.8939393939393945,13.805569970593321,-16.464050385734623,1.8913058816443051,64
6727,3.333333333333334,17.783453379578972,13.324722233390968,22.35804797215947,56
6728,-29.106395228958945,-1.9041039324058184,8.205128205128204,20.936622195836563,58
6729,-18.036817198375076,-9.136513625760937,6.642135421222989,6.602564102564102,71
6730,-16.655017444643637,-6.2578715159132265,23.34537668941523,6.416546416546417,53
6731,3.5293933120020076,-3.800813008130081,15.861943755790952,12.133406751403356,43
6732,-42.153426062324364,-4.61025757031824,-46.320382482481044,1.282051282051282,86
6733,-11.913580246913579,-1.5948635417026216,0.4636581788954537,24.14590434347206,64
6734,1.1929448584348048,-21.576241018478598,-4.191800751308275,11.700680272108844,57
6735,27.832356971559406,5.0,-28.647806792968083,-12.77355396541443,52
6736,13.519527913823666,11.70327391341884,15.440398381574852,-16.21776446843345,77
6737,-15.072157214751172,-28.378639334521683,11.00077429345722,6.572327044025157,67
6738,9.62962962962963,26.54320987654321,24.567726959031308,-9.988586014190322,54
6739,24.73010189892241,-18.29193543369017,-30.64031246272497,-49.19663799082061,101
6740,12.976190476190476,12.777777777777779,0.0,30.942760942760945,33
6741,8.787878787878789,-7.549019607843137,-2.034050179211469,-9.092594402101925,51
6742,-23.738779372042757,12.763173645526589,-5.525559629690715,-15.454214982184785,102
6743,2.3896011396011385,3.306368772470468,-12.088127920548953,-18.915919024614677,80
6744,14.015594541910332,4.906204906204906,16.599378881987576,12.777777777777779,37
6745,3.223313523836637,18.042389709056376,-7.395833333333333,-34.656202209866414,62
6746,-4.795836777744673,-4.559704300474975,-7.205874539618382,11.559088592097147,80
6747,-55.59705154463219,-12.66551005650115,19.207547578690953,-18.85458550326792,86
6748,1.8139091556909257,15.694444444444445,23.373015873015873,-4.5740833240833245,60
6749,6.98529411764706,-22.67697730463688,-6.031746031746032,10.069740654195979,51
6750,24.446877416433658,-4.3310657596371875,22.259528130671505,-17.361540190361268,57
6751,-15.783730158730158,-36.98731653495247,-0.1030039978210695,2.6581969952164943,85
6752,-9.70719154013887,2.3529411764705888,11.22050622050622,-1.034372596572788,68
6753,-8.652630805408583,15.31845464322307,-76.01488306212515,-20.020636023586558,103
6754,10.033373102996155,10.0,-6.474850809889173,0.2307485167525698,70
6755,21.056005398110663,18.839424210544436,-35.20792192637434,9.385964912280702,60
6756,18.84851803969451,-13.610680732622914,-0.4632597340930644,-10.790512759313195,78
6757,-15.975706708828152,7.519032691446483,-17.345544954240605,14.997060552616109,82
6758,-39.0368814865058,5.393450374071126,-15.403694023604707,-0.8129084967320264,80
6759,11.759377811749683,-15.090996168582377,-13.603453077137289,13.968253968253968,60
6760,-20.37037037037037,-0.03267973856209139,16.828368496640877,-38.452341174374055,75
6761,4.740918803418804,-11.693670637517197,16.666666666666668,10.585585585585587,57
6762,-38.6894978515233,14.560342428460931,10.374396135265702,-48.67131560270285,102
6763,7.2679529871965025,-36.00300119691959,5.175827423167847,-28.561758298600402,80
6764,17.355237697757705,4.8858146684233645,-35.88803574372334,-18.670768882327174,78
6765,-4.346287748543386,21.150262338899225,26.461988304093566,11.19002948271241,57
6766,14.912280701754387,1.5724206349206353,-16.245497952815025,8.525149190110827,47
6767,2.427213309566251,-1.4012595591542958,32.25268177159886,-3.8530386441626656,61
6768,-7.731011945007888,8.225254061559221,-24.53909583342207,2.6821393762183243,78
6769,18.265725528172933,6.633986928104575,17.864923747276688,-30.536762978623443,53
6770,18.182261208577,25.515288024745324,16.193569998601447,-29.542619542619544,59
6771,-14.521416757771984,-18.014705882352942,2.314814814814815,3.3947451205848633,52
6772,-6.265029916973104,1.7383234049900729,6.817339332491606,-1.721401204159825,70
6773,9.351258309591643,-19.70034016909017,-23.34453184497997,1.8699416525503483,88
6774,0.5068501759678221,-0.1653270003653624,-4.2446680343649685,2.3809523809523814,52
6775,-9.846000993541976,-4.310235052161197,-8.677248677248677,-20.880721910709216,72
6776,-10.697636109051972,-3.6642283407414515,-10.30898502294383,-0.15325061484382552,88
6777,4.396822689505617,-100.63451008203747,-3.2652684880148186,-1.3409810126582276,83
6778,-18.18394024276377,6.736111111111111,4.975119998280061,-30.47393962311716,72
6779,10.0,-0.8333333333333321,-11.629061881162723,9.20875420875421,56
6780,-1.0317460317460316,2.6559714795008933,10.169172932330827,7.719298245614036,43
6781,-8.798875271146398,-36.01258332738682,-4.379316312605924,-15.22785214047933,80
6782,-30.918367346938776,5.341880341880341,-12.83625730994152,-2.169798474945532,57
6783,11.668342550695492,-4.991289198606271,10.315107597716295,5.585585585585586,43
6784,13.319469201822145,3.205128205128205,2.192982456140351,6.691919191919194,39
6785,2.873563218390805,5.537400145243283,-29.266468945171518,-33.28703703703704,55
6786,14.194963214487831,-27.103494623655912,26.429892370384845,8.26930860178942,62
6787,9.385964912280702,-11.301742919389977,13.72455047386648,-0.5387783115991756,49
6788,-37.88686322958506,-0.7991941315739939,4.68142968142968,-17.38095238095238,67
6789,4.674724222138014,-86.00658765576522,7.446988841475303,10.0,71
6790,-56.9190122760463,-4.976465223770667,-63.93816599891565,-18.898258604140956,111
6791,-1.1085601330818875,27.17577531988723,4.610177404295051,6.798967940272288,58
6792,16.757759784075574,23.596493705008882,-37.98248507855706,3.7878787878787885,77
6793,20.46875,-6.182899389263902,-9.357965005722523,-3.220336597996173,64
6794,-3.3066640309010937,0.0,-8.055555555555554,9.395943562610231,54
6795,16.505862291866343,5.743677708841629,2.573759144482826,6.8939393939393945,71
6796,-17.912047385731594,-2.2780127752974066,-42.4800791697416,16.395055374872804,81
6797,-20.915841953160104,14.451566951566951,2.366114553560897,26.918337510442772,57
6798,6.690663829126903,-7.685185185185185,-32.83905546160448,-3.14516129032258,62
6799,-2.311827956989247,8.333333333333334,10.0,10.228328698156284,48
6800,-1.5715928665703782,17.842742009408678,-10.519147161366362,12.233796296296298,73
6801,8.660394265232977,21.984126984126984,-4.6613279946613275,8.689839572192515,42
6802,12.604166666666668,6.303418803418804,11.881881881881881,-3.274490205877452,42
6803,-7.066873286574259,-6.580886131819364,-6.552961510944702,-37.640794204757995,85
6804,14.35791332790466,23.17522134018298,11.578947368421053,2.314814814814815,46
6805,-2.717086834733893,-4.279214559386972,2.916171134090302,15.643862323060443,98
6806,20.166388192703984,7.143448656606552,42.4584541347927,-5.459976105137395,61
6807,24.700577200577204,24.34027777777778,15.0,-6.501744052300168,48
6808,11.944444444444446,-13.331999466453247,21.34504987765857,18.73695243639632,56
6809,-5.0,10.084175084175085,6.944444444444446,8.382956833431985,66
6810,6.641147720792634,-0.7624643575152337,15.255501168375751,16.28341687552214,57
6811,9.2567832057385,16.310551317724105,8.664681630783324,7.881271733730749,61
6812,19.311199291820042,13.870214752567694,27.303838154660614,-20.039916530219173,59
6813,14.385964912280702,15.4067033317392,5.0,11.597832882496153,42
6814,2.1212121212121224,5.0,10.276235751041954,14.328042054024142,53
6815,20.39710370803299,12.44466268419827,-0.833333333333333,-18.350388037888035,59
6816,-12.747747747747749,-15.400847205708246,12.503192848020435,4.941258462763841,59
6817,5.0,18.272047075655916,6.1484409310496275,-2.759430938302028,53
6818,11.021505376344088,3.566919191919192,-23.578976588376996,-69.5882423808032,82
6819,5.585585585585586,7.136752136752136,-2.7170868347338932,-3.009868421052631,40
6820,12.77071731340024,2.8493265993265995,13.871764466512449,11.21625830564784,64
6821,11.392045454545457,-0.9361535448491969,3.941533930645429,-11.470328184324128,50
6822,-2.466727162734422,-58.55486490816275,-9.255486706467098,-28.56466794400645,82
6823,3.894927536231883,4.166666666666668,-3.5370068909800585,10.600343704536314,71
6824,24.237252698361097,2.152184235517568,-3.263888888888889,0.397906535417051,64
6825,-20.731914339754333,-18.767806267806268,-16.804080762443796,-17.76517726903421,117
6826,-5.478673893013831,-33.80682551414259,7.650362913520807,29.80084474212217,73
6827,-1.0317460317460316,10.0,12.073863636363637,2.9761904761904763,38
6828,-21.706349206349206,1.1809129026110154,-8.812308549150654,16.73611111111111,56
6829,6.851851851851851,-29.568562915595795,-3.4276729559748427,11.359649122807019,62
6830,-10.580334697981757,-46.65673150761404,-11.398358585858585,5.764417878435312,68
6831,10.916305622917529,-20.380023423820827,-65.94197288571891,-9.132996632996631,123
6832,19.068426061766885,15.282186948853617,12.873563218390803,18.41750841750842,50
6833,1.240803621958122,15.166398282340312,14.901960784313726,10.399611868625664,57
6834,18.773782235902452,3.935580317159265,-10.225694444444445,-52.765658238512074,79
6835,8.182261208577,9.601571268237937,27.85437832607644,-66.9256544488266,65
6836,-13.984676637491795,-22.646722652202694,-2.277758179733662,15.681808955466245,95
6837,4.2363792363792365,-10.833333333333332,-1.5025330851943757,9.093915343915345,44
6838,15.02504378200667,6.602564102564102,5.443422835043652,-12.003367003367002,73
6839,-9.818681170206972,-20.734340806804575,7.979892205638474,-13.71133496133496,75
6840,6.766917293233083,-5.138445783607073,2.2522522522522523,15.112942612942613,42
6841,2.0833333333333335,-13.770041980096739,7.814282772205601,12.414410208527856,66
6842,1.6756529256529262,4.753086419753088,-46.633850230086374,10.0,77
6843,11.925533855358417,24.23138191955396,-2.1168361055504468,-20.35829307568438,54
6844,-0.833333333333333,1.0401310401310409,-2.3831070889894423,-11.42139228821538,67
6845,-8.253414964561424,-24.67111512404234,-39.17435264894418,-31.169590643274855,92
6846,-88.17327645367678,9.247285356379933,-85.26751110084444,-15.289606227106226,95
6847,6.666666666666667,3.597883597883598,-13.906817323831962,15.026638226585636,64
6848,-16.586356764928194,7.976190476190476,15.063706280527972,24.571944299123434,65
6849,6.578947368421053,-2.685185185185185,-0.4513888888888884,14.150551341043819,44
6850,-30.47654184224057,13.509160756501181,12.352941176470589,27.670508955450398,61
6851,2.3416514041514063,-16.85606624026972,-50.29219740081511,-16.78451119469933,85
6852,0.5611729019211324,17.44063028545787,22.450980392156865,-20.17507582023711,43
6853,20.46929905510867,11.208576998050683,11.993006993006993,13.339513039179337,55
6854,1.6770546774042252,1.1484409310496266,12.873563218390805,8.086419753086421,44
6855,-1.5042130637467634,12.604166666666668,11.260263453245912,4.901960784313726,49
6856,7.252252252252252,-4.215686274509803,2.1637426900584806,3.787878787878789,40
6857,0.5014430014430014,-61.345083407465204,-5.791245791245791,-95.57134516246157,100
6858,4.669113868180637,-8.140771536862946,14.104104104104103,9.905808477237048,65
6859,-12.952520189362295,7.480528443261363,22.203556147210648,5.0,51
6860,2.332134891307967,28.663446054750402,-8.062015503875969,-13.279034184206596,46
6861,-40.36478355226915,-13.567073170731707,-24.776945724526367,26.899579343584662,92
6862,0.0,2.5079501316547455,-10.8539888404814,16.314048542307287,64
6863,-9.18741501905802,12.192982456140351,8.472222222222221,13.787878787878789,42
6864,18.333333333333332,12.372948731463914,1.6282389108476103,8.436791383219955,50
6865,13.948346339650687,2.965213816036278,-5.425756509500351,1.7528504117624841,57
6866,14.08555455725267,-21.592963426505353,-33.51237509503639,-17.848029446908917,72
6867,-7.07720588235294,35.28846153846153,9.445234708392604,12.380952380952381,40
6868,2.3970874433409115,10.332687848510634,-3.6892879050832157,-16.237834763220512,82
6869,14.845690965477988,3.4722222222222214,10.0,15.375243664717352,48
6870,16.27684407096172,15.0,-11.180133621994088,-4.060933028324332,52
6871,3.5606060606060606,35.870369936304776,-14.893289991382456,-2.94301917863814,76
6872,-17.38947581491975,10.552959907798616,19.86832642826686,-17.26665952706755,79
6873,-15.0,-20.600443259695027,1.7129629629629632,14.98511904761905,46
6874,-15.163421722929247,-0.538778311599176,6.30952380952381,25.928202997645474,53
6875,4.385964912280702,4.414870556174906,-0.4809216284626112,-29.544135553073932,64
6876,18.2845337593332,-6.525943732817048,-1.6771306223638878,-3.1779356479433862,61
6877,17.976190476190474,9.385964912280702,0.0,3.9682539682539684,31
6878,17.375577158185855,-1.6300361479917627,-35.45930712757655,6.2254901960784315,75
6879,2.673115517943105,-5.459976105137396,14.57782021125137,9.62962962962963,47
6880,-53.1123957251849,7.908409740707878,25.05175983436853,-6.54958589036656,85
6881,-4.7442902894690455,11.948359834855854,-24.114336510285458,23.072693675372246,65
6882,-1.1112982850541009,2.5040700040700035,-52.36893165266489,19.021558872305143,67
6883,1.4692982456140342,-25.208574077510743,19.44598385331144,-6.112891710402607,75
6884,-10.0,-2.2843891994469963,-18.055555555555554,14.562450633742943,67
6885,12.357185178482608,4.959172467541668,4.498776814382024,-0.4582283345999629,82
6886,-2.545109211775878,8.343442698281407,-16.936119034666355,1.10071272305315,74
6887,-10.141142663962135,13.936391102373776,21.515151515151516,9.270152396799634,55
6888,-9.673659673659673,12.688172043010752,-1.5362817304409084,-2.0238095238095237,44
6889,3.789836347975883,5.47008547008547,17.77552400270453,11.06839003274847,50
6890,-21.49251222377326,2.7309040515203393,-49.00818113941053,-3.9133548156104543,90
6891,-8.427579365079364,21.448412698412696,7.679738562091504,22.03252032520325,41
6892,17.71054964539007,0.7065217391304355,-25.705003248862894,16.349206349206348,47
6893,-68.59153767172066,-8.286182126874305,8.369879537164818,-5.081018518518519,83
6894,-30.83029573373394,14.124740632036161,-11.76672551230571,-10.203102674015105,112
6895,-0.399743698602137,9.568388408221095,2.9282407407407423,-6.652930402930402,68
6896,-31.33891652991823,-20.481588469168337,-2.3504366372955925,-59.30413540762008,117
6897,-24.77154457597072,-24.10717193192481,-22.731678327434665,-64.0009816511822,98
6898,7.233796296296297,2.8063194974959695,7.136752136752136,10.0,43
6899,1.3390313390313378,-5.280739093767746,0.18316629305337662,-21.683172986229014,74
6900,5.442698717732471,-10.65009065009065,0.9062384643779993,-141.90920656545552,106
6901,-1.2523766312332554,-1.3818860877684407,6.957301214990178,6.228963184571587,73
6902,5.0,14.73389355742297,-14.124559341950647,-5.614035087719298,39
6903,-4.53003423591659,-28.308110018636334,-27.685049875158178,-52.056958327805475,104
6904,11.019951840385277,-8.466360282740059,1.4610064610064626,35.3501853645664,53
6905,17.899661552133264,18.205128205128204,11.173708920187794,-24.867321899365034,74
6906,-8.500424651970015,-11.673457565190974,6.366120218579235,-25.137162702203867,71
6907,7.86877144020001,-5.410628019323671,-0.753119429590017,20.60482394327346,54
6908,-11.447615545512418,-56.53069806560134,12.997069980943316,4.3037518037518065,74
6909,17.44047619047619,7.777777777777779,2.525252525252525,-16.794871794871796,37
6910,9.62962962962963,-14.875004907000642,12.676978206815857,7.9990652295905935,66
6911,-5.123456790123456,8.584643848288621,-25.92182686597267,11.893939393939394,59
6912,-20.540994623655916,5.0,-5.6560297536977036,8.205128205128204,60
6913,-74.11417010691537,-47.96133708673526,-6.877472792994713,-47.58628138505272,113
6914,7.441464452958707,18.043474481991378,3.4203375286041195,16.794886853026387,48
6915,15.585585585585587,9.62962962962963,-3.9699088722821925,7.976190476190476,51
6916,11.984126984126984,18.34975369458128,2.0833333333333335,-30.1188455008489,45
6917,-12.757194779942804,-0.32258064516129004,23.936173447667702,-10.892834697981757,64
6918,-8.884906063608634,-65.12286324786325,16.461988304093566,6.851851851851852,57
6919,-28.614923346935864,11.160394265232974,16.79111854461486,-8.65105132962276,74
6920,-48.11393205678633,6.255006681550784,11.307640686415493,-33.70072870113131,113
6921,-3.6165415844224,-0.202850877192982,11.966382759065686,2.679738562091504,61
6922,-13.551924172310084,-29.859465714202052,4.187091503267974,-28.682308268327606,103
6923,9.548517520215633,1.666666666666667,-5.326056770215949,14.544695071010862,54
6924,11.700680272108844,3.6231884057971016,5.078204771187228,-54.47833892057649,53
6925,-6.867201426024954,10.66193853427896,-33.419008210997376,-23.15740623097249,80
6926,-40.760233918128655,2.399199116266226,-3.521105429544301,-44.00098875239519,85
6927,4.901960784313726,16.9577358028445,22.25225225225225,11.944444444444445,37
6928,-31.607400535971966,17.64871240850163,23.235037949483637,6.2634895968229305,57
6929,19.69164316124117,12.496645195920559,-47.32870388155871,9.03225806451613,67
6930,6.984126984126984,-17.17255102416118,15.0,-23.43871041239462,58
6931,-6.640906506977935,-23.733520715016517,1.5346669267646762,-49.99950959897856,131
6932,26.22050622050622,5.0,-4.347214502179713,5.0,37
6933,-19.83393036575338,19.62962962962963,13.142980329629605,28.80367077034328,80
6934,-18.52394916911046,26.44122383252818,5.05952380952381,27.5,46
6935,5.519943019943019,35.02048599716416,11.07638888888889,-10.510306686777275,51
6936,9.636420571248413,-13.75807672373289,-25.30925437115283,8.215800940259145,82
6937,10.016722408026755,1.746031746031747,8.526685303001093,8.623188405797102,46
6938,-17.570477538265564,4.557772850455777,26.488095238095237,-18.62745677261806,56
6939,0.0,15.567632850241546,31.271684944463964,-5.686957660641869,57
6940,13.167989417989418,0.0,18.878925553961423,-4.2696192696192705,41
6941,-33.69658119658119,18.817304236611218,-0.953017570664628,14.21426843596655,67
6942,-2.9626532887402455,-4.419642610678166,19.218464729217416,-45.94189045879867,88
6943,16.077253130711924,-62.89164200112925,-14.742711899574644,-24.792886851710378,87
6944,-22.18636256459119,-3.8769974758421877,-12.842640901101422,11.666666666666666,85
6945,19.755291005291006,14.385964912280702,12.976190476190476,12.590132827324478,36
6946,2.6647688060731536,-20.219055259705666,3.7758212758212766,2.155225726654299,51
6947,4.166666666666667,13.417508417508419,2.450980392156863,8.086419753086421,35
6948,10.526315789473685,0.0,-65.72637954738371,-8.774509803921568,68
6949,6.392045454545455,11.460602759622368,7.259528130671507,22.25225225225225,37
6950,16.81159420289855,-15.53647318129025,0.0,11.152346678662468,46
6951,-3.062015503875969,17.80379875346505,2.2522522522522523,16.886320112605027,54
6952,16.3573595146871,6.966087379621214,1.2248794297006733,16.922799422799425,57
6953,8.787878787878789,-35.66663310849358,2.7777777777777786,21.4026792750197,47
6954,7.237791002526398,10.158081840935337,5.658915896107549,9.643962848297214,66
6955,-5.555555555555555,-19.598936065654332,3.5565476190476204,-23.795005987034973,58
6956,30.02079061289588,-66.06523611579223,15.332867973683733,4.62962962962963,60
6957,-9.275525525525527,10.82932133388944,16.304967499820442,4.6147230822153436,53
6958,10.669033695349485,13.10708898944193,7.976190476190476,18.851946575731745,39
6959,-2.9193899782135073,5.16164994425864,16.161236424394318,15.054243471582183,45
6960,-4.715028639660994,21.442833446509923,7.531418839558375,19.517593675892638,72
6961,-11.953996294126137,2.1099424547700405,-41.04316614185035,5.555555555555555,57
6962,5.18587026455965,21.677102905357522,-7.171717171717171,-26.52777777777778,63
6963,-74.41548762342347,-65.2985143795121,-28.197054775872047,8.897300973654067,99
6964,5.982905982905983,7.858187134502924,7.525252525252526,13.968253968253968,36
6965,6.345785440613026,-7.613629696009557,2.604166666666667,9.337586886606495,56
6966,-28.709660634003832,-0.08582502768549283,12.61810591078884,2.2624135124135125,77
6967,-7.723343498537296,7.949756803807859,-10.322854386477005,5.2246603970741905,69
6968,-14.910680865586276,15.171321053673996,-1.5277777777777786,-45.283447462150036,81
6969,-16.944001170386084,12.688172043010752,-40.8033870082253,10.562313503489975,85
6970,-9.109249329581317,-13.057250161664463,-7.917267917267917,7.01804745922393,74
6971,23.543771043771045,8.551741109880645,6.40096618357488,-24.413919413919416,45
6972,1.8608040477368952,10.0,-39.01081926347884,-31.06127591215844,66
6973,-34.3482086935901,-24.529914529914528,-14.774247491638796,-2.7477477477477477,64
6974,1.54320987654321,14.024823807432504,9.186425111011191,9.168000533546753,57
6975,-17.748044193319455,-49.025562328329656,-35.996156231768595,-16.491736761693236,97
6976,-13.043107900242184,-38.227677728361726,7.979991485738613,-3.476192367519923,99
6977,-6.980323597970656,1.5955805095876023,-38.92532473468235,17.90824915824916,71
6978,16.466574934067197,-1.429513136830208,17.688172043010752,3.603547552822916,46
6979,-3.6004616175925346,-5.212800519818063,4.548976090747652,-11.243073277776094,74
6980,2.6281281335439814,12.777777777777779,4.62962962962963,-18.506493506493506,49
6981,32.72312256007696,18.667482006297796,12.352941176470589,10.0,46
6982,21.19918699186992,14.084967320261438,2.257896424563093,-10.747200689061154,54
6983,-20.426646836319772,19.92196833930705,-3.5664335664335662,18.77071631648291,73
6984,8.072698908288702,-27.869331917912433,3.435978551604702,-41.65100205974665,112
6985,10.0,15.040679727612579,2.7411658258633467,-52.32588203176438,63
6986,-43.20701281647607,25.270611681260394,-0.9865779758252873,-36.53436728561902,86
6987,13.623188405797102,17.03252032520325,6.4147537857548205,22.833099579242635,46
6988,11.937984496124031,16.87545093795094,5.586080586080586,8.009153318077804,43
6989,5.468426501035198,-10.1480463980464,4.642857142857143,-1.017874566718524,66
6990,-13.567732883432992,16.078691423519007,20.562869160650575,-17.042507391940784,97
6991,22.503192848020433,-3.318501494639957,-9.060202300578876,-87.19981273414889,93
6992,-4.895833333333333,14.914529914529915,-4.179600886917958,36.0784755194434,54
6993,-95.03001415357737,-14.347667095235433,-11.316176183863083,20.991239680936246,100
6994,10.51994301994302,-41.39594962175593,3.095588992178045,2.427213309566251,71
6995,-2.1418128654970756,-20.645296044473582,5.402888007054678,13.689839572192515,58
6996,12.136752136752136,-18.750347443717523,6.04013104013104,-1.073540280857353,54
6997,2.368979651588348,0.7544113592500694,-3.5807656395891687,7.192982456140351,46
6998,25.90486275970147,-30.027225360382516,14.00904221337658,11.81159420289855,63
6999,9.208145046960837,6.993006993006993,12.092044134727063,2.192982456140351,45
7000,10.430839002267575,14.027777777777779,7.82886267960895,8.433051596146635,69
7001,-5.0,17.296412673474734,-6.031746031746032,-52.6281712582236,80
7002,27.895021645021647,-11.85444749960879,-7.66319976023264,11.766917293233083,50
7003,-9.38283864798264,5.0,-37.46064980198107,10.132667473769168,59
7004,3.6231884057971016,12.074342945486322,-12.631105482149128,7.032520325203253,53
7005,-2.395833333333333,-1.1483688657601698,17.3015873015873,13.549201966767372,57
7006,-17.031686827138405,-6.17542070372259,-47.52532289737658,-14.483851969906738,94
7007,-12.470114019177611,12.71604938271605,-6.821228288619592,13.05874840357599,78
7008,2.9816017316017316,-4.146825396825397,-10.948518945896213,8.475263339243696,64
7009,-23.123979683487207,7.692307692307692,-5.0148809523809526,5.0,55
7010,5.777509070925369,-22.188518939671013,-8.062015503875969,-11.457334500838197,70
7011,-3.726828600342477,-48.17043125745302,21.582772832904155,12.380952380952381,69
7012,-16.444872514690474,24.39796920381002,18.44226579520697,1.6120404170718636,68
7013,-8.292220113851991,31.496751624187905,4.7855220781422165,-24.414414414414416,54
7014,-15.763509411050393,4.88520571853905,-0.6580687830687828,0.15716416910805253,65
7015,5.901831490529599,5.0,13.686628333065986,-1.0136005969339297,64
7016,0.5932289472662169,25.662549898061304,-11.666666666666666,5.8641975308642,54
7017,-12.628517316017316,-4.636429451007455,-1.2797619047619047,-1.63777654675425,73
7018,20.573593073593077,7.083333333333334,16.415346971625617,-12.519252255607482,59
7019,18.149550526010543,30.238501319384962,-0.8419008939842261,23.674090946549793,66
7020,6.937984496124031,-0.32321530883426774,2.7675987891041673,-5.728958733719148,56
7021,8.002367218468912,8.814929480564157,6.6382171645329535,-37.357997127822394,70
7022,15.283816425120772,2.084452310434396,21.474287828338884,5.718196957308457,53
7023,23.82557094704982,-54.62796539386867,-11.114933276063237,-39.19500215231922,91
7024,10.609237905253087,-9.465929170268138,2.970523545815169,-30.510975455944006,81
7025,-34.0504566439181,-1.1640211640211637,25.652746869568556,13.503086419753087,64
7026,12.714338507021434,-23.104866438891115,25.09332567534491,20.13566083999521,59
7027,16.93798449612403,5.0,17.93390628269145,3.230079440382505,49
7028,-20.82710172025689,-12.524615358632685,-28.473752076230443,7.873563218390805,67
7029,-5.440131457758042,-87.13839752851244,4.828184316696721,-11.689514600329208,126
7030,-4.375624579609401,11.400473573509558,10.260703966377726,4.947598697598696,65
7031,-21.62124153723616,-23.071313071313067,15.640897304111153,-4.490658216148411,69
7032,18.600971244303686,-11.616809116809117,-18.307324711874504,-0.7612830936001664,81
7033,6.757512229210344,15.403403785756726,13.466430850293417,18.55263157894737,65
7034,1.5577011281345665,0.3518757930522636,-6.918893979603872,6.707532906397763,73
7035,26.11111111111111,-21.11611524525823,-19.742536234515324,12.71335600459475,75
7036,-64.98305545017587,-44.914368107092564,-75.27577676333073,5.781908156398772,109
7037,16.87713354380021,-2.496807151979566,-11.376811594202898,-5.579417023089323,52
7038,10.809294871794872,-7.328523359482617,-34.00856277470338,9.729321986670424,75
7039,14.16280864197531,17.16374269005848,8.689839572192515,-5.433471412303035,57
7040,26.56761412575366,6.5893442167805,-7.395833333333333,-0.4914529914529915,43
7041,-20.673610792456294,27.03252032520325,2.427213309566251,11.709608158883523,41
7042,-0.8027223495260023,8.65079365079365,25.970221310458825,-6.102944326628537,82
7043,17.873563218390803,9.129949772716131,8.23027312754681,-29.35692470581169,84
7044,-50.34409428825347,-2.398203300458939,8.17489114658926,18.525149190110827,58
7045,-19.157258863141216,-16.60538497936872,-17.4837022465581,18.41847265221878,68
7046,-31.7078944775801,-22.009217793756314,5.853174603174603,-17.133862189009246,77
7047,-23.602313163785,6.739439085930314,-57.94847391972216,-3.2993197278911564,66
7048,-6.784161054994386,8.863497521436498,1.0041407867494825,3.672699849170437,61
7049,-40.93517032718485,1.8939393939393943,-26.976568405139833,22.35466565163702,72
7050,-15.169911447484974,10.705835529205094,-86.43992614876275,7.85105934753822,71
7051,-6.238564512782666,-7.681498829039812,2.9305432753708613,-25.478389246771595,81
7052,-25.780073580407283,-9.346286788147253,-23.55148629964806,-0.31339031339031465,77
7053,15.0,0.8285492690417451,4.565482410309997,4.418161739590312,56
7054,-87.55843231117402,-18.15818281335523,-34.1809256836451,16.00401606425703,83
7055,9.84747655428895,15.421903804256745,26.93798449612403,2.4404761904761907,43
7056,-14.84126984126984,5.9375,48.120358537978674,7.988380537400147,46
7057,7.789855072463769,10.0,7.962962962962964,-28.007772032293786,46
7058,-43.65421455938697,-1.9967532467532472,-14.813033460957865,14.541011365168496,63
7059,-2.4999999999999996,-20.841793110595702,17.878151260504204,-9.422376552540992,77
7060,11.217116564860927,7.468487394957983,-61.34558302411284,3.076443338989961,90
7061,7.764550264550265,13.984674329501917,30.655708731000352,13.07153880070547,41
7062,-10.209983031674208,-55.375165360885475,-20.27579162410623,-35.85715707077898,94
7063,-2.3826213255028255,18.123725661535705,11.93429759332794,15.839460784313726,56
7064,-35.272390185640496,20.96623694676231,8.333333333333334,-26.432092966996244,99
7065,15.740673213978408,-10.810294281477669,5.457380457380456,18.935185185185187,72
7066,16.381490641665827,-2.7733722688041618,0.39811066126855543,5.385823567388618,54
7067,8.429887106357695,-36.00814694564694,-1.2159863945578229,14.591958027670271,65
7068,-11.846776589423648,12.623102256457223,-0.09278695089360589,-23.964405330074584,71
7069,10.09727886952581,-27.007059977597738,1.9231035437430783,21.87429854096521,64
7070,-6.654770320183854,-2.372538840606847,14.62962962962963,16.677951800447573,71
7071,-18.03379272129272,0.3144913984082156,-1.015023623719276,-13.362863620016391,72
7072,-0.9024204307223176,-51.6121116963226,-31.248720313344343,4.274891774891776,87
7073,-4.246701153073122,-15.0495337995338,1.3113604488078545,1.6339869281045751,66
7074,9.374888388046285,15.198543615882327,12.976190476190476,8.623188405797102,45
7075,-4.717131992673788,8.49046015712683,1.1517957351290686,-5.115348399246704,60
7076,14.345127716271094,-6.527777777777778,-4.01654541932464,23.85892211953371,68
7077,-5.835449458311206,-52.73669263031172,-10.114686678184391,0.44844499153879447,98
7078,20.158730158730158,-8.719122061513366,12.136752136752136,13.515868809986456,53
7079,-7.5772680345851064,-0.012626262626262985,-34.082747939416464,2.1553788377418517,76
7080,2.9761904761904763,6.746031746031747,8.364107209215906,8.333333333333334,40
7081,-27.526552287581698,18.9792516939549,7.380952380952381,-33.11583759767709,83
7082,14.62962962962963,10.0,-1.8034490576719513,30.036810969444105,59
7083,-18.973297792742237,5.787207095483492,-36.58637428847044,-23.89221625033775,98
7084,11.395792869253828,5.0,-4.294236661211675,5.648148148148149,58
7085,15.49539512774807,10.774591796097173,6.911217437533228,12.314814814814815,40
7086,-19.442733876881444,-44.13179245422774,-65.31239240864251,-16.37312472188471,124
7087,12.192982456140351,-36.24739240228371,3.4325396825396832,1.5676141257536607,51
7088,-33.218849162994964,14.861355551582953,-31.521414972444838,14.553924336533035,93
7089,8.205128205128204,14.662004662004662,-2.7170868347338932,-8.503248375812094,40
7090,8.086419753086421,8.968253968253968,19.015594541910332,8.269634891307968,40
7091,-2.0650953984287312,-9.732794338058515,-9.579725194780814,-44.597999361867416,77
7092,-27.40247420731957,-30.840760546642898,-37.188401983766944,-12.331468809963432,75
7093,8.472222222222221,12.083333333333334,31.454353243348386,-23.055555555555557,47
7094,-1.6657043765425783,-6.750273000273001,4.290736145574855,-25.947626286478148,71
7095,17.595785440613028,-2.395833333333332,-14.98940723205429,13.943207533955764,57
7096,17.38095238095238,-0.23809523809523725,-1.666666666666666,41.141627224209,46
7097,10.365853658536587,-17.436076994900525,8.412698412698413,6.828785623338202,51
7098,12.44047619047619,10.42717086834734,10.893300248138956,6.604016925314355,52
7099,6.761035532412505,3.2240235814296243,-20.496775587423173,19.0715874539651,71
7100,23.78787878787879,-42.13326439078382,-52.39373442363215,9.909003831417625,83
7101,-10.314665896557267,8.872863247863247,-71.59947918484283,-10.855393010565425,78
7102,8.417508417508419,-1.4834510402991496,-0.512820512820513,-6.040354602822241,67
7103,-4.455113146973611,-2.7619949494949485,7.472384665367122,-11.711183893906185,68
7104,-33.18484383000512,-1.132007114155852,10.0,6.8939393939393945,49
7105,6.79590017825312,-15.429253652730974,6.515151515151516,-38.00986842105263,57
7106,7.450980392156863,5.428276573787411,8.623188405797102,13.079417126119044,58
7107,-35.26147567718887,-18.28931302615513,0.0,28.125,60
7108,6.754997453526867,25.23901355773726,-8.427672955974842,-17.29715094482634,62
7109,-0.37037037037037024,20.19551544982226,-15.145487300659713,-15.659722222222221,53
7110,24.555378831694618,6.4935064935064934,12.192982456140351,22.56512448737552,49
7111,-20.031698365031698,12.571391000109259,3.6231884057971016,-15.412267471091,58
7112,13.733200597312097,9.901960784313726,-5.44936544936545,2.8454291577490043,49
7113,-25.777692200752327,-1.543091324052786,23.35677749360614,-8.730813537525307,92
7114,21.724572870083705,12.78985507246377,-7.101874355217925,-11.607142857142856,49
7115,16.666666666666668,-16.3150932887775,9.377104377104377,-31.625816993464053,50
7116,36.931125205579605,4.166666666666667,5.467372134038801,6.750841750841753,48
7117,7.450980392156863,8.205128205128204,-11.866027465422166,5.291005291005291,40
7118,-12.445064681906786,5.239574455676149,20.674399495734,-13.705280054415166,68
7119,-8.580827067669173,2.591093117408907,-2.916666666666666,1.3492063492063497,46
7120,4.704066811909951,-21.620802797777962,1.1220760233918132,17.243578718036925,72
7121,8.085125127808055,-10.451798180748622,7.2865353037766845,16.378011615203267,85
7122,5.0,3.0465075859812707,0.07054673721340521,-1.4024363609782882,53
7123,8.968253968253968,14.267738434405103,5.545136254722722,8.472222222222221,52
7124,-9.973008700591995,-6.523369911344819,-22.595374855280728,10.975415070242656,77
7125,37.31240171122275,4.3772163120567384,-6.140350877192982,4.01084620382866,52
7126,31.077641848579354,10.0535214166924,-50.685991321879825,-25.58685387461309,93
7127,-9.56174820928919,-10.913078149920254,4.602291771409418,10.980373704158872,64
7128,-9.239709525263835,-12.336829836829835,3.8067390698969668,10.412700600872645,58
7129,7.719298245614036,13.623188405797102,6.65642601126472,5.0,35
7130,-22.968967149766822,25.909741795409705,-80.76203153722534,-31.655310772957833,84
7131,-16.523436394759923,10.0,6.4124293785310735,-16.585132369446093,61
7132,12.777777777777779,-12.069493006993007,-21.121158130546632,6.481481481481483,59
7133,4.937231302777522,22.03252032520325,-14.631611465486449,-3.8271604938271615,54
7134,-0.42119593689277934,-12.246940060007208,9.077060931899641,-28.696581196581196,60
7135,-17.902554961378485,12.314814814814817,13.889233726800036,-3.2391838503705537,77
7136,-9.84677727777856,25.48440131703012,-5.0,18.0701164874552,58
7137,-10.217796412764965,8.962423462838851,0.0,-33.77949377949378,64
7138,-6.665730191945025,9.214007240323031,5.47812130878248,13.98745633809573,78
7139,22.487816764132553,0.7204654201317169,-11.900029341889809,-3.299319727891156,52
7140,2.604166666666667,-13.441358024691358,5.684791934791936,-14.926936365877799,59
7141,6.984126984126984,-16.794871794871796,25.427220622588088,6.25,52
7142,5.700421582774525,12.218013468013467,4.182399333067742,10.0,45
7143,1.3781975132652258,-21.551923397911658,-9.10912344735874,6.01851851851852,78
7144,19.166666666666668,26.338204775589162,6.485915248081547,0.7482993197278918,56
7145,14.62962962962963,6.457827468804007,-7.628205128205128,8.787878787878789,59
7146,-0.3369498781102447,-4.642857142857142,1.461988304093567,-52.48871030232159,92
7147,2.9761904761904763,12.675653594771243,-31.44474826397023,-36.15257569927541,80
7148,-67.07645630887747,4.931039514372848,6.36717210850507,3.4722222222222223,96
7149,-27.424912012844306,-21.602966602966603,-8.946563618682838,21.85185185185185,88
7150,-7.315716885236924,-38.124647092038394,10.169172932330827,13.936368626867644,73
7151,7.317801672640383,-11.674327788214509,-26.58017908017908,17.95399648660518,68
7152,10.230880230880231,-26.09486716392988,14.764741447684715,2.478313672784316,78
7153,14.929186842165088,1.0474596342602083,13.182199894633152,-6.447467876039305,54
7154,20.02844537327296,-1.0604056437389766,5.316720727400259,0.0,43
7155,-58.141834001394116,-59.780034017798485,-40.220478510315786,13.584643848288621,120
7156,5.0,5.046705990175326,28.187250791301846,7.040229885057473,53
7157,-12.395833333333332,-5.775625511980738,24.498840554993993,7.727881628550037,53
7158,1.4009661835748797,5.0,17.591093117408906,7.604166666666667,33
7159,-2.4472058315889207,6.711685313578725,7.314814814814815,-45.11698455017774,65
7160,-34.97108791598394,-0.29959205904584074,-4.946917428176795,-55.25639416642119,94
7161,-23.99585921325052,13.961988304093566,1.063592918431629,7.449399103372759,57
7162,12.604166666666668,-36.99038157821733,17.19298245614035,-80.76426782026661,85
7163,17.57115220670208,3.344438665736096,10.53611893477515,-39.564873390985795,70
7164,-4.132593022379421,-12.566137566137566,-8.4702746580155,-12.145920281808783,69
7165,7.976190476190476,7.192982456140351,-1.5455840455840464,-14.459209722872295,55
7166,5.3220314524473,21.441679235796883,9.696175304160786,9.626156539134783,52
7167,-42.65604221486575,-4.3184912958184025,-25.225299369018696,0.7330820570780754,80
7168,10.740401573734907,-8.398406581222043,-12.711251167133518,-22.266561063553546,84
7169,11.937984496124031,-14.639028125870231,-3.981481481481481,-14.937920875420872,59
7170,-5.873590982286634,-4.443478517133633,-27.657176928010262,6.822612085769981,77
7171,13.377425044091712,14.166666666666668,10.0,-0.06734006734006748,37
7172,-5.671935930777005,-51.626819359462615,14.985119047619047,18.814611314611316,91
7173,18.341423387189977,12.99382716049383,-4.997013142174432,26.512438555121484,50
7174,-24.989684644857057,21.38888888888889,-18.1093673007053,-2.9453262786596115,60
7175,8.630952380952381,23.15755346973097,-5.614035087719298,3.9682539682539684,40
7176,-44.669873288050894,-8.286524476283514,-27.81454541274275,-16.684548860748407,102
7177,-64.61313793810207,10.694962662640842,-9.524959742351047,16.633986928104576,62
7178,11.73611111111111,4.153732446415374,0.37513376660663544,2.4858913444065256,55
7179,2.4313395391826784,-11.266839595012968,-6.96733819597534,-4.830393991951872,73
7180,-12.64143264143264,-8.328885558109416,-9.988214815801024,-8.45679012345679,74
7181,10.288461538461538,9.37273739905319,19.63345864661654,24.292016086263327,49
7182,13.751493428912784,6.599378881987578,-13.115074594708013,-5.8456459602261885,95
7183,23.680235535074246,-71.76359902786959,-58.68022556140627,-19.211449149129304,98
7184,-3.3435739887352787,4.005090942797565,-13.029562294706286,8.161967685624976,65
7185,7.507780890133832,11.690194292653308,0.9545805413217714,-3.069340276213591,70
7186,7.8125,-22.598146756444223,5.63973063973064,-5.588235294117647,57
7187,3.2365510306686778,11.401870720431434,-23.47894715761265,-49.849789873899056,78
7188,-20.685153818224123,-54.329096507476585,13.074220465524814,-8.233769282491034,101
7189,-12.306766076145326,5.090441137723506,10.0,-40.83546745616065,73
7190,-50.048005533486474,7.447991822991822,7.733686067019401,-42.103934077618284,78
7191,10.428743961352657,-30.71497340913259,15.512238319871454,12.14674758792406,59
7192,-1.2121212121212115,20.705128205128204,12.873563218390805,34.45600640933793,61
7193,-18.380707246405976,-6.570112893642305,14.413472706155634,8.246662673746007,65
7194,16.313131313131315,-7.2580775121449275,23.9545924042587,-1.1340625044943984,66
7195,7.688172043010753,5.531028998521261,2.9761904761904763,26.03167967298402,46
7196,-47.450624770833095,-107.15093834804877,-13.392918382643968,3.913478476097003,120
7197,12.500000000000002,12.136752136752136,9.633204633204635,16.35689567108398,42
7198,0.6171512709295204,-7.866633381007066,-14.899968982630273,24.205382401716907,68
7199,4.777504777504777,3.555518981786264,15.560565977232647,17.083333333333332,51
7200,-0.6196581196581195,5.632341514694456,21.56380908273856,6.666666666666667,58
7201,5.961260961260962,-9.71296776423818,-33.720565149136576,21.322751322751323,63
7202,-4.723340290200756,16.668342550695492,-2.1176046176046177,6.016206392222653,55
7203,-4.111719433277402,-3.5213032581453625,28.627531472359056,-20.49067310746312,75
7204,-0.5086580086580081,5.116080396178323,12.357806791794063,16.484124483160357,86
7205,-47.765800841041056,-2.1264367816091956,-10.691805132949732,6.614233961468787,80
7206,8.625222816399289,1.4803292434871378,-27.047556862621285,-0.5618212197159564,77
7207,-70.64080474265732,14.901960784313726,-20.001204544945,-1.1084021204057617,105
7208,0.247292183218061,-162.15390942221606,-1.6150315547905905,25.299512397606268,97
7209,-15.449200972936781,-15.174565957603715,25.092592592592595,10.105497909050403,75
7210,5.281072419717192,-21.207799211228288,-36.48576530822908,13.52792632204397,69
7211,10.297447797447795,7.259528130671507,-13.24711164493251,-7.731092436974791,53
7212,3.2528180354267313,16.877436159649044,-3.015873015873016,-45.22849462365591,56
7213,-0.37037037037037024,7.450980392156863,1.7754736303123408,10.816170861937453,41
7214,2.89767331433998,0.0,-8.576971540021294,-72.68075464134985,84
7215,-48.36261583204982,12.42829527019957,-0.6940493124703644,19.385964912280702,82
7216,19.385964912280702,0.7731729055258483,10.773963332102866,-26.794871794871796,48
7217,-11.10530007506491,2.5303643724696356,23.088159959118162,-16.82986795089167,79
7218,13.579374577388482,-19.71014492753623,6.736111111111111,9.686134409802214,60
7219,3.181216931216934,23.08641975308642,-1.3948702842269385,31.895916764411513,64
7220,10.64252007243756,8.058361391694726,5.05952380952381,0.1388888888888875,60
7221,10.01984126984127,-21.91358024691358,5.924630924630925,2.2522522522522523,44
7222,6.173708920187794,-0.9901233121709847,-6.638824832961607,-11.463134554147794,73
7223,-8.472733434923391,-4.095883596567589,13.672699849170437,14.63668699186992,55
7224,-7.576316117175118,6.944444444444446,4.189113355780025,11.178189591064175,55
7225,-16.715218037148983,2.7777777777777786,12.429970861960365,1.8386243386243386,74
7226,14.262574595055414,5.0,23.959907602900575,6.040131040131041,50
7227,-11.462931522354273,-6.576616662429019,-31.131394218584177,-1.9988107839223237,87
7228,2.336795060580227,-14.363783287931891,-26.224843160977038,6.572282534808814,105
7229,-26.957216092691773,8.352887083537237,8.01643889879184,-3.118856533500577,82
7230,-22.46641931254716,-6.831306904852404,11.185029567382507,10.271317829457365,73
7231,-1.979260257562144,7.083333333333334,-24.253942567098917,28.17384370015949,54
7232,-27.81298756416066,-72.89399357630845,-10.544910663756164,12.203548085901028,89
7233,-9.861111111111112,-8.993120700437773,-16.737108356047646,23.746973942547797,67
7234,2.472384665367122,4.402131260116741,-7.572786690433749,8.623188405797102,41
7235,1.9497149698595355,8.086419753086421,3.033083641069122,1.937984496124031,48
7236,-5.855515737174915,-0.45409480998290275,7.288961038961039,7.407407407407408,60
7237,5.0,5.553350970017638,5.741303613644039,11.984126984126984,47
7238,-27.020695354028685,8.731250151616614,6.0284789314460525,-24.310795711317972,90
7239,27.462093280862277,18.65996621810575,28.790486385595084,7.248230540913468,49
7240,-100.55863894552259,-22.70585317460317,-39.553996772583204,-13.18840579710145,85
7241,-1.3194444444444442,-44.005838444628054,3.713123296456633,-5.0,60
7242,4.534313725490197,7.192982456140351,4.243655114798491,-14.406565656565656,44
7243,-12.801862894018253,6.614419172558708,-9.536210655584416,-11.60057230088065,89
7244,-45.99269046490025,-2.1220610133029316,12.602260447088034,-61.93702589559253,96
7245,2.6388888888888893,17.688172043010752,18.41750841750842,10.22844272844273,38
7246,4.137299032809868,2.6388888888888893,6.997917370257797,3.3151779230210625,60
7247,-20.56908182020291,-15.337301587301587,-16.80324688293633,-64.38177610937439,82
7248,9.186153511811405,0.0,-21.297795771479983,-22.418529183235066,53
7249,3.4722222222222214,24.82253086419753,-3.470994408494408,9.761904761904763,48
7250,-7.310867985210089,3.1070889894419302,11.944444444444446,12.240853658536585,48
7251,15.562313503489975,19.284772577455502,-2.0238095238095237,-6.031746031746032,41
7252,8.087753619966508,11.089466089466091,4.755288514933687,9.858387799564271,52
7253,17.402795652198137,2.7395720111297397,-25.738474488474488,-4.369967163278567,78
7254,17.744116613979628,-6.904755839267866,-36.37324350355138,-1.4523281596452318,73
7255,19.646352037656385,13.999389703724075,19.242855934794346,-6.31412817518294,62
7256,-27.693426279844626,-15.279294931644783,-7.564213785126215,13.191604457427243,79
7257,-27.887437356428197,-0.009152112575448346,7.368611340460163,-3.671837421837422,62
7258,2.9761904761904763,-0.01262626262626343,-51.65148867014538,3.262697095776863,71
7259,-5.37037037037037,-13.653269530929105,-22.682449396445335,-32.759189660851376,73
7260,-2.5949824810783175,16.555702842996112,-4.826990995926625,-21.435035552682614,72
7261,19.22078508822884,12.854493148610795,-43.786716069907804,21.558696752473402,68
7262,-21.18164372069609,7.591610414657667,18.472668839010726,-64.62342811027021,73
7263,0.6818181818181828,-2.6282051282051277,-27.685185185185183,-2.3202614379084956,48
7264,-36.52678748266983,6.322751322751323,1.5723270440251573,-35.87272101337437,64
7265,-3.527696340763492,6.214605067064085,2.525252525252526,-20.80358488446724,61
7266,-24.009539842873174,-3.7746012331431587,-6.134184562887134,-27.90369386152866,77
7267,-32.078656897452696,7.936004582581246,-42.918133014542576,0.6073153899240857,78
7268,-43.38305839747062,11.436781609195402,-13.603691982252483,7.191337538220683,88
7269,-16.794871794871796,11.643526976007795,18.009153318077804,21.00696688931983,46
7270,24.33823724584594,6.934481109516977,6.114426446907266,21.514143220955617,50
7271,-6.399214592930012,5.0,5.0,-20.60027193350431,55
7272,-1.077697791693734,28.597883597883598,3.324068283417878,-19.603761948812828,52
7273,11.393698893698897,11.691919191919194,10.58719036706874,-26.716485038327694,81
7274,8.621482683982686,5.0,4.852713385322081,2.003975079310478,46
7275,-15.013366550633634,23.2284891357673,15.076200602516394,15.608974358974358,59
7276,7.3484848484848495,7.045292737911171,-6.795565746902811,-16.999453841807323,78
7277,5.616467248815688,-9.599207258105563,-51.074233319926506,-22.823725981620722,80
7278,-5.2842377260981905,0.9667141710485367,-18.72663520907866,17.557202251309654,80
7279,13.668309398055868,27.618010167029777,7.828108522672802,-10.45687043590671,63
7280,3.6231884057971016,-2.280701754385964,19.718234981392875,5.0,38
7281,8.333333333333334,1.0401310401310404,7.716049382716051,-8.308080808080808,41
7282,-56.07544168933572,-53.250776864688156,18.282828282828284,0.5979929419198342,96
7283,15.0,10.57120785381655,-1.2241965312140732,7.526269831749794,50
7284,23.688797156289414,6.173414258963548,3.4018528405330155,-25.381421656278835,84
7285,1.9841269841269842,4.767909356725148,-4.532627865961199,-4.128787878787877,44
7286,-23.015873015873016,-3.525712171661117,16.78071498504935,-26.29313973063973,55
7287,3.4722222222222214,-1.4423740510697023,6.359014986465969,-3.462442206959749,55
7288,11.111580647584704,-35.81401055085266,7.688172043010753,2.99697656840514,54
7289,2.976856103454569,10.0,9.13641054507928,19.812520897111494,61
7290,6.494718084163774,-68.66858913998743,4.803591470258139,12.302940143391393,73
7291,-9.224882652551683,18.7110341415141,8.013381569222393,2.314814814814815,47
7292,-12.85790233158654,9.906083543594058,1.3779695823039475,8.341677096370463,53
7293,-0.055789383371294576,-5.95905172413793,-1.1104465709728866,14.741075917546505,72
7294,-14.514668307904852,-27.43242689352226,2.9463756301522963,6.081882492481045,83
7295,-21.810901343225375,-38.84254951839239,-64.55108359133126,21.055848338457036,86
7296,-28.90952440942345,-41.77747940857148,22.496460242939115,-6.641865079365079,71
7297,-2.408906882591093,-17.95964762716681,20.728633139299113,-9.280997371119282,61
7298,-0.5311129719398955,6.448412698412698,9.166666666666668,1.937984496124031,43
7299,3.9682539682539684,-17.883795497561856,11.60698463330042,-28.321070367268266,88
7300,0.875271823547686,-76.82082934575733,-21.844075161958173,-60.54993994600148,122
7301,26.313131313131315,9.385964912280702,7.775524002704531,5.0,33
7302,-29.003427878492918,16.047008547008545,6.843596382603476,-4.815105244823355,75
7303,9.365079365079366,9.444444444444445,15.414480678125452,-10.690650795139959,52
7304,-40.31749972143886,4.497642469340582,9.335687796432062,0.08597883597883538,93
7305,13.299155694666531,14.605980439313774,1.4416792357968824,6.811735261401559,54
7306,1.3896641277593662,-46.28250591016548,15.883289415898112,-5.098039215686274,53
7307,-4.982789837152005,30.589612601106854,-4.823232323232322,-12.118793309068494,68
7308,13.298629334873793,-5.540908749487092,17.907196969696972,15.818515480643196,68
7309,-3.794692239409604,0.8191446149112056,1.3304093567251472,-0.014394944546504362,75
7310,-11.215986394557822,-43.41748808598252,8.281169112965937,-65.12452301925987,77
7311,-16.792332391620988,-27.225030885436997,6.2681878306878325,13.55225880380091,102
7312,-0.08014005490713494,6.839945280437757,10.820399113082042,13.791368399211542,53
7313,3.3955872797462074,-0.5002337540906963,-0.6895757123951842,10.83485550397315,52
7314,26.605821411662234,-13.223899911412843,17.525252525252526,-10.720770648763928,72
7315,8.658840729274164,4.827247361222183,1.0669581270690234,5.6689342403628125,80
7316,-1.5814472266085176,-5.0,2.9761904761904763,10.655708731000354,43
7317,11.048410924870943,10.3921568627451,-29.177786826329502,-2.5660897212621347,85
7318,-0.76238576238576,9.925342401233216,-5.509745564892623,-2.244048616597636,58
7319,-1.6124760439153332,-8.895191332871487,-40.46517199622707,15.432966087348492,92
7320,-26.952554329199067,-31.67211611436856,-28.564633712660026,5.169753086419755,91
7321,-5.880522028063011,-2.7876439425591535,4.601571268237937,-0.11534839924670415,62
7322,-2.5379067191377214,-8.741521183381648,16.412429378531073,-24.318181818181817,59
7323,-1.8656544743501264,-29.634146341463413,-16.485236248044597,11.959822168771094,64
7324,-3.3274468644935595,-4.635873673140754,5.0,12.26010101010101,68
7325,9.404924357216522,3.8121979315353225,-8.344404186795492,0.40547415547415544,65
7326,-1.2901038406599579,11.427744708994709,9.59420437817575,2.561853351327036,83
7327,5.635587344256701,-47.94762058740699,9.901960784313726,9.627697022832113,75
7328,-22.898668377156014,-32.28979302801767,10.258224479922593,-28.544280605991684,87
7329,7.549439604483164,17.92795078977241,5.213376710394004,4.749240121580547,70
7330,-21.73431827536476,-32.675967823026646,14.885412039325535,-25.411269691128567,102
7331,12.809157754010698,-1.0963305700147803,22.62764507708896,-6.3768115942028984,46
7332,-29.88035372318037,20.113636363636367,-68.56250042274706,-17.43170827883116,88
7333,21.700680272108844,13.000292782901479,0.0,-9.309795143128476,49
7334,20.659795537317056,4.922122303276803,8.787878787878789,-0.5357142857142856,58
7335,7.259528130671507,-14.309413580246913,18.47222222222222,8.787878787878789,39
7336,8.685037603618142,-107.8058053431353,6.268081002892961,-36.31541274958663,102
7337,-28.716873249160464,12.014277047622548,-5.739871326725785,-34.22556944296075,89
7338,8.107890499194847,-16.912332427476418,9.340277777777779,19.36165845648604,56
7339,3.0701534868201543,-2.9674796747967473,4.385964912280702,-19.754298557962763,57
7340,13.268529185867898,2.450980392156863,-33.299220272904485,5.143112701252235,46
7341,8.745791245791246,-30.250789779091665,-12.466329966329965,5.30711095828091,64
7342,-25.448891686486235,0.3988157436433295,-16.029776674937963,-6.691445809092867,72
7343,6.418493301900554,-20.702614379084963,26.017561752417762,8.205128205128204,53
7344,-6.908182813355227,4.115853658536586,5.0,-17.845117845117844,44
7345,-14.626007781951937,-62.36629859613157,-22.873933178747336,-17.529803763980976,94
7346,-8.87973137973138,-23.226582980439606,6.34613222848517,-6.59090909090909,57
7347,-4.699461166852473,6.676483173500467,16.638071895424837,0.8621933621933628,48
7348,-35.85988562091503,12.386419033139228,2.5512142178808865,13.841347463290374,57
7349,-12.129605031890657,9.336846728151077,28.227920777323767,-4.456129053161931,63
7350,-30.49606241538865,-38.07345787254422,5.627893288542003,30.57321277836153,86
7351,9.397447547692346,-6.9367655755219335,-29.250780084113416,0.7389937106918243,62
7352,13.787878787878789,0.4880413703943116,4.385964912280702,1.25,39
7353,5.279402209226772,9.529851016475517,7.314814814814815,-6.3301222614460375,57
7354,-13.32704131617175,-19.527988909169608,2.259528130671507,-9.649702480927981,76
7355,-41.18626905499902,12.314814814814815,-32.90324686848702,-14.91929389600958,89
7356,-2.9802552315448407,9.16453537936914,4.047315582403303,15.28571846574991,62
7357,-4.7101449275362315,15.039401478591852,5.648148148148149,-22.895698932870985,74
7358,-8.21172225277165,4.984195678563999,-16.171481163660147,-16.572228785806075,91
7359,14.040404040404042,-43.93738977072311,-4.62262682850918,13.988603988603987,55
7360,-12.023809523809524,21.191520467836256,23.596804160359543,-3.253968253968253,49
7361,-0.8685064935064939,5.615468409586056,-2.807017543859649,22.249844382197328,55
7362,4.46573598757703,-14.023242181681056,-10.336680554071858,-49.41109948796596,105
7363,-46.183740024715206,4.267498189030105,21.802870661385846,-1.9359337028008912,94
7364,5.759940542549238,-5.951959874085102,-32.7480585730227,-8.87057255825271,80
7365,13.159722222222223,14.502954766112664,10.0,13.205128205128204,42
7366,18.813610728572364,15.341345840661846,10.092592592592593,6.237816764132554,46
7367,-11.769473693000318,6.049310382432061,-58.30573995047679,6.681985604058389,101
7368,22.63170002300437,13.623188405797102,6.268899561582488,-3.559757236227823,46
7369,0.6410950417003423,5.611672278338946,5.426042248185709,19.24797626249532,58
7370,-15.023211542011719,23.488177230270843,-3.4323008048645214,-6.766139940389124,68
7371,13.508535830395736,9.65266003392551,-19.177233750522824,9.20875420875421,83
7372,15.593302781532335,5.960133660144175,-2.953316654297046,-2.584033613445378,72
7373,-9.682560724846494,8.75868783235963,-89.95862271209532,-1.210277214334009,106
7374,11.523569023569024,-10.663153271848923,1.4619883040935673,-59.837084061821194,65
7375,-26.510158374660055,-20.08480276337419,-2.6378446115288217,-27.900996381471764,78
7376,-1.3352525805592128,5.9831364492381445,12.633925149628553,-20.400564614560555,81
7377,9.570896084053981,-4.172748945263269,-0.36491740150171204,-14.953622840294258,82
7378,3.870214752567694,16.074168797953966,11.206896551724139,22.534012855310287,45
7379,16.862581862581862,-93.37319934447311,-18.884726563345062,2.560086682427107,110
7380,3.199219081572025,11.547619047619047,20.04454926624738,1.54055225772027,53
7381,14.166666666666668,-4.3347953216374275,13.494609265704133,5.26663695781343,52
7382,12.622152485559095,-2.8650731452455602,-3.397435897435898,1.0825037747179165,64
7383,-4.578134284016636,1.8939393939393943,-0.24693909568927763,-29.59160143080997,81
7384,-24.340750623645363,1.49607941274608,-21.51912139168511,-36.86095391020907,86
7385,1.995952984399711,-38.337039751770654,26.39531254962082,5.159680229819191,89
7386,1.7129629629629637,30.283816425120772,3.2051282051282044,7.010999651842418,46
7387,-15.829170452928128,-8.370667335158304,-47.61535231348384,-52.20631707473812,119
7388,16.841640692124457,7.83509177042934,-13.78215552664841,9.821243212716082,73
7389,-35.8764367816092,-0.8285555849940547,4.015495086923659,12.79320987654321,55
7390,15.03137997623292,21.349206349206348,5.849753694581281,8.205128205128204,35
7391,25.3936061571136,-7.066240273094022,9.646612863780875,-18.618809266130697,66
7392,1.874298540965209,-17.33730040416087,-26.26283846872082,3.9902553763440842,64
7393,4.755271610110324,3.5268081591611002,-8.26388888888889,6.865489891805682,58
7394,8.26901687237347,1.3661202185792352,-45.01951699356748,-0.767195767195767,71
7395,7.136752136752136,8.601366256315377,-18.60969675226412,-5.895895895895896,51
7396,-23.725713304571308,-16.074613650726064,11.888694554462546,21.700779727095515,62
7397,2.216513992829783,12.427213309566252,12.688172043010752,21.913844632511896,58
7398,2.0383704557091664,-15.63327630578616,2.9152812741980565,-2.022703818369452,101
7399,-15.155656159177287,7.059240103006971,-16.535250463821892,-3.015873015873016,88
7400,-6.836091639844753,-39.65083326131421,-29.416975633711292,-31.215130576067473,111
7401,-28.226444756216466,22.218450072630258,5.0,5.208333333333332,67
7402,-12.023809523809524,-1.0317460317460316,2.3529411764705888,3.4722222222222223,41
7403,6.793076968515567,-11.45496699766927,-23.299467397364268,-0.9738639348568423,65
7404,-39.51410627864949,7.665336505565378,-5.0,0.3646302228363669,71
7405,-4.2934782608695645,2.9761904761904763,0.5832977117926372,11.945729708887605,52
7406,-9.134570184621785,-3.516106769963713,-14.432834537323702,7.801318267419963,61
7407,-78.13283292600583,11.30952380952381,-31.044530518214728,-1.306033282878369,97
7408,-1.333774250440917,16.359887932819046,11.851851851851851,-61.711642021149544,67
7409,21.15740740740741,-7.554364846140448,-20.671970488835726,13.334311251931389,72
7410,11.796411796411796,7.380952380952381,7.7898550724637685,36.300258759608354,41
7411,23.463255745864444,-1.7948717948717952,10.0,-0.37037037037037024,36
7412,-18.45810016541724,29.763793041958667,-23.397435897435898,11.448412698412698,72
7413,1.7006802721088436,-18.849263497664346,-6.898148148148146,7.008386204256041,63
7414,22.314814814814817,12.854883783003315,-12.105736429113092,4.191919191919192,55
7415,3.987820680672212,2.8732598763295645,10.682590001150713,14.701714525084093,69
7416,2.717575838139777,2.6959575917909255,-13.12780497756018,19.453314199774134,71
7417,-17.73031016468714,-29.357724944226444,5.0,-3.4272647976966906,79
7418,17.756997553012734,5.576737757639442,0.44580049156708235,-26.049906727345434,73
7419,6.481745351892792,1.2273550724637685,6.8939393939393945,3.333333333333334,55
7420,-2.858421092346318,-13.618669161371432,-16.26063591580833,-1.2484683257454572,72
7421,32.280087062695756,3.972320474229006,19.43992773261066,5.580357142857142,52
7422,-9.648010472974605,-19.15706484687713,1.7168534080298787,4.0982872137022905,67
7423,15.37212551643791,7.7636312929598335,3.709189156061017,12.032520325203253,75
7424,13.902464494569758,14.41919191919192,9.146051892031961,-57.67362316222731,71
7425,3.0821937821411893,-5.535714285714285,2.9761904761904763,21.81159420289855,46
7426,-16.715717829160383,12.136752136752136,5.938003220611916,17.52088554720134,69
7427,14.978570192012313,1.0239227774190947,8.826969384244926,-13.718581160441623,59
7428,-38.03845894457608,13.969447878116611,8.46947821681864,-11.91467622958801,82
7429,3.3288166214995485,13.65316969371527,0.98086124401914,-17.764550264550262,62
7430,-11.666666666666666,9.451566951566951,-22.83625730994152,-1.1680761099365748,46
7431,4.302832244008716,-2.1041153530377663,-64.34523809523809,-4.363046448087431,65
7432,8.01132686378588,11.305175817096867,24.85374428858471,9.675498195626362,68
7433,9.914529914529915,5.0,9.514652014652015,10.394021739130437,40
7434,7.688172043010753,-31.980883302944317,-20.990279184579542,-3.668684289942117,103
7435,1.6071428571428559,-34.7135032910895,30.44457699780128,12.173382173382173,67
7436,0.882716536468608,10.0,5.0,10.0,33
7437,6.949817322157749,10.324074074074073,-16.96430840042174,-15.732150196887702,63
7438,6.312256924563914,9.124953652206154,9.927828465130528,6.373091872407878,59
7439,8.189673305219523,-30.254487228171435,26.239159125188536,13.02304964539007,65
7440,2.320784845294651,-2.541043186204475,4.3852166697884085,15.549007086537355,65
7441,12.314814814814817,12.71604938271605,8.787878787878789,21.85483870967742,36
7442,6.851851851851851,4.225932797361368,-26.970899470899468,2.385762385762387,52
7443,-10.241620296767355,-21.666666666666668,4.759160756501183,19.102571730008012,50
7444,-4.871239959870675,-44.67896135995226,-7.747747747747748,13.711882577428797,71
7445,12.688172043010752,26.58198684514474,4.773222582147069,12.525252525252526,39
7446,14.207726513338415,9.377104377104377,7.083333333333334,6.0902310805681115,51
7447,-5.434472934472934,-7.057874717126486,3.243556848739778,-5.276866812421124,59
7448,7.506127450980393,13.787878787878789,5.05952380952381,0.6268688312031969,41
7449,3.9682539682539684,31.57894736842105,-3.2903918411164783,2.688172043010753,38
7450,-9.72059779077323,-24.857218664011413,14.604880490935837,-9.404987373737372,68
7451,21.366120218579233,-8.831168831168831,12.590132827324478,-33.19809236985517,61
7452,9.802369573874953,7.425154746583317,18.78787878787879,13.090958706860663,55
7453,11.074676247310517,-24.297125569945045,-68.84524593763724,7.400027805932009,76
7454,24.097673160173162,19.301352125595553,-7.566780335322534,0.5295234103387685,73
7455,7.570346320346319,-28.080085317654138,14.691870481019428,5.982905982905983,85
7456,9.196696696696698,17.25308641975309,19.115853658536583,-6.052267983655231,41
7457,5.0,14.385964912280702,10.381944444444446,14.695977419762585,45
7458,21.602372992981866,7.9283849320614035,-19.17960088691796,11.81159420289855,54
7459,-12.737432392604806,-50.75167086301482,-0.6363633472015464,-31.21212121212121,73
7460,15.0,26.918694692350908,-23.829178484350898,8.086419753086421,50
7461,-25.10711784931202,-9.015813359427268,-3.0186170212765973,8.626543209876544,75
7462,-4.308257719364444,-52.25383970845301,-1.7948717948717952,-1.206895368311232,73
7463,-6.794871794871796,20.355922672099144,9.335839598997495,4.584084896584898,50
7464,0.14944705677464376,-2.831966031140436,-4.7734365633632185,-1.5277777777777777,57
7465,-63.30342902711324,-35.578115717093354,18.066005323417723,-32.68861589841231,100
7466,23.057805119594946,-9.227994227994227,-9.49858476961803,-9.112228224623182,74
7467,-16.95901087405114,-36.936663443793805,26.94715152183472,-24.118483252230845,92
7468,12.588339427037536,10.740740740740742,8.623188405797102,18.95880582371682,54
7469,8.968253968253968,14.081632653061224,-18.32198503251135,9.002879075168298,51
7470,0.3030303030303032,5.0,-10.511803011803012,15.61497342389791,43
7471,-3.7017454090624815,24.152747423842293,1.8226120857699808,7.805287171229201,60
7472,-13.629907524724594,-7.619047619047619,9.787784679089027,-6.666666666666666,54
7473,13.23529411764706,1.6614420062695938,-8.988550591595265,5.279402209226771,46
7474,-15.858532258726058,-14.902523765864014,23.920275289633057,0.5350549240001579,58
7475,7.032520325203253,-29.641246531520558,10.99285375601165,17.89876991328897,58
7476,-4.583333333333333,7.407407407407408,14.831932773109244,24.329734592892486,39
7477,2.0304827377804644,0.862791682342186,-34.706907675657675,-21.824406079064463,77
7478,5.035617784328175,7.72988375955177,-33.098872027443456,0.8740601503759402,61
7479,-30.156032597893063,6.7082707707707705,26.785525309624607,-1.3768115942028984,55
7480,-6.116293714608322,-111.70791916833329,26.858436016678205,-1.8186388774624076,98
7481,-42.91666666666667,5.032480249921534,6.773049645390071,4.464549260564442,64
7482,-13.422035480859009,-1.6258169934640518,-1.312149696039146,11.978309950008061,54
7483,-26.364868045858948,-14.587518373199682,-50.1437361836343,12.445286195286197,91
7484,8.689839572192515,6.691192941192941,-9.601184256356671,17.887656957019402,57
7485,5.0,-16.088153970157368,-2.744763931083289,0.7738095238095237,51
7486,16.515151515151516,12.193187887752165,-82.0475600133619,-1.7471819645732687,66
7487,7.688172043010753,1.4814814814814818,-2.757173382173382,-20.650717651401646,50
7488,9.391534391534393,9.777504777504777,14.22008547008547,-9.027777777777777,43
7489,8.623188405797102,-1.7948717948717956,-8.75,9.20875420875421,44
7490,23.455608718766612,4.325278933122073,-46.03024925766452,17.038644187300402,66
7491,7.8639245305911984,0.33351920158304327,-0.1452341713808849,4.62962962962963,83
7492,9.166666666666668,-34.434937305628296,6.141552511415526,-14.544928673051848,75
7493,13.333333333333332,16.577649077649077,-25.054748686768725,14.32066567312469,61
7494,17.604166666666668,0.24535809018567623,5.0,10.0,32
7495,-3.232129726382599,-18.733581321140974,10.724474474474473,4.385964912280702,62
7496,-11.334223049776117,19.852551666417792,0.12165341433634147,-14.160158411310483,80
7497,-5.351001398969014,-11.894007137231576,-6.3102659196717426,12.015847096607377,111
7498,2.1367521367521363,15.663418290854574,14.819180785539103,10.0,41
7499,11.61764705882353,12.873563218390805,4.451566951566951,7.590132827324478,41
7500,8.012213894566836,4.387554030002542,-12.974349276792342,-79.47347916957503,86
7501,-11.474850809889173,-5.508789722785664,17.083333333333332,13.086419753086421,40
7502,-9.583333333333332,8.779447212360477,-12.14782537150958,-35.67565734134091,87
7503,22.314814814814817,-9.146445295870583,-26.815672960814226,19.35947553481851,74
7504,-29.38777692632057,8.005198180636778,6.3332348305752575,-10.892226201318305,67
7505,6.051587301587302,13.41193723866358,-30.469107551487415,-32.8160006776359,57
7506,-10.61865531164787,23.10758812402875,19.017857142857142,-67.55127208034698,97
7507,-29.88095238095238,11.472931264597934,21.19193608324043,15.784313725490197,52
7508,-12.74394586894587,16.0515873015873,0.47504025764895363,14.385205360683607,49
7509,1.9118475689676773,20.33459595959596,9.50937950937951,-47.52247191448643,55
7510,-1.1044770153783676,-62.31215196896209,-34.02809944097283,9.820747520976354,123
7511,2.683438155136269,-26.456747306221242,15.0,-3.246187363834423,58
7512,15.0311253898751,11.554081824950256,3.817100610736098,-7.238246711444043,64
7513,16.387153839824563,15.122354743819184,-27.647704448974864,6.021505376344086,70
7514,12.976190476190476,8.733733733733734,-1.212121212121211,17.21002921370569,42
7515,17.65899180693789,12.688172043010752,6.127628122969739,-4.60118425635667,57
7516,11.638217164532954,-16.8022402197594,-6.622023809523809,16.73611111111111,48
7517,-41.76331083033982,10.707070707070708,-6.558441558441556,32.620342537739425,57
7518,-47.63313713093053,20.0,8.540548598688133,11.000774293457221,55
7519,-12.59484636766584,12.380365035314156,22.374753170123952,8.314043209876544,60
7520,-9.040404040404042,-5.961178236103474,-18.959749971338187,-4.087995337995339,100
7521,6.014306833857336,-16.760758734442945,-20.259081196581196,11.544681882414803,62
7522,5.659366513403784,-4.699223472042944,4.876543209876544,-18.713670783190825,56
7523,-48.522963547060854,-8.55877616747182,9.081632653061225,-5.0,60
7524,12.799549924885946,7.029061624649861,15.784646220217908,3.6113990830971963,68
7525,-42.57474579843,21.727659917363265,15.81605087419041,-8.18840579710145,61
7526,12.36215538847118,5.772005772005773,-27.898250175648936,-10.07937085791735,107
7527,6.811594202898551,-14.873603168144665,-6.474850809889173,-8.762240501370936,76
7528,16.766381766381766,-3.4916274201988493,-9.807528824185749,15.20774935962596,64
7529,15.0,-4.972223745043217,25.586080586080584,-41.122678341232096,70
7530,14.385964912280702,7.352941176470589,37.176590505824905,-12.092039016747394,49
7531,-35.74047062417655,-14.909313900797075,0.9454513269500451,-11.866725917289756,92
7532,15.517127799736496,15.79444105759895,-2.493872549019607,9.054881899709486,44
7533,-7.409845323266291,16.461988304093566,-10.142309797482211,3.8210554877221554,57
7534,14.62962962962963,4.166666666666668,25.419960722431483,3.333333333333334,47
7535,17.493260806777702,6.5656565656565675,-14.583333333333332,0.07655133203378917,52
7536,-17.18686933401672,-44.46727223080708,11.594304388422035,-22.38325628475197,104
7537,-9.012997236681446,7.67579173376275,10.761562739021755,-16.631679186826243,63
7538,23.108866442199776,3.333333333333334,7.976190476190476,-36.82423415655123,54
7539,16.268899561582487,2.5654960981047936,7.478347067162858,9.117063492063492,53
7540,5.173113564586435,-27.279367414571258,-19.538040788040785,23.62282171528797,90
7541,8.968253968253968,34.730483584145574,7.132349162298283,11.851851851851851,50
7542,8.273166048554671,-4.609557109557109,12.26868744073114,-14.647898538022243,70
7543,-5.221661054994387,2.380952380952381,10.0,10.066545674531156,39
7544,-3.4804299606322324,22.38289760348584,-12.635034370623343,-18.52735414185582,72
7545,-2.807017543859649,5.576402890206269,3.08641975308642,-35.89740307113831,58
7546,7.472384665367122,-8.654214559386974,19.840067340067343,16.00696688931983,41
7547,16.05263157894737,18.333333333333332,21.19457503866106,-48.99718919715333,62
7548,7.252252252252252,13.968253968253968,-20.536394818670473,-29.90299823633157,67
7549,-10.59544670852566,23.52061556329849,-8.75,0.9679517574254421,56
7550,17.975298237599898,11.493899190110827,-22.032163742690056,-29.09187193561876,79
7551,31.09998064266357,1.3793211619298589,9.85641891891892,12.259528130671505,42
7552,-0.151321398124467,1.8115942028985508,-36.97121850847371,-1.608669544823488,71
7553,10.694030833067657,15.34188034188034,13.797068115628825,-47.441644915552374,61
7554,13.334269808054975,19.400426389193672,-1.6475130916722684,-14.199346405228757,58
7555,14.456022014161551,14.883318451815194,18.667482006297796,-19.57282913165266,57
7556,15.317460317460318,5.306182210040529,1.313131313131315,-2.7477477477477477,43
7557,12.750176971875085,-6.493101844445629,-46.18571151135964,-4.640775362619752,77
7558,-3.8521241830065356,18.825507054673725,-9.831502382058499,17.385317296486853,60
7559,-31.071881120146767,-12.025894622023028,-2.8632478632478633,-4.970068139854844,84
7560,3.047631115404977,-8.831018518518517,8.870214752567694,10.008710801393729,56
7561,12.010582010582011,-21.52777777777778,12.252252252252251,-10.812547241118668,50
7562,-2.7477477477477477,-19.688552188552187,2.3570639357509204,10.0,46
7563,12.154882154882156,7.38095238095238,24.53252032520325,6.7640692640692635,41
7564,-3.5810410022594885,-19.552161586059892,3.6416445420573402,11.226531831370542,72
7565,19.636632313666745,-10.328177894351857,-20.158650606896128,2.5077338783883487,81
7566,15.522581877989008,-11.907157599882058,1.5976145637162595,-17.248918012527803,65
7567,12.163383956416578,4.752411650384947,21.40096618357488,10.732821637426902,70
7568,5.938003220611916,2.192982456140351,-1.7647058823529407,-3.055555555555557,41
7569,-3.015873015873016,-3.835869080833913,-49.28281544930594,3.399378399378399,67
7570,-47.45185971963751,10.008710801393729,-10.180754917597021,-3.4323858742463393,78
7571,-33.461399711399714,-7.280701754385964,12.610799908766449,-20.03922868918211,76
7572,4.901960784313726,-1.5847556999047603,9.102564102564104,6.043117897956609,52
7573,-17.37467251298901,2.050653594771242,17.993808923091834,-4.338984548990121,77
7574,-2.2476671262094015,35.08965293330111,-50.75875418632302,-8.997740299823631,78
7575,5.079426746093414,6.199186991869919,-23.80170289442473,7.234727809171692,68
7576,11.246046805819102,16.38888888888889,-24.029806998556996,-33.17314255705383,68
7577,4.6466128637808755,-3.148148148148148,-18.02001187063788,-34.79575768401348,76
7578,-71.41399540441545,-42.51495358313522,-11.04656822451227,-60.983036400391775,134
7579,-8.235930735930735,-18.19976472875061,14.67825718295055,11.993018981786264,56
7580,16.836945304437563,3.6231884057971016,-25.44840203106332,22.95190804839757,56
7581,-3.2993197278911564,6.000774293457221,1.8295023779268336,-4.902416221919617,59
7582,6.984126984126984,10.8641975308642,1.6389166389166405,-22.395833333333332,45
7583,-1.5380184331797233,13.314949479972835,4.725415070242656,32.8762643158928,51
7584,17.903212136621747,9.662004662004662,14.90100812179439,-8.686832753334066,62
7585,-34.57915555339735,-66.3597962838205,-3.8444105052251114,23.30513850830795,107
7586,4.765795206971678,10.726248832866482,-17.447928247975515,17.69980988373437,58
7587,-2.4597746075174265,4.190207156308851,10.667326201031388,3.537069647109922,79
7588,15.0,-13.097360276062847,-4.26961926961927,8.472222222222221,51
7589,2.450980392156863,18.235992402659072,17.314814814814817,31.749530544906953,49
7590,0.07942674609341438,-5.098039215686274,4.608585858585858,-22.685185185185183,44
7591,2.083333333333334,10.119335591033703,-20.460932652961638,0.8823027573027566,55
7592,28.319469201822145,16.85185185185185,-22.335595039579857,15.126649638143894,45
7593,-8.542439529281634,30.590783635537854,19.385964912280702,5.835472954126351,58
7594,8.968253968253968,8.525149190110827,12.252252252252251,-32.023809523809526,39
7595,15.821411293109406,-86.82372923576156,-50.035266188131125,-27.13605953838876,134
7596,7.525252525252525,-21.52898613075806,-15.711606915840328,-2.1066617396111225,69
7597,2.154650684529058,-45.39673297933609,2.4000442733613827,13.10708898944193,80
7598,-1.1253487144543595,-27.77168980558811,-14.408759233487087,-60.544534549948786,128
7599,2.534488712649633,5.10446721231035,7.604166666666667,-5.2055092650167865,55
7600,18.58303553298294,-4.629227196951655,0.0,-11.547735498081968,65
7601,2.671840155699554,18.54710787873511,19.176493710691826,15.428743961352657,53
7602,-8.038059426669218,8.633482352765522,-35.377276787189636,4.166666666666668,89
7603,1.9480194480194482,-24.269274682406227,9.302054598110256,-75.81907118266875,103
7604,-24.87478956228956,-3.7994014080970597,4.343497466887932,6.755181654923041,79
7605,-4.2636587425256005,-16.478154209712557,8.588917121525817,-10.31717535357889,73
7606,3.663446054750402,-7.594791504043272,10.0,0.0,50
7607,10.95767084518136,-9.106699751861042,2.2522522522522523,11.766917293233083,44
7608,-0.43998700584818806,-1.0140489713660426,-4.844043433444882,10.931712962962965,74
7609,1.8931308155446087,-43.31337271248189,-10.9649417562724,12.134067409687091,70
7610,-40.192230738449226,14.234872214775796,7.593822174831956,-16.1477693880536,87
7611,8.333333333333334,4.62962962962963,26.419234360410833,13.623188405797102,34
7612,3.101851851851852,1.461988304093568,-22.006772288931117,7.173382173382173,60
7613,-13.289976590015495,3.101851851851851,2.192982456140351,-7.386614157447489,60
7614,2.314814814814815,-14.22015182884748,22.64873282009723,4.2552512979342225,63
7615,18.845009446681154,-25.3928770222865,-0.5694942254082034,13.407036573494645,72
7616,12.074136955291454,-2.474747474747475,4.901960784313726,22.72405223554649,37
7617,0.39914139478093036,2.450980392156863,2.665004748338081,-5.833333333333333,56
7618,-15.663153271848923,7.976190476190476,-8.482905982905983,-3.2240798417269,55
7619,4.397884301474727,-51.582383665716996,-1.5417080436941402,-37.447021346843954,79
7620,-7.182408765070055,26.16883116883117,12.63888888888889,9.901960784313726,35
7621,19.288393084159672,2.739705476897129,6.23692629506583,-0.39141414141414144,44
7622,18.75018110215479,12.312091503267975,-6.183099308099307,12.019416147078221,66
7623,6.764069264069265,-39.338636574991796,23.08881242605676,18.205128205128204,55
7624,2.6388888888888893,9.759048821548822,30.856878620036518,6.661442006269594,44
7625,-2.552063584620875,21.462703962703966,-21.15705931495405,-8.397435897435898,66
7626,20.25724429822911,5.777626304428972,-14.388327721661053,-6.855324942346698,57
7627,-0.6848430298939079,-25.99327390445811,-12.523099493261846,6.76957223567393,63
7628,6.011351356178943,7.060185185185183,21.666666666666668,7.734087276770206,50
7629,-19.84638047138047,1.851851851851852,0.22650439486139318,1.718867352664784,58
7630,-30.171755553758953,10.706521739130435,16.619354464182052,-5.0,49
7631,-110.96174660576058,-3.1660830684004084,-0.2056823170540838,-0.2817650186071239,108
7632,25.800653594771244,8.333333333333334,-41.09814712849049,-12.394179894179894,66
7633,18.04673721340388,-27.126436781609193,-1.0901982178577927,6.41891891891892,57
7634,20.296448966792106,21.173708920187792,-61.59614667650806,-10.33128908128908,71
7635,8.959342547360455,-2.3475355054302423,-6.816184807256235,1.9941807132209624,71
7636,4.004576659038902,9.210841210436934,-5.40417211816806,10.168512043512044,66
7637,-13.397435897435898,-17.141812865497077,13.771354623939128,-18.691711034765163,68
7638,21.163651376166285,26.839087674111337,-16.080138996805662,0.5649841723005646,75
7639,-15.181000955241283,4.024735423855096,7.389601139601139,10.0,66
7640,3.162768031189084,6.524269942396629,-15.955165692007796,-9.268294686678333,58
7641,15.871397733062338,16.323949408404733,9.827232523444161,-23.694838807328296,72
7642,5.0,7.503192848020435,8.472222222222221,26.16883116883117,35
7643,7.688172043010752,7.961107766395736,-4.541785375118708,6.381345391854981,72
7644,-2.011619462599854,22.14209766841346,-40.35163968688251,8.31625952193328,54
7645,5.126669934876893,2.563682286006296,-38.585199522699526,-1.8654404955774817,79
7646,-17.549962197705014,10.774591796097173,-21.168144825303337,-6.876535626535626,53
7647,9.640696704213601,-54.553429027113246,17.182661747045575,8.961860411135774,57
7648,-37.66039233860802,12.032520325203253,8.334667200213419,-1.962131435815646,58
7649,-30.15632012313465,3.7377607492550027,-23.457825553079655,5.434782608695652,83
7650,2.1570294784580497,-5.203631081290656,-3.148148148148148,-33.57743290725551,77
7651,27.122683531352262,-6.795307597719596,19.611281788701145,-5.252946553502671,63
7652,-20.59050885286805,-10.185954173146165,-21.682746518368965,0.03512807438780996,107
7653,-16.731470814132102,25.059970014992505,11.82261208576998,-1.5834089097231532,58
7654,-1.666666666666666,9.901960784313726,8.968253968253968,7.259528130671507,38
7655,-3.434343434343433,6.309266130694702,-13.239092298184403,-12.619047619047619,60
7656,0.0,-1.0217856188184968,5.526315789473685,4.464549260564441,45
7657,1.2477462249267521,12.934385875562347,18.897558088540443,-23.179481431559438,63
7658,-11.320037986704653,-27.93992884510126,9.89899709334766,12.322798989465657,63
7659,3.6231884057971016,12.003975079310479,11.419234360410831,10.0,37
7660,10.0,-23.534578693830465,-17.373862696443343,-3.0803924133756055,68
7661,10.330704745666383,9.947209849219405,10.204097851619489,20.324543610547664,55
7662,8.193273573770014,3.9175553262240577,-52.923801120012165,7.718832891246684,80
7663,10.714285714285712,-6.160366523460575,21.691919191919194,2.056550972073479,75
7664,16.031807425101285,18.102377517339153,-4.660802324992712,-4.076669721831013,61
7665,10.723824295222684,9.108691553544496,40.18684037640478,4.05137254271443,76
7666,5.303030303030304,-9.372895622895623,7.976190476190476,-32.01930073047475,57
7667,24.34725782777666,-7.569370321356419,16.46993559799342,-15.75023799555342,76
7668,1.007488679902473,8.155680224403927,12.246719347541811,-41.38605039372584,64
7669,6.984126984126984,0.6219876334818877,-18.109842925411893,7.314814814814815,55
7670,0.9869314761932337,11.051587301587302,4.891035199959686,-58.50553034006323,68
7671,14.166666666666668,7.503192848020433,-16.335489737538488,-6.884122100340743,82
7672,1.273540489642185,0.6927620009015365,23.1006744668972,11.433381433381435,62
7673,10.0,17.083333333333332,8.971240826079535,18.542436617772015,40
7674,-9.426768908193058,17.339442180543877,-9.771241830065359,11.6371242295026,65
7675,-16.166406297165278,-56.449798604971015,14.251805621668638,-6.428571428571429,74
7676,-41.595055216967666,-3.040543685704975,23.334603658536587,13.711793184654011,64
7677,-20.555326957864274,-1.4896884598508109,5.16176271078232,6.342015282142438,70
7678,0.0,-57.991142888683875,-1.3557933294775397,-24.83549560174947,69
7679,-30.31100478468899,-9.18129600874166,8.632376395534292,27.952297181693872,71
7680,-33.16171729057391,13.45393383865092,-7.258676478727359,4.23237143603523,65
7681,-1.666666666666666,-0.396367841336394,13.436791383219955,-63.985167291390795,59
7682,0.6653620352250496,-18.835630132424846,-17.28521846621975,-1.672954707773112,75
7683,13.672045287662199,2.0866284637667176,-4.861660079051383,-5.902420430722318,62
7684,7.604166666666668,24.901960784313726,0.8243429454863214,-17.6557972185487,62
7685,13.267483739181852,-0.6172839506172834,-12.040555339202172,-19.40052700922266,61
7686,-13.793103448275861,-20.763620763620764,15.390105699030185,25.557385448689796,46
7687,11.633986928104575,-3.8645399608243034,-48.83156229670676,-1.4845679229204376,77
7688,0.20956503401817095,-17.788044979120492,15.103248616519782,9.289890270158743,80
7689,15.717167411540816,-58.349581644154696,13.480838158257512,6.111111111111112,68
7690,0.8605753106870986,-1.2346904998344916,10.624381065557536,16.700680272108844,60
7691,-1.8318285512059527,7.984262443634442,-12.425711428296015,5.366238305151914,78
7692,4.9741839937086105,9.925611734562555,-3.7351644028841404,-12.685185185185185,78
7693,-47.56171792058035,22.29831144465291,-15.13607737291948,-32.58018333969267,82
7694,0.9782608695652186,-40.898185635027744,14.80004147622152,16.66214995483288,71
7695,-18.5632183908046,-97.80012532157978,-16.08552902575347,-10.326007121672754,111
7696,4.484907664057828,6.357862735299019,-14.043636222338792,10.0,66
7697,-11.14583333333333,3.761597879317799,6.572327044025158,1.4880952380952381,65
7698,-47.49840358971016,-1.989316684698275,-29.123703159604517,-21.676000368105925,90
7699,-2.3396188208074875,-12.872517450963521,-54.15924164137103,-2.311827956989247,95
7700,-1.9444521281512976,-34.72053284124486,15.456349206349206,-6.7384409571909565,101
7701,-21.359447004608295,7.573918456271398,6.469298245614036,10.0,46
7702,-18.76998744968162,-14.135634416179487,-12.929894179894177,-25.516960564533335,92
7703,-21.821746752748037,-3.6893770437720583,12.604166666666668,-6.867201426024954,73
7704,-16.260950188666918,-27.083179238351654,16.73872532636547,3.84317696199626,84
7705,1.2432201425294958,7.427213309566251,-33.17915474349681,-31.94845144602085,88
7706,-1.2121212121212115,12.590132827324478,-2.5387042527001955,2.8581871345029244,40
7707,12.01804745922393,-13.314730343032231,-18.497057957034606,15.365516613298052,64
7708,-9.634596149037257,6.4367816091954015,-12.726244343891402,-10.984058606607626,62
7709,-1.3596309093331955,4.60811456365492,8.29084533352826,-119.7692917744336,88
7710,-63.21196083696216,-1.2499999999999998,1.9775505540873777,-10.37394490730516,94
7711,-9.601184256356671,-24.238759606406663,-7.4489248195252316,-2.206959706959707,74
7712,0.9503649944826429,6.439549082414919,1.8656015037593985,-21.070592493578815,75
7713,4.62962962962963,-24.0625,6.937984496124031,14.822375397667022,47
7714,-10.245935823991594,-5.014429597878541,-19.429226388478455,-1.8509070294784582,89
7715,13.15127441244621,-8.34242086681936,-3.650760763313357,20.707999210215167,79
7716,7.083333333333334,21.160394265232974,0.17683096630465123,14.087864460204885,47
7717,-23.868697092381304,8.36734693877551,0.785651130478719,13.486604632602347,52
7718,21.08993231977103,-32.44941208640962,-25.27503755125238,-5.728970090454602,65
7719,2.253086419753087,-0.18845228548516424,0.7065217391304355,-5.907225326551568,55
7720,13.7993398832567,11.185472177430468,-9.488536155202821,-3.450484962729461,69
7721,1.7640692640692652,-1.6729904937079025,19.64843842387709,-30.786546933430987,91
7722,-1.7668773595497733,-2.7170868347338932,14.755508563074352,-29.640700483091788,64
7723,-3.7386256823596966,19.66965150602409,-28.070832936904363,0.8279824539987146,67
7724,-18.764067394204382,-25.7380151415186,10.607137842122986,-11.748575498575498,80
7725,10.303030303030305,-4.2703897277068,11.700680272108844,-16.693360453023427,58
7726,-24.180664592067497,5.640743845078211,5.221542384353311,-5.514330623903335,83
7727,-0.27930763178599527,2.638452687472297,9.777504777504777,5.853174603174603,47
7728,7.083333333333334,0.8365261813537677,-7.807017543859649,4.31377482555019,43
7729,1.4760508308895415,-2.549019607843137,6.345785440613026,12.834757834757834,40
7730,-30.556692771287935,21.474164129145603,-12.345328282828282,6.717402680135599,69
7731,-16.023035230352303,-22.819643806485914,-0.8333333333333328,16.103625261907,61
7732,5.0,10.0,6.896215100549466,-35.24787347155768,45
7733,-4.252916653601467,-17.451366511516888,-2.5396208729542047,-20.944273766854412,65
7734,9.62962962962963,21.289583358307063,-16.871299198885403,-30.45978244437719,65
7735,8.131348745460246,8.597883597883598,1.5861513687600652,2.6944254575833524,50
7736,29.282999431656723,-3.389716476738232,11.448412698412698,3.7878787878787885,50
7737,10.0,0.0,7.0387304098737875,8.123464373464374,42
7738,-5.0,16.712962962962962,11.30952380952381,-3.5064935064935066,40
7739,-17.22222222222222,2.1699134199134202,9.548517520215633,-24.314934022702992,59
7740,16.535947712418302,-41.94718596499498,4.371362514518363,2.932514944009196,98
7741,-10.116973162151917,-12.925863044708546,14.008133621107312,-5.299212581207346,63
7742,-12.052026030520654,-32.87529728934966,-41.35283760817804,7.094943240454077,92
7743,-7.747747747747748,21.904623154623152,12.227595099935526,-10.35867271115107,52
7744,15.146893774344756,-7.1219347344242205,-7.311827956989247,-8.160015218838748,55
7745,-1.172019801560424,0.9380032206119164,3.667270284479234,-37.13302225047781,78
7746,-10.449198695911647,-9.830546304285246,-8.148148148148149,1.6419195883481592,69
7747,-5.4317270021110335,-2.009187718490888,-8.414918414918414,8.114919354838712,70
7748,-6.871561370308237,-44.29951690821255,8.011547885680411,-13.77119496337062,84
7749,-37.96511006626638,-25.499820957175707,-6.560960048355007,-40.731420441739914,88
7750,1.2438035979583137,6.235956997451252,12.009732775548535,-3.9791163114333847,56
7751,2.0833333333333335,-56.208333472201545,2.380952380952381,5.141519879210843,63
7752,-8.015873015873016,-20.553410135053138,4.424283154121865,0.6397306397306406,51
7753,13.472222222222221,9.260084732018122,8.996142316575753,12.605612778026572,70
7754,-17.65561598894932,-1.325904392764858,-8.168836566087915,0.23774832905478838,76
7755,12.536826599326602,-44.47238381918316,-12.725901994178814,0.5798174414332777,104
7756,-10.12160530641337,-4.856887298747765,-8.666935700834006,16.380376065242586,66
7757,14.769778318940267,11.72922360155144,-14.754728132387706,17.128571032057117,59
7758,-8.625883948464594,-5.291258449153187,-20.814921796748038,-12.070304100040058,71
7759,-32.827271276769935,-3.994047033761646,-9.968889118066654,-3.431372549019607,74
7760,-63.234234630178655,-16.042243480233974,21.15740740740741,19.8811544991511,72
7761,24.463237021376557,14.720435385397025,18.624338624338627,1.3088361146769367,43
7762,13.623188405797102,-26.741693978536087,-28.106060606060606,1.8942326958215343,76
7763,-21.24389339906581,-8.316656784327433,-5.451591942820013,-6.842251237412526,68
7764,6.275393078148455,4.359079502600551,16.68032575739284,-60.51389301293954,73
7765,1.8768729067512795,-91.7128010878011,14.440613852378561,-5.525022870078041,81
7766,-18.828895542891487,0.5114638447971784,21.568230021893815,3.9074460460908185,64
7767,8.7598165068338,14.611684651363788,13.21583178726036,25.47962058754161,57
7768,7.314814814814817,24.41899832766706,-9.15903248166061,8.066239316239317,54
7769,-21.768914636561693,1.5666204364834504,4.11764705882353,-26.699802760738574,76
7770,-4.509022162324047,9.732432117068885,-5.401319031456017,-10.749565787657488,84
7771,-10.887279672241053,12.083333333333334,22.78882663442651,11.25901875901876,79
7772,4.80841764089846,-2.0238095238095237,-30.857371794871792,-20.059591334262667,62
7773,15.0,-1.0060078674923787,-4.190705128205128,-22.214052698236934,62
7774,14.074736632876167,8.061575696363887,20.342190016103057,-19.164832621705933,57
7775,-35.57688239981538,-22.110585681036103,-13.652365669026706,-25.35813262200069,112
7776,-7.74505039000659,-4.8980304083211745,8.417927316986034,-37.433837280802734,103
7777,-11.254696939899823,-21.992804819462176,-1.8515279443746842,-46.00986377866395,97
7778,11.769277843272096,0.0,13.689839572192515,16.76691729323308,39
7779,6.1776567856422675,2.0833333333333335,17.11198999801941,27.95427182915431,57
7780,3.9682539682539684,29.554516250944822,7.418614976754512,-6.749155652664424,56
7781,-2.7670017371233664,1.0126224600088702,14.926607209215906,12.154882154882156,66
7782,8.03653638946028,-13.541279914525822,5.0832030256363545,-13.94683960540738,89
7783,-22.79767081509983,8.300653594771243,-15.098039215686274,-30.150122291368824,68
7784,1.3516180977611558,8.036661111952736,0.6073053002877575,10.585585585585587,47
7785,14.793771043771045,16.079877190520538,0.14786731520602636,18.34066377114373,57
7786,2.3784812963482995,22.216375436611564,-44.34287284331393,-8.501381659276397,84
7787,6.691919191919192,7.380952380952381,6.874298540965209,9.62962962962963,37
7788,-9.668911335578002,-5.912698412698413,-11.178451178451178,9.690067919327507,63
7789,-13.160054719562243,12.177447861435137,-0.8172351889811686,14.389838556505225,69
7790,-11.175272603844034,15.57081807081807,25.420766268866366,5.559889606249005,52
7791,15.473837756446455,23.292963098803924,10.0,6.419753086419754,42
7792,27.25225225225225,-17.58650320839488,7.080610021786493,-27.81425024684161,69
7793,8.625268871412247,27.59514666854553,-0.7331553225967142,-5.963148545170823,83
7794,-12.382343896785008,-12.843057327936023,5.071340403254071,5.442477618591535,69
7795,23.41070393701973,12.777777777777779,-37.07628242428992,6.937984496124031,62
7796,5.8379141024331584,-1.3961296499865918,-17.96747967479675,-8.44993300350443,59
7797,-16.530587075449485,-12.936251176614407,4.750936742801825,12.15648930514552,83
7798,-4.547165757486621,21.488095238095237,-2.685185185185185,12.158306070031532,56
7799,-24.01796497584541,-2.922885572139302,-36.14413536056479,-48.81290614455054,90
7800,22.450980392156865,26.685608967287912,-12.999641729841384,-13.008818290696764,62
7801,-12.069161747864317,-14.077194357366771,4.499766245909304,7.930283224400872,53
7802,2.450980392156863,-0.31249999999999956,-26.197812402425697,2.192982456140351,63
7803,-18.897958786199336,-2.0615527373956075,1.523569023569024,-64.32239482838133,73
7804,-3.0627444214400734,-67.17995938633689,19.375,-8.128627057198486,80
7805,-6.1040750482342245,15.0,12.604166666666668,-2.011619462599854,48
7806,7.556169005444368,-38.05987595262174,7.673478361133705,15.130159802316768,79
7807,-40.01808017455747,7.722093101642066,14.070570675159722,-22.348019104169495,115
7808,22.976190476190474,24.26049908703591,-6.291354247920596,16.37932116192986,53
7809,1.6577095743762413,-4.905417060589475,-19.507340715882645,10.338645781497315,67
7810,10.602240896358543,10.030864197530864,-12.409701431076417,21.89308200342489,53
7811,21.00962628953136,-0.6018518518518512,-5.287698412698413,-56.4149720893142,59
7812,-3.4275793650793647,2.4186505345925635,9.745762711864405,-4.588271346144536,59
7813,10.0,16.660069825031464,-5.763620763620764,13.51479086329492,46
7814,10.634920634920634,5.118940078289674,1.7054720502996332,29.678125100438603,52
7815,-46.070591538101084,0.8201058201058204,-2.2734040053190263,3.625784111449496,70
7816,2.450980392156863,4.624881291547961,17.78985507246377,23.95936422252212,39
7817,-9.125721249704986,-4.0155671752928,25.106513072614767,15.0,59
7818,15.445146958304852,-38.41829085457271,-3.225340242262578,1.937984496124031,60
7819,2.727272727272729,-33.044721071541545,25.98323823898537,-3.1884057971014492,58
7820,-7.852998029003775,-3.566026422328661,21.503507484289514,6.943564988319206,71
7821,-8.678804855275443,-1.8838866672986114,-29.8779384499359,5.526315789473685,80
7822,0.6965362660623922,-0.15900930818684422,8.066151895032759,-4.538677213309565,76
7823,13.80474459421828,4.6875,0.7720057720057731,-10.140530601523508,51
7824,10.805717998700455,13.968253968253968,2.8497961358001924,9.901960784313726,36
7825,10.0,-7.030349879151772,4.334064561509797,8.787878787878789,62
7826,20.0,-50.73676017095396,-21.01725168255416,-9.109295452168318,97
7827,1.6025641025641022,3.529483430799221,-18.94904644904645,6.984126984126984,54
7828,4.803589481008835,-19.542619542619544,-7.777590137485346,-6.212121212121211,63
7829,7.317801672640382,13.515413406717755,3.205128205128205,1.7640692640692652,46
7830,-15.252663069965404,11.417112299465241,12.040229885057471,-7.960647722552483,60
7831,-2.460764168081241,4.144973243204483,-18.522132980352495,0.5597860889004815,75
7832,4.901960784313726,-9.022904483430798,-34.644828299719606,22.52776697720961,75
7833,11.937984496124031,8.101851851851851,4.009339802022728,-5.271598071931776,43
7834,10.630975473582849,2.3085180148652116,-6.5242117927539915,-4.580153113388622,78
7835,5.487546369899312,6.197559115179253,-5.5270034843205575,-15.624825441032096,59
7836,7.225971192828012,0.4125484233011112,-16.48923495127494,-62.47397902431274,70
7837,3.2528180354267313,1.634067420071478,-2.685185185185185,4.6875,43
7838,-11.562297881801276,13.086419753086421,28.05074483391119,15.0,51
7839,-34.51144094001237,-9.336527293844366,4.357979302832245,14.480697633372877,58
7840,-5.285736044182029,9.292929292929294,-26.404771766613873,2.383883477633478,66
7841,-1.6666666666666665,-4.569743824390175,7.464757464757465,0.6490266117595307,53
7842,17.727755033595855,10.586080586080586,7.186285262430037,0.7258632840028199,51
7843,16.490405847023496,9.407892304128048,10.784313725490197,-9.431229167584394,65
7844,-6.94754955624521,14.180100711029683,0.7830015176506411,-23.545283867864512,64
7845,-5.279593318809004,11.984126984126984,10.0,-36.3861924875352,53
7846,-28.650250797993614,9.85641891891892,-1.1392829600112493,4.874901497241925,55
7847,18.240249793802285,-35.50115944500601,-8.325309923789035,-31.148443411251762,69
7848,-136.542906471572,5.391999141999143,-0.3932641432641433,-12.812140238844764,105
7849,18.29542893437417,0.5073734790715916,19.934210526315788,-21.694675619221034,57
7850,7.326185834957767,9.96172140544511,13.396556362658057,-5.746494132538199,68
7851,16.288252397669662,9.719968447148975,20.24336948031254,22.22904795821463,62
7852,23.639641665957456,2.554996746173219,-76.87921151310772,6.7796092796092795,80
7853,5.450998061624375,-25.755745233545497,-19.1468253968254,-14.557653675300735,80
7854,7.048708372237785,11.105006105006105,13.993959681161012,19.52796629909944,59
7855,9.901960784313726,33.98438299802777,6.599378881987576,11.99013157894737,47
7856,-6.383909617916768,8.472222222222221,-2.817566562873195,3.6346792582201917,75
7857,-14.003058168771364,-23.77264492753623,12.252252252252251,3.9682539682539684,49
7858,31.832641389928412,16.20689655172414,15.0,15.285338360629984,46
7859,8.472222222222221,19.82492417976289,-3.7786596119929445,12.873563218390805,39
7860,22.77777777777778,3.573685462200949,-5.874041880073103,-22.494650638032994,72
7861,-19.4685675060897,-35.14901878259721,-24.369846302696683,2.192982456140351,81
7862,8.087372645878357,-13.320873226606075,-4.219634764358519,-10.974945533769063,86
7863,9.663865546218489,9.456018518518519,21.52149865772157,9.277940220922677,60
7864,3.9705048213272836,-54.712561208416865,11.989989511294754,2.192982456140351,79
7865,-40.395596857449625,23.53563647681295,9.03069153069153,-2.6680734527384367,72
7866,7.282913165266107,2.565496098104793,17.122382122382124,11.944444444444446,44
7867,-0.3571428571428594,6.725040257648954,-38.31795420515863,-9.058328993990758,73
7868,-21.454795634362195,2.593011075417121,-10.142309797482211,-4.449891067538125,63
7869,6.874298540965209,-3.0583928973888397,-2.916666666666666,28.693476084780432,50
7870,5.3132395722808194,11.282904282220288,11.809704357954404,-20.833333333333332,61
7871,14.884499305472783,29.51771931505058,7.450980392156863,-14.722222222222221,57
7872,14.242238562091504,10.714285714285715,5.72586328400282,17.657723945533984,50
7873,17.976190476190474,13.205128205128204,-2.75259223705692,7.1498214261372155,60
7874,-12.608905431486077,-53.21297889619668,-38.709779946064636,-10.874101505568277,101
7875,10.893300248138956,22.154882154882156,7.440476190476191,17.976190476190474,35
7876,12.193139813002826,19.075670498084293,-26.0364943698277,-61.42810682230563,90
7877,-2.46513720197931,13.472222222222221,4.62962962962963,16.48148148148148,39
7878,-30.56273236607734,-84.41397896491219,-11.007803261073636,4.307612054090928,89
7879,11.538461538461538,22.135757080610023,-8.38235294117647,2.873563218390805,41
7880,-9.90359730848861,-23.932111185632312,-71.68547891335349,-2.2079114097680623,102
7881,-2.8041758295381465,-12.902394876079086,-13.972430379276293,-28.605209236900677,102
7882,-28.8953488372093,-58.48345731744695,19.02532070352898,1.3227513227513228,69
7883,8.003246753246753,12.852427503548036,-41.155029711375214,4.585356099000872,66
7884,-37.661418367264986,-38.63559156425378,9.105618240124965,-22.559999845348766,96
7885,-36.08585858585859,-3.1445300962844795,13.464185814070367,-2.434819199963191,80
7886,-3.8092454983162165,5.47481177212373,-6.536164402809439,4.173704760095912,76
7887,9.67687074829932,2.83011272141707,-7.395833333333333,20.735840572641152,51
7888,14.62962962962963,-5.2363188023400316,-39.78553452237663,3.3762748255501895,75
7889,-7.5785431823643785,6.078691423519009,-48.895437017757274,-30.048216087595943,76
7890,7.450980392156863,21.461988304093566,-10.910861773414368,4.9722843210059455,57
7891,-1.1403508771929822,-8.611660079051383,19.935897435897434,-14.526128139633887,52
7892,5.853174603174605,-15.441884543228326,5.404606286959229,11.049451657437139,61
7893,5.398591432690125,1.1642028938387878,-9.1086095896925,21.99761799943398,98
7894,15.681808955466245,7.917418331244637,10.0,7.701354710229626,62
7895,-0.3379107490949589,-36.05344235399847,-1.2121212121212115,10.0,57
7896,2.15706967456256,-42.7477907125966,-17.086348105869984,-16.145183645183643,86
7897,4.282533284109769,-36.71097550002787,-19.841269841269842,-8.77264492753623,64
7898,11.54320987654321,4.385964912280702,-15.670143387534694,18.66344875047355,63
7899,10.709876543209878,-17.836989250188672,4.394648561315229,12.314814814814815,56
7900,14.835685201379825,-1.913872429016421,8.693735143010507,9.015594541910332,59
7901,-14.63533661523688,10.581435472739821,23.13451335997359,25.689043635472206,67
7902,0.3245436105476678,4.3772163120567384,23.03838174773134,19.015594541910332,49
7903,6.602564102564102,3.6265432098765435,17.78825746567682,-45.88259123363605,62
7904,15.11138445053314,1.1484409310496266,0.4505313096350356,-8.891278546450959,74
7905,10.493283325079076,10.056980056980056,-36.27743791045984,6.9344811095169785,67
7906,-14.5326278659612,13.333333333333334,12.503192848020435,-3.9393939393939377,44
7907,5.761324731912968,-28.234840232389253,13.421409214092142,-28.429399016420767,68
7908,1.01247225623562,-19.20705782312925,18.732409583232048,17.85718373628366,64
7909,27.35294117647059,9.226190476190476,15.0,18.96825396825397,34
7910,-19.103747779751757,10.994681230813166,-21.727232276611836,-24.331983805668017,71
7911,-6.246807151979565,-40.7398429457253,4.980008417508419,-16.356421356421357,66
7912,-17.398390917231765,-3.821449390610277,7.849210987726476,3.0726621049201697,82
7913,-3.7859247234247206,9.029258970323099,7.387057387057386,-46.73537642817445,70
7914,-8.434343434343432,11.937984496124031,11.814175390850178,9.068867216003927,60
7915,20.51687666857057,-56.175500717639224,-0.10044462874651572,5.04007739082366,85
7916,21.97418175443869,-8.515558874086004,-13.75949106405763,16.35169258431179,58
7917,23.90573984555957,-44.0733311304796,-12.222222222222221,16.944444444444443,84
7918,17.817591234929946,12.875744244238577,9.29415250673307,-26.1238052414523,71
7919,-0.788258933420223,-0.3379953379953382,-16.47441888225087,10.113239510376221,57
7920,1.7460317460317465,-6.22063527765282,16.399326731807548,3.8319238900634254,46
7921,8.205128205128204,1.481375540300026,4.901960784313726,6.987113841952552,43
7922,17.731860959319974,-10.014880952380953,0.2571753339016767,-38.42052849236757,61
7923,8.787878787878789,-12.708952267775798,8.333333333333334,12.407407407407408,43
7924,10.601025132275133,-17.55738368808769,-6.105072463768115,-78.53406901554797,80
7925,0.04938320313527633,12.314814814814815,8.086419753086421,-17.863247863247864,46
7926,16.985294117647058,8.491111432287905,21.56878194797294,16.662430606085106,56
7927,4.813108311122214,-27.095957715354654,6.666666666666667,27.259146082675493,59
7928,3.2663368377654107,-38.34942922613533,15.006106794286906,-23.716566862836764,83
7929,-2.107289262461675,10.052196727232596,-5.88432073522801,3.706690561529273,68
7930,-32.08375463431075,-51.23749530170295,4.7968973259848955,16.871933241796256,73
7931,2.314814814814815,-11.437908496732025,-11.527777777777779,1.7863071528673284,56
7932,-1.2044534412955468,10.657993326348933,-2.746913580246913,2.728527511136208,54
7933,6.188698580002928,8.836563703758866,7.605820105820106,4.880952380952383,52
7934,16.30203915097704,9.692747795348971,0.7316996392344279,-69.06589276086132,72
7935,-6.682943371519814,-15.373843460865217,-7.905056759545923,14.053544494720965,52
7936,-11.247134136562847,-40.38093574257097,-4.830827067669173,-15.283177135358077,79
7937,9.430505774591797,7.229930660489135,-0.6140350877192979,-10.248401252458045,71
7938,18.45841481246587,15.0,25.636816604308866,-41.47120240870241,53
7939,-2.1596191333033445,-36.75506605432673,13.194351709551729,15.340310856372813,88
7940,-54.0198640729201,-15.124319582116266,7.400442859112213,-15.121806298276887,83
7941,-96.97150893707006,-4.89553278768965,19.222802455077446,2.1400045237994263,77
7942,6.206896551724139,19.166666666666668,11.074168797953966,7.192982456140351,40
7943,-29.93065538797246,12.650723859342946,-7.842772329057406,12.698402904259197,98
7944,-41.65111145929154,13.531995483868137,-99.29101831741592,-1.0003660555131137,88
7945,38.89517682087342,2.3529411764705888,-13.483038975165721,-18.975093653796222,76
7946,-26.84457834563945,-31.159430907586838,26.173708920187792,5.0,71
7947,-2.638060559918099,-22.513992793988187,11.841817186644771,-1.6744407314582759,86
7948,-8.688639551192146,11.781505531505534,6.020833758928998,12.873563218390805,53
7949,-37.92197754963712,4.901960784313726,14.825186387686388,-1.9135802469135799,55
7950,26.766381766381766,12.48236036838978,8.333333333333334,18.749418775589007,54
7951,4.685798635073998,5.0,-6.302378606945169,-3.9292591234182996,55
7952,-2.549019607843137,-1.8660274654221656,-7.750284052367386,1.553617727850126,77
7953,-0.4879274579103914,12.540849673202615,5.488559059987632,-18.415271346262248,72
7954,-24.04289851307868,7.619802677942214,11.697147458017024,-50.36348848848848,72
7955,-22.58893280632411,9.51388888888889,-23.353868353868354,-6.666666666666666,52
7956,-0.7651393158639523,0.7162309368191719,12.071490511409245,-26.878415601128868,86
7957,-0.8165299612668031,-8.333333333333332,-8.35027940651041,0.5555555555555569,65
7958,12.304922866051239,20.69496739516807,-3.506238333824541,-0.50382965979112,69
7959,-37.25272063208109,-7.882653061224488,1.3088361146769367,8.366633366633367,56
7960,-9.002525252525253,1.2500000000000004,-0.059575704736994695,14.62962962962963,41
7961,-24.75614605385389,15.93832978150677,-55.60038048529097,9.703548085901028,80
7962,24.430737297837815,4.0816326530612255,2.1131238517972415,1.5432098765432105,70
7963,-19.393650134013367,-60.033529753116824,12.777777777777779,-13.59317735737123,88
7964,4.685157421289356,19.151528035456607,-0.1377375305783879,5.938003220611916,56
7965,10.608974358974358,-18.480916680321442,20.0,13.454592363261096,52
7966,-16.401158808990797,-32.63465138635904,-20.169082125603865,-12.27259039059412,71
7967,4.866582200177069,-18.62312556685958,2.6662007583060214,-16.421280655464894,64
7968,0.9885290148448045,-28.728847075879955,-5.059517295494901,-92.97183975775678,110
7969,19.025301897642322,15.268122400475342,-2.0470100355157808,1.469298245614036,47
7970,-34.75662016817065,14.336846728151077,8.426079734219268,-3.4276729559748427,64
7971,13.333333333333334,-0.033097790773228386,-15.825675299359508,23.745791245791246,45
7972,11.515151515151516,-1.4679887106357685,-40.75135144037238,11.53510842362391,59
7973,16.87687290675128,5.246653511172567,-40.697141980752804,-38.735104612245905,98
7974,-2.1842503931839587,-0.7761154807842954,-17.68834448455307,-36.52458652458652,90
7975,-14.469771036800022,7.604166666666667,9.914529914529915,-14.826721386228911,56
7976,15.037330875772996,-16.051589388055554,-15.112920168067225,3.4722222222222214,59
7977,-25.860948667966213,-3.633879781420765,-16.64118007924723,7.8058361391694735,66
7978,-10.496968217300205,-19.86111111111111,0.07054673721340432,-3.2552632552632543,54
7979,-29.856136076088582,-31.046426630767165,20.980392156862745,4.931519098185766,85
7980,14.956896551724139,13.76027354288224,17.953529099039933,7.472384665367122,41
7981,-29.067701304543412,-40.52084058718686,-6.135826311200809,8.036492148011757,83
7982,-12.893697101014178,18.776388667693016,11.56761412575366,-11.819154656157782,68
7983,-30.671313432564382,-16.96178104365436,-0.09803921568627416,6.851851851851852,64
7984,-13.171841785753077,-10.37518845972135,-11.275348354224171,-8.942245649562722,64
7985,6.246046805819102,-4.885967282992455,1.4768258914895962,-53.02144414853369,99
7986,0.5029449893626499,-23.21411019136334,-4.8884222491803,13.616557734204793,77
7987,2.016022432689099,5.779848171152519,-1.211179558212436,23.573056415548677,48
7988,-33.589816485177906,-4.3478497008138905,13.398853398853397,-84.86830707091578,105
7989,-14.25607826925885,-2.2332875457875447,-30.385213144984814,-15.586324276083312,88
7990,-4.309611818669788,-27.270692270692273,37.109092557681265,-2.9660357791029286,64
7991,-18.335594264875866,11.436781609195402,20.355020796197266,-21.474655745489077,60
7992,0.9522699363079008,26.814823952552803,15.060930708067419,-93.4044194904124,80
7993,18.221028011465357,9.300108932461875,12.192982456140351,3.936173447667701,59
7994,-13.91682279552945,11.222539137498154,5.76905121022768,-20.18970189701897,62
7995,10.852236364011727,-20.995523546079664,10.15873015873016,4.998810912797646,69
7996,-6.491920842411037,6.049747797669793,-16.804285230352303,-29.44546079994996,67
7997,8.623188405797102,9.486882716049386,16.610813448057783,6.836945304437565,53
7998,-13.484848484848484,-57.58521623685604,-9.160613085222247,-36.81253500083959,124
7999,-54.17461088731226,10.016722408026755,-48.439417238490115,-24.20205897756153,95
8000,15.365442473285615,-0.833333333333333,4.053205127581814,18.167866356697957,68
8001,-8.288402933771383,20.92867420992421,7.250216029834619,-6.474850809889173,64
8002,-4.9340621762885855,-32.92906318172275,-47.03058555581034,8.787878787878789,83
8003,-9.593367998540412,10.0,-13.638656703816277,-2.9612870789341375,51
8004,21.59297638899157,0.0,7.976190476190476,8.689839572192515,43
8005,-14.724879841045162,24.61968757753524,-34.165656518706896,-11.370235934664247,95
8006,-14.518067965959656,10.0,-21.540836142890058,-35.712530431179474,71
8007,6.903108465608465,-21.10548807917229,-3.3385579937304066,23.663446054750402,46
8008,3.2600596125186296,6.172829385409953,-28.42736645804124,-37.15945512820513,79
8009,-33.637453765331,-31.567695498134956,-29.98908577298408,1.2217501095026577,99
8010,-48.85243706068794,0.29099606465335404,13.435354925897897,-23.750446707763782,88
8011,9.886601266954326,-25.91760397564596,7.798821548821548,-60.12051556338953,97
8012,12.038712921065862,25.88458994708995,-1.666666666666666,-8.467287499795239,50
8013,-5.554765291607397,-0.23249738766980133,-10.0,9.53589620256287,47
8014,-18.68573870620641,-18.181850681850683,3.776423686575569,-5.203814486646474,78
8015,-9.093278060669364,2.217748308460532,-21.42246244367343,6.691919191919193,96
8016,-4.011470985155196,-18.97032874960919,-1.3699494949494948,11.518080855538775,76
8017,-7.282890720390721,12.491866558206777,18.115083016398806,-2.222222222222222,48
8018,6.4367816091954015,9.409171075837744,-16.033296708005086,-19.44335805014517,63
8019,-27.360164284872663,15.0,0.886880083631933,2.2564551287955545,62
8020,-0.9272497897392751,7.450980392156863,0.7323232323232336,-4.856887298747765,44
8021,17.252635278951068,9.933535106678452,0.0,21.488095238095237,56
8022,16.725040257648953,-11.378264851797478,-15.970165859822973,20.711307910974206,80
8023,-5.160884866767221,-2.951497906408096,-45.13583098580073,-8.601142026792862,101
8024,3.7119703142274956,9.565280230241868,7.875959013769336,-3.552989130434785,64
8025,22.873563218390803,-20.464157742347844,-7.863247863247864,-42.48503135711117,78
8026,-4.644295218087233,-4.570513564766436,-19.314364921716166,-2.807017543859649,67
8027,1.6738332760004582,-10.062230501808504,-15.028108465608465,-6.41812865497076,76
8028,-6.666666666666666,12.192982456140351,10.882716536468608,2.450980392156863,39
8029,2.0540935672514617,-26.239987620358857,-26.061900531896672,-10.087823127154424,91
8030,17.604166666666668,-16.321086157079066,7.777777777777779,-32.89173686610507,55
8031,18.59461966604824,-11.509243152640202,2.314814814814815,7.080610021786493,49
8032,10.588696659637062,-9.954052846209708,16.800022937533452,0.3386040096702627,60
8033,1.6564260112647213,-2.828839693341373,9.45653577628522,11.398712408501632,52
8034,4.166666666666667,10.40498205794918,-0.32080959164292455,16.98257080610022,50
8035,-11.011636636636636,-11.369047619047619,11.343482905982906,-8.762183235867447,52
8036,8.089668615984404,8.052396093451602,-49.180264092189255,1.3418606778253868,75
8037,7.314814814814815,-17.319742711899572,-5.17507582023711,10.522628344412652,49
8038,-25.273879346459992,-4.376929012345677,-38.023317556721594,7.268261943697338,70
8039,6.283068783068783,15.170278637770899,8.853632435260739,-14.458449825962688,59
8040,-13.458042791584719,-49.58113689556107,16.461988304093566,21.476733143399812,57
8041,-28.436460464762355,22.764550264550266,-9.007033646330695,-17.610590893141772,88
8042,2.1779620539885336,10.416666666666668,3.7790901429943062,-2.144798182116335,91
8043,8.839412221765164,-14.888955854918851,11.401968346729673,-30.591045591045592,88
8044,-20.747199088182526,7.032520325203253,-6.425706245780728,-3.410712944181504,65
8045,-54.18558522038129,11.730439705239146,5.773172905525849,7.638888888888889,75
8046,-9.667289604969758,-7.661644695543002,-41.577897689367845,-18.824281655164008,91
8047,0.05698005698005737,-24.613079258720646,8.347250277509893,-1.0467140072403205,85
8048,-14.222598557636921,17.442899149526898,9.657282741738067,6.493506493506494,66
8049,-2.729014596278579,1.2776514476254217,-47.93284771703207,-9.213068152731685,114
8050,-36.215683007015045,3.859649122807017,-3.2486560406706797,-34.000685468076774,86
8051,-3.8396057347670247,1.7389060887512908,24.617991629485886,-41.494963821364934,65
8052,-4.50732810286586,1.0866451843895462,5.465525584121412,15.546682450540771,66
8053,-55.165451730743804,-32.64105979527445,16.986499486499486,-1.8147519335974325,90
8054,8.086419753086421,-50.29659854117241,6.4124293785310735,-1.0512993296012167,64
8055,-2.549019607843137,4.385964912280702,16.984126984126984,-13.644208901884339,42
8056,-15.73950091296409,5.890888890204897,-9.65811965811966,-9.489829775384086,61
8057,4.063846455150803,5.2898550724637685,-3.3855869174226143,5.0,54
8058,17.25308641975309,5.0,10.773919105689755,0.0,40
8059,7.673150272952338,15.838163893719448,-35.03355729214478,-10.005310222572623,84
8060,3.821072288564549,-5.655415609162141,14.742845764351141,15.648148148148145,53
8061,6.0143288084464555,15.7783115709945,11.341973658150131,-22.51847085180418,53
8062,-45.97382276465881,21.088865926117283,-77.92161637495938,11.082251082251082,79
8063,13.333333333333334,10.306460187614688,15.0,-21.6407867494824,53
8064,9.201113777055138,-27.196835283857038,18.37627482555019,-89.78933180271395,84
8065,-5.808209283336473,-1.2144399522736542,-37.390001477126894,7.252252252252252,64
8066,-6.244758178790935,-19.932216905901115,6.25,6.007399951168949,58
8067,33.4920572910769,-36.635655167664524,5.343368662568992,-39.71128387266563,93
8068,-4.84126984126984,-51.28367166083793,10.0,2.0833333333333335,68
8069,-7.704471624990626,-14.92683095404646,-32.31126177027457,-7.540611836277471,92
8070,12.873563218390805,11.479694644656282,24.451566951566953,15.537400145243284,39
8071,11.805555555555555,-8.77949377949378,-14.225408203902827,-9.946057906097344,49
8072,24.958472189929992,6.4980850279634,-4.411924069744789,-58.44373707096548,69
8073,4.405548377773128,-7.863247863247864,6.50864764615816,6.57512153014402,63
8074,13.848010865846941,-21.82258354501746,13.230079440382504,28.216970042627935,70
8075,-11.823268897001615,9.968301634968302,-29.476285203455067,3.1100101964964715,82
8076,-40.51297065587803,2.6213631517063973,-11.341885717323823,-4.631761695906432,100
8077,-19.952802087185177,-22.744678572049146,6.712962962962964,-7.654792061254082,88
8078,13.959364222522117,-6.666666666666666,-1.0230352303523014,6.764069264069265,43
8079,-6.868496427319955,23.662587192465566,-7.132105715849557,5.288616507369005,63
8080,9.82804232804233,-3.713944359105649,10.0,-36.77894476907889,61
8081,-2.6253181652901154,0.13734771804139112,9.290736145574854,-14.649022056854044,77
8082,2.1359783750898735,9.941632083104952,-48.4675868539688,8.974803146629773,103
8083,16.953463203463205,3.6690332870298925,-6.527777777777778,0.21571021571021554,44
8084,11.759940234959233,-12.367978468861,15.568667354952522,-4.532526860113067,66
8085,10.0,-3.2993197278911564,-0.04130943332395187,20.61331998474447,54
8086,23.768631436314365,18.592467926923252,10.255635126636161,8.976256821084407,48
8087,-84.42676361324672,17.446485112708974,3.1539351851851856,15.655212176080607,72
8088,9.385964912280702,-11.310160427807485,0.8819947996777278,15.76424623594435,53
8089,0.43958513085993767,14.814567626745133,6.1212634336716505,-4.482872200263504,68
8090,-17.320261437908496,3.205128205128205,6.0741687979539645,5.1129426129426125,40
8091,15.410206718346252,-0.35603715170278605,0.8641975308641996,-21.21212121212121,44
8092,-71.95033211870383,-11.738855116514692,6.322751322751323,18.083753801930786,71
8093,-45.08135469741304,-3.5149897412427835,-8.34041541401125,6.91535881546105,112
8094,11.448412698412698,13.465608465608465,-51.70659317260365,19.641909814323608,58
8095,-28.134786082751656,24.166666666666668,1.3648606840913764,7.482360368389781,81
8096,11.984126984126984,12.450980392156863,7.590132827324478,-0.11539792241546465,44
8097,4.841843785498289,10.631744823683235,-11.996446130609664,3.1025715430640197,70
8098,-26.427847171692676,-68.29198263253691,13.299689440993788,-36.13808320997012,106
8099,7.873563218390805,17.046391020176188,0.0,5.181362993540497,39
8100,-52.260748408289395,8.466360028860029,18.753063725490193,-6.144179894179894,64
8101,-3.168328584995252,-5.490620490620491,-18.353162493749387,11.79337231968811,70
8102,15.355922672099144,14.07986111111111,-24.912190416906128,8.5771744595274,64
8103,2.900500625782229,-80.92647489386621,-8.601802299820399,7.961215932914047,68
8104,8.472222222222221,3.5115864527629244,-9.43907156673114,0.5694321642597515,47
8105,5.0,6.577964519140991,15.809294871794872,-0.4418226786647832,42
8106,-0.09099616858237614,21.302083333333332,-23.208874458874458,-11.383826002327286,64
8107,22.083333333333332,-18.897306397306394,12.503192848020435,17.580399584076055,40
8108,27.47619590787695,9.574809883734371,3.462752525252526,6.994547771840821,62
8109,4.608849404864586,-15.649787494210193,-6.692248710530911,-62.76996456127579,100
8110,-4.215686274509803,-17.060900924692714,9.918981481481481,-7.220771074637931,62
8111,-15.89502688761199,23.427713427713428,-34.52713508386683,7.777777777777779,75
8112,-10.751238117079188,0.4102067183462532,8.787878787878789,8.856382978723405,48
8113,10.069124423963133,-17.694074930917036,23.525194265740485,-24.511784511784512,52
8114,-20.126162677212434,7.525252525252525,-22.22635200775897,-10.020915907461838,71
8115,-3.2993197278911564,-23.33720718155565,14.65648930514552,17.85947712418301,68
8116,22.35294117647059,10.66436251920123,17.719298245614034,8.623188405797102,34
8117,6.203586064300662,6.9087447300421605,-37.38375603864735,-42.05744023355388,97
8118,-3.3726363343870447,-23.02345408728387,-27.740424020611833,-2.7343370062466708,109
8119,1.4940868065868074,-18.867243867243864,-12.934157561817134,-44.3081724890385,74
8120,-10.614035087719298,16.538639980440376,3.929093567251462,-7.421670222003925,63
8121,-31.204864899833446,8.848003848003849,3.9367421606174453,13.249344944931885,70
8122,-57.4948325195228,10.31714200831848,-5.935625008205653,2.083333333333334,63
8123,8.787878787878789,-4.391025641025642,-24.998461753960573,8.896103896103897,63
8124,-0.6345509218180028,1.7129629629629637,9.564777327935223,21.514404185768594,55
8125,-77.3363626784216,18.689839572192515,25.389980976537732,1.649895287405801,83
8126,-0.1466629536804973,-7.474747474747475,29.627375854556384,-4.183829138062547,45
8127,-5.222544750846637,9.642857142857142,-15.180190180190177,-30.608202062186887,73
8128,-10.909945317840055,18.196514692993564,2.588652802601839,2.023629265679882,73
8129,0.11294261294261254,0.7299182299182305,19.006845941686368,-0.4978354978354975,47
8130,-12.929292929292927,-4.694472358662746,-12.396555113273376,17.221996130664863,61
8131,11.008950791559489,5.284366398346755,10.0,-4.017094017094017,45
8132,6.0733478954302775,-23.13488438040905,-31.996824250345377,-23.940100107020335,81
8133,-0.8682808279817518,1.0455237645623026,6.2254901960784315,-16.08447288452548,75
8134,-10.407694516221648,-26.6456963051224,15.952380952380953,3.1970502397331675,78
8135,24.911179960199572,23.4908174465173,12.450980392156863,-5.500233754090696,55
8136,10.0,-84.01913875598085,12.380952380952381,1.3046910805650724,63
8137,-26.865079365079364,6.599378881987578,7.192982456140351,12.573085815212625,48
8138,2.395540336716806,-8.707266274783848,-7.528770828823106,4.14618877854172,71
8139,14.166666666666668,-18.049299298967103,4.001303356142066,-13.480188102087679,88
8140,9.413472706155634,8.968253968253968,8.472222222222221,-14.883654357338568,43
8141,-4.020709378247818,18.630050505050505,11.633986928104575,-34.12151505901505,70
8142,7.908409740707878,0.5229614358474581,-25.131317408230714,-7.865468295034858,91
8143,-5.098039215686274,-59.79629893611512,10.16164994425864,-1.1601189671284935,94
8144,4.365079365079366,5.268625016638921,6.811594202898551,5.273719082339305,55
8145,16.56761412575366,0.0,-3.7169312169312168,8.062652670495808,43
8146,-51.84620338543377,18.402612221610937,10.14196288844176,4.110072699825204,71
8147,7.252252252252252,7.038712921065862,5.651258424914642,17.5636989803537,49
8148,10.288461538461538,-15.497649352138515,9.918981481481481,20.517127799736496,44
8149,18.720238095238095,9.344919786096257,-4.309413580246912,-15.91880341880342,48
8150,11.412429378531073,-44.1065750757046,13.644568938686586,-29.98353905907618,79
8151,9.58937198067633,15.024404249210452,-6.211563841044693,-4.317838246409675,56
8152,-20.957598948670373,9.901960784313726,1.6339869281045747,-3.5810810810810807,57
8153,6.15306275426828,-30.81090118200999,-6.430004730425772,-30.818329644431415,108
8154,-1.9744392279603544,19.45277567473724,-43.431372549019606,-21.16028794253101,74
8155,3.9682539682539684,26.872939517251908,-2.936301845553615,15.586080586080586,47
8156,19.438715471324166,-37.14896214896215,9.04040404040404,21.436781609195403,58
8157,-0.833333333333333,1.8086848531001465,11.021505376344088,-6.707366707366707,70
8158,1.666666666666667,-36.820973792236856,-26.277359427917705,6.773049645390071,97
8159,-3.238104823249751,-91.18160107988496,-6.930015017460059,-40.87008598805036,131
8160,11.145278524846631,-10.709263854425146,19.741314107256137,14.867278159961087,58
8161,-1.223659003831418,3.7682379349046045,6.766381766381766,-14.256030644388069,65
8162,10.35026535026535,17.259146082675496,19.720692368214003,17.259528130671505,41
8163,13.866120218579235,11.243781094527364,-0.48706774987609736,-11.94662083587307,71
8164,18.328018591176487,13.436791383219955,-2.141078407219008,30.43740229326368,63
8165,-2.1156918951036587,9.081632653061225,-32.6371208891989,13.147943360119655,78
8166,-13.951656847619581,-10.655080213903743,0.9397163120567387,9.775734962601566,67
8167,-4.391513295022065,-15.614035087719298,6.773049645390071,-6.357778006955543,56
8168,10.771182141045156,-6.390425115915312,-29.279239761701223,-4.810882041950181,74
8169,19.008790423418283,-0.3295778295778282,-10.129076716116707,-12.434887253903625,84
8170,-1.503419549638036,-5.266049739733949,-0.9617794486215527,0.3724053724053711,60
8171,-0.5123560014864379,-25.98124098124098,-13.267746096518083,-9.726792073669609,77
8172,1.9122020805576856,-25.772027735498053,6.266746682228368,-54.421969986729025,93
8173,-34.56504591839206,11.038943355119827,-4.980875592360103,-42.854192897227314,106
8174,-46.54675220120617,-12.208831702307599,-0.45893719806763267,-23.17314947343165,89
8175,16.66229647050343,4.478458049886622,-9.25400506678179,-61.93948412698413,68
8176,-37.3171900339083,3.9682539682539684,7.834757834757834,-17.04454018011607,75
8177,-43.93016403885969,-14.312886174370686,29.442837985789474,-8.521864478737793,65
8178,-24.182820953074483,-13.608124253285544,-3.898032648032647,-5.27972027972028,66
8179,20.540400562647505,2.951933124346918,-58.54451581332722,1.1249634262307069,63
8180,8.205128205128204,1.0655962008155413,-4.459418987720874,-10.912597571626929,70
8181,9.136483460927343,18.08641975308642,9.619594964422552,22.907625314630444,54
8182,8.856382978723405,4.326389207543707,-30.0,4.325396825396826,47
8183,-58.22855421208134,-10.959473669966332,-26.794871794871796,1.4124293785310726,85
8184,17.54459096192967,4.741221701968527,10.347575130183824,0.5444946335895366,72
8185,4.365079365079366,-4.96996996996997,12.44047619047619,28.317075761928702,46
8186,7.976190476190476,2.688172043010753,15.787037037037038,9.385964912280702,36
8187,8.23599240265907,-18.497474747474747,-2.6190476190476186,4.129395875538933,48
8188,13.799596611774117,-5.0939164564059425,-1.6666666666666665,-5.251735594810894,49
8189,-3.441307903326088,-23.484987035435434,3.372260505615471,9.546456629789965,76
8190,7.314814814814815,23.180420937835837,-0.7799145299145298,-2.395833333333333,44
8191,13.730158730158731,-25.59930527752097,5.506715506715507,17.678694250006686,63
8192,-0.44539720977089736,5.0925925925925934,-3.2491582491582482,5.592829011946661,65
8193,1.4018491515071538,-12.3104093058412,-58.05444681288009,-4.950545878214907,91
8194,6.254619280935072,-32.983950474005006,-4.303849075044987,3.6231884057971016,77
8195,10.16329313809934,-33.85242477635273,-20.37037037037037,-2.212802709126236,78
8196,-6.5468639887244535,-8.005769151718098,-13.489331723027375,-9.424898662998501,81
8197,-43.879750341704664,-3.69047619047619,17.575060038510333,5.19551544982226,81
8198,11.101147776183646,27.976190476190474,18.595571095571096,-16.484370091644088,52
8199,20.185185185185183,9.88858656595844,-12.909749555712288,-12.44388327721661,57
8200,-1.5382151845084442,3.270906653259594,4.147376543209877,-11.809041512186955,71
8201,-17.683262707118196,-45.688316993464056,-30.74746440337838,-15.554109737584039,82
8202,5.398110661268555,-4.213068904144418,-0.03968253968253954,11.251167133520074,45
8203,-77.32767404154313,24.706941487803178,2.5399637766753287,-0.7023295865871864,92
8204,-17.526223776223773,4.725415070242656,6.625255742027452,6.822612085769981,56
8205,0.8933002481389565,13.472222222222221,4.385964912280702,6.944444444444445,39
8206,8.623188405797102,-37.332630873822936,-8.868098275993011,1.773049645390071,59
8207,0.0,5.0,8.24243411357749,-8.274289599261078,60
8208,-30.289446222556606,18.444986604856766,1.3834422657952077,-18.945705670398127,74
8209,1.9134985602187575,-12.004543363239016,11.125321313493357,15.106271720532481,82
8210,10.269360269360272,10.859603165083124,14.587732528909,1.6072397066647892,60
8211,23.872876636034533,2.5000000000000004,-6.3768115942028984,12.688172043010752,42
8212,-14.904575628259838,-0.9121355397951145,-7.642746913580244,-82.80198528616249,80
8213,-2.029979674796747,6.577733860342557,-12.560031750600718,4.4411773441444655,58
8214,-25.890781770142237,0.0,-14.24680781237678,-13.631928152312375,63
8215,4.295411667112919,-3.229166666666666,6.097246979599923,2.7712408347962167,73
8216,12.725767592752758,-16.734006734006734,-1.1271367521367521,5.9523809523809526,62
8217,-3.7499999999999996,4.923365057523985,-26.184183041575317,11.463426933529217,68
8218,20.683769609208206,21.35069940571889,11.268081002892961,-4.1656223893066,70
8219,-11.524896861133666,5.803741176081601,18.886239180356828,6.493506493506494,51
8220,9.967320261437909,-0.6202525353103314,1.836945304437565,7.506127450980393,53
8221,-15.732959850606909,25.15560019606731,6.440779640727047,0.7297267384986696,66
8222,-7.230927905636282,16.08832349542235,-14.733137124079148,12.091074667506557,85
8223,8.009153318077804,18.684016242155778,5.0,-12.220936957779063,43
8224,-6.468891799774152,-28.82208173779493,-25.621626624853523,-5.300546448087431,76
8225,10.372046254399196,10.134841713528699,12.832684088166548,7.314814814814815,46
8226,-24.459546587206162,-2.5569800569800574,-50.973444118605414,5.772005772005771,67
8227,14.574514991181658,2.8374431592274694,-18.96940418679549,2.085124755702422,56
8228,-8.855218855218855,-26.316153816153815,-38.533553239266226,-50.72045769062004,103
8229,5.9247826408843345,18.098279962391462,11.773985818103466,4.5727033281857885,64
8230,18.030542062800127,1.5723270440251582,0.11569165077937171,-33.83169934640523,64
8231,-21.8361251405382,10.859213250517598,-0.22249522249522258,1.662149954832882,51
8232,5.0948287428363335,5.0,-21.88264372836999,-44.31150675336721,69
8233,3.7878787878787885,8.472222222222221,16.8179308730877,8.086419753086421,47
8234,8.948923676102812,5.773809523809524,4.517704517704518,11.097223949481132,55
8235,-3.139161889161889,-16.794871794871796,7.873563218390805,15.72586328400282,43
8236,-1.6666666666666665,3.0501772828358718,-33.281707577412206,-25.0,73
8237,1.4124293785310735,1.8518518518518512,-6.569180202788111,-88.36023453670512,81
8238,11.345785440613026,-10.0,0.3981106612685559,6.53119788971307,41
8239,13.593135259801926,-9.989684644857059,6.9344811095169785,-8.676050591595267,46
8240,15.556590060266533,-7.923280423280422,-10.160533910533909,18.50916075650118,51
8241,24.67941603346709,5.291005291005291,-1.9323671497584538,14.285257584942002,61
8242,3.238900533308429,-3.2870370370370363,-26.715877499775807,-35.0,65
8243,-2.6821983273596173,-3.0129333260004763,8.896103896103897,-49.96579589422548,74
8244,21.962104795117142,15.786427875243668,18.486012608353036,9.328516994773151,65
8245,-17.95977011494253,-3.7273579370972327,6.671065862242333,3.08641975308642,52
8246,-55.54972948348198,-4.459418987720874,-75.27066053209478,7.777777777777779,124
8247,-0.6153063818967706,-2.3223304473304465,20.121368508025636,-45.505599472990774,61
8248,24.564697736809208,8.896282658448957,-19.8591690387356,13.745791245791246,65
8249,24.62962962962963,-11.603535353535351,4.166666666666667,24.649036848703144,41
8250,-3.3417833417833416,17.422634110004708,10.0,0.0,54
8251,13.719921343276603,-32.0830074454024,-1.6436232612703208,-23.581514762516044,71
8252,1.4412238325281805,11.157407407407408,-47.53064403205637,-19.476031215161647,73
8253,-6.001461988304094,28.740354379299614,11.051587301587302,11.73611111111111,51
8254,-2.61710239651416,-26.889048302247726,-8.406581977161691,-24.01266730566805,79
8255,26.224919067638872,8.205128205128204,-38.841854020102176,-44.88605941393922,82
8256,-5.04152781007001,-97.78266096127788,11.476050830889541,11.262626262626263,80
8257,5.174374236874238,10.0,5.1129426129426125,-2.341906459553517,43
8258,11.522717049032838,4.412972085385879,9.434203789042499,-42.61269224298011,68
8259,5.0,20.507391378534756,-5.0,12.525252525252526,39
8260,2.154213036565978,19.582111436950147,-14.148899981279843,22.135429929547577,51
8261,12.152759394810012,0.2692543281788149,25.601888143887074,-10.260192470291464,70
8262,12.259528130671507,5.0,14.901960784313726,11.07638888888889,33
8263,7.136752136752136,-13.885847021735522,14.901960784313726,-8.346443750944122,54
8264,-49.8068059379509,5.945675471991995,-16.02736237139841,12.509599900904249,78
8265,-9.43907156673114,9.492675858222078,-3.759196378041878,-3.9355359943595216,56
8266,-26.888505501584454,-3.511904761904762,-11.29901321192239,5.701659231537603,71
8267,14.69941697092235,-51.63876344834202,0.17598343685300222,20.615180278138425,89
8268,-20.42633090039583,-45.35077579429968,10.139356098799324,-0.1608848667672209,90
8269,7.658733829866957,12.391552511415526,-75.20186639372685,24.822595704948647,77
8270,-44.47420755265627,-3.352548451106366,0.4220205082274052,-35.92208336505614,118
8271,-27.118228901060892,1.6866487011677584,-3.693339288577381,15.780345618363524,62
8272,12.591093117408906,38.29182202568143,9.901960784313726,-3.6886395511921455,41
8273,0.6209510772106204,11.91108347927282,16.08339447297628,3.6231884057971016,58
8274,-27.09564528521212,-76.09737646267789,-38.37386314683474,0.5645277060005753,128
8275,-6.371420605629589,-10.755272178735357,0.18659119638042032,1.4124293785310735,61
8276,14.62962962962963,6.494708994708995,18.134920634920636,1.3514645346040681,52
8277,-27.47874536565013,32.995979036667606,8.499844382197324,10.456349206349206,61
8278,7.506127450980394,14.876543209876543,-11.45916811486185,10.0,54
8279,-7.569335669090871,-6.001122617400785,-26.651295738421155,8.23529411764706,64
8280,19.589827616170275,-10.755080341546506,-7.420093168474729,-53.397817440146106,83
8281,5.255376979871542,-5.627848732462166,4.026146347809956,-19.005422388743433,104
8282,7.637919574609505,-4.226404788211024,-41.03174603174603,4.437759548102434,68
8283,19.328986887126423,10.0,-7.916666666666666,19.425361545623968,52
8284,1.8236708918602336,-31.193679007198718,-24.689359359864795,-6.177382030805366,93
8285,-11.467760105758062,-23.692636629119733,10.298563869992442,-21.80667830647146,102
8286,0.3676835516708268,-9.777470766247855,-8.868265346759967,-20.3347789280457,88
8287,-11.254241254241254,8.950855470380091,9.38034188034188,-29.01107363873321,63
8288,12.959028004794597,7.891106183789111,25.0,9.71576227390181,43
8289,1.5410381784855858,13.086419753086421,13.049410967031104,8.969421101774044,49
8290,6.9620636117157595,-10.911416581803039,-27.741727166435545,9.62962962962963,83
8291,4.856902356902356,1.8253098340785598,6.533768045071126,-18.894605195243322,80
8292,-3.148148148148149,-17.615010392770756,-17.735433097068316,-8.995396689555868,72
8293,-27.69577930333079,-69.10718471636193,-47.780919700507745,-3.7373737373737375,84
8294,2.5741817240407583,11.060904963636537,-15.551090700344432,-13.086750328669153,70
8295,16.923922492535247,9.62962962962963,-7.311827956989247,0.5263157894736845,39
8296,-5.6283360593269585,-13.317515817515817,-10.601006088481835,18.76723293905956,87
8297,5.369530489393503,-35.353387136219126,-37.644550469082354,-29.307967468887007,79
8298,20.190422322775262,-24.396874320147976,10.125052213868006,7.976190476190476,54
8299,-3.7499999999999996,12.383324883324882,7.380952380952381,26.922799422799425,38
8300,-39.594492096522245,17.77014652014652,2.7570346320346335,4.875325886555471,65
8301,16.412429378531073,20.948101320441747,1.8224203557020895,-12.320971860598055,59
8302,-26.477886056526025,10.302033440978674,11.018282632616328,3.0031948580335666,62
8303,-1.1585576259489296,1.99013157894737,-38.24540135969615,19.388578498961536,71
8304,-28.924753952327485,-2.5955615190246952,23.201592013281946,-6.401515151515151,68
8305,6.599378881987576,4.46969696969697,2.192982456140351,12.500000000000002,39
8306,3.048958713920351,29.41576086956522,15.846685802826155,10.228758169934641,46
8307,3.083018504165336,-5.9130781499202545,-70.81838832998645,5.76923076923077,92
8308,10.03003003003003,-10.1010101010101,-31.837345520421366,1.6666666666666667,61
8309,7.756132756132757,14.51748049295874,19.901960784313726,18.205128205128204,43
8310,3.4722222222222223,1.8304723297883347,0.6397306397306406,-32.22222222222222,46
8311,0.0,-15.247747747747749,12.506127450980394,5.759940542549238,42
8312,-12.82923733574117,-64.02992237345389,-47.99863275916889,-1.4112031734519883,112
8313,14.901382123752283,-0.3042328042328042,13.086419753086421,-46.6393138451962,59
8314,16.15698610642999,5.1431732567635216,-4.370226160639693,7.026245359578695,68
8315,-28.977391269325278,-4.01913875598086,14.46969696969697,-2.628205128205128,63
8316,-29.415226222546245,8.873091872407878,-7.144522674736475,18.077342047930284,68
8317,-1.810689304639863,14.498438054278878,-13.237562217655515,-29.33607576941941,104
8318,6.574430041922303,16.92444316436252,-7.501686108960107,4.953334933955686,62
8319,2.900400400400401,-2.5018530558957743,14.67910170904654,11.412429378531073,77
8320,13.917555326224058,16.22050622050622,27.855992638601336,5.415972915972915,45
8321,20.27940220922677,19.885416770247744,13.472222222222221,12.314814814814815,38
8322,-0.3468298807281853,-21.816318658573397,-9.012373211322867,19.784587783903792,64
8323,12.013609989369662,13.787878787878789,-5.4949260405916736,8.086419753086421,47
8324,-0.7395009129640897,-8.707699721567787,19.338972431077693,-8.814426314426314,60
8325,-16.2578363944473,-18.01694720006897,-6.249999999999999,-5.33859055598186,94
8326,8.087478559176674,-4.283609585611263,11.269741823422681,-30.464561893133325,71
8327,4.385964912280702,-81.22717715324423,11.173708920187794,6.5656565656565675,72
8328,-2.826617826617827,26.60264105642257,-42.76123492875411,12.777777777777779,49
8329,7.48252626864598,19.85946939847649,12.163541692143387,13.371212121212123,61
8330,14.457671957671959,-7.027842718325422,-0.5215419501133782,23.288201160541586,55
8331,10.0,0.0,17.314814814814817,-46.633498838167654,47
8332,-28.788536044572908,-9.442119464938937,-9.150108691632726,-11.112173870377315,113
8333,18.63569451804746,1.604113372274544,11.58919705529875,-26.822209653092006,60
8334,12.176596219340475,16.7591533180778,-2.1491228070175437,-37.14158931527602,66
8335,12.407407407407408,-2.2847943491537315,-40.18345502954564,16.06542762792763,74
8336,11.129595762950728,-3.249433738564173,-42.55088059650585,-26.18251574133927,89
8337,-7.449859798842104,-8.325517210485541,16.770833333333336,8.760504201680673,88
8338,-7.759578220571127,8.288633461047253,44.724172630254074,-2.320288292749356,68
8339,19.246185554325088,7.976190476190476,-8.929208046855104,2.2522522522522523,45
8340,13.333333333333334,-5.0,23.601712614870507,11.22735507246377,40
8341,10.0,-12.73101194500789,1.6654447702834807,13.717494089834515,47
8342,-0.89723389355742,-20.836847889987986,-51.158247288384274,-3.4777032880349683,90
8343,2.525252525252525,-5.071406177560375,7.192982456140351,-18.237547892720308,52
8344,-58.203216551806364,-49.629095966404115,-7.686161724929182,-11.21571715321715,115
8345,-2.2222222222222214,12.503575003575003,2.988380537400146,23.270143622400806,51
8346,2.688172043010752,0.0,10.279402209226772,-7.496807151979565,41
8347,-8.215605516330154,6.537902242236608,-18.361928104575163,-3.3934322521279032,65
8348,-0.5762634705134342,2.9915110553697506,13.882428940568474,3.2116227165051434,73
8349,-30.83734770765434,0.07478632478632363,7.015877654393144,-24.896119032165764,65
8350,-9.64219458405505,20.04111321948134,6.025601443221581,28.768631436314365,48
8351,9.142176215308917,-9.396611166834411,-9.52974784657953,-61.4332112541422,103
8352,6.858673539153498,6.484087276770204,9.166666666666668,1.661442006269593,56
8353,-2.3305860805860807,22.31835146787624,-0.507756132756132,-7.009738731137037,64
8354,-7.762515262515262,-7.231559290382819,-15.0,2.6140750652198395,56
8355,-7.311827956989247,13.819858427701567,0.03367003367003396,-3.5617279079758366,56
8356,11.141552511415526,2.2522522522522523,3.797305205973938,-48.79379878488564,74
8357,5.254515599343186,28.10923695434565,28.08641975308642,9.166666666666668,37
8358,-6.794899119067917,-5.327083090631167,4.994097112093717,11.727150107640336,78
8359,26.626435159043854,0.0013338668800848552,-21.964784256286542,24.244476255970508,56
8360,9.469027851380794,7.777777777777779,-2.395833333333333,8.812433505415964,43
8361,0.9974747474747465,7.976190476190476,10.46594982078853,6.881881881881881,39
8362,-59.99771062271061,-3.527662277662277,-5.314831347743192,-36.70482555746824,83
8363,-10.37037037037037,10.0,6.476050830889541,9.009622367465505,37
8364,-27.06801838000331,-2.7270903724771625,9.365079365079366,13.234964622549573,110
8365,3.9846743295019165,1.1557376805054833,23.27932098765432,-1.3768115942028984,54
8366,2.2658260510811905,2.0035850160959914,6.252293390451285,-10.12931898348565,70
8367,-39.0335509067972,-0.027486497832439172,17.858187134502923,-48.18388284169087,98
8368,-8.014763014763014,-29.438545676887,-57.59021461108098,-6.363435559321484,88
8369,7.136752136752136,7.314814814814815,4.740945693897527,11.226894798323372,53
8370,11.912234744030496,1.3888888888888893,-10.340353589252812,13.870214752567694,63
8371,17.688172043010752,-73.24107990774657,8.968253968253968,10.111283643892339,57
8372,5.519943019943019,5.665204678362573,0.2099867724867721,21.565656565656568,40
8373,9.946677709835605,8.896103896103897,0.08536493206304585,-0.8333333333333321,59
8374,-5.662245189839978,-14.715219421101773,9.62962962962963,-96.63199559718926,85
8375,12.688172043010752,-17.257488651350542,3.9682539682539684,8.086419753086421,41
8376,-2.8632478632478633,-0.4309227064645018,5.31074600903106,14.66955469954696,63
8377,-1.4429808645392455,16.122076023391813,-29.85803711155824,21.200393098773176,81
8378,10.966206427771139,-80.11528213679463,3.0349531116794553,22.219750728631716,84
8379,-11.928574897324896,8.21249428195955,8.64399189087936,2.521358930027662,74
8380,22.910206718346252,6.662149954832882,8.64815501448798,26.417012493687285,47
8381,-10.675078954140576,-1.3334927466921727,-36.46387474061498,6.713554987212277,57
8382,-3.7499999999999987,2.300569800569801,-19.73948232906608,18.37875846276384,75
8383,-14.252229131964004,-25.88083235708268,-30.183880862092373,-24.31912799216672,99
8384,-62.59645545947601,18.791799987452162,-0.3242222082801778,15.768334123597283,92
8385,-67.5628135541581,-14.881435190942714,1.0079185512049769,5.366357069143447,89
8386,4.62962962962963,6.854838709677421,3.3333333333333335,8.086419753086421,34
8387,-53.59294205548677,-21.046133853151396,13.333333333333334,7.9260206498058166,67
8388,-2.9597701149425286,-8.984026352710085,9.62962962962963,16.089666506333174,58
8389,13.656015037593985,-44.07319117566746,6.0192741538047585,-15.571534588999658,88
8390,-1.3768115942028984,0.27940220922677206,24.377306029938858,-8.879615214591862,51
8391,-9.365079365079364,-4.024584929757344,-5.344705871039459,19.925266861458148,66
8392,-46.60138264626234,0.611672278338947,3.191023535851122,-6.485121485121486,70
8393,-8.060734015235532,-22.174745263321327,12.449468423733133,-45.112878431158705,103
8394,-34.032911885156594,-36.47392533641483,-4.58377261154747,3.1905942453609804,79
8395,27.340289685503464,-8.68164041782274,5.331663738941906,-49.18237583944189,85
8396,3.205128205128205,6.448412698412698,-0.8303464755077652,26.961899346713672,47
8397,5.651397011046136,7.1273680289484895,14.779465819448044,12.590954292629082,73
8398,-6.915139245373755,-54.10136188862897,25.618360648352912,23.488426209014442,68
8399,10.254515599343186,11.739318868625677,-10.94316012050153,-36.977453770156046,69
8400,-0.37721957304064,-16.01812617702448,-1.666666666666666,-25.168742379061854,60
8401,-13.511904761904763,-69.18363818619572,3.7954621287954624,20.132544660710284,72
8402,-1.6241658156601035,8.776219288087574,-44.23233387522115,0.5204298625351265,87
8403,18.708817829457367,-20.303252535401274,18.994190268700073,4.398148148148149,54
8404,13.623188405797102,-0.18457145739093006,21.81159420289855,-7.916666666666666,46
8405,4.863694797338173,8.472222222222221,8.205128205128204,22.282913165266105,35
8406,-25.021909120235737,-29.4346209248317,7.032520325203253,0.9062384643779993,60
8407,10.367910605102256,25.875440658049353,9.831932773109244,13.205128205128204,37
8408,-4.223842989983588,12.17704372281278,11.81159420289855,-16.936635571089354,66
8409,6.800863363363364,6.944444444444446,10.42717086834734,8.205128205128204,40
8410,-45.21851403732831,-9.144880174291938,-42.150970530330994,21.20255348516218,70
8411,7.368494572158365,5.2841059672455035,-24.771557271557274,-1.5624999999999976,64
8412,-24.21709415446071,3.0065359477124187,11.20957850133809,-51.794871794871796,73
8413,18.058110103687767,11.764069264069263,4.58994708994709,-16.37638794896859,65
8414,11.387073347857662,11.150793650793652,15.0,-36.24800926573427,55
8415,-6.212121212121211,-6.705239205239206,20.714249660362317,-10.279307631785995,76
8416,7.900524616626312,30.478266004581794,-60.19815767258223,-3.522433268126459,73
8417,-2.2670250896057342,-5.246913580246913,-46.578276082133016,21.663794814902992,67
8418,2.7882290519449167,1.9306298086876295,-47.93577755528597,-2.474747474747475,77
8419,-43.038792621172476,-0.5428701692944937,-12.488325944208299,-1.5693055878477873,78
8420,7.439830492585871,0.5379862769249988,-36.526320901320894,10.0,78
8421,-41.13342275511812,10.565855668314686,-2.0839617898441425,-127.4042038331338,95
8422,33.985551134507496,-14.879587809178098,-10.836371366236104,1.4184852374839547,83
8423,0.4793833242109109,5.937500000000001,-0.7843175043683823,25.602240896358545,51
8424,18.52433178520135,-12.440523709473212,-12.43286801818888,18.691942549529973,74
8425,4.62962962962963,18.808131029311625,-14.550936150523356,-16.899796785607005,75
8426,-1.9827935654548519,18.96825396825397,21.057270407814876,24.96843891220791,61
8427,4.068627450980394,3.6231884057971016,-9.751614413881494,18.636929472360194,58
8428,1.25,8.397194910352805,-20.614035087719298,10.403403785756726,48
8429,-4.189434048591279,13.217592592592592,6.666666666666667,-6.029648986966059,58
8430,-10.830452416689223,-4.542619542619543,-0.43497794281269364,-3.9439851293406574,71
8431,18.03594766256792,16.02528608342562,-5.0,-35.303387617965626,75
8432,19.354938758690828,-11.274747078318509,1.6314247827031212,7.801318267419962,60
8433,5.76923076923077,-5.255792352825232,-8.024800058698364,0.2687108336031079,63
8434,-34.50809592129535,-4.6406587583058165,10.501443001443,12.858187134502923,53
8435,4.62962962962963,-51.59517973856209,-0.4223783128300129,-29.550487979639428,85
8436,16.507177033492823,2.0833333333333335,-29.207417908973845,5.864197530864198,68
8437,-4.129053569316448,6.375862242574518,18.36848509271755,-16.67817874581573,86
8438,-79.83888233066503,-24.322164874077732,-12.095814262610327,-3.791765266368582,110
8439,-40.113639833123884,28.51307189542484,-8.767468729323188,6.207729468599034,77
8440,18.275033010963703,-45.68333062989502,-10.555555555555554,-4.624691761237691,74
8441,-9.391025641025642,7.320638344737638,11.476050830889541,-3.3378500451671176,50
8442,-1.0317460317460316,1.1267436267436273,-0.11884550084889689,4.456511649494107,46
8443,7.935216625793876,-31.554790634025753,10.0,27.9391141985292,67
8444,-7.46441061542165,-9.872498662103267,-2.235928362573099,-11.497561540913626,83
8445,-22.20148361712383,-2.372742200328407,-72.42604756784705,-1.338237191895728,89
8446,-4.5436507936507935,-13.34357398873528,8.236551030668677,-12.65668364862189,63
8447,12.380952380952381,-6.20180585697827,-4.239453357100415,6.984126984126984,44
8448,-6.618410796019619,13.968253968253968,6.633986928104575,1.3639490884072931,59
8449,8.952883536216872,-29.075699142055765,-4.851262567980835,6.984126984126984,66
8450,-2.527615334632877,13.525149190110827,3.8132504424414346,-11.622584931408461,57
8451,-1.4269611897695382,10.0,11.429361692519588,29.05812324929972,44
8452,13.333333333333334,13.623188405797102,-0.9844054580896682,0.33337577455224476,42
8453,5.608718079598146,4.507211538461538,9.771782696818564,-7.606472220947386,75
8454,-26.568578553603047,-1.087281989257472,8.542768959435627,6.136026604271923,74
8455,-16.421384153756676,-23.249550157444894,4.388852315119596,1.0084838533114397,62
8456,13.38131130324173,8.436890838206628,-1.8929110105580693,4.014453468787835,64
8457,6.5099268547544415,3.7878787878787885,7.330956080956082,11.41891891891892,46
8458,22.89661319073084,-25.575160154018157,-16.44260106788711,-20.868553527451834,66
8459,-0.07472470591086267,4.727313457152167,10.86269805568051,-36.34920634920635,79
8460,5.0,-5.69125159642401,23.300653594771244,9.493359236170681,51
8461,-10.196535221160635,1.7857707969874461,19.627239741143903,-19.855072463768117,70
8462,15.91715746127511,-3.1060606060606055,9.343434343434346,2.1475384821249506,63
8463,2.5316544614790235,15.213424568263278,8.333333333333334,-10.37037037037037,41
8464,-3.0951320570409044,-5.1651376386139525,10.0,9.176627079594201,60
8465,-5.468409586056644,8.824536702784112,9.038800705467374,21.021505376344084,47
8466,6.525006835131453,-12.241385552471943,18.664681630783324,7.5858406372073475,82
8467,-22.628205128205128,-18.055194627407523,8.333333333333334,18.525149190110827,88
8468,-31.3696549848668,10.104669887278583,-0.47604054115981853,-81.95396651279003,93
8469,9.085651152717672,-1.7097514465935508,-57.1506734006734,-34.8435359210859,91
8470,-0.4650539313676494,-1.4133089133089136,-55.73723496357767,-19.982394448839607,68
8471,-3.677248677248677,-7.95930317669448,4.219807217847719,-24.495598029989747,86
8472,6.72211427113388,21.77304964539007,3.213141025641025,-3.158182813355227,47
8473,12.81384777963278,-24.061996779388082,5.243374056644147,-2.205801860974274,77
8474,-19.51064173153376,4.848871860366115,-8.502924354696281,-0.08172713529856335,75
8475,-1.0002704704328211,9.62962962962963,2.2458735909822884,-2.0927779375038043,74
8476,-33.270230178913565,-16.84216409568522,23.42357199760174,-11.718526575660743,79
8477,-4.997013142174433,8.374907596885706,12.480914931005675,11.633986928104575,57
8478,-36.246012808212996,8.205128205128204,-63.74982752921825,7.976190476190476,78
8479,3.7878787878787885,14.807262103277287,5.143112701252235,-4.212962962962964,47
8480,-22.83426630023766,20.91373291740939,19.388623874896364,9.906083543594058,64
8481,7.280342516753538,-56.38986737972565,3.8825702642001154,-45.406280112022436,129
8482,2.0177244890678683,8.333333333333334,-4.94047619047619,12.14209766841346,65
8483,-9.589793281653748,-2.654247207818636,18.099575862733758,-3.182699018872716,60
8484,2.143928766269193,6.004140786749483,27.020558564676215,6.523569023569024,56
8485,0.19374416433239983,-10.248850002371128,-32.84489058237189,-31.419014555424287,73
8486,9.906083543594058,-10.957491582491583,-1.1540724571284855,13.21137837605895,57
8487,9.672771575970797,15.94842938171274,-10.682870370370368,10.952380952380953,72
8488,0.6481481481481488,8.155656448339377,10.759940542549238,-20.188452285485166,45
8489,-16.11378205128205,-5.078240472977315,-8.033906882591094,-89.53759800092632,96
8490,-59.22835091483401,8.481194372667241,17.734087276770204,1.6666666666666667,55
8491,-31.945153061224488,4.6147230822153436,-6.025957517185587,-30.692336472991563,88
8492,-6.54122950522545,-5.416469911901805,22.70288353621687,0.0,54
8493,35.931780786963714,-34.43882709807887,16.284502104935545,6.545181545181546,60
8494,8.534303534303534,-98.60386388637163,22.298959918822934,16.605181975155265,73
8495,-15.472794996548448,23.92691798941799,-7.295965112681756,3.4829059829059843,70
8496,2.23753172238773,26.344086021505376,-7.619047619047619,-12.91627814385937,62
8497,-3.8172392816137832,15.0,2.7683080808080813,-0.32828282828282784,63
8498,-10.794097501414575,2.192982456140351,17.441622630139527,8.472222222222221,48
8499,-11.911375661375661,24.08390478725369,9.901960784313726,-37.55859722455241,63
8500,12.192982456140351,-13.565352008150022,10.648148148148149,-4.5464746580811095,62
8501,-33.657024704756864,-30.924474356232214,-7.247307841484438,-7.092524509803921,87
8502,0.9722222222222232,1.488030888015302,10.002986857825567,26.330309901738474,49
8503,6.488347643363767,-59.64286655994374,-21.76223927484586,-29.279395230800844,105
8504,11.721245919385911,-5.574365574365575,-39.620591826474175,3.6231884057971016,70
8505,-63.58373117830018,2.671065955684469,-0.20940609306420543,-13.711134917265722,106
8506,4.475413260733324,22.648690194456783,3.9682539682539684,10.0,46
8507,14.304846938775512,4.978177850518276,9.558113253763302,-12.15944943566427,49
8508,-64.83177439620272,25.915790252735036,2.2612784951378937,-21.646108715628756,78
8509,-8.904176796333656,6.937984496124031,17.73033126293996,3.733300052298769,54
8510,-8.497926361703454,-0.19411941595379378,-27.756375424793,-25.126362458679534,88
8511,-2.632850241545894,14.805644946487714,10.0,16.330309901738474,51
8512,15.714285714285715,11.87429854096521,6.303418803418804,7.688172043010752,40
8513,-6.309028500104013,1.892989639468514,-3.704120787454119,-46.0306088260187,78
8514,-4.498283161056056,11.003172946272795,-4.2655506172364,-30.751178108697346,92
8515,5.0,12.083333333333332,8.787878787878789,-17.307793951046705,51
8516,13.051147072445247,-23.18842915757525,-16.471207938599242,-53.21005547033977,90
8517,1.0041407867494825,9.901960784313726,2.3621553884711783,9.126196227018688,50
8518,7.375357639002413,-2.311827956989247,-0.6140350877192979,2.525252525252525,48
8519,-2.685185185185185,-3.062015503875969,7.525252525252526,-1.6579558652729376,43
8520,18.17489114658926,-8.429189857761285,-18.369520264681555,11.4676277014871,53
8521,-52.249827467218765,11.700680272108844,15.447524938499441,-3.148148148148148,61
8522,-74.17204395386358,1.5723270440251573,1.851851851851852,-8.657665323524325,66
8523,6.851851851851851,-16.127136752136753,-8.163054695562435,11.339541550260343,67
8524,-0.49005460770166476,-15.458759484956007,-11.617647853266813,-0.7702968680713127,77
8525,-16.31828746259358,26.977144913965446,6.206896551724139,5.630403923086851,73
8526,29.668985115413687,-5.0,5.0,-17.39602855322574,52
8527,0.15534420996261922,-19.088533181275118,-19.281216385189555,-5.046296296296296,74
8528,3.3006535947712425,-18.41872860255213,29.52402368163238,-17.421564661055072,81
8529,18.198221566010172,-9.939286137936403,16.197060766069868,3.904573687182385,72
8530,-33.53332290362954,14.50937950937951,18.797649614175313,4.980359147025815,66
8531,-2.703924162257493,-14.570172178867832,-19.230926205122728,-3.5390643430526545,78
8532,15.45002874271167,-10.318656901318192,9.166666666666668,3.4722222222222214,43
8533,0.589637380615915,-13.044555014717364,-35.18486610462718,4.385964912280702,84
8534,-20.527080921637673,-3.948412698412698,7.688172043010753,20.970663819812913,77
8535,0.9599829714772246,8.343776106934001,18.822245621937277,15.555555555555555,43
8536,4.204545454545453,17.659512127522355,-6.056262237263519,15.243841126194067,59
8537,27.925119039099396,20.175150519978107,20.960855312233004,4.807621161672217,58
8538,1.8016351996005966,13.15237080731993,-28.61066808435229,-8.123743898937697,60
8539,13.333333333333332,1.4189189189189202,16.765319232424496,7.066787875495795,57
8540,-8.85989615616101,14.055875220898573,-13.988908694791048,-1.8012377969309874,65
8541,6.946550130657059,12.605820105820108,-14.932375206896962,18.205128205128204,61
8542,-1.6666666666666665,8.677782060135002,18.90692640692641,-5.677901595420776,48
8543,8.948346339650687,14.972507521527131,-0.8044733044733039,-27.053874793989976,71
8544,-14.819587050062431,-3.6218821574213713,1.733401067856395,12.192982456140351,72
8545,-22.251605404468044,2.134223621834927,-27.12170194847858,-3.1255066129015714,98
8546,20.143324836307293,-58.63017177533307,-10.059750826341215,6.515151515151516,65
8547,12.590132827324478,1.9444444444444446,9.385964912280702,22.907268170426065,38
8548,-26.89241420699221,-10.872969609454124,-8.199230227532112,-1.0090451253361086,69
8549,-3.397435897435898,-20.50524386926725,-12.086149600814494,-22.810547164264314,88
8550,-23.688639551192146,1.3700918964076862,0.7021432126415332,4.84006734006734,49
8551,-14.997463097218299,10.585585585585587,-64.96484452366803,8.768631436314363,59
8552,-2.040421150373195,13.099115439289926,-36.75575756086962,0.9375,81
8553,-20.20780166178648,21.77304964539007,10.0,11.79590017825312,47
8554,10.0,-12.63168401861206,6.700680272108844,16.971114625576867,59
8555,7.252252252252252,-11.943080732777668,-7.287423707778796,23.73931623931624,52
8556,23.394527585704058,0.9890175233239,-21.75551630908774,16.266295588856885,69
8557,-0.8806919060776544,9.466179879713716,-5.516499282639884,-4.038739038739038,58
8558,-1.4964866051822572,2.709990268129804,-6.597542242703533,6.881881881881881,49
8559,-29.847494553376904,-17.28979375991539,-27.253193960511037,6.860919497506674,68
8560,3.269230769230769,8.836008332315455,9.049523545887583,16.94866825680779,63
8561,11.313131313131315,-16.91917580550765,0.5568116566178589,17.27754402368708,61
8562,31.39034878165313,1.3197097020626443,6.145124716553289,-2.0991045991045993,52
8563,-26.417781845106656,-8.633879781420765,-16.666682666332523,-7.117692221765964,74
8564,-24.37466062909669,5.711716211032217,-4.598765432098764,-0.7575021523192262,65
8565,-3.015873015873016,-16.673578949793782,9.02777777777778,-40.297485520114556,76
8566,-0.928287981859409,1.4967516241879064,8.086419753086421,-19.285714285714285,50
8567,7.252252252252252,-42.44294211046129,0.5887781469176818,21.17283950617284,56
8568,10.540183209948697,6.753812636165578,-14.806494081896474,-27.037993803137795,64
8569,25.4673721340388,8.333333333333334,-0.09803921568627416,11.22735507246377,35
8570,-7.863247863247864,-14.860390685354817,-4.757873626719126,12.1552257266543,52
8571,9.166666666666668,-5.330504630557224,37.25809657480707,-2.6190476190476186,64
8572,0.0,0.6116722783389461,7.121212121212123,1.7007797270955152,42
8573,2.665733060150358,-17.097018554891868,-21.57516155524994,13.968253968253968,83
8574,13.984674329501917,3.7878787878787885,5.0,-10.0,36
8575,-0.49734249778762774,-42.59852955993112,11.716841464302519,-1.7239140048231967,104
8576,5.655040215969499,23.319469201822145,-13.788153271848925,13.355927698032962,62
8577,24.34544607547414,-5.614035087719298,2.3961014586014584,-5.53546329342247,81
8578,6.515151515151516,-22.74691358024691,-19.780153535045095,-9.77533960292581,59
8579,-17.63327154252331,1.4367816091954022,-15.323067383318858,8.709264591617533,65
8580,-74.55026455026456,4.771505376344086,5.143112701252235,-1.7606122606585317,66
8581,7.314814814814815,9.260031556046737,16.803166751294746,-6.794871794871796,52
8582,-10.348891224560337,-37.52370331198716,6.161236424394319,14.189368990866628,95
8583,-70.86097187740563,-4.500139236981342,17.776273022751894,15.002293314986815,71
8584,1.914465719383206,-9.771241830065359,-21.07417257683215,8.973137352237277,65
8585,7.282536295694191,10.0,7.746975246975248,7.604166666666668,43
8586,12.040229885057471,18.78787878787879,16.558641975308642,-5.081018518518518,38
8587,-15.425485008818342,-17.11684847955045,-2.2630859090348543,32.52009462325368,73
8588,-76.72886650746926,10.526315789473685,13.039894739350785,-0.5087560386473429,99
8589,4.166666666666667,7.419135576463165,13.787878787878789,8.374183006535947,47
8590,15.64175194931774,-16.07526789770807,4.957933197560098,-11.193249256559323,82
8591,17.382506773135674,-77.70937392518874,9.858857336037865,-0.9878785485845141,81
8592,-20.098039215686274,-9.933454325468844,8.472222222222221,0.18925518925518858,44
8593,-2.5288077461990506,3.8429816370992835,2.855200355200356,-3.371459893611352,81
8594,-9.003789363287767,-12.405199522731465,-3.405308142150247,-18.715915914858236,80
8595,-15.202850877192981,-33.413505059467795,-21.211262036226167,-8.182732711034598,78
8596,5.108548695376953,-7.314342804592186,-17.618179782477256,-13.390315896473533,109
8597,0.4869362796192067,2.3538639829694006,3.1457139647230647,-17.450936817346037,72
8598,-0.35338713621912454,-1.9456663408276313,11.238859180035652,15.203031979347772,49
8599,5.6671626984126995,15.77984817115252,-54.04471385179632,1.6352572115946333,97
8600,15.0,2.3621553884711783,18.095238095238095,1.0041407867494825,42
8601,9.901960784313726,9.063846455150802,5.29554483154889,15.0,46
8602,11.572327044025158,-4.565217391304348,-6.1409642988590365,20.00985699183395,60
8603,-4.547576606400134,4.901960784313726,2.2522522522522523,17.41106719367589,41
8604,4.464058697468309,19.240199725981498,-21.845443537975807,-27.4166768903611,74
8605,16.19918699186992,15.241301907968577,-1.147812189478857,-9.318181818181817,58
8606,18.572303618070208,26.323949408404733,-14.239453357100416,9.115853658536587,43
8607,-3.633879781420765,8.870214752567694,-50.36727569815805,-54.542193363078965,68
8608,-15.971862738763527,-52.72169636872154,-8.106060606060606,3.5292022792022806,78
8609,6.700064641241113,-54.31669265621449,15.742074170354712,-31.1255927432398,91
8610,-7.788687461790443,0.3519181967457832,-12.921552994802507,-16.50947414549379,85
8611,-65.69649861644098,4.175377468060395,-7.820739123795149,-6.299152173007734,84
8612,-34.84423246991646,3.8022269486042584,11.515151515151516,-19.78652431326455,68
8613,2.141748147032853,5.580357142857142,-7.761116878763936,-3.6092770661503812,62
8614,21.06132035793787,-32.780148336082,-2.8485838779956425,-26.26758108257901,93
8615,15.054243471582183,-4.412177869051185,-18.179402058401024,5.852316368177844,63
8616,-8.163543992401996,-2.194697836769789,1.5099544694926463,8.25908098286615,80
8617,-7.176505822454768,-1.155885471898197,30.4408568514554,-19.491156255964487,61
8618,-5.6871212158429,-117.77713390115166,-7.32905982905983,6.027741439864223,90
8619,7.873563218390805,12.351981205967402,-25.75146394473778,-1.282986477145652,74
8620,-0.6463534287917163,-5.0,4.820051952404892,-2.109965501698907,60
8621,-11.716004583651642,16.572420634920636,-14.689970815502543,7.235175900007178,60
8622,-0.6271583531308949,12.815681828286872,6.062221528752968,-17.33142109500805,70
8623,7.329759612368307,2.4774147247551506,-0.18970189701896878,-11.172620045169065,54
8624,4.325278933122071,0.48602385716723373,-4.5563154339750085,3.898791955360105,86
8625,6.493506493506494,10.0,12.16374269005848,8.205128205128204,36
8626,7.568573679217025,14.460784313725492,-30.05709203077624,-9.101996702403774,68
8627,19.26574635419587,-15.058760683760685,8.578511496131634,-15.561821219715956,62
8628,-11.514161220043574,10.636853719776544,0.002986857825568734,5.836940836940839,56
8629,17.604166666666668,-11.287095555439324,-0.5908289241622562,-81.91777884944982,92
8630,-9.292922675391228,11.302926967888606,0.19562795878585515,-5.270219198790626,61
8631,9.47396758314287,5.247701791819441,-12.153992511334835,1.0454838267100561,77
8632,12.559477520633738,-41.70274657116762,5.437624653232721,-68.33865417512034,86
8633,5.730050933786078,7.2522522522522515,-22.84818158680203,12.426130915025482,67
8634,11.066411238825031,-24.74723317513256,-6.3228334441051475,-16.027113154772728,82
8635,-43.056345983097046,-4.4390715667311405,11.944444444444446,24.870262419282028,65
8636,-10.74074074074074,33.768631436314365,5.016722408026755,-5.81688596491228,48
8637,-58.698804626092695,9.96974494290783,3.673460981629299,-27.488753380486784,101
8638,-4.537612146307798,17.083333333333332,-3.172235251220069,10.257534862798021,58
8639,20.106382978723403,-8.421052631578947,24.507099208544446,14.249295924331793,51
8640,-17.22222222222222,-0.12987012987012925,8.537041675557164,-39.35041852998509,61
8641,-19.37509379980218,-5.367235104077208,-3.264502792804679,23.273582506992117,57
8642,-15.336068711354752,-55.79599286089036,-20.478861416361415,5.582525344836871,76
8643,-40.932444577037444,-4.82959156693918,-26.95425733858039,-50.81035586560113,101
8644,-45.97348312122594,35.03838190364723,2.5061797058460016,7.038712921065862,67
8645,2.9761904761904763,10.143112701252235,8.041471116762741,13.404364858169206,46
8646,11.633986928104575,8.087478559176674,-100.97910181998145,24.96835177733065,71
8647,19.132053764822125,-0.08051529790660195,-1.077160919383703,13.874337511848024,59
8648,7.976190476190476,1.3290467702232414,-9.354447499608789,21.73611111111111,48
8649,-4.5833240260484835,-36.16847826086956,4.589371980676329,24.028302478881894,70
8650,7.808123249299721,-11.0718839249286,12.140629512300778,10.34188034188034,59
8651,-46.417002423798934,25.12282980030006,-5.523389699452217,7.4692712906057945,73
8652,-0.5164992826398844,40.2521844097931,3.280719247077566,16.20689655172414,48
8653,10.0,-6.540846060875756,6.712962962962964,-6.8794297212910065,77
8654,9.608585858585858,3.0570429381974376,-13.271012914022291,-5.882936507936508,57
8655,5.6949227376056655,-5.2796317626327145,13.090117767537123,-2.3722349351639966,77
8656,-12.243867243867243,13.82996632996633,-11.969947615108907,-4.458492746692173,55
8657,4.137426900584796,-14.996461995789952,-13.932534353316292,12.94015522875817,65
8658,-32.75762830384679,6.263790386130812,-78.31133301696768,-1.9040247678018576,96
8659,15.0,31.192590150234714,5.806878306878307,2.472384665367122,50
8660,8.086419753086421,16.7542556112484,1.7791005291005297,-4.209976105137395,64
8661,16.380969785575047,-32.039743433605324,6.657576823832983,-3.148148148148148,57
8662,14.465831787260361,-8.717308839787322,30.25667211328976,23.480095779257727,60
8663,19.80360652841273,-28.157500541255683,3.1343455256498736,-23.973303593858496,79
8664,20.582164676992264,6.993006993006993,6.469298245614036,9.906204906204907,42
8665,-5.969308469308469,-13.233082706766917,3.2352941176470598,11.790861198188786,47
8666,-12.105391966355143,-15.436937253839101,-10.611383442265796,13.09539190353144,76
8667,-27.794671426128044,-0.2745849297573435,11.884186415436417,9.85641891891892,79
8668,-19.714015760238752,9.901960784313726,4.110406492231764,-13.92440008308522,74
8669,-9.258321934742044,9.298941798941799,0.09326892369878692,5.0,56
8670,12.450980392156863,14.797149122807019,-4.319953124303075,11.524422973698337,50
8671,0.4210228704667536,-49.47660763672093,-1.602787456445993,-42.81134449890954,89
8672,26.860377991441325,-78.88127682366958,-81.5556830116173,9.294149221685455,100
8673,-12.474747474747474,9.068016935080955,6.206896551724139,8.968253968253968,46
8674,2.0402298850574723,9.62962962962963,18.922111480251015,9.994681040696221,44
8675,-4.145054073689221,-11.95585428206076,7.054999272840443,19.951916866878506,69
8676,9.62962962962963,-1.5170940170940157,7.136752136752136,7.252252252252252,40
8677,11.572420634920636,1.111111111111112,0.20213577421815465,9.901960784313726,41
8678,5.070546737213404,1.2040441176470593,2.5174975260883112,-20.245586815748634,66
8679,2.2522522522522523,15.320754959399732,10.229982006297796,13.36476941689632,57
8680,7.616892911010558,1.3247744750073949,-45.87707081893129,-0.32166600164882464,71
8681,5.987598810044277,13.64298021079359,-18.544366869277226,4.350104821802937,74
8682,8.513293858121447,-15.078047297321119,-30.553682648804276,8.214727494565143,73
8683,-27.266096601134965,5.992348873847592,-0.6898656898656905,-40.48776168174781,75
8684,-4.27413671599718,5.0,12.032520325203253,2.3600122310132647,44
8685,22.54243827160494,3.9705048213272836,6.230821575649163,18.003812636165577,45
8686,-29.056100684957315,-4.988239577730545,-21.789615803236934,8.189752252252251,77
8687,0.6713713308304974,10.436495700140473,17.976190476190474,23.9511482784641,74
8688,-5.2352590827873735,-13.207130903082247,-38.34191192856751,11.736800812270728,92
8689,17.834757834757834,43.87188722554815,26.35964912280702,8.65800865800866,58
8690,-1.7636950316688864,-16.235198069455954,-28.076198756228194,5.102065985775001,104
8691,-16.643862053678156,-23.16707255908708,5.366161616161616,6.150793650793652,55
8692,-5.37037037037037,7.200064288284885,-9.132258109773,12.986895971468758,80
8693,14.62962962962963,0.0,-11.650679191329596,21.3772042801714,45
8694,-22.65621824210626,-25.573922751434008,8.205128205128204,9.047619047619047,74
8695,7.314814814814815,11.841817186644773,-16.57292008481874,10.939391877621432,58
8696,6.107690202517791,14.62962962962963,-3.607954545454544,-2.0199805068226118,44
8697,-9.634146341463413,3.5394314117718375,3.5944105073887522,-20.84833933573429,50
8698,5.0,2.2023357224451403,11.893939393939394,4.176493710691824,54
8699,7.517398410764815,20.181417903739934,16.952027444376668,3.540548598688133,74
8700,-8.094105910961863,4.6466128637808755,25.72530864197531,6.466624425131728,69
8701,-1.8777440054035797,3.5232923578788244,-39.39020097286226,21.572327044025158,53
8702,-17.023288284593193,-36.21795263428328,-19.097759303634113,-1.716667023684567,86
8703,-11.424798195631528,-13.664975397365765,6.5432098765432105,-24.08000965805938,76
8704,4.582645638486461,16.666666666666668,12.520885547201338,-7.040510127531881,50
8705,6.469298245614036,8.234128315363913,5.0,-35.15217885025537,80
8706,-20.840680054676,-2.342944550306032,13.018162393162392,6.9215073700872605,65
8707,17.023172905525847,-4.372653795416462,-13.792270531400966,-0.36511897559991935,74
8708,6.773049645390071,10.430242272347536,-19.069833346732175,-3.8221264431007436,58
8709,9.734848484848484,-19.52780350904818,-24.158030345710497,-2.1459232934642767,68
8710,10.296468829077524,-11.297405487974453,-0.23809523809523725,7.450980392156863,56
8711,-22.991100549808962,10.82599023172839,10.327075382106829,-2.7905637807128443,82
8712,3.0745256585310368,22.80195681511471,3.7799043062200965,-8.104501045070013,60
8713,21.37932116192986,-32.443708805552625,0.31746031746031766,-9.026284348864994,68
8714,17.01058201058201,-16.3768115942029,15.0,21.49436683700112,54
8715,-24.692953366227027,-13.169329858400577,19.166666666666668,8.378758462763841,66
8716,-13.187641633023226,-4.466064924137759,21.019289859618407,25.8191837801606,86
8717,-6.231368563685637,-22.967171717171716,27.692307692307693,11.110538847163353,60
8718,16.602564102564102,7.838018268498228,-15.77406720263863,13.281606386445098,53
8719,-1.8626413508659867,-10.01469131104094,13.248375812093954,13.031305114638446,58
8720,-14.991614991614991,-3.179287369856337,-17.93111377317546,10.227272727272728,66
8721,-3.756218905472637,-44.44802758886222,-21.98723017663966,-5.278211161781659,104
8722,-23.494169109268938,15.787037037037036,13.205128205128204,-17.961287078934138,62
8723,7.314814814814815,-5.5078259373925,5.351078780848571,10.488559059987633,54
8724,-0.013516512336339659,-65.3163210768146,-1.9000845335154803,-39.114352388211195,105
8725,-7.562376932063552,-17.56761878108365,-47.170811034866965,-9.963008120902858,83
8726,-10.852974186307518,-4.1003009219327975,9.22008547008547,-1.2121212121212115,50
8727,-12.659726282290002,-11.596620992321046,-33.58808795079394,22.323974624709503,87
8728,9.633204633204635,8.870214752567694,13.086419753086421,-18.77264492753623,39
8729,-20.42974998857352,11.671045894305658,-16.24647748266419,28.153935185185183,64
8730,12.177447861435137,7.4298074879470235,-12.599525433955513,1.7006802721088436,78
8731,20.608974358974358,7.873563218390805,5.690586419753087,34.373779814956286,39
8732,-31.13647382029735,12.976190476190476,13.26245952828231,-3.138429813734124,81
8733,5.809564862401894,-5.846019348931616,-3.717948717948718,-51.054159549094265,91
8734,13.394305283145524,-12.712676828996136,8.041877104377106,4.734848484848484,79
8735,3.5433238881514733,2.525252525252525,14.965678548803286,-1.565209464387003,53
8736,29.422799422799425,10.0,-6.162854030501089,-0.23340188925829963,50
8737,-0.20463559679245868,7.604166666666667,-21.71916915191325,2.8349533066514194,71
8738,-5.101582980439604,7.604166666666668,0.18925518925518903,5.924630924630925,44
8739,-36.8398710953682,-0.6833438780258412,18.975104985991536,-1.454678362573099,89
8740,28.52792632204397,8.101851851851851,-27.818524338198433,-0.8333333333333321,51
8741,1.5724206349206353,-11.55784754472201,-44.79883420672894,-27.34963708647919,79
8742,12.210323711765673,3.310305638988582,5.259115831198208,-9.233179557089294,78
8743,-17.70343524061105,4.62962962962963,-9.397407498624212,-8.211271617311052,91
8744,13.456285386109949,-36.196273065572235,3.634651928068225,5.30151795017524,66
8745,-1.4183826683826668,21.33481680651492,-49.76909298165678,22.219762456954108,75
8746,3.142717497556207,-14.389315877488679,5.537400145243284,23.333333333333332,57
8747,16.85185185185185,8.704485975991354,6.215092097445039,-2.8070175438596507,45
8748,-13.434343434343432,26.602564102564102,-0.4674796747967478,13.71710096444139,52
8749,2.032520325203252,-19.477480807137667,10.33073077715935,5.875440658049353,49
8750,-2.408906882591093,-5.969052655573467,4.52808592875434,-2.409867172675521,67
8751,20.927419354838708,-12.747747747747749,-65.05264365169167,22.38394188084591,75
8752,18.55263157894737,5.0,-4.745484400656814,-11.310160427807485,40
8753,-17.502452075194164,15.453385853244889,-0.29676735559088474,5.634920634920635,61
8754,11.324730236920828,9.587732528909,-9.99824861175436,1.3412872458925096,68
8755,-46.16330103913682,-21.520606580079495,-8.35422914426941,-36.1747383574843,98
8756,-32.22161422547116,-15.006105006105006,5.027580049826991,5.498785492609982,72
8757,-5.2828981054787505,2.1348667672197097,0.961913840381718,5.665204678362573,66
8758,5.396238051187172,5.784313725490197,-9.2938273864998,-7.019040771689075,67
8759,7.639291423954697,8.685897435897436,-34.140359774417746,16.984126984126984,57
8760,9.720692368214005,22.523095177557423,-33.686868686868685,29.3859649122807,50
8761,-18.31393877125585,-9.172765125113035,2.0210247841826794,3.891372743831761,72
8762,-17.774971941638608,-3.523949169110459,-24.372057045935108,-9.633838383838384,59
8763,15.085158978680028,9.166666666666668,-46.3493271690392,7.2522522522522515,64
8764,-55.292823404869125,12.01333774250441,5.984299516908214,1.4356939356939353,63
8765,25.89937925795739,-0.16429963798384772,0.26114282676585154,15.0,57
8766,-75.5338488671822,-41.298172104093155,-1.1841657284035243,1.6655397791300466,81
8767,-34.956834088350604,1.9239224925352452,-0.9845049130763415,6.633986928104575,67
8768,19.70646787142951,7.450980392156863,4.851914733069233,22.314814814814817,36
8769,12.454842060105221,-30.640031265031265,-3.2870370370370368,-5.308692423975343,67
8770,-47.15137804470109,3.1565656565656566,7.943430743764445,7.920229433874207,72
8771,-17.77452891487979,-25.309396654457643,11.047008547008547,-25.51166005045636,100
8772,23.84800384800385,-16.426045302080908,-8.276017771449665,15.106209150326796,63
8773,3.254425185690097,-14.684661743485272,-23.668481024959977,-16.447467876039305,65
8774,11.313131313131315,27.38977754844628,6.291547958214625,22.38095238095238,35
8775,0.8282415122287876,10.437379847292556,-5.843997272568702,-35.9762172957207,79
8776,1.302083333333334,-13.638811148841615,4.5085221715477495,7.220722747038536,67
8777,-22.54789745278876,-27.296720575022462,23.605411834671422,8.4992784992785,59
8778,16.92710771311177,18.985883741630868,10.584255702235659,-7.746913580246912,60
8779,0.5162835425993328,-4.220151828847481,-10.0,-12.489297092791716,49
8780,17.52563953713379,10.0,0.0,-2.9121646194816915,51
8781,11.87429854096521,9.385964912280702,12.461856869184455,12.21677559912854,42
8782,-6.4631191164210025,9.17076281206716,17.765151515151516,12.154882154882156,55
8783,8.740344622697567,-2.4120995995995993,6.984126984126984,12.104138309812068,54
8784,-11.648995385194343,8.796296296296298,15.243454598293308,-6.874265317063333,91
8785,3.235294117647058,1.6382171645329544,-39.81224925796667,13.787878787878789,52
8786,3.6843711843711846,4.763770180436847,7.154213036565978,16.893939393939394,44
8787,-19.323035150267167,-3.5871168813967156,-3.1884057971014492,-56.3742746914212,103
8788,14.016606715882077,-6.339143312827523,6.98529411764706,-2.8960152861592787,54
8789,-31.168064338971604,-18.771318255013906,-5.833333333333332,2.4725274725274726,74
8790,-3.6868686868686864,-0.4922027290448341,25.861999770668504,0.2713178294573648,44
8791,-29.639700577200575,12.976190476190476,2.573692064238282,5.0925925925925934,53
8792,2.8735632183908044,5.0,7.688172043010753,-11.634116370958473,48
8793,-39.7033098030079,27.49980958718502,10.013266407278705,-68.05322674230086,100
8794,9.385964912280702,-6.3768115942028984,20.68726226026058,10.906238464378,48
8795,17.700617283950617,-1.0297766749379649,-9.921073065118758,2.7407878691241443,72
8796,10.07075047877229,-10.779501455344326,-41.77732350480187,10.680031344992983,68
8797,-14.40569097305784,-127.49008065873343,22.76800814023447,8.847364219704644,93
8798,10.0,-6.508370558704261,11.984126984126984,6.238859180035652,43
8799,-92.06309774426347,-4.172299022183465,12.299189203047522,-6.626076715089482,105
8800,10.550807217473887,2.604166666666667,21.753812636165577,5.608974358974358,45
8801,-49.67390526502811,4.5438688528477265,-4.5161514898357,3.45528496269986,81
8802,1.8418171866447728,-2.3539754752006683,18.562563195331556,-7.1642669366349025,69
8803,22.194514387496845,2.4509803921568647,-10.823506289308174,4.314133003392595,66
8804,6.419753086419754,4.713508498828562,-0.78095340928299,-1.689311594202898,78
8805,7.503192848020435,17.38095238095238,13.333333333333334,4.166666666666668,35
8806,5.611672278338946,11.766381766381766,16.00414078674948,16.65642601126472,40
8807,13.472222222222221,2.5213924052270844,-19.00872750687499,27.635882635882638,63
8808,2.8347578347578346,-0.9474206349206362,-11.031746031746032,12.894181077320612,49
8809,-8.22695035460993,8.344280640295821,-21.1520717371101,0.0,52
8810,-3.6042633178614336,23.205128205128204,8.874834656084657,26.60070800882389,64
8811,1.7361111111111112,17.02485380116959,-1.670393114552291,-12.943592026253315,51
8812,-10.138888888888888,4.756322256322257,32.329639705656604,12.44047619047619,47
8813,-5.53030303030303,5.4292337508807265,5.625309674222716,0.5855855855855858,57
8814,8.628676391834286,15.0,19.058645502300003,14.91289708681013,52
8815,10.0,3.6898395721925143,5.656108597285067,-2.7477477477477477,40
8816,5.230660074974473,-65.38215245451946,-37.500958224708405,-2.9959291769304586,117
8817,23.554335585585584,-17.252482354352892,3.261144883485308,2.2746227407244364,64
8818,8.472222222222221,-19.027848493392423,-15.62580220767552,17.336048454469505,58
8819,9.018007375850512,5.0,12.777777777777779,14.385964912280702,41
8820,26.11111111111111,-7.2766362573760635,16.236293859649123,-22.845088429735817,75
8821,17.42495813339636,-18.94736842105263,6.976514895922792,26.425949806526713,73
8822,6.40096618357488,22.14748609040194,-41.248403575989784,4.014210667977439,70
8823,9.9250670732428,-48.22218822242354,-27.557338990999845,0.0,88
8824,-24.67978395061728,5.0,-15.482295482295482,-1.6148896416397918,62
8825,20.10145793775445,-71.64083850189327,5.56651731272523,11.412429378531073,70
8826,-20.034822271664375,11.651658028023979,11.380430911680914,9.320080799118067,68
8827,13.472222222222221,-15.0,9.325396825396826,2.688172043010753,37
8828,-39.83255903987612,13.205128205128204,-17.203944334091307,-2.3055745424166476,61
8829,-6.32775354765562,-14.948519365614409,9.32464849642395,11.851851851851851,73
8830,2.688172043010752,21.458480468712416,-26.937229437229437,-12.280701754385964,57
8831,20.4673721340388,13.374183006535947,25.0,7.163742690058481,35
8832,-19.93436328329338,-26.763165880812938,6.279550159024198,3.383921246923709,102
8833,-1.9233143495286904,3.201351494034421,26.336097224462005,12.597465886939574,53
8834,-12.967479674796747,-5.4731591812786355,-11.953123877465982,1.9444444444444446,68
8835,19.99395666062333,-31.747368899193205,-1.5505651371220424,-3.0909863945578238,85
8836,-19.502263009266404,22.71020624008461,-4.609315117188306,6.5039442842791,62
8837,12.75036790483015,-3.127837341833285,0.0,12.260821435857306,49
8838,-3.163054695562435,13.968253968253968,1.0786914235190093,3.6231884057971016,37
8839,11.839958778384219,12.792639255321102,6.3657407407407405,9.695196711148483,76
8840,2.33784893267652,-44.30941358024692,6.488095238095238,-5.89637090595583,57
8841,16.85185185185185,17.38095238095238,12.252252252252251,-34.18936387686388,45
8842,21.330309901738474,2.95650301464255,-38.761140819964346,-3.4413580246913575,49
8843,4.278922736566226,-6.537433155080213,21.54320987654321,0.5672931264662013,54
8844,9.71576227390181,4.918981481481482,-27.904589371980677,5.341880341880341,44
8845,-42.31063517198573,-22.708964219220658,-81.05493876511623,-20.42473128229529,138
8846,-6.527113237639552,5.536197644040781,0.8543417366946784,11.459244298689985,57
8847,7.083194583194583,-8.701617010440538,13.917555326224058,10.245271867612292,47
8848,23.77994986206744,13.513561696701233,3.2886334610472536,4.871794871794871,64
8849,-1.1240850781713903,-11.513804822628352,6.515151515151516,1.1687611463647307,68
8850,5.010315355142941,22.694883618796663,21.88271604938272,28.402407573422757,48
8851,-7.023809523809524,8.878925553961423,-13.145012881854987,2.121212121212122,45
8852,-20.787725346548875,-0.27536308238062546,-16.978216829266245,-32.302089749271516,77
8853,4.9603174603174605,11.882044481855193,8.203939803088897,14.601324641003778,65
8854,4.956896551724138,-0.6305114638447975,17.648645022961027,8.638362731883365,61
8855,20.825082508250823,-54.757451177798956,-79.80344135824097,21.69545561171177,101
8856,2.525252525252525,5.586080586080586,7.873563218390805,-1.1064483692567166,41
8857,10.731750352893728,-31.12679838960674,6.267719089016518,20.056980056980056,45
8858,2.4635764128517756,-7.619047619047619,-10.833333333333332,5.416666666666668,50
8859,30.228758169934643,1.8315134964725137,-6.292546391230601,1.8470518510939493,66
8860,-7.507055510484589,5.820399113082042,-19.910577244321086,-0.06172839506172778,62
8861,-0.264041514041514,4.302946874281377,19.716937044723423,-5.267981768064505,80
8862,0.7639600896179857,16.565656565656568,11.675010429703796,8.086419753086421,47
8863,1.9767971492109415,2.222222222222223,-33.66489832007073,-5.029038963042962,81
8864,15.398110661268555,13.506944444444446,2.968108191893359,9.781746031746033,50
8865,-28.607954545454543,23.651903651903652,3.1666748417107105,-2.932093970045045,55
8866,26.034373900934078,-5.296767355590885,-0.8333333333333321,-3.571228154561487,53
8867,-78.99408832601453,12.988380537400147,-21.09368508516826,-4.466409424951353,107
8868,-12.222222222222221,7.216775599128541,-17.857142857142854,6.937984496124031,46
8869,-27.737175360282432,9.842226583185372,-13.715490624184165,-107.96379916803257,87
8870,-74.79702038533053,8.62931897414656,-22.40159729103496,-5.817643345216872,130
8871,-21.374471110826338,16.488095238095237,10.784302342700173,11.035141035870595,102
8872,17.450980392156865,6.783879413279001,2.332568594734892,-15.633460619079578,64
8873,-0.4484007574996216,-25.198191554792654,8.503086419753085,3.7997028428295283,79
8874,7.246995572422518,0.9384346600104052,-31.865172130186988,-20.03854941354941,69
8875,9.573934837092732,0.1431127012522353,-25.695301370009748,12.604166666666668,46
8876,17.907196969696972,-24.5326278659612,-10.763620763620764,12.561925910818852,67
8877,23.96825396825397,-3.5948926680508126,25.336743393009378,5.0,46
8878,-46.29846398091105,-37.445789543161425,-49.55398818412517,14.365079365079366,111
8879,3.2112332112332123,0.6851363041432972,-65.83582871065397,-18.027587273849917,111
8880,13.69730153121299,-23.412730253389476,15.923202614379084,3.981481481481482,89
8881,2.8273385565052247,-24.67896467896468,-7.669574577469314,8.57565424061588,66
8882,-7.28395061728395,-4.734392343087993,7.525252525252526,-1.754015867674497,78
8883,-13.508661477411477,-10.389537919875464,-8.106060606060606,-31.299408178968648,79
8884,-36.704276854443705,7.934385755683185,-13.719698323356862,2.324798959197535,103
8885,3.276873863964686,-28.743862051010517,-37.48118687271452,3.4722222222222223,79
8886,-24.15503808360951,-84.55511315735632,-1.4616402116402116,26.467856092159998,92
8887,-3.808479532163742,-8.062015503875969,6.736111111111111,13.848301967521717,54
8888,15.648148148148149,4.901960784313726,17.03252032520325,-5.168970814132102,41
8889,-10.735371676710338,5.72090877818432,-75.03267654372105,-9.560761318611364,103
8890,-6.049432368876812,-1.9104308390022666,-52.47114064499587,7.469955716471194,83
8891,9.513888888888888,-14.383753562833249,-39.06619257587134,-10.085291793571981,85
8892,-7.964031051052806,-49.49525745257453,11.633986928104575,20.252289057320503,54
8893,-5.521974211733248,-41.05102538490036,-36.00456729189163,17.112308961087717,86
8894,-0.34992784992784887,-9.716183574879228,11.636973785930145,12.25569221504181,51
8895,18.49576271186441,-11.236987715016861,-53.716931216931215,-5.0,59
8896,16.882140940111956,7.083333333333334,8.461981566820278,-10.18199233716475,46
8897,0.024404249210451923,1.8647194104860025,3.3333333333333335,23.699186991869922,50
8898,-7.662789604300524,24.4102771839334,-8.03723006553195,4.377104377104377,55
8899,11.87429854096521,16.01995184038528,2.2522522522522523,-25.32711740610222,51
8900,-125.0449963226637,-13.504446695936059,-23.599984312548113,9.146206131224858,99
8901,-16.084054834054832,13.902590615023874,-2.1264367816091956,18.537750626566417,55
8902,8.766877000691988,10.512852407698048,-16.085575002402184,6.521512113617377,84
8903,-19.70105525002784,12.252252252252251,6.4695749100673865,1.6666666666666667,53
8904,-8.877352277831324,6.937984496124031,6.184573302569908,14.483500717360116,52
8905,-18.811301419997072,-36.117571059431526,8.821892393320967,12.253086419753089,51
8906,9.901960784313726,11.63963653094088,-7.489557226399331,-7.659489633173841,48
8907,-6.524195885250652,-50.44341222596489,0.9291747888239121,10.366161616161616,74
8908,10.929778954020183,-67.77303889276395,-26.33039819840193,17.627179364700265,79
8909,9.62962962962963,-21.26543209876543,-13.106060606060606,0.3245436105476678,46
8910,1.0638731065560343,8.333333333333334,16.419362618806502,23.8812044632237,56
8911,-5.688800708179957,-20.421947004608292,15.666812179417223,-6.851042467842124,78
8912,7.136752136752136,28.54497656429259,6.937984496124031,-60.918267891952105,65
8913,10.317460317460318,-42.7050648327244,21.461988304093566,-7.9453262786596115,57
8914,8.647372742200329,2.083333333333334,-0.8735909822866343,-19.225408203902827,48
8915,-11.875890313390315,-0.09803921568627416,-9.744493510634111,14.166666666666668,45
8916,-15.458509644992748,-11.370235934664247,-3.581647872758106,-6.367261531643287,83
8917,-74.14933820674429,-12.338587481776337,11.73611111111111,-5.108429760775087,85
8918,15.217514378193911,5.611672278338947,30.33070474566638,7.873563218390805,43
8919,24.461524985766214,-68.82444894426105,6.141552511415525,-50.64686779401518,75
8920,12.604166666666668,-4.090432969984789,8.09855343103425,4.396280267423643,50
8921,8.720238095238095,8.437149270482605,-21.662267471091,-25.732324397365552,55
8922,-5.098039215686274,-14.481876131053667,7.873563218390805,0.7303807303807299,46
8923,10.37277712379402,14.650530492233028,7.949735449735449,5.04454926624738,55
8924,19.531590413943356,2.3714460418345995,14.66415361342898,18.922086467571482,69
8925,1.1484409310496266,2.873563218390805,20.952380952380953,14.663742690058477,42
8926,-9.740198073531406,-8.622320103564775,21.591689588390842,-61.55840178043466,80
8927,12.136752136752136,-6.72756652190535,-1.4231078904991934,0.5879880588336581,54
8928,-1.9765684051398336,7.97274187086634,-45.84331002979313,12.895849918854767,76
8929,-38.36779775981228,25.29625152357473,7.998590556730092,4.154002026342452,62
8930,-31.291118839674258,1.5911803745431286,-33.754907811665674,-2.0511434073459243,96
8931,8.496033346779615,-7.881856257142299,-13.336818082133512,-17.549019607843135,67
8932,-18.08462779051014,-3.360322994219203,-3.4021436653015584,-3.1044033464302174,81
8933,-15.839411448959615,-97.66412659140737,-88.61764000547868,-41.5422427722566,147
8934,11.456854129267924,-4.298433048433048,-21.847586875896056,4.6296296296296315,62
8935,2.2372372372372373,-25.564013532763536,-1.143762145467174,-45.94648839499467,81
8936,-47.10012410645048,5.55862102472272,-16.032075924134446,-95.87583634854062,126
8937,1.529463637306778,-10.963377738740055,6.88608776844071,-6.1451836451836455,56
8938,-20.422771672771674,0.5897149684897758,-3.2771448306405135,9.02691443651988,67
8939,15.606004424642279,5.0,5.556590060266531,0.09080575576739447,52
8940,-44.04526097573831,-14.95120698510529,26.670193414400728,-27.687415709313242,101
8941,-28.70051085568327,-31.882903684611875,22.027835288704853,-4.4998276577223955,70
8942,19.966322055137848,-45.286086140500444,7.203548085901028,-0.28203969709749366,73
8943,17.976190476190474,22.411396349568392,5.647573038877387,7.182420715029409,56
8944,20.464007240323028,14.624362565539036,26.09998064266357,15.03003003003003,42
8945,20.93060615658824,16.61474981023309,10.75160619803477,6.789406970605388,60
8946,23.333333333333332,14.901960784313726,9.385964912280702,-5.777230432402845,38
8947,17.472384665367123,16.16883116883117,7.525252525252525,0.6513409961685825,35
8948,2.16374269005848,6.993006993006993,5.0,0.0,35
8949,-15.0,11.893939393939394,-2.8244420203279472,36.23328666412749,48
8950,-18.035318431281162,-11.40299610228874,-35.411973849035746,-6.292337741563123,90
8951,-4.928866283355447,5.189255189255189,10.0,4.139061421670117,46
8952,29.90374731263312,-18.357863326454186,10.628654970760236,-15.027646673756731,67
8953,-0.07813657919768735,9.166666666666668,8.831923890063425,-18.54176378197456,54
8954,-5.391421974083263,8.924162257495592,-5.3619853619853615,-8.18840579710145,55
8955,3.303839553839554,19.901960784313726,-12.023809523809524,22.567326034818294,41
8956,-55.7056884363432,-2.549019607843137,17.094840007298476,7.858021990794114,77
8957,16.674129935624187,3.94880174291939,3.37569070181264,5.136045258941482,54
8958,7.127391827058126,-12.807017543859649,-10.0,-1.6258169934640518,43
8959,-2.444621834933672,3.08641975308642,6.1177939731198805,-4.302674638911443,84
8960,1.055151515684427,-23.96304804186532,8.205128205128204,-22.171727259613007,68
8961,-14.040630376359468,2.913095087321709,-3.1060606060606055,2.7639751552795033,81
8962,17.253239342001034,13.417508417508419,7.72310674495634,8.472222222222221,57
8963,0.28846153846153655,-7.474747474747475,11.496751624187906,17.688172043010752,40
8964,-2.440855927698033,0.0029868578255678457,-0.833333333333333,4.649822543669739,45
8965,-1.656378600823045,-30.41404972639438,0.9061688295184354,-29.49309333092733,83
8966,0.1256613756613758,-6.551483432247704,-16.25760731748016,-67.9558800382599,82
8967,1.2273550724637685,-26.666666666666664,12.154213036565977,9.166666666666668,41
8968,8.968253968253968,24.807692307692307,-2.0238095238095237,-5.022659848054113,52
8969,12.380952380952381,22.491574580390374,9.573234115917042,8.968253968253968,41
8970,8.26005961251863,7.565335863918377,-20.025345025345025,-43.320922603081115,67
8971,10.350160187411543,9.859469398476492,-18.45679012345679,-51.00951358411192,84
8972,-12.023809523809524,-15.86376586376586,12.38095238095238,14.199220164316886,60
8973,-3.0432753708615756,-1.0830532899266032,9.262574595055414,-26.203703703703702,58
8974,9.166666666666668,28.650976880027937,11.085553879671526,13.817293293989682,58
8975,-4.164455255786523,-2.9005039842478264,14.12087912087912,-4.900932400932401,52
8976,-1.4956570950517944,11.77304964539007,5.0,-25.151221858538932,47
8977,-26.18287853935749,14.689745463402755,-1.9980420137522437,-96.56719154625624,98
8978,15.81605087419041,6.75311467073481,-16.794871794871796,6.452283748298932,49
8979,-5.976914414414413,1.0400897947831624,9.83911513323278,-21.3768115942029,51
8980,-5.512369663584497,-21.12641833471137,10.18194481816773,6.700779727095517,89
8981,11.565656565656568,27.427213309566252,14.385964912280702,3.2051282051282044,33
8982,-13.611812694473986,-2.5789760348583877,6.984126984126984,13.437149270482603,54
8983,-37.95800336028899,-21.54064028357338,-19.5326278659612,-8.897422895584661,71
8984,-0.04744603324252439,-6.666666666666666,14.567901234567904,10.07223373323122,65
8985,18.62753147235906,9.96654951392581,3.933784242708729,15.809294871794872,48
8986,1.5151515151515151,-12.08622113655484,-24.342148344134436,-8.277479011486161,79
8987,26.86063449221344,-15.67877415924954,5.27926516041966,-36.561094134623545,78
8988,-39.52603662567181,-37.68678411535555,7.823917559476451,10.0,80
8989,21.846405228758172,1.150793650793652,4.2951336517513,-13.159761205426841,52
8990,-26.51929602000619,9.822530864197532,14.632893807929678,-11.014517092103299,59
8991,-4.522698773551289,15.340939494706266,-2.1706520804751293,-11.031746031746032,74
8992,-17.346893736397433,2.9483430799220276,2.905935872037567,-12.559920980690674,77
8993,3.9529325243610955,7.136752136752136,-6.142996788158078,16.56469568080623,52
8994,21.11111111111111,7.8639245305911984,27.739042064333688,-10.098039215686274,41
8995,5.778070560679257,10.002986857825567,11.984126984126984,-11.079058234230647,47
8996,16.85185185185185,11.73611111111111,-27.679098302346013,12.604166666666668,49
8997,7.317801672640382,-15.446160446160444,-10.978682170542635,-4.572829131652661,47
8998,13.891515792121096,-2.51356651622609,-1.5270292945784938,17.689255189255192,62
8999,-9.359967227614284,9.350104821802937,11.700680272108844,-10.833333333333332,53
9000,30.029186795491142,7.450980392156863,0.5047425474254736,-0.35261659045029425,48
9001,10.51994301994302,-23.14610003780815,18.68107769423559,21.700680272108844,56
9002,3.68093503339405,-6.727317363727098,-20.96835106646153,-3.8769140437893035,70
9003,-6.6156774339276945,-0.17029769537276618,20.922628081338267,14.826238576238577,71
9004,-7.643345044898774,9.928280299613215,-10.119861365168,7.222222222222221,80
9005,25.1985527891325,18.2392007031574,5.0,12.415714381181502,54
9006,6.532712500204761,-11.159867172675522,1.022834500939424,3.115536920568367,56
9007,0.5374001452432831,0.0,2.16374269005848,6.572420634920635,36
9008,8.10708898944193,-4.989684644857059,-4.386680015255529,-0.278731722404022,49
9009,-4.542909198081611,-18.4765357139467,-29.839443291622125,-23.765242460625693,85
9010,12.991452991452991,3.7602735428822402,17.23782960180996,-7.4639547764579115,61
9011,-8.055555555555555,-2.482943469785578,9.557772850455779,4.7157622739018095,45
9012,18.08641975308642,13.425925925925927,10.786427875243668,8.623188405797102,37
9013,4.901960784313726,-44.99655626269686,16.613147451963243,5.1110949407785355,58
9014,3.0605158730158726,18.572754279634168,11.944444444444446,-29.57282913165266,62
9015,7.083333333333334,6.822612085769981,0.8531746031746028,16.059050570544823,45
9016,12.688172043010752,19.385964912280702,14.901960784313728,-26.87527853113494,50
9017,14.901960784313726,28.009153318077804,19.835590857984087,-5.375118708452042,57
9018,-6.437908496732025,17.61600599835894,8.402612221610939,2.314814814814815,45
9019,-42.4855835290621,4.914529914529915,-17.10566575053224,8.593506847183317,89
9020,-85.12930169175486,3.319108582266477,6.212554466230937,-25.031026153589874,75
9021,9.918981481481483,-0.8303007812811725,2.1250069766143893,21.893939393939394,44
9022,-0.2781794229162651,-54.13088173973456,1.3700918964076862,24.86111111111111,84
9023,23.997420427524407,-23.30387498432448,-11.288965858485899,-35.313518758076206,83
9024,8.086419753086421,-23.139671558454836,-7.475654981642116,0.9380032206119164,72
9025,-4.0588212956633996,-13.863372817357638,9.166666666666668,9.62962962962963,45
9026,-4.769119769119769,-21.167951511088766,-11.916727248546298,-3.597374847374847,75
9027,4.385964912280702,23.890564772917713,12.301587301587302,16.500436079059956,45
9028,18.538845796194234,-5.37037037037037,-32.86918011058416,5.418969201296786,72
9029,-12.081826388188531,4.62962962962963,-6.212121212121211,7.976190476190476,48
9030,12.121212121212121,10.501443001443,4.901960784313726,9.385964912280702,34
9031,-20.78439227383656,11.550554422894848,-0.07102954720373589,-17.39587572920906,70
9032,-9.441540435496432,-28.533282576316825,-17.530363924225817,7.573871461234877,89
9033,3.0517014025238645,17.450980392156865,8.787878787878789,21.499881291547958,48
9034,11.261609907120745,3.4722222222222214,10.0,-0.8133054684778829,41
9035,-16.56526387968806,7.894549407707304,-2.4320779933598544,-0.09803921568627416,63
9036,-4.166535409739442,-9.692135565788325,9.369104362888306,-16.820271034666757,101
9037,0.838202524669537,-7.128196307762872,-0.9353489802113906,-6.041405415408539,86
9038,-41.39625647912537,-85.52880723612431,5.901116427432218,11.675010429703796,88
9039,-36.49749648679128,1.2958268967167823,12.43978243978244,-5.614035087719298,66
9040,3.0867121981545607,-11.551908304430535,-32.13055225191731,12.943429767380008,96
9041,10.100179425837322,6.083505866114562,5.746779388083736,21.00038443301757,60
9042,-9.698599025871646,-39.14648915737766,5.997474747474747,-23.766859240748342,96
9043,-49.89165185822524,-5.697830393211985,16.70397257511595,2.557240882667828,79
9044,3.754399195575667,23.728359547128548,-18.046219284052988,12.338231088231087,50
9045,35.0,-79.06422563287735,1.9228959360538322,6.664033418281505,98
9046,-6.527777777777778,-13.041955301616879,10.0,16.85185185185185,45
9047,8.968253968253968,-75.10003400269697,0.6482073480284349,15.0,82
9048,29.767536340583597,7.777069160997733,6.982882756540047,2.4745831135283467,68
9049,-57.462830897939966,27.38977754844628,-48.7895312573665,-9.128497046292978,111
9050,-11.444769139157238,-10.995423340961098,1.2412745339574613,-3.74936933401672,60
9051,-18.06551889048302,2.52407112056235,2.1434312272280094,36.70167996619902,58
9052,-71.47430105044528,-5.703943351969668,9.744697889709688,-7.576600148880666,90
9053,20.805717998700455,6.34920634920635,-2.126436781609195,21.679751611316185,54
9054,-12.739103305116029,9.162864763348429,-2.5026123301985352,5.443181150478877,69
9055,3.4965804503619644,10.436945308314474,8.248254277922289,9.995072717580207,68
9056,-27.08553791887125,12.777777777777779,-23.22695035460993,-33.37918602400309,62
9057,11.448412698412698,1.0216750841750848,13.205128205128204,7.777777777777779,37
9058,11.447495242656837,7.427213309566251,5.260341510341512,-6.3768115942028984,49
9059,-12.121848739495798,-14.956050893550893,2.9088382762409744,10.585585585585587,62
9060,-43.65970231459362,17.10777818302888,-11.739687360653859,-4.521432348543593,101
9061,-6.062178562178563,-11.298357049041044,3.9189189189189193,12.97654011767768,63
9062,-30.171957671957674,6.773049645390071,7.730331262939959,16.398999320825947,52
9063,10.0,3.333333333333334,-12.023809523809524,4.081732108047898,37
9064,28.565406839064128,-18.181949895945834,11.700779727095517,2.425213675213675,46
9065,1.0741687979539645,24.914529914529915,1.700779727095517,8.968253968253968,39
9066,-0.3381113314192987,-8.171296296296296,-5.37037037037037,-33.74999999999999,62
9067,3.413752222925299,-36.20729690281065,0.24838558611850559,-4.560429088730974,75
9068,11.928567237491723,12.688172043010752,3.0891330891330893,5.403403785756727,45
9069,10.410206718346252,-0.655388171528771,4.989929052429053,13.086419753086421,48
9070,7.873563218390805,20.60730530028776,-6.388625342610162,12.19298245614035,41
9071,-8.546178663759255,-4.477639494167136,-28.896082542031486,-1.0008318693834752,86
9072,17.7570292999491,10.9375,1.5029122644065218,21.98257080610022,54
9073,21.901847367949063,12.125527954332302,17.196275946275946,-0.09803921568627416,63
9074,-5.611062478490106,-1.9424814790580665,2.3178016726403827,18.6231884057971,66
9075,1.3012622878438527,4.719091142884662,0.34500035549867647,2.519868046183836,72
9076,-2.5948463676658395,-10.072633510133508,19.882896897415954,3.9941902687000734,58
9077,4.62962962962963,-37.47831656097785,13.623188405797102,-2.0238095238095237,54
9078,1.5686274509803926,2.472384665367122,-14.474697119514191,15.390442890442891,52
9079,-19.27413671599718,26.633986928104576,6.677350427350426,10.964930303628417,51
9080,-9.475321472172418,-7.04349698535745,11.601037851037848,9.377852250192676,71
9081,-27.525933787238696,-14.131552102950407,-9.473304473304474,-15.009358169855512,94
9082,-32.39583333333333,3.684807256235828,3.3531915181531566,5.14957264957265,52
9083,26.65642601126472,16.77304964539007,3.2352941176470593,12.07415503658829,47
9084,29.374440304756753,17.234701667841204,21.211264286555906,14.901960784313726,50
9085,17.988380537400147,4.874529393103135,6.766917293233083,1.25,50
9086,-11.237659159035282,-5.871524900855099,-1.043157315976789,23.57266363022942,65
9087,-0.6239489754221594,-8.580765639589169,2.314814814814815,10.0,54
9088,-1.018522647379271,16.515151515151516,-32.886810452253336,-12.503042031343917,77
9089,-1.404920739959102,-55.10083855910071,5.0,-5.1282051282051295,66
9090,16.85483870967742,6.238859180035652,22.885222315046875,8.333333333333334,40
9091,-1.6221741221741217,18.972832502710876,-40.36461071664532,2.738864942528736,66
9092,-19.09270757076505,9.187496317553123,-31.804644590198897,14.166666666666668,75
9093,15.0,4.226032252348041,23.099186002153125,-15.0,45
9094,20.31394894139992,-1.5696152103769139,-1.748884190744655,2.885694928377855,54
9095,-9.826725903973308,12.380952380952381,16.39333464384628,-9.855622975299907,81
9096,6.021505376344087,9.567067067067068,-15.37037037037037,24.22008547008547,40
9097,9.624881291547958,18.201058201058203,10.416560725485212,1.0054448135843486,45
9098,3.2571611019886895,8.787878787878789,-2.422917759515067,-4.000503365557899,63
9099,-32.73319984936534,13.077329910252738,-39.5241928628605,14.451003547537281,79
9100,7.551622222660278,-29.051089223071205,-11.491136858783916,12.202413372756514,81
9101,5.0,12.777777777777779,7.834757834757834,8.623188405797102,32
9102,-44.363344278757815,-4.578134284016636,-1.8759969454413898,-9.053732778377807,81
9103,6.148440931049627,4.450825284158619,-0.7879049055519647,19.040074455620033,59
9104,-34.77421305965605,-9.325672350081199,-21.00299184231231,-15.873590982286634,73
9105,-3.45679012345679,-20.638470887348895,3.7955465587044532,10.706521739130435,56
9106,4.261975577160776,10.159190265752157,9.574514991181658,-4.334769736703931,93
9107,12.391404687419868,-15.129065369276146,5.0,25.66367312302272,50
9108,17.591093117408906,-1.8646674103330447,15.0,20.607315389924086,42
9109,12.450980392156863,-5.575716845878135,-27.870341999198622,2.2522522522522515,49
9110,3.85745625239636,3.108866442199778,-28.7678967533777,10.537400145243284,62
9111,-20.21747211011848,11.931510224193154,26.84568120051991,-3.366013071895425,63
9112,20.708061105634453,-5.564892623716153,8.17489114658926,-8.929570419781195,55
9113,-1.0317460317460316,5.724474474474475,-9.413919413919414,12.777777777777779,40
9114,-2.856465102158293,5.491352326288341,-2.6625894171040336,-15.056882325118742,85
9115,-7.807017543859649,-75.18913039311522,0.489982900486325,-1.5007215007215007,73
9116,5.2284427284427295,6.526278146917682,6.79337231968811,-8.65079365079365,44
9117,7.314814814814815,-0.4537226905647955,3.7075307549070495,-16.932075860647284,54
9118,8.269364883698582,-69.0344838943416,8.492647058823529,-1.5713791979499176,81
9119,10.0,-36.56022175895448,-15.629294452823865,3.6231884057971016,54
9120,13.205128205128204,18.689839572192515,8.764560931899641,9.385964912280702,35
9121,1.4009661835748801,-34.82985191580309,-11.262183235867447,11.133939641826498,75
9122,-8.895348837209301,-25.154015383629492,-30.701593137254907,-8.01330643461945,85
9123,-26.198988920174067,4.8641851106639855,-17.587412878115803,2.2972840130322436,75
9124,23.870214752567694,3.2051282051282044,9.385964912280702,20.724474474474473,37
9125,7.259528130671507,2.688172043010753,24.266329157633507,7.083333333333334,46
9126,-3.2993197278911564,-8.894723921561038,16.263616557734206,5.8201058201058204,56
9127,-14.999612988118734,8.14952377863141,-7.601858925388337,-5.655471856036827,68
9128,3.9557987518139326,17.508730233188437,8.089034071764868,1.2620772946859917,63
9129,-17.23598657623038,-24.26485561853092,-1.3316618799355382,27.038712921065862,74
9130,14.6895693310422,23.217972070431085,7.682202854616647,-16.07297493712707,61
9131,-0.1680672268907557,-6.212121212121211,14.069123311472538,11.851851851851851,49
9132,-3.4095671527165856,7.380952380952381,-18.56903784949631,18.609379139216788,57
9133,7.530039298200471,-9.797864225781845,7.775524002704531,18.370098039215687,51
9134,1.0536993870327196,16.04728191260315,30.1379674583862,9.435540706319095,71
9135,2.407407407407408,-7.293572293572293,0.7303807303807304,20.11128364389234,56
9136,11.293511556669452,-8.100449473989455,16.55185491513735,-5.168746809119057,86
9137,-15.088906236447219,10.892255892255893,-15.672394695215559,9.046163388268653,86
9138,18.47222222222222,10.0,7.362155388471178,22.604166666666668,32
9139,1.6871656215966546,-5.482731911791506,-12.339784398607927,-12.530602838758078,71
9140,10.259190256541952,-39.1774115229668,10.186241325061841,9.23968343697004,85
9141,-3.431548007386055,10.0,14.746565539248468,3.101851851851852,50
9142,0.8033385498174233,-13.622895515502647,12.021167613135173,-15.489104711207396,79
9143,21.97032436162871,18.165972184246264,11.436090556730093,0.5855855855855854,46
9144,1.2026515151515156,-25.783140330821464,8.678038941196837,8.361549318345068,63
9145,12.380952380952381,12.252252252252251,-23.62203189865764,5.6818181818181825,59
9146,2.330081857334359,-25.316816616274334,0.4160793210284428,7.936070261437909,69
9147,21.108227836241287,-24.06425364758698,-17.09546221589411,5.0,71
9148,-3.0407169990503315,9.7675026123302,16.91533970945736,-12.365313119170061,52
9149,16.29948914431673,-8.421052631578947,1.9849613477552168,11.87429854096521,54
9150,-37.091097308488614,0.5958212264220712,6.696647912806098,8.513391988870234,85
9151,-23.203406959307113,-22.977840243308645,12.41769547325103,5.788379872872271,81
9152,-15.98340395480226,13.003246753246753,-2.609191868592273,2.8408834798287135,64
9153,-2.0739793501941834,6.736111111111111,-14.098209728989978,2.514619883040936,66
9154,6.984126984126984,5.0,-45.63638414604572,-11.369949494949495,51
9155,1.355183487536432,16.642635686753334,-21.739387443321192,-6.694439805924318,64
9156,2.8526261453090727,1.6750104297037964,-22.052704758486158,26.530288681962062,59
9157,-19.0159109895952,3.419246997402979,17.096184316869792,-55.828662747856285,90
9158,-16.096130266680785,6.006158314247577,0.823161233679798,-6.786699229133438,82
9159,-3.5883560883560897,33.00381263616558,12.525639537133793,8.543882978723405,50
9160,6.7507630007629995,21.67428763336692,-21.846271326601336,-26.57861923192112,78
9161,4.753086419753087,-33.298855814996415,7.291903171047541,8.929093567251462,63
9162,12.763532763532764,6.557775501544498,2.8051772652053164,5.905395877232748,66
9163,-10.58080808080808,-5.729841111844507,24.355511638120333,6.917977181621955,48
9164,-9.860774045523257,-5.900508351488741,23.537068477645725,-10.509878193701722,62
9165,-7.967479674796747,-52.483541690108034,-0.9551656920077969,7.880892255892256,58
9166,-42.0848730407554,17.523402303280676,-30.351994991064302,6.984126984126984,75
9167,14.62962962962963,-13.79288169751535,-21.203442590611488,-21.91358024691358,86
9168,-5.941358024691357,-8.468460623633037,-14.156714757519346,-24.924085748850263,81
9169,-18.308094915243654,3.2510849321807584,4.3959435626102294,8.446115288220552,66
9170,-2.0520620449431757,26.457102879246136,-29.00686488452446,-24.258076153237443,86
9171,7.2676786375416516,-8.63284319166672,-21.036375776859444,-33.285389113076896,94
9172,0.0,13.205128205128204,1.3863116073626571,-3.9393939393939377,49
9173,-26.562252276081644,-12.313640370093434,-7.724095428080247,25.6985182443224,88
9174,-16.944444444444446,0.7505360362129139,-10.309583340404394,-8.7973459846816,87
9175,-31.201920913649673,-5.309222129397567,-52.39214296660119,-31.39951734515924,124
9176,-7.3874483249483225,-19.616434372872845,8.203163375577168,21.007274019784532,60
9177,3.8952383025658905,-5.428145539989356,11.060606060606062,3.7332005973120963,55
9178,-7.362290946642853,-27.358308862997692,-7.206584272467554,8.864896174187079,94
9179,12.602824894169064,11.891207337635908,7.472384665367122,-5.707202421198364,56
9180,8.384454131540865,4.537178956822511,26.33286871243682,-1.3657937113314684,72
9181,-0.49241762488617713,-14.864009881024401,-9.87351523108889,30.775754040273096,60
9182,-41.91358024691358,4.901960784313726,0.3363598790428064,24.419978517722882,49
9183,5.5463591775136765,7.525252525252525,5.0,19.699750307735783,40
9184,7.11595117845118,-16.745925879602535,12.65061395995918,3.2675438596491233,77
9185,-22.075309217473432,6.8630869088535,-12.277951933124346,3.3270468292627844,78
9186,-27.116836105550448,11.851851851851851,4.957107843137256,-6.871906603632523,59
9187,-6.478709690567701,21.488095238095237,-27.121848739495796,19.472875544304117,56
9188,11.622636622636623,18.514878514878514,3.43883547008547,-53.048951796965035,66
9189,-29.290400298993386,-8.70552818828681,-5.89562852969228,-2.9166666666666665,76
9190,-29.83537610940807,31.61764705882353,-67.33585291195654,-3.9740774726355106,92
9191,19.28827309641263,14.699109907120745,9.67442645074224,9.541847041847044,45
9192,-26.574193780076133,-30.694993412384715,2.8987699132889695,1.1111111111111116,63
9193,-4.846086204781857,-2.0265586725214053,21.469574910067386,26.602564102564102,52
9194,-3.942027451689029,-47.94009767433737,-56.4071268237935,4.100601421541825,91
9195,11.597835167629219,-13.155065977128347,-38.84933519224927,7.810685249709642,92
9196,26.65642601126472,14.385964912280702,3.051568314726209,19.940314234417183,43
9197,8.183313975996903,27.734074700575363,15.0,16.413697690943188,59
9198,27.19298245614035,-2.2222222222222214,-1.0317460317460316,16.836945304437563,38
9199,16.555078780461336,-5.153530723706162,-13.703013275029296,3.597883597883599,64
9200,-14.565217391304348,11.881881881881881,-2.9166666666666665,-10.777230432402845,48
9201,11.61764705882353,0.6481481481481488,2.5031928480204346,-14.727810619544027,51
9202,12.11311215307379,16.95272504142315,5.0,-9.351851851851851,49
9203,-19.178486693051028,7.380952380952381,0.7244744744744729,-4.5093839249286,51
9204,10.467372134038802,-3.503248375812094,18.666448611301554,11.984126984126984,46
9205,-27.63600148022376,7.324828383035342,-20.769163246279952,2.8584670393078624,82
9206,-75.96558214158992,0.21796131465942992,2.2612543436808443,16.344086021505376,80
9207,3.9501396989629782,-54.420929402356755,-8.281664159323732,-5.588235294117647,74
9208,13.76903361977989,-20.39587398327701,18.447363619777413,-69.26068157250953,97
9209,-33.11513126029254,-3.8271604938271597,17.350863422291994,8.41363393563912,67
9210,5.251447707588059,6.25,3.575062216366568,11.666666666666666,55
9211,21.22460540709486,-64.54527723982659,-1.1832611832611803,7.6862701967685165,79
9212,-32.86424291938998,19.32257516469312,7.034766092737108,3.575680272108844,59
9213,-8.469416386083052,11.04013104013104,21.70775043690147,2.950480559790144,79
9214,-6.007441990969122,-27.726244343891405,0.0,3.462732542240849,65
9215,-7.131795900178252,5.0,4.166666666666668,-31.86811811811812,52
9216,-30.91455135556564,4.672653796328136,-30.951325527569082,-27.891625523008106,119
9217,-23.80858401145744,10.066545674531156,-10.281037843345898,-2.675533737625239,85
9218,-67.7913141452477,-13.991516146688559,10.074786324786324,-0.21168465892928134,93
9219,-12.831814865713172,18.977767673417723,-2.1132901876000147,-7.584158948418198,79
9220,-10.44486215538847,5.343132020503893,24.909003831417625,16.091986036838982,58
9221,12.450980392156865,-0.6947021232735517,6.2799043062200965,-2.8416642041536906,56
9222,-67.50597129910378,-10.90825518355346,-16.592205357595233,6.203629958323326,96
9223,-23.80239009093373,-16.201601881449132,-13.854958299555971,1.744487011193101,83
9224,11.92489114658926,-20.514091337746578,1.540889100062176,-8.406774015649143,83
9225,1.4880952380952381,6.463561911989412,-26.478750531760966,-13.794259748761267,88
9226,-21.309127955090688,2.58807588075881,23.139165536548262,-54.65608465608466,69
9227,21.77304964539007,-16.814443316258338,-61.41902782927533,-7.151114667255269,77
9228,10.91528149953146,-2.2027290448343075,7.277002998240677,-64.95849717969527,87
9229,-50.93596633534802,-21.613232070149916,-61.34821275711106,-5.496359147730125,106
9230,16.965348251742405,-10.098039215686274,-20.15626631883477,15.858585858585858,58
9231,8.742128484086775,10.0,20.39444876559214,0.404988695971209,57
9232,-23.519470449799687,4.048152430505372,8.436791383219955,7.4349607982893815,72
9233,21.93798449612403,8.202308607966158,2.3190519401953162,-25.55281883036991,81
9234,26.896419211897243,2.724263170691745,10.31503591987463,-9.914421012526967,88
9235,-29.495900924472352,-1.2877087081674565,3.70686026936027,4.393939393939396,55
9236,-43.096522354395546,10.0,-29.808568264450617,0.7983942908117756,81
9237,-28.701647610899382,-57.03787898434332,11.493506493506494,6.207729468599034,72
9238,-17.000964392449212,25.24844555306396,-34.030003100035756,1.3304093567251467,71
9239,5.654761904761905,4.498849131617494,-19.007177872363542,2.873563218390805,66
9240,-31.417959197225382,1.5151515151515156,7.664710408271938,-6.841072827708046,70
9241,0.219298245614036,-4.318181818181817,9.65874679711158,-7.292601042601042,54
9242,0.8922558922558927,-15.247252747252746,-6.791398428867064,-24.312469999145012,78
9243,-7.967479674796747,11.419616037612641,21.979703268463556,5.501443001443001,59
9244,30.387837521192488,-18.143274853801167,9.501334015853072,-32.6336188347122,67
9245,21.125805231933228,-13.775287892934951,14.512957366569573,-12.399975471371683,78
9246,-0.8097632516237168,-3.708631600788461,4.166666666666667,8.623188405797102,45
9247,-33.2721336397807,26.388132153947915,8.787878787878789,11.793091168091166,55
9248,3.787878787878789,1.3624216260664,17.426221200731007,6.832867424972689,58
9249,15.228263784104607,5.926488798829226,4.937231302777521,16.981323326432022,52
9250,14.314787050918987,10.38343965975545,14.138007054673723,-2.685185185185185,46
9251,13.257854469245618,-13.924773898755484,-25.15993265993266,-8.788771574325885,78
9252,8.787878787878789,12.688172043010752,14.166666666666668,3.205128205128205,32
9253,22.058076392531717,-1.0317460317460316,-13.85582010582011,6.851851851851851,50
9254,-4.715219421101773,2.975839667016139,25.742111695775485,-1.9929882409025903,64
9255,19.8731884057971,6.161236424394319,26.985294117647058,-20.484615895800104,40
9256,5.800825332075334,-9.7197247193198,-15.874766573295982,-17.803456176555944,91
9257,-39.5958262478333,8.25550766283525,12.29517396184063,-4.881362598753903,68
9258,-7.3624996770776825,6.713699361220998,20.591344500013232,21.95341659488946,54
9259,19.015495086923657,-0.9693084693084693,-1.4461324535021203,12.500000000000002,49
9260,-1.557017543859649,13.82996632996633,29.2720560906168,5.613078465335645,61
9261,1.8220434904373497,-58.5880587666302,6.404752450767632,4.519400352733687,68
9262,25.354345069343463,-33.22615428934348,-59.97449633480628,-0.7327730312727756,112
9263,5.836578083377975,-0.14570997329617974,6.700680272108844,5.371620716448302,61
9264,12.777777777777779,-7.445506901562034,5.084066090113026,-36.67521348056977,70
9265,-17.59274037894391,7.450980392156863,-4.817073170731707,-32.21912354096262,93
9266,11.64924944336709,-34.54090511965164,18.802219658355146,-22.952426110320847,61
9267,-13.857515940849272,-15.043812065055906,2.8581871345029244,13.787878787878789,60
9268,5.169172932330827,-23.461538461538463,-2.222222222222222,-32.17287241609224,67
9269,3.5757302017464623,2.2378041250363987,13.827320325246536,26.28205128205128,65
9270,-26.286956168115513,-56.48579913392731,15.053949980641107,-4.261006289308175,110
9271,-3.6552318295739337,-3.062015503875969,13.71732026143791,-0.7760632988827716,51
9272,16.202050264550266,2.8735632183908044,15.519943019943021,8.623188405797102,36
9273,8.968253968253968,14.51178038292376,3.6231884057971016,10.609821917961453,45
9274,3.6231884057971016,-3.288426929911749,-7.4089068825910935,1.4782143811815025,52
9275,8.092432173514702,15.647063676901325,7.252252252252252,-23.357805345294828,58
9276,-4.7712418300653585,-29.06191098576621,4.891141141141141,-40.47532191620263,74
9277,3.383616003479018,13.425925925925926,-56.02458578739414,-44.215255070647615,95
9278,-41.578696555536496,-4.320064416473991,19.22008547008547,-62.07450255868679,76
9279,0.420918367346939,5.475040257648954,23.16623592939382,7.747695852534564,49
9280,3.8722999244252367,-11.376811594202898,3.9835934373749504,-33.50235242776056,66
9281,1.0982726423902895,-12.901192374876585,-15.995423340961098,5.0,57
9282,5.572443477321848,-14.358008836875694,-0.03369143294516408,-17.432673965181706,75
9283,30.374775879343986,7.233796296296297,-10.14562161301292,9.302832244008716,49
9284,-4.075369075369075,19.382453445683,3.792454086725556,11.034991947337154,58
9285,0.22151898734177244,-55.008391630205445,-16.54155576600272,-2.5732886274616815,98
9286,1.5993788819875778,3.3333333333333335,5.129419191919192,4.901960784313726,40
9287,-100.31350589474539,0.0,3.0091533180778036,10.674399495734,70
9288,8.787878787878789,0.20833333333333348,13.674654378988745,-1.2492177277123506,49
9289,5.013504793383168,9.869281045751634,5.449524484612206,-0.5002337540906971,63
9290,14.91496598639456,3.6231884057971016,6.005444813584347,8.489033433886377,52
9291,-42.57074252835614,12.032520325203253,-59.101396691283476,-14.442920978822329,103
9292,0.5860805860805853,-16.32590439276486,12.154882154882156,11.018178060860988,55
9293,5.0,-9.459783667100737,-6.527777777777779,4.166666666666667,48
9294,-9.313245316120149,3.6162013406595452,1.6938311651094806,-48.347863759047975,76
9295,19.62962962962963,2.314814814814815,8.297988561146456,-4.002525252525253,40
9296,-6.481481481481482,0.4823179271708691,12.14209766841346,4.991847655713308,67
9297,21.679260619674995,-97.59606568308745,6.366120218579235,-21.05545676070254,91
9298,9.252799310938846,5.809294871794872,9.225502781343604,6.280753130598335,44
9299,4.97150997150997,-5.399262899262898,6.773049645390071,-4.092581925243213,54
9300,9.62962962962963,13.333333333333334,25.82039911308204,3.10284011433437,41
9301,21.118289202744528,-9.720725967777854,-39.70752823444154,-17.385676420579703,70
9302,9.295830130853794,9.385964912280702,7.136752136752136,20.044642857142858,40
9303,26.037545467576912,-8.141624068025909,-5.919746220079923,-48.832373160643364,75
9304,5.599585330421405,0.2841851349314046,-27.7629431142869,9.237918358557895,72
9305,-12.973215826492156,4.8373440285205,-33.14799203676541,-2.1547067901234565,75
9306,4.914529914529915,5.624824092316354,14.918981481481483,3.591162300511894,43
9307,20.752085130859935,-11.569264069264069,5.6279976364380415,2.618413868413869,61
9308,13.856467206865114,-7.5494757356170386,14.676597212213954,16.258868219652534,74
9309,10.972915072888776,-2.3487380066327415,16.68541443972125,7.911358813461943,66
9310,12.941265200037133,-15.565196439673628,-38.98910872595083,-21.31519274376417,86
9311,-4.590146956218383,-1.3650034473833088,7.976190476190476,-12.80068419047059,60
9312,16.194793738751542,-23.98148148148148,-9.31860775267291,-26.290201128010537,72
9313,-16.07723450489146,-27.61904761904762,13.31433082130882,9.134302993952117,74
9314,-28.107160720301238,14.427761411721768,-7.359505055583486,2.0210247841826794,69
9315,0.7505802328552265,9.463237021376557,25.377897014618483,-29.285714285714285,53
9316,12.252252252252251,25.602514410653946,0.0,-12.64143264143264,50
9317,-13.341927618135264,-13.50033435399289,-74.56066638523312,-30.003887052853113,120
9318,27.487816764132553,-20.202189333120515,-26.25654169158191,-7.701626588739945,87
9319,-49.10933492588124,-0.833333333333333,6.157407407407407,-64.33091459246786,94
9320,7.424685451001242,2.218394809348,-5.459310319826612,-16.95865421217534,72
9321,13.339513039179337,-18.068058540366664,-79.52672587014912,0.8403648386598106,100
9322,10.596662497267799,-8.340103820240365,0.0,12.582821667406428,56
9323,-8.456912722056714,-9.36026936026936,7.148140547982619,14.672742167875304,66
9324,-1.212121212121211,4.5871182056030815,11.61764705882353,27.394515458703758,49
9325,-7.212760357921649,15.387488328664798,4.887472250872959,8.812120585128177,80
9326,26.461988304093566,-7.826617826617827,1.0866451843895462,-9.248482201837797,57
9327,4.575935049537534,-39.88342273109068,12.204838337065048,1.1603942652329744,72
9328,5.318893639327078,-4.790158971389975,13.468065750674446,17.745152099990808,51
9329,-39.860390685354815,13.449581465391176,7.688172043010753,-12.685185185185185,57
9330,-26.79881272012574,-17.960341060058735,2.5960983697556586,11.681990848657517,78
9331,25.06993006993007,10.484146682434467,-83.54948491833042,-2.244713107437158,76
9332,-7.916666666666666,-0.833333333333333,-3.5515873015873014,11.628192495636249,49
9333,-29.155524389242878,-27.59431946232319,3.4722222222222223,13.776844070961719,69
9334,16.93798449612403,8.46965768209094,-7.311827956989247,8.732149076976665,44
9335,14.901960784313726,8.472222222222221,-11.41544541743151,-10.391414141414142,54
9336,-7.635975135975135,1.515744057902615,-5.221892606130054,13.623188405797102,62
9337,-6.165917545469364,-1.4133089133089136,-17.952495036302594,6.364198826837679,84
9338,4.385964912280702,6.34920634920635,17.525252525252526,-11.794871794871796,38
9339,-10.207522965081079,5.41044776119403,-15.900907011671533,-63.7692652015149,107
9340,5.982905982905983,-15.457848837209301,11.25,3.787878787878789,44
9341,0.004266696538554382,-30.491491652482367,11.069585945663533,-22.333633642978544,95
9342,-1.9943609230244794,-8.261813643817039,2.9761904761904763,2.691597337915823,77
9343,-6.455627906964971,-14.689670648975056,-9.064996629091196,-4.421781974699593,81
9344,-17.785612511167727,-5.03806920069377,-20.555555555555557,-56.51487770503727,79
9345,11.302083333333334,-9.481996118042847,11.376487794843401,-8.505129999382874,68
9346,11.160394265232974,2.2522522522522515,9.753399720325971,-25.978936707373823,63
9347,21.72730650991521,-12.395833333333332,16.18158644474434,1.836945304437565,47
9348,2.591093117408907,17.966622749231444,-2.3202614379084956,-5.859257743355789,53
9349,-30.085470085470085,9.190471999396484,4.976232917409388,-5.0,45
9350,-5.6227836879432616,-17.162586805342883,-2.2068827531012403,4.592493563081799,77
9351,7.688172043010753,14.335080124553812,-0.7016978293574034,-12.42979242979243,50
9352,12.824074074074073,-15.628645881305456,-38.78344693327924,-23.706879022215936,73
9353,-0.37037037037037024,-60.02985336765164,13.023135867963454,-17.687231513333288,74
9354,-17.52062592579834,11.911217437533228,-9.81709080393291,2.55289781654259,58
9355,-23.4843389851915,-31.98578042328042,10.706521739130435,23.060422282120395,56
9356,2.9761904761904763,10.03003003003003,4.174617993616712,-4.141414141414142,44
9357,11.77304964539007,11.635202308948568,-8.613360323886639,-10.323129251700681,60
9358,-12.801081392456435,27.051600905200424,6.691919191919194,-10.608008753170044,57
9359,-7.4089068825910935,12.506127450980394,10.735898235898237,13.472222222222221,41
9360,9.918981481481481,11.79590017825312,-16.096268903286447,9.187091503267974,49
9361,11.074168797953964,3.7165514797093753,-6.462074262407966,11.481481481481483,45
9362,0.11634564266143155,22.25225225225225,8.787878787878789,5.0,37
9363,-15.38186325574695,4.773222582147069,-20.70458046221771,-4.626696832579187,66
9364,-4.093761535622001,5.322825240222126,-5.112920168067227,-16.884865579834134,58
9365,30.990553033235962,-19.43907156673114,9.26049908703591,7.854753199580787,55
9366,27.36619311000912,15.030864197530867,14.85641891891892,6.79590017825312,61
9367,4.166666666666668,17.38095238095238,2.878151260504202,16.828316610925306,35
9368,-7.845117845117845,6.30952380952381,3.9682539682539684,12.688172043010752,41
9369,-5.379187088861464,14.753086419753087,-23.681792683291903,8.645719303046889,63
9370,2.0546737213403885,8.333333333333334,27.688172043010752,2.8735632183908044,36
9371,2.89734753550543,8.086419753086421,10.0,-14.57518016785258,51
9372,-31.795860393907308,-16.079368613076124,7.802597631911032,8.623511904761905,102
9373,18.47222222222222,-1.6653327997865812,-35.58598454966888,6.2420096243625665,70
9374,4.385964912280702,11.558641975308642,5.0,-10.415749807764326,40
9375,3.9682539682539684,8.48105146422687,-17.20008381076556,-11.794871794871796,60
9376,11.206771927180434,-37.769676794198546,11.82261208576998,5.9397163120567384,61
9377,1.3661202185792352,-47.92246890399533,-9.081688416726777,1.666666666666667,67
9378,19.676870748299322,-16.68610328744707,-2.302034009351082,18.16165848295591,49
9379,3.990474472118052,10.681818181818183,-1.0069444444444438,4.31884511152804,62
9380,8.787878787878789,4.901960784313726,7.604166666666667,9.166666666666668,33
9381,16.330998161538517,-34.50304820459385,9.71753003003003,7.9529899644842175,89
9382,19.553839553839552,16.788701143539853,8.051961294872145,-68.29660485922048,63
9383,-4.235235780192259,1.2096297654705874,5.613290866785794,-5.5808080808080796,73
9384,4.867761518287582,-3.1060606060606055,-11.711798839458414,-18.434343434343432,56
9385,-18.582861245719943,-15.250647895464969,-3.198005698005699,3.2179720704310864,77
9386,5.9816953176600265,-62.16852982713473,12.489827900346466,2.02606037688284,77
9387,-28.65941860173244,-46.90684551303727,-13.46000815156431,-17.11111519603552,104
9388,9.190236748376282,-37.39583333333333,-4.240059457450762,-19.407419687592103,54
9389,2.525252525252526,-42.78015440901103,21.633986928104576,2.2522522522522515,51
9390,26.661442006269592,4.409758055268892,5.0,-2.280701754385964,40
9391,-6.584850801842247,-35.026780863247026,11.78436210680649,-23.286526059346926,77
9392,-23.040100646248312,7.991149062577636,12.010582010582011,-3.4248671198356715,66
9393,-17.41916716181422,10.805120123680835,-20.27972027972028,-8.329067857369743,69
9394,2.314814814814815,14.922598838854999,9.475834193326454,-2.916666666666666,52
9395,-12.884368624300913,5.067690796857464,12.777777777777779,-14.463952748266474,75
9396,2.6923076923076925,6.180216388549722,18.47222222222222,9.075613482941069,56
9397,21.359514041626934,8.685897435897436,7.873563218390805,-92.24750124903962,92
9398,-1.8981481481481475,-13.795866942382128,20.576842270124494,-20.775969962453065,60
9399,-7.079302198147698,-25.645933516885684,-14.153419273020178,21.11111111111111,75
9400,-19.87381295885132,16.01851851851852,18.205128205128204,9.588293650793652,45
9401,4.04040404040404,-16.134826853517556,12.434825107238899,2.1367521367521363,59
9402,2.949186481795177,-6.847844857298638,12.010582010582011,-2.8266178266178272,63
9403,-13.113030803049464,5.0511695906432745,5.75196408529742,5.0,56
9404,11.61764705882353,-10.379150680771673,-12.688361233995016,14.531590413943356,78
9405,6.850835945663532,5.0,-10.0,-1.0692996066177596,47
9406,15.129419191919194,13.333333333333334,-1.424921731939273,18.326354567617386,51
9407,-10.381289676955312,13.12273739905319,10.935630740812897,10.460588793922128,60
9408,-10.07803166069295,5.906238464377999,5.0,5.121066068698117,53
9409,-17.549019607843135,4.00643159043697,-9.528580663034445,-13.817010487319727,67
9410,0.11294261294261299,2.525252525252525,10.063610728572366,6.700779727095517,42
9411,-20.101612135510443,11.262626262626263,-3.923744508782871,-25.372924501541632,67
9412,15.667758578438109,7.154882154882155,-5.65559315394592,2.280913310791682,63
9413,-13.211376018393562,-8.468630117807656,1.2820512820512822,3.1391698639693058,66
9414,-25.101986044015028,15.989954603193008,-19.16188916188916,-4.881811310382737,59
9415,13.968253968253968,1.3862582442437255,8.100443603437226,12.35019333500529,61
9416,8.472222222222221,-0.36198536198536146,13.260275263951735,-6.8780511954906896,53
9417,4.918180943399721,-9.470697352700746,7.673448361103706,-70.60025906517134,78
9418,-1.5034612423038674,5.939802534630122,21.825217708926726,4.092866651006187,64
9419,-13.508917904079194,-5.490054607701665,-0.021822149481724118,15.626830504281484,60
9420,-5.5893847095958025,-4.708994708994709,14.730922672099142,15.95829195630586,78
9421,0.322802197802198,12.154213036565977,-73.47728295096717,18.181818181818183,55
9422,9.621154843662332,7.84912120315847,8.382053676171322,4.811547714514836,54
9423,7.683586255014827,14.166666666666668,30.17572479550034,25.607315389924086,51
9424,12.525252525252526,1.3212432407132142,7.590132827324479,-31.767033841152806,68
9425,-19.539632684793975,-3.2399496104081473,-32.04099023121793,18.74043227304097,71
9426,8.3805332312795,-12.11391115546408,-3.015873015873016,-15.110457023144889,73
9427,6.577223481985387,35.736618326451016,3.086419753086421,7.456343601283711,56
9428,14.901960784313726,-6.9876096915945105,14.115853658536587,8.787878787878789,43
9429,5.291005291005291,-8.978494623655912,4.385964912280702,26.934481109516977,41
9430,10.070546737213405,9.956896551724139,-10.574944752478512,-37.12559993821555,66
9431,17.148969852704997,-23.79004047351477,-0.8423091458805727,-2.9674796747967473,62
9432,12.677425649123762,-45.48572682070346,6.633986928104575,8.04476629361422,63
9433,-16.100935228392277,-8.148148148148149,-10.160822632127001,-35.95731676065783,82
9434,14.587612731041927,18.070082083239978,-13.833906507369683,-26.257900632700757,79
9435,-25.020689137334173,-1.793934500983008,-22.03554240277404,2.9146021568055955,74
9436,11.617647058823529,17.317801672640382,3.2051282051282044,8.623188405797102,36
9437,20.56374506553735,1.8115942028985508,8.472222222222221,33.319469201822145,65
9438,4.946510050561105,10.0,-89.05637324875819,2.5191675794085455,83
9439,-23.83937930518119,-1.500535014950649,-20.41721563460694,26.789915366719775,69
9440,-9.106699751861044,22.083333333333332,2.0402298850574723,12.080610021786493,40
9441,-35.8520048508395,1.5013396663013037,-7.908632614514968,-5.882936507936508,73
9442,-44.360348040222576,5.5413105413105415,-20.13740147995525,-23.963678215382753,96
9443,23.010954919256513,6.602564102564102,16.058746247263148,3.2098765432098766,67
9444,29.25699665831245,-6.925244642635947,7.878151260504202,-10.279307631785995,48
9445,-3.3984653991493943,14.51388888888889,-7.628205128205128,1.753812636165578,48
9446,-3.978332073570167,10.0,6.921201657623396,6.749121598954748,66
9447,23.310564663023676,-9.547256540127922,17.342243305348607,-4.622506096874302,61
9448,8.472222222222221,7.873563218390805,13.689839572192515,-8.165761455739819,42
9449,15.79545862865048,-50.907280987724995,-72.21048400046621,5.852067101749284,93
9450,22.314814814814817,-2.0238095238095237,13.205128205128204,6.558386795578446,36
9451,6.4368336277415255,-0.3467844712714969,14.543277721645843,-5.614035087719298,60
9452,15.0,21.24774622492675,-5.971156140557758,10.595402092419386,50
9453,-40.27373777078966,-17.85073549998923,-40.08993267490932,15.776995407727986,75
9454,2.6984126984126995,10.809294871794872,6.859410430839002,5.35549291363245,49
9455,10.0,8.333333333333334,14.385964912280702,16.419234360410833,34
9456,6.515151515151516,-17.751062060959,-49.53400955405439,14.350104821802937,102
9457,-15.29812017068389,10.0,10.635964912280704,10.0,41
9458,10.608974358974358,12.427213309566252,7.5910931174089065,-13.65079365079365,41
9459,11.938246885329267,8.260801815568552,4.3915343915343925,-10.49062049062049,61
9460,-5.3125,15.64129505676217,8.745791245791246,21.689045488065094,53
9461,9.499766245909303,13.874036900352689,3.9682539682539684,12.878151260504204,46
9462,-44.255710077246185,-35.620888459465746,-24.76534395870412,-2.165595661288851,106
9463,7.003280559121382,-6.60730108098529,11.611974594941335,11.283068783068783,66
9464,-36.94954661706579,11.708773252890898,-4.792501196009968,-22.39005231871781,80
9465,1.7922157258723566,4.722222222222223,-4.7465952617392535,10.031659882406153,74
9466,0.3929284672257598,-36.593787885364264,12.81352966407944,-3.819558474730888,98
9467,22.35926075073362,6.633986928104575,-38.2797910324506,21.461988304093566,57
9468,4.36318247271455,-11.482683982683982,10.512452107279694,-28.911973745800672,92
9469,-17.141755852966163,-0.058760683760683996,3.4722222222222223,1.6614420062695938,52
9470,4.385964912280702,-4.527527689391256,10.0,9.473316035816037,64
9471,8.436791383219955,17.843985152192108,13.176843676159685,-51.52705735202149,59
9472,-43.46153846153846,24.292929292929294,-22.934952169136405,10.0,55
9473,8.333333333333334,1.6339869281045751,-14.075686352586253,12.252252252252251,53
9474,-2.3583509688642397,6.262077294685991,18.161490836929435,8.935185185185187,60
9475,-19.05083425694159,10.065110651935909,13.034749850632279,-40.20129019523399,74
9476,-4.372895622895623,12.873563218390805,7.314814814814815,2.688172043010753,39
9477,26.21632996632997,17.63888888888889,-40.442776776514386,14.870203735298755,72
9478,-9.351851851851851,-18.80081300813008,-7.343883857624791,24.11764705882353,50
9479,-20.553485558788495,-18.84840123443837,-65.67581300813008,5.107291679215443,89
9480,11.051587301587302,-12.747747747747749,4.0494556869030935,12.380952380952381,43
9481,0.6494820150282341,-26.15363970436434,2.1793823202250886,6.523569023569024,53
9482,-4.464984644460209,11.051587301587302,-33.96315112326688,11.111111111111112,67
9483,-49.136946471178476,-22.011490849129544,-10.562969802100238,22.939467956957085,93
9484,17.21826667957314,12.086940836940837,0.9987367060344328,5.383174059268898,71
9485,-4.659095452513026,-11.289548525199315,-3.1403702680298418,-25.57668575557481,85
9486,16.105006105006105,2.7777777777777786,17.700827393809853,13.165266106442578,39
9487,-10.65460809646856,14.166666666666668,-12.668321001654334,-15.36331300813008,50
9488,24.31911018306345,-49.34589946517193,7.688172043010752,14.166666666666668,61
9489,8.94162595988503,9.11618347947841,11.73611111111111,-0.6525461982118319,80
9490,-5.251661918328585,22.259277379140393,-17.34821136649732,-5.39457871954285,73
9491,25.43871934738808,7.166155399670579,2.6192100715022364,16.482170287201733,64
9492,-6.527777777777778,12.804526097209026,21.373386538347102,-14.076669721831014,50
9493,-52.5896141071983,-11.154739579287668,8.901060163226461,-34.310614196588936,106
9494,10.978349673202615,13.459378243428514,-2.5546699098059946,9.385964912280702,67
9495,-52.693001975600396,13.713806663037705,-4.930555555555555,0.22192757921464112,82
9496,-25.295352795352795,-27.083333333333332,-4.653724390079617,4.464285714285714,64
9497,7.777777777777779,-18.476196011830677,-6.621046324750566,0.5815755866917747,91
9498,-59.59326707190133,-20.006182043961697,3.2325493716312845,-22.810359841192163,116
9499,11.572420634920636,11.638217164532954,4.912276139456667,-38.67645283751645,53
9500,2.2522522522522523,-6.453242098403388,18.77634099616858,-12.532697066101095,48
9501,-0.9939351115821697,10.0,7.083333333333334,-18.358454941116232,47
9502,-6.477455716586151,-83.74769358508757,1.4713309566250752,0.36191239316239354,73
9503,-14.088303295620367,-13.712247031635133,2.542027855129425,10.973715651135006,63
9504,20.464595543966688,18.036881419234362,15.0,-12.32804232804233,56
9505,-16.10948460001184,-14.777956681735334,-46.93938398071462,19.772742330881865,90
9506,9.166666666666668,-18.35118425635667,-5.3877115581898725,8.686202507537015,68
9507,-7.782613294649197,-5.6227836879432616,10.82010582010582,-5.301145897393825,52
9508,-13.579803808298431,5.498383626331739,15.515057902568415,10.978260869565219,65
9509,3.4975168554328193,-7.0965913692208265,-16.108508680447603,11.34004884004884,90
9510,0.49229048964218514,6.138950655175892,18.080726398964927,-19.488138632388598,67
9511,-14.020252240218031,14.063750572484349,-68.33478911138366,-63.9722763115528,112
9512,1.1913278825043543,-9.113907593039162,2.593980520247801,-6.935995825352479,60
9513,1.365036351253524,11.700680272108844,-30.389294781309296,-3.7175708452304197,58
9514,6.648074546479762,3.094320594460621,-39.763340975744555,-18.233142760044203,91
9515,-8.551201827783958,10.125815470643058,16.38888888888889,3.9682539682539684,60
9516,2.6580935404464827,7.380952380952381,19.232583959841143,10.73038073038073,52
9517,7.2892123915210405,2.6097487862193756,-15.9042554179447,2.174048882718237,89
9518,-18.357302270501698,6.481671922848394,-36.72542735042735,-7.222222222222221,54
9519,10.091215973568914,7.525252525252526,7.760615306381897,13.68188942243564,54
9520,6.85483870967742,-3.3989621489621484,-16.017528223410572,6.881881881881882,54
9521,6.197995318634856,8.383921246923709,-16.108597285067873,6.515151515151516,55
9522,12.334108962422281,-19.472934472934476,-4.232499202721403,-54.00119554753085,96
9523,13.349650377123357,-8.172775500361707,-2.3331626557433007,-23.621840774096412,69
9524,-37.42418392524503,5.0,-11.527777777777779,-6.794871794871796,55
9525,10.0,15.01068376068376,-2.0238095238095237,8.968253968253968,34
9526,17.688172043010752,7.500000000000002,12.71604938271605,14.979461200586792,54
9527,-3.85022340102712,5.70629899625956,-16.71781316197234,-21.805560520531294,116
9528,24.284772577455502,6.105006105006105,-8.314158923707089,5.0,41
9529,27.977021268277426,-17.08865606715069,6.330409356725147,-11.769171436690618,50
9530,-16.087157696732618,16.568627450980394,-7.868936618936618,-8.511312394108954,78
9531,10.0,16.565656565656568,11.700779727095519,11.448412698412698,36
9532,-7.494189483611342,-22.7995816670219,7.353670634920633,-7.807017543859649,79
9533,10.0,6.320665125696571,6.000774293457221,15.94491768345921,54
9534,18.137461881304247,16.221271211608244,6.546570354709889,-64.06184342289819,58
9535,-22.184102225706628,6.005444813584349,8.214273477918251,-16.43126231974271,76
9536,11.496751624187906,-21.007857449650487,12.008531233337436,-1.3317617132133717,59
9537,-4.106519685620044,16.962391511281723,4.398148148148149,15.647756174558843,70
9538,14.62962962962963,4.166666666666667,-0.5915618888911656,13.787878787878789,40
9539,-19.64293434979202,13.41348867664657,-36.28355217614613,4.300701276292429,82
9540,11.948019448019448,-6.212121212121211,8.086419753086421,8.55263157894737,39
9541,39.367811134115485,7.407407407407408,11.448412698412698,-20.3125,48
9542,-2.1264367816091956,10.893300248138956,9.166666666666668,5.0,35
9543,-5.61509130880673,13.728728269142795,13.968253968253968,11.285266457680251,61
9544,24.302027106204285,18.333333333333332,4.62962962962963,4.329734592892487,42
9545,-38.4518011644991,12.22626647558248,5.0368577083154396,10.0,61
9546,-11.00825931248282,13.16489505571784,-35.3419436860598,23.602899905665403,86
9547,13.221244500314267,-33.48290037497233,-34.63257213531966,-24.943240361275286,89
9548,9.942882894212833,2.9260206498058166,-9.21328270471341,7.173382173382173,77
9549,-14.04506730505286,9.385964912280702,11.281281946243585,-16.13902745343694,76
9550,-65.16772277641843,7.643147080682176,3.255303459038604,3.1457739791073123,64
9551,-5.720934838581896,18.68480725623583,2.7777777777777786,-2.8579023315865406,49
9552,2.314814814814815,-7.224475997295469,-1.0618279569892461,-0.4817404817404811,45
9553,-12.979435363889145,-25.437529416024038,-1.175927735435259,23.96603210153042,58
9554,10.66767110884758,25.257323512830627,-29.469253942938153,-23.249186939046705,63
9555,0.39044289044289116,-21.30231802866074,-23.373015873015873,-10.659722222222221,58
9556,9.451566951566951,-28.333969951617007,21.633986928104576,3.287059497362562,51
9557,-8.230217454909909,14.494400527009223,11.330309901738474,6.5476190476190474,51
9558,1.6982361055636916,5.7065217391304355,-0.37037037037037024,16.984126984126984,43
9559,-4.643678766417622,12.061237373737375,10.52759328187535,8.965807239464528,78
9560,-12.044111955980362,18.643578643578643,5.257177033492825,18.72132588415483,78
9561,-1.5710086049069085,10.158908921075218,0.9378811333145705,-5.0,60
9562,-31.311226692678353,-26.46026454488749,2.5098128019323673,15.629746006808066,71
9563,10.815665979673073,1.746031746031747,17.05684293919588,13.333333333333334,48
9564,17.755009107468123,-17.100904447900355,-5.936153544849197,-31.090227200708146,61
9565,9.239819199168794,25.542943962287673,6.8939393939393945,-14.862914862914861,60
9566,-31.45822599344841,13.726540080591136,8.547671840354768,17.873563218390803,63
9567,20.78197295909868,-5.853004612505455,11.53696217741401,-24.943292574871524,69
9568,-2.450911580382762,1.8474601083296749,7.864923747276688,-29.724898681933105,71
9569,-20.42274632518927,14.682024082268882,-18.275462962962962,-47.852155313400914,88
9570,-19.617536457666297,0.72686626688962,1.105006105006105,-15.37037037037037,58
9571,7.371794871794872,9.605862547039017,3.787878787878789,7.314814814814815,38
9572,-4.124559341950646,-9.709653732474596,9.166666666666668,23.56580307729733,49
9573,9.477944096427578,11.700779727095515,2.895655341305389,3.4722222222222223,48
9574,-7.967479674796747,15.346098550432918,11.558641975308642,14.385964912280702,44
9575,13.085907288226153,13.14761197160799,13.623188405797102,4.867822532783097,62
9576,11.19918699186992,-5.098039215686274,-2.6642105711177173,-21.4963589382194,77
9577,-1.2233329941663267,-12.747747747747749,23.74957869902258,19.531590413943356,46
9578,-15.68849033623315,29.07706093189964,4.386865151384208,-12.033974062275949,60
9579,11.893939393939394,6.345785440613026,-8.345455141120775,7.604166666666667,45
9580,-20.391414141414142,11.145278310938808,-15.285280806021218,20.133286584647596,84
9581,-77.19599771871175,-30.13808932770246,-17.656600729517397,11.813624512899878,114
9582,26.225490196078432,12.344500979931173,17.108012979156356,-9.637390967636748,68
9583,9.62962962962963,10.010315355142941,-0.8333333333333321,-6.475137640064295,50
9584,3.787878787878789,15.277777777777779,1.85483870967742,10.0,37
9585,-18.250811688311686,-10.884146341463413,2.5000000000000004,9.62962962962963,49
9586,-7.645348837209301,-6.096361662374386,2.3193919661881814,19.373779814956286,64
9587,12.873563218390805,10.0,-11.743093360740417,-20.3125,47
9588,7.261329652634001,-26.93337035114612,-10.097845634944195,7.544677544677544,79
9589,5.640789445820893,10.669995432701432,6.8939393939393945,0.7142857142857153,55
9590,5.367189999542941,12.01646280246686,-38.66852035647488,12.688172043010752,64
9591,17.25225225225225,10.228758169934641,-16.03174603174603,5.0,37
9592,2.400614330438893,1.951501806684734,-10.655080213903743,7.873563218390805,47
9593,9.177109440267335,-27.395833333333332,9.203873120129279,11.657709574376241,49
9594,-14.268249647106272,0.01672240802675562,8.733884674377151,7.752267573696146,49
9595,3.2822891096353093,-18.763887161629977,9.166666666666668,4.527966299099441,61
9596,3.014512369351081,3.1122013092860774,13.805569970593323,-18.589655385321024,54
9597,0.6595045788546474,-24.618055555555557,5.477543613041933,12.834665197701945,76
9598,-7.058144201944378,16.711364032792602,-36.69162067758378,27.7336860670194,70
9599,-4.948830409356725,0.2376485303314566,4.84006734006734,14.729768564841912,50
9600,-1.227002164502164,20.833779538802027,-62.58129255904561,9.388503086419755,68
9601,0.257175333901678,15.0,2.9157249584078873,-6.699593877809569,51
9602,8.626543209876543,3.9356413269456754,3.4722222222222223,-25.18321252220846,54
9603,6.1823750479212665,-33.219417061577055,16.07638888888889,7.767073844791373,78
9604,-6.77453739254112,13.894927536231885,-0.12820512820512842,-38.962252418267695,74
9605,10.656108597285067,16.448412698412696,21.105006105006105,31.521721992890726,39
9606,-8.948412698412698,-25.12987012987013,9.137426900584796,0.0,47
9607,16.79220308139311,-2.8902728107315587,25.65904777704438,-15.470817598477172,60
9608,-4.27413671599718,9.842592011241365,15.975415070242654,12.371794871794872,58
9609,23.547471620227036,-24.88989372457557,-1.029776674937965,-24.02937670794814,76
9610,-2.9674796747967473,-33.23593073593074,12.487816764132553,21.73611111111111,48
9611,-2.6136479409906874,-20.925542718730288,-22.990607838886824,-6.871768891252053,88
9612,41.87185082383616,2.3809523809523814,8.525149190110827,4.385964912280702,47
9613,11.212560312819413,14.703232644409116,-27.354252566077296,-52.58960573476703,69
9614,-8.531403337748838,9.608452105803801,11.140819964349376,-35.36029727442865,65
9615,21.49909420289855,-2.6470588235294112,-18.85398556451188,9.7675026123302,46
9616,-9.64249080358743,-6.767763211922388,10.074863278644791,-7.106481481481481,90
9617,-7.747747747747748,11.984126984126984,11.893939393939394,-30.639033839342186,45
9618,0.6481481481481488,17.604166666666668,-2.592592592592592,22.19298245614035,38
9619,-32.117440592870935,3.2389937106918243,-5.598864994026284,9.621219395871544,76
9620,-22.78784918530176,-12.974174795806675,18.414622791984307,-31.684516661356597,89
9621,16.707634470792364,1.4619883040935673,9.574809883734371,-4.188092514998591,59
9622,16.161236424394318,3.333333333333334,6.004140786749483,-2.4968071519795654,41
9623,-53.64604462474645,-44.53131988185914,2.604166666666667,-17.78298823271779,92
9624,22.8812358276644,-25.005091821104546,14.62962962962963,-7.0766368134789195,50
9625,23.96825396825397,2.2167755991285407,3.922111480251015,11.751066763233055,44
9626,-78.61603855745554,-14.996529738377564,15.969744242590428,-14.440005391969407,106
9627,1.9930069930069934,-9.391025641025642,-40.16979285347575,11.60276610644258,60
9628,6.055518981786262,-27.305772766765674,-2.685185185185185,-13.590375297692372,54
9629,-2.395833333333333,0.4102067183462532,-18.626656951621083,-8.563153772894948,62
9630,7.976190476190476,25.85421888053467,27.525252525252526,5.0,33
9631,18.71527326568583,-14.37894650660608,3.9488017429193896,4.455221081237343,69
9632,-5.823732718894009,1.8939393939393945,15.451311578762558,-17.51847085180418,65
9633,8.205128205128204,3.9682539682539684,-8.101668020388509,-34.44716775599129,54
9634,19.31492504409171,24.545923632610936,4.172255343281523,14.02777777777778,53
9635,15.477139977174959,-7.836257309941519,7.550047991224462,9.644104962294305,55
9636,10.0,0.8741214142653924,3.792823205801451,-15.521885521885523,57
9637,-22.958969124741223,-2.9453262786596115,11.893939393939394,-34.19820031133487,78
9638,7.605820105820106,15.059966914805624,14.494400527009223,15.0,40
9639,8.968253968253968,-12.126436781609195,10.129419191919194,0.0,38
9640,10.323464912280702,7.916425679583574,17.684147733167343,-16.03174603174603,52
9641,3.585164835164832,4.934617492757027,-4.391116423634951,12.32185517187417,69
9642,-3.612831999829539,-6.731870628821779,-26.311657191017655,0.39051984430135844,70
9643,-63.45815142954974,-21.37916816652559,-42.2917088413104,7.883811957375021,111
9644,10.398110661268555,6.633986928104575,-13.794611640960309,5.942929073954174,76
9645,-20.098039215686274,-26.529016057317943,2.314814814814815,1.2194614798781451,64
9646,4.62962962962963,-2.1143050716221445,2.4222593520839144,-2.2222222222222214,44
9647,14.018619182179657,-86.18231621938432,-8.082702311607441,2.2715359077406947,102
9648,13.333333333333334,24.368066222904933,11.496751624187906,-7.897985705003248,42
9649,0.3002268289545995,-80.24927760175598,6.798821716739807,16.8506496704652,79
9650,7.040229885057471,-5.77991452991453,7.525252525252525,15.200837483446179,41
9651,13.948566506706042,-48.54800540906017,4.557772850455777,-36.90802319940132,69
9652,15.16041821769376,-33.020883896169934,-27.59259259259259,2.0325203252032527,59
9653,14.718234981392877,-12.025613275613274,-5.043103448275861,9.672299027137736,45
9654,15.453962802466862,37.01238484806332,0.0,20.944606887589345,53
9655,14.050925925925926,2.4074074074074083,10.908412100122488,-54.378784537337516,80
9656,-1.3768115942028984,13.086419753086421,4.567067067067068,-3.145161290322579,42
9657,-28.82971507463157,16.61733161733162,2.880892255892256,1.755069549187196,61
9658,-22.909033165163386,3.4675757929434403,20.299165120593692,-45.058289265213986,79
9659,14.794872039522062,7.4855699855699855,1.4695409026804374,-15.432273040968692,71
9660,6.572327044025157,9.385964912280702,-34.534913354416744,0.0,54
9661,2.71604938271605,9.502164502164504,7.873563218390805,11.878408791387036,43
9662,-10.923659673659673,-6.630518604202814,-17.023809523809526,21.221785333884743,63
9663,1.4305107546678837,-5.118084884317706,-1.7961196162814341,-77.30340284261852,75
9664,-15.301222449058747,-64.65208097738932,-3.053946064927343,-3.2050036966251954,89
9665,7.152457757296466,-1.9280363195639594,-16.03174603174603,8.300653594771243,52
9666,-5.36236751753993,-0.49132426543345153,14.385964912280702,14.290736145574854,52
9667,21.633986928104576,4.7157622739018095,-22.757492902309973,-3.504185299850935,51
9668,-44.10492849571045,12.791979797575522,5.665615853524352,-26.852407519336417,88
9669,-8.75,15.904482179726978,-38.824909673499484,-10.98498453928224,98
9670,12.175694606307363,28.96825396825397,14.901960784313726,-10.101986044015028,61
9671,-12.747747747747749,-34.31714466706839,26.246107163445874,-11.706670113117438,65
9672,3.8843721770551047,6.603897969444187,16.54320987654321,-48.97991153863411,54
9673,-15.809763251623718,-4.011470985155196,8.472222222222221,-11.184301809301811,57
9674,14.166666666666668,5.0,1.2940062388591826,0.4563492063492056,42
9675,0.06944444444444464,-3.9473259110407444,7.192982456140351,-9.021739130434781,50
9676,17.32517355588194,-6.621938303169305,-2.8310807680726375,-46.26977958149066,90
9677,-36.79068188867233,-9.463289612543342,1.3661202185792352,5.145461052739218,69
9678,1.9580610021786486,19.234427141780273,-3.9745068821692335,1.6182506890992372,71
9679,-22.96747967479675,-6.654344283260048,-15.98336304218657,8.433006245032198,86
9680,-4.22259855763692,-0.5343804188342007,0.7087162350320249,-24.69731069733004,65
9681,7.4100929151847605,-15.7028450378834,23.575003575003574,-16.585672111034427,63
9682,-16.705516705516704,-3.016208020164232,4.1568493333052245,8.191856452726018,78
9683,6.122076023391813,-19.084301692997347,2.0000424412189117,-11.212121212121211,55
9684,-19.14491195911961,0.0920052469543684,37.50683299960333,8.6482847086402,75
9685,21.35509686234324,2.873563218390805,4.074948767931224,-32.61904761904762,54
9686,11.595567030217946,-57.51194392514335,2.9112107560383413,-15.607548033969401,81
9687,11.461988304093568,-72.70547316423274,24.19555517301681,-2.0365618832651933,95
9688,-12.693602693602694,3.796765832769889,3.89552724324162,9.444111947104425,61
9689,32.48781676413255,-0.9756953127170664,14.624362565539036,9.828042328042327,45
9690,4.619811122287516,-33.49501302331491,5.974781032920569,6.700680272108844,62
9691,-6.114254651572802,-51.48318031142299,0.5956440547233388,1.1477118513252085,89
9692,-24.813381492948054,4.537517833763965,-16.249234743148687,3.08641975308642,70
9693,-11.986911723753828,16.985294117647058,18.497466914805624,19.656084656084655,50
9694,5.070532915360502,2.480506822612087,11.828316610925306,-18.696581196581196,62
9695,-5.548433048433049,-1.5929634265053538,5.8201058201058204,-34.66598764704152,53
9696,-0.1103368176538897,-4.6351404013942705,-57.85214671593851,-10.47174405904408,85
9697,3.970286885245902,8.454062643044207,7.368696466440828,-33.218429395926634,74
9698,-20.405443780729822,-8.008980170078615,-25.71400740307812,12.394901216235723,74
9699,-33.999505344881335,9.015594541910332,-16.575434220251292,16.09226594301221,67
9700,16.78703051021892,-15.28423772609819,8.884372177055106,-23.678432834394293,64
9701,22.0753429576959,8.71569950517319,0.3245436105476678,26.09986729931118,46
9702,37.45485860085631,-23.59903381642512,-2.685185185185185,7.056924574413705,47
9703,20.51291904552774,2.253086419753087,-12.222222222222221,-28.748626772500014,63
9704,23.519496743725682,0.014419495898344126,14.33612792376807,-18.233095733095734,77
9705,6.561851502428752,8.205128205128204,-6.984526518117123,-13.422735359408522,75
9706,-19.62035258941336,-6.025615965143595,-45.96940997745168,-15.205527497194163,88
9707,31.550038787834364,12.698412698412696,-11.100146198830409,23.38528905025069,54
9708,5.0,-53.715169971686166,0.17290249433106508,-23.366013071895424,57
9709,14.487108341159395,0.5173789381417827,-6.488824724142884,-35.737157156235156,106
9710,4.617557583659277,-24.694472358662747,3.70812388339603,22.362648836434005,59
9711,12.368339978966294,-38.60795454545455,6.439087200581454,-9.57029188486989,66
9712,-7.863247863247864,-3.9500829067259073,15.0,-5.853808353808353,49
9713,-37.740471869328495,16.61156894319725,0.0,12.252252252252251,41
9714,12.34848484848485,15.456349206349206,-12.946540986724164,4.0283698020270915,55
9715,1.9852941176470593,-13.59903381642512,-25.088096729530477,17.998590556730093,56
9716,23.302307179743458,-24.351773286480256,-7.203766564065184,20.72392543887831,98
9717,2.2609630536459804,-1.3660408592732156,-31.60475197069479,-60.473021095040274,118
9718,3.6231884057971016,4.905753968253969,-7.126436781609195,27.166169240972277,53
9719,-85.3262000891542,-1.349206349206349,11.795998805365443,-66.66680236708291,118
9720,9.027739400079826,-3.7983173524944682,19.090058875151023,-62.45107213764241,84
9721,-5.802888357705299,-4.781159061617516,0.8290794542432007,7.136752136752136,80
9722,-20.0,5.169172932330827,-2.5978596566831857,19.518875347679696,55
9723,-0.6898656898656905,3.1773014699843976,-9.84935329085079,1.6484472356915674,65
9724,-30.575881115436616,3.4702286018075483,-53.87489834287353,-6.26701800614844,101
9725,-3.329059579009597,6.703766584921084,6.161236424394319,-52.353274745175995,69
9726,4.792861734777713,-4.868108273905374,-9.92349086099086,22.28318428489787,74
9727,1.3920454545454568,3.4722222222222223,12.99286726918306,6.078691423519009,44
9728,-6.212121212121211,8.514001806684734,-14.26961926961927,7.407407407407408,43
9729,12.236783154121866,8.205128205128204,8.042853707815345,21.93798449612403,43
9730,9.50755014649538,6.192731288976433,12.144722561389226,-10.327700972862264,57
9731,-5.3856853735190775,2.1367521367521363,8.594619666048239,-23.18840579710145,50
9732,0.3416588631642403,12.873563218390805,11.937984496124031,11.379321161929859,43
9733,6.937984496124031,-33.906089317066645,-3.8880239164869144,35.37403015663886,66
9734,3.955150240091683,-24.65024123442255,9.37345829587209,-14.874184529356942,74
9735,21.57171201814059,12.688172043010752,26.250988262482515,13.254862797545726,49
9736,-6.913580246913579,6.671444171444172,-0.06393331456179396,-5.330218662598525,66
9737,-17.140115232787643,24.109368539193103,-4.4769503546099285,-6.8251088534107405,55
9738,-9.943019943019944,15.615154064820363,-18.432314257278392,22.856341189674524,54
9739,-38.200541188212014,10.532999446913195,-14.48855530087891,1.2400270015212556,85
9740,6.4822330447330465,3.2365510306686778,-8.18840579710145,-31.057692307692303,55
9741,-9.876730162051754,-28.543594341914513,-47.54366291869606,2.301587301587303,121
9742,19.88603981831536,1.2150920974450394,20.229276895943563,16.3030638612034,55
9743,-11.836787699340295,12.450980392156863,-5.240349013168485,12.314814814814817,46
9744,16.73611111111111,-7.827244330757056,7.658093540446483,-0.08582502768549283,49
9745,-19.141414141414142,13.439716312056737,20.826155652692478,-18.847653321337532,53
9746,-4.599281821948059,17.33385559472516,3.3048959508805895,13.172478901738494,74
9747,0.18491445237915638,-8.366013071895425,6.712962962962964,-18.762664640324214,62
9748,20.585257298177435,0.9375,-0.26256116481680336,-35.60944081503292,65
9749,23.294159544159545,3.9175553262240577,10.0,-66.15675878618707,72
9750,8.58596479734053,6.633986928104575,4.63385387803849,-7.7016907862236765,81
9751,-38.407469969969966,18.6231884057971,21.54320987654321,-13.088235294117647,54
9752,-37.93001198905881,18.606902356902356,-0.7636207636207635,19.971338451140948,65
9753,4.115853658536586,19.958866139362748,-2.4999999999999996,13.623188405797102,46
9754,-25.951036619012,-34.36541765986015,1.3330248656335613,2.671737302469883,80
9755,1.5253804933204247,-11.237527392442605,3.251115809255346,-2.8960204490764765,68
9756,-1.2576981854338456,-16.550321024005235,9.28599259692188,7.590132827324479,70
9757,11.56761412575366,4.516488653936059,-1.3720408457910285,5.0,50
9758,-1.2044534412955468,-32.33255903987612,1.8921460302664743,2.2258415397002356,65
9759,8.086419753086421,21.250798445297665,-11.226202163702164,6.931216931216932,66
9760,-45.453742259256664,15.622559740627896,10.586080586080586,5.638113482941069,59
9761,12.992620124973065,-83.63425925925925,11.379321161929859,9.770114942528735,59
9762,-23.217029719689293,-3.5616219667943803,-18.20302502376743,-20.684856079592922,71
9763,2.5960826065809277,-5.700274723420341,-40.01316046943174,-1.428571428571428,68
9764,-33.15917727682434,0.0,14.115853658536587,-9.490886306099537,55
9765,-17.098584410412368,-32.29044559725813,7.15062715062715,-7.413373560914544,87
9766,-44.79220267386121,-38.65463081265291,-36.77993434986302,-8.568248324039931,115
9767,22.798208200601575,-30.256994544829396,-18.770637162289475,-4.106699751861043,80
9768,-2.1791559000861334,-71.6517299359817,-23.047892382947836,2.6719576719576725,86
9769,10.0,0.7244744744744729,0.44088925320909933,25.681818181818183,44
9770,-8.963816729577292,7.648489503328213,-19.903446226975635,-0.48827399684835626,82
9771,1.8026567856422666,-2.5503095975232193,6.88608776844071,-60.55714184155731,90
9772,-7.311827956989247,20.19676304159063,3.09855343103425,13.695394112060779,47
9773,-5.645511895511894,10.792219190875407,6.666666666666667,13.10708898944193,53
9774,-27.496634228731903,-41.95424684565741,-1.6355366977595214,-12.970069848097907,136
9775,8.623188405797102,1.5227170490328383,-5.812908496732026,0.045280390107977686,49
9776,4.515877654393143,14.159163253832759,8.624847374847374,-71.23496999499923,70
9777,1.5486535523300233,22.391189764084423,5.493827160493828,-35.02390234846375,71
9778,4.299646889899771,-9.002525252525253,-2.936887673729778,7.688172043010753,61
9779,-21.618634763796052,-18.98148148148148,-0.45578181311713806,-4.7561588738059335,76
9780,-5.679824561403509,-23.396407193201906,-8.299319727891156,-35.89437120705168,70
9781,15.98086124401914,5.413868720364942,-8.839605734767026,18.182261208577,55
9782,16.515151515151516,-15.985578792596336,26.849740956683092,11.841398399897088,68
9783,10.431527382393778,-17.580757449178503,16.674339396661427,-86.55641626377775,87
9784,-51.7373090949541,-34.40422393412165,-21.393734619353815,-18.199230227532116,102
9785,16.52271704903284,5.015432098765432,-2.2114243215947673,-28.299319727891156,56
9786,-4.240059457450762,2.1166551376528533,0.0,4.107805774472442,51
9787,5.8641975308642,22.19298245614035,11.691919191919194,-16.21212121212121,38
9788,-2.9908012587751145,-10.523130679607984,-14.565531751495055,-57.45900868850236,95
9789,-0.4465405690895896,21.36639691115113,10.118188689617263,-6.9097513149932475,66
9790,3.7457912457912457,4.8611111111111125,-31.584448594252514,12.604166666666668,48
9791,-7.916666666666666,-17.37242092314556,2.172505017332604,-9.935284747112702,60
9792,-73.5086155674391,-2.001814245057746,8.218003715199576,-14.011089577950044,77
9793,2.935047740888564,-0.5018939393939388,19.166666666666668,-0.6934996220710503,50
9794,-50.00028603831231,-18.917748917748916,17.363935179427656,0.8487459572611336,86
9795,10.997474747474747,4.166666666666667,5.0,1.8742985409652086,35
9796,-35.584367953863186,7.917301064257138,10.972428313176545,-20.155219226226485,109
9797,7.525252525252526,-19.907407407407405,-2.08943833943834,16.81159420289855,46
9798,24.447250280583617,-18.89865687499959,5.294198139025726,-1.1984523089332522,60
9799,8.623188405797102,-15.081018518518517,8.333333333333334,17.167616334283004,44
9800,-4.345238095238095,2.1929824561403493,-6.300934948475932,24.488860414904405,63
9801,-19.291528836539076,11.529660111288415,-13.08160247361699,13.968253968253968,58
9802,11.485718606861983,6.993006993006993,3.4387997623291744,4.3473351400180675,53
9803,9.092866651006187,-6.56613538996035,-1.4529914529914532,-38.897306397306394,60
9804,-9.924596815862042,15.0,-2.7477477477477485,13.72248346207769,65
9805,6.770833333333335,28.154778819740457,11.267272053276109,0.0,48
9806,0.2529372072715721,11.81159420289855,-11.513885280478966,-0.13272184003891363,69
9807,7.032520325203253,-7.639901043611339,-6.428028575771394,-0.9656207019759275,61
9808,15.667281139023617,-6.031746031746032,-29.074619678946124,7.967158069617085,65
9809,3.6509646607538855,-0.833333333333333,8.333333333333334,24.464285714285715,40
9810,17.083333333333332,-5.7034156793658015,17.89551695444144,-11.600027199782401,60
9811,-6.231368563685637,-28.23063137579266,6.633986928104575,2.010582010582011,52
9812,12.976190476190476,-5.298539643777739,11.153198653198654,19.91898148148148,56
9813,39.67098252344416,-0.6752107839064347,14.19834954317713,20.899684821142557,62
9814,-13.507206235168388,-0.5353637590479696,-7.126436781609195,5.225752508361204,72
9815,18.68316420649402,14.935897435897436,10.118188689617263,-7.023809523809524,59
9816,-18.878274508377274,23.97590261702649,8.056722689075631,0.7380539220411977,70
9817,-39.830827067669176,2.450980392156863,7.314814814814815,11.744381802521339,47
9818,13.663771018953947,9.526842075861683,9.166666666666668,8.787878787878789,44
9819,7.873563218390805,12.03252032520325,1.4814814814814827,26.854459449568147,41
9820,20.339299216924346,-5.476190476190475,-28.032081519476474,-21.26171395565072,77
9821,11.102454015167492,-26.3768115942029,-7.660598839264334,-17.1304698527929,70
9822,11.075319016495488,10.83036899334724,6.237816764132553,20.0,45
9823,12.976190476190476,-85.84006923380545,-16.592115273116555,2.654488154188062,98
9824,-9.720058156970957,-11.827107279693488,10.307657318526886,0.9234661606578127,72
9825,3.2051282051282044,7.074136955291455,32.21677559912854,13.472222222222221,36
9826,-16.943225538763297,12.317801672640382,15.997474747474747,27.705257705257708,52
9827,10.0,16.330309901738474,-23.93036746242753,-89.18246023049363,81
9828,-2.0386419476196505,-19.610285866443505,-43.87914211717628,-11.023570458779325,83
9829,7.032520325203253,13.68542314069939,-5.074123699417742,-7.895819263022634,86
9830,-3.41224085720941,1.4124293785310735,16.81159420289855,-52.227653787161316,63
9831,5.0,-1.3224007960850055,-0.4403004534573576,8.333333333333334,51
9832,-38.63035107731444,2.604166666666667,-12.027221144868202,11.074168797953964,62
9833,5.813952774744468,3.5503343637650007,6.0515873015873005,4.344919786096259,67
9834,-2.19804318488529,-11.794871794871796,-15.918367346938775,-0.8452429147629519,56
9835,4.506564429812551,-23.65792529651427,-47.68626353077191,8.767613356429147,95
9836,1.3661202185792352,-30.628875431167355,-3.1101152652876776,-11.382653168165335,65
9837,-8.647806792968083,16.876507695276693,-16.57925055752108,5.589612601106854,71
9838,-7.506587615283266,4.712301587301587,24.682092974775905,-8.941240970072236,50
9839,4.0539127837514926,2.785826396698666,-0.6810631229235882,-55.85999640121017,79
9840,2.2522522522522523,3.4722222222222214,-37.736598225103975,-2.7662037037037033,51
9841,-7.254273504273505,14.347242804331927,-22.26519580460706,8.50774750422638,77
9842,3.3276643990929706,22.756132756132757,-4.209976105137396,11.44457323301429,57
9843,7.509069121256271,16.576925194120356,-15.658564300664985,12.409358436575294,72
9844,14.115781878939778,12.314814814814815,-39.836910462937546,-15.599906629318394,75
9845,-1.1621931904950769,21.428985449366294,-1.4285714285714284,-16.669278996865202,61
9846,-4.133416861911483,2.8872958980485866,-43.646675201504365,-14.006098378286243,84
9847,-4.189533603296391,2.8735632183908044,-57.91477828628336,0.640722628574943,77
9848,-29.075369075369075,-0.8929090380703277,8.450753361169616,6.823143050323578,61
9849,-1.1288601038618058,8.476311441030239,-11.566095617216064,-0.09601998886084573,78
9850,18.316020986856014,10.15697089231378,13.333333333333334,-17.988771693557954,58
9851,7.259528130671507,13.10708898944193,13.968253968253968,0.0,32
9852,10.0,11.9868149279914,18.777303446771622,7.777777777777779,58
9853,-3.276736924277907,9.581178712218748,-34.894623256844284,-20.14392347630334,87
9854,2.2315969077330484,-44.61593257992852,28.80291005291005,6.736111111111111,56
9855,-2.9505986249407288,1.851851851851852,-27.449659688436775,-5.997510115157173,64
9856,26.412429378531073,-13.265008461102983,21.76691729323308,-3.9193272442913756,59
9857,3.6864889496468454,8.831923890063425,-24.565217391304348,12.777777777777779,46
9858,-39.796469081926176,2.688172043010753,-56.87169312169312,1.1658439599616077,70
9859,-6.459451401311867,22.152184235517566,20.913582525102132,7.701454565566065,54
9860,12.0850251898639,0.9500756514273103,3.9600491961811315,8.571575726910542,58
9861,-0.19432274082760337,-15.270602102206318,17.424383891036186,-2.474747474747474,85
9862,-0.9229390681003586,6.736111111111111,-33.511292979778034,9.46244497968636,88
9863,-8.400621118012422,18.636363636363637,-101.09665976273673,3.9186080936439622,75
9864,15.387172887172888,14.62962962962963,9.374013119303662,2.1367521367521367,41
9865,17.29380021046688,11.766381766381766,7.604166666666667,3.7878787878787885,44
9866,-1.6666666666666665,15.580357142857142,27.19298245614035,-10.0,38
9867,-7.863247863247864,10.0,-22.32063298515822,11.22050622050622,55
9868,-28.186782335959872,3.95369187131201,-3.366013071895425,21.340075694914404,55
9869,-23.61307122086688,-107.73134110579113,11.037082003951578,8.708133971291867,86
9870,18.778552071234998,-43.957147033133964,4.740918803418804,7.522068791295432,76
9871,-7.592592592592592,6.41891891891892,2.1367521367521367,2.9761904761904763,40
9872,10.324543610547668,17.25225225225225,11.387389413705204,8.472222222222221,39
9873,-5.199394876347624,-3.0348283093500643,-16.610359559113302,26.073417671162034,72
9874,-38.03755053755054,-46.85182571052136,-25.579774130089973,5.492290489642185,78
9875,-39.94334859182279,-53.51851851851852,-6.395904019444,0.7745917960971731,72
9876,21.57773386034256,-54.47081727313964,8.608217319651077,-7.484872732904586,96
9877,2.777777777777778,25.882822028332864,5.0,13.900616926932717,38
9878,19.853120735473677,12.595454693022086,-5.669073454161172,-37.34449687796544,91
9879,6.599378881987578,26.85185185185185,19.11070096054616,-5.687321937321936,45
9880,6.770833333333334,6.764069264069265,7.777777777777779,9.196696696696698,40
9881,2.316336750324025,3.6886606494449636,-7.982093364096761,15.855539822348089,52
9882,18.467597565341926,-12.870432263814616,27.01093792991923,-11.884463079431631,58
9883,-6.582491582491581,7.976190476190476,5.0,14.166666666666668,35
9884,-8.148148148148149,31.960482198577438,1.7129629629629637,7.3075604736854896,49
9885,15.778010366826159,2.9761904761904763,-13.647651273335267,12.136752136752136,49
9886,5.0,9.386865151384207,-25.921377378823212,-15.311016144349477,59
9887,-0.538778311599176,7.032520325203253,-11.794871794871796,14.944906458064354,48
9888,17.858187134502923,5.0,13.97540927958646,8.968253968253968,41
9889,11.173708920187794,11.89496777732072,-14.422461612431894,2.706651519198358,77
9890,-12.011619462599853,20.13735903488067,30.281385281385283,-0.4329329329329328,43
9891,-11.435737834130421,25.915698307002657,7.688172043010752,7.450980392156863,46
9892,4.602317677609303,-12.501942501942501,30.228442728442726,7.245959333712468,63
9893,18.448908148574446,11.105006105006105,-9.209160876516313,6.720926896365491,70
9894,9.385964912280702,-0.1789695332655974,12.285900023091674,10.0,50
9895,11.098901098901099,10.63973063973064,-40.50245960711159,-3.7063534122357638,78
9896,-47.03826691967109,12.871160634318532,9.51302714781534,27.90105354706327,78
9897,-10.658570954907162,-8.18840579710145,24.43469943469944,-8.9445472695114,66
9898,15.668934240362812,11.074168797953964,-8.874121966794378,-2.6087837897850727,53
9899,-57.157797732044486,8.56060606060606,8.870214752567694,-24.34400303643725,76
9900,-21.963997742299625,11.330309901738474,18.132798573975045,-26.21212121212121,55
9901,-9.247914869140063,3.496556241149708,-16.185691201831805,-58.36902739328893,79
9902,-11.424388856141729,0.4451469583048535,1.3440860215053765,9.920634920634923,65
9903,-2.395833333333333,19.672571121846484,17.03252032520325,0.03003003003003002,41
9904,16.836945304437563,-7.916666666666666,-6.57966247139588,4.722222222222223,42
9905,-20.138445783607075,3.374183006535948,25.95463180545427,5.066545674531156,43
9906,-10.663153271848923,-2.0632040915059777,-2.394179894179893,0.902777777777779,54
9907,25.653770866797565,-16.853610231921074,23.356469733607984,16.589070138232092,66
9908,5.8201058201058204,-29.922332758569564,7.083333333333334,1.9841269841269842,53
9909,6.862320685850099,10.893300248138956,5.6195991910277625,11.345236472672756,53
9910,20.09144237405107,9.582111436950147,-17.74774774774775,10.056800497976969,46
9911,-0.7671957671957674,8.530697338836873,22.77777777777778,6.7496236645853,49
9912,-5.98629174990154,8.411306042884991,14.262337385654126,-32.166955564202226,91
9913,-18.516052370541537,1.1740108229671797,15.34823323200516,-0.14230979748221095,57
9914,-7.468588322246858,9.62962962962963,3.6231884057971016,-61.60455620589737,94
9915,6.5432098765432105,-51.33175801128876,-9.470012759991123,-1.4561231356896975,77
9916,11.26207729468599,14.557772850455779,17.219762456954108,0.33867200533867337,43
9917,15.225752508361204,-3.2993197278911564,0.08615878560266887,-38.19788074174039,57
9918,-20.13571957594728,-36.25306247855268,-41.67444320934649,-19.051841691526526,87
9919,-25.042518354879657,-7.474747474747475,-17.700754063243547,-27.58080103767435,67
9920,14.087844741596813,0.0,10.0,12.590132827324478,34
9921,14.62962962962963,11.051587301587302,-57.09698598809086,18.757045219727072,69
9922,14.973850086841129,4.589833059660647,10.19551544982226,-1.194559101903094,62
9923,1.3092661306947018,18.333333333333332,8.92416225749559,-32.30559563892897,54
9924,-31.2067269866247,-2.323612060454165,-0.5294335686867457,25.46313368623486,62
9925,13.520260045584234,8.784013605442178,15.364800891116682,11.984126984126984,51
9926,19.390862550732702,-13.308080808080808,12.976190476190476,7.022916737362427,59
9927,-7.476227049959768,8.934169278996865,15.225914332114156,6.709608158883522,56
9928,5.5609284332688595,4.62962962962963,10.584098725615164,14.237501375866156,65
9929,-4.4260457521140095,4.331071627086807,-1.5595504140395773,-6.636551853943157,61
9930,16.31535912064413,1.3029269678886055,-13.8455192442123,-29.400495337995338,73
9931,0.9599829714772246,13.08219378214119,5.0,15.0,33
9932,1.8539079503991784,-20.71479141509976,-2.061502963758602,8.922111480251015,59
9933,-29.869614212521835,-28.86470302831827,-18.388570186749586,-18.193184470758,106
9934,10.0,9.054881899709486,16.725040257648953,8.968253968253968,35
9935,-51.35872297637004,-14.751578507815141,5.0,9.385964912280702,62
9936,-17.22222222222222,16.173230364406837,-1.2241787241787243,3.7332005973120963,52
9937,-1.1509616682273638,-18.654214559386972,7.67415228199542,22.14209766841346,64
9938,4.166666666666668,-25.573319785117476,2.2522522522522523,-6.726675561652211,66
9939,-37.845002359904385,-13.018811522332648,-27.08282408378722,-5.0,97
9940,0.9327960599343119,-20.61965811965812,10.643264397957765,21.241181657848326,56
9941,-0.9844054580896682,-29.961847314325677,28.830967955681913,-4.648518982060909,57
9942,-14.061996779388084,1.5814819629806802,10.82540146391695,-20.02535218467115,68
9943,-13.709437974581967,-6.349206349206349,-20.13465176350839,-39.243632214999984,71
9944,25.88486676721971,-38.123220534121344,0.8001981915025391,26.126126126126128,74
9945,11.724572870083705,8.580139372822302,-52.10766638321486,11.148440931049628,83
9946,24.366364629522522,14.16453537936914,-3.551587301587304,-6.26669994770123,47
9947,-35.543981481481474,-6.496358938219402,-6.763372015472855,7.976190476190476,53
9948,22.309368191721134,8.347659210987793,-32.143166402537204,-17.119092776987515,76
9949,7.767086402154115,11.960431102265465,-33.49547511312217,-23.749999999999996,64
9950,10.129419191919192,2.988380537400146,2.498912929392891,28.32351972263719,65
9951,-9.7700232735444,-9.062558951141295,-33.28225800983896,0.5375180375180384,84
9952,-7.520574234570177,21.54320987654321,14.645302280090473,-21.182963900355208,67
9953,8.787878787878789,20.64814814814815,7.142857142857143,17.317801672640382,36
9954,6.370091896407686,-14.288744343891402,15.0,-4.450657367324032,55
9955,15.554352703309059,24.47623828647925,-33.717585208813276,-32.64306664384122,83
9956,15.0,18.917555326224058,-2.549019607843137,-4.135802469135802,37
9957,-20.28423772609819,24.36779380848433,8.219355036245965,6.578947368421053,68
9958,1.013779840506185,-1.482923810510017,18.96892302168943,0.3606533841275805,79
9959,9.334237965392466,10.0,4.268390233807935,-4.850882682755999,65
9960,-9.124559341950647,21.93798449612403,16.625305092797355,0.0,43
9961,-4.718232074711025,17.787348263754797,-33.89883988407003,-29.421488682405915,78
9962,-14.381459948320416,-20.029269540438037,8.688190702020641,2.3809523809523814,84
9963,-1.2428233704829452,21.366120218579233,-9.985624748433096,-22.638688472021805,61
9964,17.63888888888889,6.999807755314876,4.878193701723114,25.320754959399732,48
9965,-68.32334138076943,13.115536920568369,14.720406681190996,22.849210987726476,59
9966,-7.569369013528192,-10.764975959495999,19.866522366522364,4.137179776125009,56
9967,31.595002233517718,3.08641975308642,2.220446049250313e-16,-75.67901234567901,59
9968,-6.608759005253987,-38.08951398007466,-3.5785510785510795,14.680812143671288,88
9969,6.518820685487353,1.8115942028985508,-19.706719894081196,-16.78322805060884,63
9970,5.81739248405915,2.0833333333333335,10.98086124401914,-7.5769600769600745,57
9971,-11.491428843907206,33.89099326599327,14.166666666666668,6.250988262482515,48
9972,23.64436658995353,11.07869142351901,0.27505944849345676,27.642932383174806,69
9973,6.700680272108844,-8.882709183042888,12.554466230936821,-2.549019607843137,51
9974,6.059996775256418,-9.85409454517006,-12.222222222222221,0.24823567800241175,60
9975,9.901960784313726,5.0,-48.278815899247796,26.221340388007057,54
9976,-7.529989503673713,-9.716183574879228,9.525881056528082,-27.126436781609193,58
9977,3.1469856932391633,24.110291977136505,5.457351290684624,6.000774293457221,62
9978,13.63972153356873,2.2522522522522523,-13.427579365079364,5.755521281837072,47
9979,5.825986611990669,15.0,-6.310160427807485,21.64795253727079,53
9980,25.139152435167617,-5.098039215686274,8.623188405797102,5.0,34
9981,-10.58080808080808,7.492372755530651,9.861111111111112,-4.791666666666666,49
9982,5.5908905908905915,7.843474259730418,-2.685185185185185,-4.189734697607886,63
9983,5.686787475269563,3.387237650729954,1.5723270440251573,14.898013955984972,57
9984,0.43344391062304766,-41.16404439915723,1.4472636955782754,-87.96525913482007,118
9985,-3.336867966228432,-1.3483275558870638,15.648042206966693,16.144781144781145,69
9986,3.2051282051282044,11.992545079101832,-20.1881820270318,-9.557784941241396,90
9987,-8.235930735930735,1.2500000000000009,19.208937382926813,13.674463937621832,58
9988,0.2571753339016767,-13.030439321205339,-18.06201550387597,-2.634551121393227,58
9989,5.0,13.138671212536066,11.345506345506347,1.6621499548328824,49
9990,-49.94846829938115,31.997829768077445,-15.638711368151384,-10.812908496732026,94
9991,-37.41287105341577,-35.95084975390578,7.035424475748432,-7.3294714442209905,90
9992,13.968253968253968,18.35071856975711,17.659067066394652,7.8581871345029235,53
9993,-7.311827956989247,2.2798648380043716,10.975415070242656,-7.474747474747475,44
9994,-2.5802088313366776,-40.70272426722101,6.353975885225887,-25.629451566951566,86
9995,-7.474747474747475,2.553842638915984,-5.248259776561662,1.8031598604354024,54
9996,-1.7948717948717952,-3.019519587970521,-13.601233176197304,-18.68964539838924,71
9997,-14.229254502075367,20.210004949048198,6.22050622050622,8.252818035426731,66
9998,7.348927875243666,7.252252252252252,10.800608799924806,11.496751624187905,44
9999,2.81398751365381,26.893939393939394,12.567326034818295,11.379321161929859,44
10000,-5.823913740580407,5.954631805454268,-31.682623997202,6.118811655096822,59
