Episode,Agent_A,Agent_B,Agent_C,Agent_D,Steps_Per_Episode
0,2.2058765607152697,-25.614035087719298,23.730880599899226,6.5432098765432105,61
1,29.435986467236468,6.8405459030459035,-55.225735955469766,-18.676156359979892,65
2,-20.77471548059783,5.6138795844678215,9.42098333634129,-12.375299434995227,79
3,-5.128205128205129,14.273902715751229,-35.1745707860553,-7.390844329715958,69
4,-15.37037037037037,-39.22455244820979,-34.17169742377543,-9.325492921194158,84
5,2.0546737213403894,-14.021650326797385,15.400595461558693,1.5723270440251573,60
6,2.192982456140351,17.438271604938272,11.004140786749483,3.002982410309997,45
7,6.462029256146904,0.6825429298833554,28.47222222222222,16.68679337300104,53
8,-6.563109161793372,-22.863247863247864,7.604166666666667,-4.687587285626503,54
9,2.241799645390072,2.610686459141096,-73.27038300722512,1.4774204028589997,65
10,0.4412907354083828,3.7878787878787885,-3.6441287942956464,-49.535992759676965,66
11,-77.88222319705716,-5.7407407407407405,-35.27476870695533,19.649813593468092,95
12,-30.632140024154538,7.8398718289427745,5.390442890442891,-16.60493827160494,84
13,17.02485380116959,16.85185185185185,11.866632171789002,8.086419753086421,45
14,-1.057876510462717,9.00315783498308,11.082427536231885,-56.88002059103145,100
15,1.1016607196573247,-4.711538461538462,12.380952380952381,21.613756613756614,42
16,-5.438379556026614,-4.371199411849816,-2.0695782609296725,-6.737542997623642,70
17,7.506590165607807,10.101888067989764,-0.06720203607238218,-40.917644916205916,83
18,6.111111111111111,10.0,16.891251998411143,9.483500717360116,44
19,-0.5367629786234431,5.0,5.368870895186685,2.687034860947904,46
20,11.018518518518519,9.031154760844094,-2.0786897142224787,15.459235307739366,60
21,-0.1480852669307673,12.525307183536329,-12.549019607843137,6.764069264069265,52
22,21.003557385643894,11.839945280437757,-32.39583333333333,-4.202753549001477,59
23,4.961484593837536,-11.666666666666666,11.725152938765953,-54.18188896034726,73
24,22.218013468013467,1.862549362549363,15.740740740740742,4.557772850455777,45
25,-72.25871768471566,6.770833333333335,-0.7375478927203059,7.252252252252252,87
26,5.434782608695652,11.892392223775643,-1.3334927466921727,-0.7342657342657335,72
27,10.300191379883337,12.252252252252251,18.182261208577,-44.51375143845981,61
28,1.9502314814814818,-42.340005750121506,-12.307117933562576,7.525252525252526,76
29,-1.159611992945326,2.7533577533577533,-5.5451902964799045,-11.93697384486858,66
30,9.445164030524491,4.01511572980633,-27.972740195340105,3.91164994425864,81
31,-14.907407407407407,11.611568943197248,9.166666666666668,18.061481617322436,46
32,12.19471592189645,6.766917293233083,11.482512370670266,11.476050830889541,48
33,0.0,-42.83141907017087,9.594690587108072,6.6261708161070985,80
34,-5.523872679045093,-9.053640779983489,11.572420634920636,-24.391025641025642,54
35,-4.724025974025973,-13.047760301795897,10.118054463140325,9.16225956065544,85
36,-24.12931800943317,13.787878787878789,-3.626346204408038,-55.22786157044471,89
37,21.713554987212277,-22.115502866186855,5.0747863247863245,15.348012486170381,56
38,13.787878787878789,6.5476190476190474,6.021505376344088,-0.2992366537258171,40
39,-2.152672347060445,8.333333333333334,-3.6507936507936503,10.778070560679257,52
40,-0.5139514514514509,7.789855072463769,10.571975916803503,-1.9135802469135799,43
41,-8.531105915559696,0.43726299540253066,6.709608158883523,15.15873015873016,62
42,2.000311226717759,-14.130792047458712,-16.82586052747792,-5.481190531746648,96
43,-7.023809523809524,7.450980392156863,11.572420634920636,-11.325642003559622,45
44,7.863006876164771,7.436510124682167,14.051091250602557,-27.168057385448687,60
45,13.968253968253968,7.873563218390805,3.7645609318996422,0.0,35
46,13.537925737592033,-2.7457699239856153,19.72027972027972,-1.417090945392832,55
47,3.859649122807018,-5.178571428571428,-7.020813990765459,-0.2818989768675304,64
48,27.367061183985342,4.260709268281642,-9.642857142857142,-13.831908831908834,59
49,15.684374411554941,5.708716235032025,-74.37877224254933,14.077060931899641,65
50,3.5690519401953167,6.984126984126984,10.26021651021651,-4.9308755760368665,44
51,-10.098039215686274,0.08375847523134317,10.506250242702167,-41.96071071071071,56
52,-18.50836332507823,16.27963306534735,-7.975801431683786,-62.75385425437076,103
53,0.7989215268908756,2.6876986551909163,-67.25176969157152,-20.18970189701897,82
54,-5.476949950634159,13.298682687856843,-5.128205128205129,4.3772163120567384,59
55,3.9365556032222706,11.22735507246377,10.228758169934641,16.984126984126984,42
56,3.086419753086421,14.901960784313726,0.8706339427163248,-3.1884057971014492,49
57,21.973008416777414,0.7582919531448957,-7.999851455733809,-12.746913580246913,55
58,21.148440931049628,1.5193156488065114,22.613461547892584,0.0,53
59,-14.139327109657984,45.73716702439834,11.212152001625688,4.5915435139573075,62
60,0.7843137254901968,3.007054673721342,5.833842083842084,-12.787942316244202,55
61,23.856382978723403,-29.24028915628378,8.417508417508419,8.472222222222221,47
62,38.59274837300531,-76.02215004081516,-7.126436781609195,19.62992292260585,77
63,-10.9347442680776,12.192982456140351,6.937984496124031,-6.3768115942028984,44
64,7.427213309566252,8.093218346713275,1.8300526808751432,10.0,52
65,14.810298102981031,-3.177387914230019,12.38095238095238,8.859479892088588,43
66,-0.09803921568627416,7.525252525252526,4.086655681483268,15.0,43
67,-4.853242570633874,-27.462491734754828,0.0,3.0040990755276478,70
68,-0.32321790819455387,6.435772551769496,-17.1175315912158,-2.549019607843137,69
69,6.076388888888889,20.171321053673996,11.61764705882353,5.318491568491568,45
70,2.8735632183908044,15.10446721231035,8.99394952026531,-10.005847259535683,59
71,10.464288482191296,-35.4761734302239,16.436781609195403,2.2522522522522523,58
72,-0.5620155038759673,11.044398435702785,-17.123102541884748,9.169272461955389,54
73,-0.9935087746572719,1.2680942397923536,-1.3768115942028984,-4.172217207323831,76
74,16.171419685466276,14.757609540218235,-13.107412505231977,-62.14048637705814,97
75,-13.26388888888889,-13.245842542051127,-2.257798853193588,13.898100440220006,75
76,-5.593177583540815,-16.782637091362282,-24.00035603466976,-13.613436440687053,78
77,5.59947299077734,-24.348551536374032,-24.561493877414275,6.323949408404733,68
78,12.215373236878616,1.4935064935064934,-32.84859945758115,-16.949353456935974,66
79,10.456349206349206,24.41919191919192,1.009857523502296,0.8146591970121406,49
80,25.084612956953382,21.99054722773888,5.614030672170209,3.3346672002134192,55
81,-44.086799971972965,-22.890252823091203,-5.8724317580636765,-30.420884428037194,111
82,-9.124559341950647,2.4074074074074083,10.0,21.105006105006105,39
83,9.873084227922938,8.787878787878789,18.334096459096457,10.0,49
84,17.63888888888889,7.925962581696061,-79.56276972784873,23.78787878787879,73
85,8.086419753086421,8.831923890063425,18.55263157894737,2.14493479245643,45
86,4.567067067067067,17.142857142857146,5.087145969498909,8.76320811804683,48
87,4.004576659038902,-10.678024083196497,23.30372523686477,6.691919191919193,48
88,11.82359764236664,18.134984480093177,2.2522522522522523,17.083333333333332,54
89,0.6026913075125506,1.7762593252789345,13.978214381181502,-4.3910256410256405,50
90,38.21027746005417,9.132193864288412,14.84006734006734,11.523569023569024,63
91,-24.556945191392522,-29.980536508488854,1.4692982456140355,-26.626984126984127,88
92,21.572327044025158,17.314814814814817,-3.0026285876669503,-47.26961739861636,53
93,10.257464049462982,17.25225225225225,-23.525618580765638,7.136752136752136,48
94,13.174603174603174,11.889787361485475,-13.987113007560337,2.154213036565978,63
95,-16.71809470722514,15.787037037037036,-103.45647103870787,11.354309046128957,84
96,-0.3315509586720431,17.61081341277825,-0.9127885259026987,-0.07322735432201011,85
97,12.252252252252251,8.146997929606625,7.503192848020435,13.299844321349699,43
98,21.00414078674948,12.301587301587302,7.192982456140351,8.189615044453756,39
99,-11.896649462562142,-7.18044263775971,-68.79167880085276,12.086670344891605,91
100,-5.098039215686274,5.457380457380457,-6.212121212121211,31.96035990153637,42
101,-9.920573253906586,7.688172043010753,-12.18998977344063,11.691919191919194,61
102,10.834115605620985,-8.777187236235626,2.9988634413005,6.811594202898551,68
103,-12.744461349939053,-45.7806548179219,8.277009728622632,-51.50203418174805,101
104,4.467038809144077,-16.52777777777778,4.716241638795985,-31.458926875593544,64
105,-10.024915024915025,1.5708101422387148,5.958291956305859,-6.539822184983475,55
106,-22.580442976893877,-71.03031922886439,6.828399122807019,10.478401887070618,75
107,-36.729931732580035,2.3022052073120385,8.138849315319906,-16.653897452820807,87
108,12.904040404040405,-0.6140350877192979,-48.498080866231206,3.0959752321981426,63
109,-0.032807713728766785,-0.19258518653574308,-7.049792389659723,-43.66112758100587,91
110,9.003053534303536,-37.416311936244625,-33.715124736087475,-6.489246180880135,88
111,13.472222222222221,-10.816498856705504,6.215092097445039,7.380952380952381,55
112,19.751702545820194,-15.971285747500579,23.70124393843559,0.024404249210451923,55
113,7.873563218390805,-7.474747474747475,8.623188405797102,3.333333333333334,38
114,-11.248375568551007,-2.7000661375661377,-12.174004954177368,1.2500000000000013,54
115,5.70693899294305,9.748430060607564,5.194592988710635,13.720238095238095,56
116,2.2337962962962976,9.81108836692919,24.980359147025816,9.166666666666668,44
117,11.893939393939394,8.968253968253968,-19.14973755490997,-4.821058858325938,53
118,13.176498642600336,-8.697451578903236,6.523569023569024,-7.222222222222221,61
119,-15.309009921562517,1.6176470588235308,1.3783425717015887,-4.376790265111898,83
120,4.038422919973826,-30.34992784992785,-22.140412005623816,-9.052216316084381,67
121,-34.32500466677553,-15.0,5.0,-59.65731453871871,64
122,-44.45447910965152,5.278077816903803,12.525252525252526,23.736192332683558,54
123,21.141552511415526,2.604166666666667,3.40047345359095,-100.422030765168,73
124,-92.63732516334932,4.686379846978399,7.98941798941799,13.015235619982086,77
125,0.030030030030030908,10.357142857142858,9.198086240769168,21.85185185185185,45
126,11.599378881987578,7.962962962962964,-6.943309097644388,-10.883688785974412,63
127,0.26134998869561876,-34.47924801234727,-74.07770863837302,-69.09751142638008,120
128,-9.058027201409553,-16.622574955908288,5.778311570994499,28.767277752856582,65
129,17.21473637301811,3.269230769230769,21.92996932548016,7.444326303975428,57
130,5.364587029546047,-8.043365494345885,7.138729475530049,12.11680040676097,62
131,15.875440658049353,11.572420634920636,-0.37037037037037024,-1.7948717948717952,37
132,15.542328042328045,8.623188405797102,5.0,8.309566250742723,35
133,8.520114942528735,13.586691086691086,-1.5274697091512301,15.447948910638242,67
134,-5.328552236446972,-11.67230451502635,-32.18451315504559,3.3962278961367334,93
135,-26.69134466882303,-8.703703703703702,8.349366682700017,-10.806710390043724,76
136,9.708350116810255,10.81415877282813,16.842266543282033,-28.718788694969533,83
137,-13.876617879277456,-13.292483660130719,-23.32990460541532,-20.516499282639884,83
138,4.0869218500797455,-10.020521951909199,-3.323856421610925,7.5910931174089065,60
139,-10.0,-8.32010582010582,-14.419812998684144,6.08500482492418,71
140,-14.370253993191934,-50.42809125847648,-1.7901687454145268,1.0041407867494825,71
141,16.835814756375505,-52.83079332737364,-12.257847161203594,-23.385859743034914,107
142,6.774150770130838,-23.068493808857042,-26.34252167997574,14.067808409913674,73
143,-2.822362908225429,-39.74242608529895,-11.82510885341074,6.205515351856815,86
144,-20.4110054930874,14.190236748376282,-15.935511530297136,-47.809557784780445,112
145,10.396238051187172,3.9065255731922406,-0.31447121628961483,7.775524002704531,54
146,7.192982456140351,-7.738202778853182,15.996581329062149,29.32624393843559,51
147,-44.55150505314837,-35.684031226668964,15.527517423696228,16.755096515641885,84
148,1.2401126081764502,-5.833333333333332,2.413839091210964,5.0,59
149,-0.8129084967320264,24.604707698245676,-15.950662672476398,6.141784199059741,59
150,-11.795585855093378,0.2098410286100254,-31.724755739528362,-2.53852397601829,102
151,-32.13476677748514,-13.886477140334083,-1.628061671921321,21.68683525826383,77
152,-13.833906507369683,0.0,6.070791953144896,10.517738434405103,57
153,-44.69749194860039,-0.1702990496093958,0.7912503559670238,-9.591097395446889,104
154,15.078765132066817,-72.44712291873745,4.95607576768616,-62.75969611718606,112
155,-6.734728474509132,-17.60339436987919,24.777455249153363,26.042922924919196,67
156,4.5085470085470085,11.03637929934008,10.0,26.330309901738474,49
157,-4.479875283446711,7.358567358567359,28.369120547035624,14.645068553737282,51
158,-15.910861773414368,8.870214752567694,19.385964912280702,23.653988917146812,44
159,-20.300837839867896,-8.066772928445609,0.9144740517289538,2.536441297011135,98
160,5.0,13.417508417508419,-41.455004711999244,12.688172043010752,73
161,1.881881881881882,9.118282880449176,12.487335359675786,5.0,47
162,-43.03100292276952,-6.475301775635479,17.22756824403634,6.8939393939393945,74
163,-39.96270964037866,-23.05692285947803,12.668536763364349,9.368471035137704,66
164,-42.69469342386009,1.6025641025641024,-9.95789267528398,-4.351912235699896,67
165,-13.90311381022636,-13.367702940982339,-11.837138895962426,13.195937873357227,100
166,7.976190476190476,25.487546369899313,16.077884104199896,11.40096618357488,37
167,2.2522522522522515,-20.524839162870446,-6.354320321735534,-2.544261294261295,61
168,-3.676050591595267,9.665292042743022,10.990826010626357,-1.4458069031239758,56
169,5.681686467690525,-55.80326807423081,-1.3306354482825071,5.0,60
170,4.385964912280702,5.0,3.134823839158205,19.397780201894275,50
171,28.466891620643693,17.314814814814817,2.192982456140351,5.937500000000001,43
172,-14.40998414682625,22.87179137601446,-11.327577577577577,-87.03678013571195,97
173,9.898013955984972,13.864048318382682,10.439096139043546,14.166666666666668,46
174,-11.185424404115107,-75.88989805028348,-29.43545610143915,-3.6755590432061016,95
175,16.00077429345722,19.937231302777523,4.385964912280702,-10.292708173942188,52
176,-26.793365494345885,14.825257588415484,7.450980392156863,7.439134240962979,69
177,5.0,2.44047619047619,-2.493872549019607,5.0,36
178,-5.231340905683011,-44.952230595661014,4.967274427302478,6.282051282051282,67
179,-11.643750035109155,9.438339438339439,9.62081122265367,0.2410847379887633,70
180,0.5727679314278173,-8.614149201253568,-17.240983948301025,-1.6751636065508553,75
181,-52.39215746777092,2.5829452015410284,-3.015873015873016,3.3744463022847677,98
182,-16.174785242401047,25.211758938939465,-3.903362574965361,-79.04503917203733,100
183,23.32792207792208,-65.52437285230008,-37.003766262493954,5.929309708379476,88
184,24.577114427860696,-10.619546487030828,17.533039544533796,-14.265955248416734,75
185,-1.2121212121212115,15.340375586854462,-81.61247175273843,-29.266286502921723,78
186,0.002447948876521444,-8.849206349206348,3.6192810457516345,30.476067877590552,53
187,-56.3693909266109,8.52273662318473,3.252744290046354,-27.023809523809526,90
188,-23.63949361724667,-30.146834477498096,13.960800061929337,-5.135018309853894,92
189,13.84245136939706,-24.95221904494088,-41.4448672828847,-19.972944828589462,84
190,-8.898027810493867,-3.076156299840509,-4.518319003252577,3.5201149425287364,65
191,-6.527777777777779,-4.675456389452332,7.688172043010752,8.282520325203253,43
192,-0.8159397090152292,-29.58296287875331,-1.6474230417258902,10.645889792231255,85
193,11.263891518198328,8.793776423982157,-54.071775017411376,-25.670146846617435,85
194,-9.592460310521233,-51.387626552331895,11.680701243118605,-8.563218390804597,96
195,21.847383147356226,-5.0939164564059425,4.187091503267974,-1.3321687370600417,55
196,5.0,7.083333333333334,-14.195598529473513,-11.755105206294193,53
197,0.6022408963585435,25.09966390469535,-23.26167219024362,3.2528180354267313,54
198,2.436099439775912,3.202513777805401,21.77304964539007,-4.017094017094017,47
199,-14.658571645863844,-18.361684323724308,-4.434278442320153,0.7142857142857153,78
200,22.556596409055423,-18.44681872776807,-2.578247841450219,21.22471210706505,70
201,-11.009611690998936,22.66180415828303,11.309821671273596,-31.30847295197956,71
202,-5.592865592865593,16.111111111111114,8.472222222222221,7.777777777777779,39
203,-14.852767348073982,10.239691662105455,-11.238748031450305,2.6463351463351463,64
204,5.0,-2.395833333333333,8.086419753086421,7.775524002704531,34
205,-14.149508609486679,5.166398282340312,-4.711272663896371,0.6754356754356758,66
206,-21.662715065046307,-20.37037037037037,-13.81268385333426,-21.214377996699817,81
207,7.057765444422575,1.6864957001404743,10.703798427583594,-7.150081567158741,61
208,-0.09803921568627416,16.76691729323308,5.0,7.413550830889545,36
209,1.8115942028985508,4.166215728715731,-7.619047619047619,-10.527640102604233,53
210,12.332540816704268,-27.277748242660522,-38.77575007177721,-1.4120370370370368,78
211,9.365079365079366,14.137426900584797,-7.624258457591789,0.0,44
212,-0.7912457912457909,-43.28563408451215,12.671055738390818,10.0,60
213,1.5943183560937193,8.480317147488538,-11.974233409012394,16.66214995483288,87
214,16.85344827586207,-4.565379583514505,-11.193926890024548,7.0328480654567604,98
215,1.8609702790969642,2.7785495971103087,12.961416677833174,-10.667732087610384,62
216,7.083333333333334,-22.836709563052274,0.6786731786731788,-5.065789473684211,62
217,-16.047067475638904,-11.098788467030676,2.591093117408907,1.0908485402924235,59
218,-28.411327994661328,1.9841269841269842,21.666666666666668,6.479694644656284,50
219,9.672299027137736,3.9726052640633354,-18.258438968807862,0.7870370370370363,62
220,13.46293555600639,-30.390453112289283,3.8259441707717574,-18.787226066171222,73
221,-4.502743116522218,-2.960300821936041,11.939318363004116,7.381671444171445,59
222,14.609674329501916,23.192265699332598,-4.673429207327512,-0.48796805178210434,62
223,4.881154499151104,-28.530701754385966,9.336846728151077,18.377425044091716,49
224,-3.3428178963893247,4.820747520976354,9.498106060606062,-17.61904761904762,53
225,14.745762711864408,12.988380537400147,2.1647137209078817,-25.50666619241379,69
226,28.882669191492152,-10.768618080446037,-6.412809347243125,1.5698385298665798,83
227,-64.8707582093747,8.968253968253968,12.037751627141162,16.758676157863466,71
228,24.960317460317462,10.81465919701214,10.73038073038073,3.4722222222222223,42
229,-15.11192942794215,-33.35310518680647,-18.64936846006471,-42.104715098175085,108
230,-3.2903918411164783,-1.626473355378487,-5.162958898577858,17.037737978639115,61
231,7.450980392156863,3.2051282051282044,7.506127450980393,22.52088554720134,37
232,3.568468037621553,-4.2331973581973585,-7.4089068825910935,-6.12821215442699,54
233,2.8735632183908044,5.445800491567082,13.086419753086421,6.770833333333336,39
234,0.0,-7.527615334632878,-11.339399744572159,5.871212121212122,44
235,-16.83662514925455,8.605411834671425,-17.217813051146386,3.536957959512307,64
236,-28.943977231363938,-3.0874937819382255,-64.31659425845473,-20.408055652308526,98
237,21.77304964539007,5.0,24.280418213919248,0.4587542087542109,47
238,-3.3185474367226417,-3.895348837209302,-22.9940104999435,-29.033522158522157,88
239,-27.72017788911452,-103.02294420791387,-29.00522779161478,-8.190943043884221,106
240,-12.22123192711428,35.36327920140528,10.470176733338755,-14.190705128205128,73
241,-5.344120725409784,-78.83049983402097,16.850988421985285,0.6682576141611039,82
242,6.937984496124031,15.106776014568482,11.602493051768416,11.136624429307357,54
243,-2.1418128654970756,-12.79670218871671,-2.395833333333332,15.0,41
244,10.056980056980056,-20.13607800760287,-3.7131021999443043,-19.21932832876273,97
245,24.22008547008547,21.85483870967742,-1.5277777777777786,4.73389355742297,40
246,22.19298245614035,4.385964912280702,12.21677559912854,-15.149510982844316,38
247,-63.02625333932049,9.672299027137736,-17.673530173530175,-25.95196822566128,80
248,18.917555326224058,10.185185185185187,20.978260859608138,-13.856868798729263,56
249,-28.575231923129593,-9.940029985007495,9.061200237670826,5.641596434279361,62
250,-6.720910526078235,-9.469548032265738,10.475040257648953,16.944444444444443,74
251,-2.855277438610773,-0.13193070192400214,8.874337511848026,4.777504777504777,57
252,-6.41215106732348,5.118940078289674,0.4260959524117425,21.81159420289855,46
253,27.117458870955186,21.92425236542884,-5.17507582023711,5.0,44
254,16.48148148148148,13.16405979745728,18.752607597716295,-6.794871794871796,51
255,28.454592363261092,-13.290434727743339,6.021505376344088,20.085176709890668,57
256,-34.54102376736648,-13.399122807017545,6.5432098765432105,-15.57290010679841,64
257,-51.592089934322864,-7.331181727904667,0.6402127461910072,-13.317902002009978,86
258,10.398110661268555,34.25298241031,13.110870610870611,14.385964912280702,45
259,-1.7948717948717952,17.77586808479257,10.303030303030305,4.289780791689324,53
260,12.087018597250545,5.759940542549238,5.607305300287759,-18.825636267496733,57
261,8.472222222222221,19.126184633316324,14.901960784313726,-3.537236399078502,62
262,-40.64191808435229,-12.654392391234497,-15.658727806548672,5.021617232170955,75
263,-22.075645741059276,9.26330657151353,9.767881900234844,2.831546043283828,61
264,14.067591234929946,-5.0,12.05467372134039,-23.397969783989428,55
265,7.450980392156863,-0.5185857371494542,20.88846821053963,16.07638888888889,79
266,-3.0241755793226375,5.0,-7.685185185185185,5.20341125973896,52
267,-54.04365849699489,-17.685185185185187,-120.82096529593134,1.6024736169926732,120
268,-30.06331616990477,13.612941199746757,-17.280752439650744,15.467372134038802,81
269,20.655285313325418,-3.977821695212996,-20.742361759518623,10.18807388440968,62
270,14.150084349359712,-39.52094329244976,17.22671695455087,8.831923890063425,87
271,3.5846438482886214,3.003812636165577,8.29211058812577,-4.127617877617877,55
272,-10.180751767791756,-27.807862083224403,3.6747499576446954,2.1000622471210715,85
273,13.501818570817289,-2.7832244008714593,-29.002525252525253,1.0896589619993868,55
274,5.968676026815562,19.4874216260664,-2.616060761222052,-4.732185557149688,48
275,17.25308641975309,2.816834050693449,-26.145575537590055,4.62962962962963,43
276,8.584643848288621,11.02509690744985,25.24536861016325,5.893300248138957,63
277,6.359649122807018,3.948147687259187,3.764111705288177,21.846405228758172,50
278,8.526548228445249,10.681951585932264,-12.57483486676254,-17.771611463471928,85
279,-22.663684075438386,12.475534073278435,-91.17443268776427,-14.654213595785041,120
280,2.0325203252032527,-13.483935921616075,9.290965173318114,12.604166666666668,45
281,0.0,0.19133553455603125,15.388007054673722,29.20501499101905,66
282,4.396187793130311,5.830140072159686,-8.229166666666664,7.864923747276688,64
283,-6.424996424996425,-0.804411548995702,-24.609894300969817,22.03644560105038,71
284,19.81380086751822,9.079188355504144,13.623188405797102,-51.69450696210092,63
285,-12.338695397329225,-5.832806851292328,3.5133094042085276,-2.3700784661690752,69
286,-32.16294086072432,-3.4827898177664647,-27.530160239749843,-16.40538033395176,71
287,13.73272073422726,-9.88713916250148,5.189255189255189,3.6231884057971016,67
288,7.873563218390805,3.2051282051282044,8.968253968253968,22.525252525252526,33
289,-21.03134794953798,12.545864427860698,-30.276866812421122,8.233816661236018,72
290,-19.760860484544693,4.173207744636317,0.0,5.4115116910982275,78
291,9.639699412158262,7.069285031085606,-7.763606192308763,30.38536626771921,55
292,-3.607918263090676,-6.253853846749018,19.988929146537842,11.148733256576396,75
293,8.070116487455198,-4.382835826508126,-7.2053853211485075,-8.97392290249433,59
294,-28.309419901711987,5.874255700792524,0.9782608695652177,-0.5246913580246897,63
295,21.77304964539007,-5.527057899621617,3.9682539682539684,-5.83952973537502,47
296,7.773851965028436,-3.66406276576334,-26.19688679212489,-20.0,64
297,-9.761904761904761,4.3887147335423204,27.878934780258852,20.904010988016367,63
298,-24.460689646886273,-12.965902599798808,5.830301469246702,-10.737620340533871,67
299,20.55659006026653,-11.666666666666666,21.161236424394318,8.009153318077804,38
300,-13.396010652707282,-10.398428731762063,1.5499847000426088,-8.5269083377636,82
301,2.1177692029045474,-16.376206496138877,2.451954955151885,-41.86416007356355,93
302,-1.6666666666666665,-10.264242439897831,-1.8946408529741845,-6.835431490603906,67
303,7.638106944077316,15.163854554292227,-36.06811789487698,-14.24054681295268,86
304,17.55216749344492,8.228203817660773,-30.290403730463293,11.315209448977765,90
305,0.0,18.02582119243309,19.534313725490197,-3.7760832004253038,53
306,9.344241684989917,5.0,-17.126436781609193,13.086419753086421,48
307,15.421903804256745,1.2689087279977806,25.77773126939272,12.976190476190476,61
308,12.777777777777779,12.450980392156863,-4.351851851851851,-30.37037037037037,40
309,-28.37716790546979,-19.77346710946002,10.69226095541885,4.717163287876506,72
310,9.385964912280702,-6.91358024691358,5.0,11.21509209744504,35
311,-1.9135802469135799,11.559098074991915,-5.37037037037037,3.7796517208281877,55
312,12.873563218390805,-58.13192407950473,12.834757834757834,11.653569532053076,70
313,13.650817244424832,-4.511899194898253,-44.02581545438689,-16.023833569741324,94
314,12.688172043010752,-7.83357277543324,8.124725516029866,4.229165012833743,51
315,-137.0426487093154,-14.662005511739581,1.4124293785310735,-86.18747030040376,107
316,-27.311827956989248,14.901960784313726,18.500180375180378,-8.714627425837735,48
317,-113.7431611795742,11.851851851851851,6.8126791156803,-42.81743632049085,102
318,-55.89605065906458,-24.9366211130917,26.412199221123707,12.49163392987051,79
319,30.158101601756105,-37.747413164102525,28.380716023928905,1.6426977294983036,72
320,16.19047619047619,14.267040149393091,-8.473218345782062,-23.56811045672132,70
321,3.162668576202411,16.366120218579233,2.076079948420375,-68.09452790222944,61
322,2.669717772692601,-23.484293484293485,-47.21387609989574,-21.086623289448447,79
323,10.106382978723405,8.36802524320823,-57.6743037204166,29.227972264501947,73
324,30.18686939553875,7.450980392156863,-5.888596105987409,16.301256613756614,65
325,9.517704517704518,-22.66414924681054,5.0,9.385964912280702,46
326,8.119914632519675,4.210047220799909,-22.291691689756004,-16.264015529181755,75
327,26.685520361990953,-8.506493506493506,-11.155885471898197,2.9761904761904763,51
328,-0.5241043785935422,-23.34357398873528,-3.062015503875969,0.0,46
329,-0.833333333333333,10.0,-1.6330238284782759,9.941239316239315,58
330,-3.4267280520140933,-4.887909873528832,1.8115942028985508,-10.138542596525788,70
331,13.153123604798395,-7.967479674796747,8.745791245791246,4.191317941317941,48
332,-1.1877179572667838,-16.677293288648517,-25.345682910666145,20.30504520796562,82
333,26.469298245614034,-0.18552946776161505,1.8982306727404772,-43.22298967355979,87
334,-10.663122691424578,-4.821260654593988,16.779448621553886,-19.705691911574263,60
335,5.0,-9.323452308933252,-19.995494519247966,-6.6711833785004515,62
336,-82.53025746075156,25.70630793870049,0.3413727555603989,12.267678637541652,86
337,-16.3768115942029,-18.06201550387597,2.0837908888223353,-4.100265554250373,58
338,10.002160311084797,27.611697605051802,2.409502116971953,-18.007684746298384,84
339,-45.91997941476501,16.204498897426625,-4.830942769862233,-2.1476257148184397,100
340,-14.675503992364458,14.891148030093264,-16.037965865552074,11.828316610925306,65
341,-3.42488157004286,7.638888888888889,12.873563218390805,5.772292292300753,55
342,-26.07605922122051,-3.1884057971014492,15.372955056863104,-28.451436130007554,62
343,-53.44960039910784,-0.7874541207874532,-9.491314034731607,-0.6410633807761104,85
344,20.452722307561018,19.23486068413605,7.380952380952381,10.0,37
345,-5.877688309242444,13.086419753086421,12.14209766841346,8.472222222222221,52
346,-19.969135802469133,-6.011396011396012,4.326389207543707,7.352941176470589,48
347,6.251167133520076,9.435282619269891,1.990131578947369,-13.367636160947562,68
348,-7.487974987974986,-0.6018518518518512,16.62378313119803,19.35483870967742,50
349,-6.614887568797549,-25.299375898800452,-0.8170891436576628,-67.90082794700027,110
350,-1.212121212121211,-2.6282051282051277,7.777777777777779,12.604166666666668,35
351,-5.543981481481481,21.137854109552222,-9.714620203125948,4.9854433238928415,53
352,-40.46581802327607,9.455309901738474,5.561680351277687,-100.48076552250308,119
353,6.984126984126984,-15.833333333333332,14.62962962962963,1.1581976713555675,46
354,-9.823990088431199,13.487125619478562,-20.357696503989768,8.205128205128204,65
355,-4.777179400097495,-31.08447288452548,21.128037860903337,-5.607529727894197,73
356,1.446215052353161,26.888847572834848,7.604166666666667,5.864197530864198,46
357,-2.8396631048511467,10.67939510973246,-22.579917978600392,-6.060924369747899,71
358,14.166666666666668,-6.858500976148035,25.517127799736496,4.956896551724138,44
359,0.5014430014430005,8.163212300659707,12.230430102770526,-22.863247863247864,48
360,6.655118254267348,-5.004208754208754,1.691919191919192,21.729920877866963,57
361,0.6650736758263651,0.1431127012522353,-0.37037037037037024,-10.826952815637384,66
362,2.873563218390805,-18.7179953954886,17.604166666666668,14.166666666666668,57
363,6.033548732425981,-7.507427213309567,27.784069057158213,-31.23809635058583,62
364,-25.81572958381213,7.946721717249473,6.720293400773361,5.867346938775512,75
365,10.025252525252526,13.847402597402597,16.76004952320742,2.4074074074074083,40
366,-3.3937359472862494,7.801318267419963,-1.3751526251526252,-20.008410762267705,62
367,15.323525106133804,-13.536184210526315,-3.011788410939002,16.917730054984958,73
368,9.231695377206213,-72.22519905312457,10.12072308154562,-0.1019860440150282,100
369,-1.0154325404135456,7.611616370400994,-6.853324817320761,-0.7395009129640897,64
370,6.811594202898551,-7.151675485008816,-15.011172689744118,11.911217437533228,57
371,10.411935085848132,-1.5223681984129032,-50.4112175588377,6.736111111111111,79
372,-8.424383021415899,14.166666666666668,8.5124883286648,3.205128205128205,49
373,-39.889415987131116,-28.835906598587755,-6.812435965524656,12.604617604617605,94
374,5.586080586080586,5.139933166248957,20.476766280247432,5.0,49
375,7.500000000000002,-33.39581376786215,-44.37621440220533,-29.44067674140138,112
376,-9.60974541331684,6.36904761904762,3.6041840758821895,9.234183576288839,61
377,10.125815470643056,5.690586419753087,22.348927875243664,-1.2121212121212115,37
378,-4.70766129032258,20.272410091250674,-20.743823240875127,-7.093419524420806,73
379,7.604166666666668,-2.0370370370370363,13.787878787878789,9.166666666666668,35
380,-23.298207250924882,-0.6336915682479258,14.385964912280702,-7.311827956989247,79
381,0.7380620310982977,14.059751093419827,4.770744655421012,26.362053348325837,64
382,-16.69893926855034,2.151666638084296,33.619954363207846,-10.512820512820515,80
383,0.0,-27.678182384064737,2.448777746598907,11.344086021505376,63
384,-6.527777777777778,-0.6140350877192979,-24.969135802469136,-3.7653393030994735,72
385,6.773049645390071,14.89318937235604,-6.224178724178723,1.8861587502702495,52
386,8.58390669984873,-5.87745153035455,-8.366977225672878,39.02247766216317,74
387,8.623188405797102,7.4463871944010975,-39.755932513720516,-37.07713014730559,93
388,12.352941176470587,16.661442006269592,8.760109364948075,-23.068525885324267,75
389,-0.09803921568627416,-11.76961926961927,-0.03968253968253954,-1.3365539452495971,49
390,9.183087027914615,0.5153724689871364,17.536157102047532,1.4124293785310735,72
391,-22.45239785066407,-7.782237132982392,12.591403319471423,11.13088380888636,89
392,-11.219744877068539,10.14039658416558,-22.23841947526158,1.4814814814814818,83
393,-7.33058608058608,8.787329819938517,8.107890499194847,4.539736899083545,58
394,-7.222222222222221,14.901960784313726,16.481375540300025,-7.896932937583342,47
395,6.344086021505376,14.523809523809524,-26.811682889269097,-42.62490981240981,70
396,20.416666666666664,0.5803571428571423,2.192982456140351,1.4814814814814827,40
397,-16.742573640393115,-2.5230873506735563,12.472384665367123,2.083333333333335,59
398,-11.782614608262735,-3.7176601784625056,13.623188405797102,-27.5,76
399,20.0,5.14590545482994,-7.957548291565619,8.333333333333334,46
400,30.68945238976218,13.188775510204081,-13.404904813512946,-5.508881431743682,82
401,-10.518822547124431,-61.281048663593516,5.0,16.263616557734206,69
402,8.38345864661654,-17.63527661813549,-70.31393380839194,-31.53737827038568,112
403,13.968253968253968,-7.046949214468395,5.816170861937453,29.115996059994778,48
404,35.396992613818426,4.2328042328042335,-7.375930521091811,-22.293659060398884,64
405,0.6584635032910882,1.2133212331215795,14.324236517218974,8.968253968253968,52
406,-27.914980807137667,5.0,11.626409017713367,-22.74774774774775,48
407,7.192982456140351,2.9805717436727424,-31.3851243254133,-1.5182606136553498,83
408,-39.67863541877595,-72.15064709771859,-16.57805899487237,-13.021705159062696,125
409,0.25451559934318624,7.988380537400146,20.456349206349206,-6.557017543859649,42
410,11.851851851851851,-22.371131578448654,-1.793686027870267,6.310184316912563,66
411,-1.467113302927178,9.914529914529915,-16.75718959774312,9.860574623845785,86
412,2.855992638601335,13.086419753086421,6.242812914639542,-2.36836449602407,48
413,-16.684562517089613,8.261928703105173,10.58316505634459,6.700680272108844,64
414,-0.21221532091097295,29.653502613524253,5.159520422678319,15.360633383788297,55
415,-31.611919974472567,-1.0934625566473724,5.892599464028034,10.0,52
416,-0.2362298195631527,12.733077905491697,-13.465837608499047,-8.028494075892834,70
417,10.359299516908212,-31.46587087376561,-28.612610586294796,24.365079365079367,60
418,-5.731839618106935,19.940424295263004,-0.7557285209165627,27.62850312781913,61
419,4.164412891593419,-1.0787875383771401,-6.942962334867625,-11.470787100731256,76
420,2.133457747152839,-12.267278690741868,-69.66374277341419,-4.4676633865731326,105
421,-3.0136111791558555,4.513345568112301,-16.173030615755074,6.1056409523390665,67
422,17.604166666666668,22.19298245614035,23.653703346685802,1.2388591800356519,38
423,5.444420707578604,6.206896551724139,3.433779571935757,1.8399452804377567,53
424,-5.122863247863249,1.8115942028985508,-3.3929090380703277,-8.443218755695563,69
425,11.843023898127878,-1.6455615874220513,5.407189137027847,-29.7522140169199,83
426,3.2051282051282044,1.0707919531448962,17.77777777777778,1.990131578947369,41
427,7.120310245310246,-7.023809523809524,22.648191933722092,9.493727598566306,63
428,-2.797962906658558,11.074800290486564,11.05200809674973,24.64674758792406,58
429,-18.452380952380953,-17.081742007745994,1.2956596780126204,7.907196969696971,62
430,-1.197089947089947,17.24546324647951,-5.1732780654349275,4.62962962962963,60
431,13.169645035587067,-32.892487629329736,19.70127499750977,-3.5587761674718195,59
432,5.513358483460765,0.0,-2.0608038831660274,6.520610615438201,64
433,13.086419753086421,20.78278803649215,7.954545454545457,-0.14161220043572875,51
434,6.247079712176434,9.340553839401764,7.418222007037798,9.954295727953017,64
435,9.901960784313726,15.680977596444706,-25.246267222025992,20.077706995165208,65
436,-1.5271132376395526,-65.79713411622421,9.107992649855724,6.0176040942151925,92
437,25.41772459103216,-6.05119825708061,-103.84058322694707,3.939075630252101,70
438,12.242259966045133,5.0,-12.004783367272854,-0.1435810810810807,47
439,4.779992403655836,1.691919191919192,7.381734653240031,-18.982649961781533,73
440,7.036811800743688,-11.026334776334775,16.176364107784135,-1.0317460317460316,68
441,-1.3255360623781671,14.861554216392925,5.9139332109229485,-0.09379509379509399,53
442,18.78787878787879,-47.78917899329222,-21.676985822160702,5.444615122034477,86
443,-4.930555555555555,-11.134043160928844,13.475691353749175,-25.904834754701024,84
444,-10.2361039629439,-30.6980292982145,-28.559577677224738,-19.8283988041522,71
445,-0.01890964005170348,9.62962962962963,-25.102952602952602,5.0,52
446,-25.918367346938776,4.78311528346483,11.291800576447802,-0.5367629786234431,60
447,-2.943592026253315,10.0,19.385964912280702,7.038712921065862,40
448,4.971405228758169,-20.519927961788426,5.59328793346242,-16.226823132065068,69
449,18.28656390419456,-6.621418862709845,1.2156103648341299,28.12846068660022,70
450,-29.18382913806255,22.02186702186702,2.1480656392484283,25.551542254328634,59
451,1.7361111111111107,12.690972222222223,-51.425260441178786,3.4425488837253546,65
452,-11.296583946666239,-5.165402313145131,3.227652462764996,9.475105320124094,89
453,20.49261501797251,5.847607988159249,6.568627450980393,19.06938898973213,92
454,6.472337722337722,-15.099052540913005,-2.1918767507002817,13.414158305462653,52
455,5.120381037719748,7.7023031434796145,3.36734693877551,-11.069008510868976,53
456,17.005084287692984,11.060606060606062,13.26923076923077,-8.84942452957159,60
457,-13.317805451701663,19.338991769547327,-9.573248192152988,-13.284560254722606,81
458,8.948346339650687,-9.750927384364905,0.1928432191590086,6.828316610925306,62
459,9.661875712204873,-13.145233234838969,-44.989231920576266,1.8432877269967456,99
460,-15.37137824263377,-10.11969710894442,-14.424193945925957,-15.0,83
461,-14.964102462424002,6.984126984126984,4.662004662004662,-4.244916507724854,76
462,-44.14840700598067,11.311360448807854,18.983516483516482,15.314135922121404,52
463,16.25,-50.20691660336792,21.515151515151516,-0.29094362427695586,55
464,8.978214381181504,0.39811066126855543,16.725040257648953,14.51827150703879,49
465,-1.7152236852980334,2.809177854944446,3.9961423165757535,10.0,55
466,16.87429138321996,-1.4698735863750052,14.584914966668686,-4.138176638176638,65
467,-6.059615765498117,-10.062451209992194,19.72547108512021,21.99640641958518,67
468,1.8115942028985508,12.472384665367123,13.968253968253968,-8.484734893986662,48
469,22.595671871987662,14.561212357571756,9.87179487179487,-1.081248368646591,54
470,5.822659720181358,15.0,7.450980392156863,-3.400621118012422,44
471,-8.179793180828195,0.0,24.203323558162268,-4.17686162784202,55
472,17.366290896169268,-1.9019571982695358,-5.37990441480769,-3.329145978399711,77
473,-21.465926032256938,-11.037965865552072,0.6178622168001056,-24.857382299242765,72
474,13.151232825145872,-9.358772355095883,-31.567865784511927,6.42552980788275,75
475,0.041211807516155385,-10.465304597307993,-5.634920634920634,10.0,53
476,-38.44157504696033,6.785070810459432,10.665204678362572,13.968253968253968,73
477,-83.14977760744651,-11.792278576620781,-4.2533312098529485,13.308124459809854,93
478,17.976190476190474,3.6231884057971016,-2.845117845117845,10.0,35
479,-3.6559139784946235,-9.678288215199558,-10.118387744958465,-6.666666666666666,64
480,5.518840891181316,10.668934240362812,-3.4027155058104412,-24.742824666098322,61
481,-16.78535758960308,-14.659035336290563,-4.07557354925776,-0.20060583899000495,94
482,10.732323232323235,26.339174102331995,12.976190476190476,5.755135387488329,44
483,-3.11391223155929,3.065585374900795,3.4766523474447895,27.898769913288973,58
484,0.5446373692542457,15.784119086153515,4.050925925925926,-31.948037491471254,81
485,3.233365810092153,3.4667755991285416,-4.431417427740955,13.177428049370961,59
486,-2.1264367816091956,-0.9670327626983966,9.719620618276835,2.683593412760081,50
487,5.9986516276379245,7.352941176470589,20.212214155868658,18.446275946275946,58
488,23.776844070961722,6.80782180782181,14.824924179762888,-0.8751600824771555,51
489,-12.586662117888924,-1.3684265858178897,-5.715882606272482,-0.4254850088183417,64
490,2.777777777777778,20.883289415898112,19.704066811909954,12.283099168597492,50
491,6.282051282051282,-20.948133073145573,11.602564102564102,0.678416686193082,69
492,-5.662535216106644,-2.592592592592592,12.35886065154358,7.976190476190476,51
493,-23.9484126984127,16.441344409442888,4.643737016040429,8.970504821327284,72
494,0.015432098765431501,-82.3462588608877,4.816685372240928,21.030848426128728,99
495,-103.5750776635579,9.206744057490328,3.8530967942732652,-14.354224329966355,84
496,8.849201933657259,-23.218591767643098,2.0003342793079346,5.849753694581281,86
497,-21.667467638486958,6.938775510204082,-32.2382448469405,-9.828016003724652,80
498,-62.0687848782924,22.40817740817741,6.933236444730699,10.013368983957221,74
499,5.905441886899688,-2.6378446115288217,6.184012066365009,-111.93618618348236,72
500,2.595785440613027,-40.0700132374929,23.25281803542673,32.63402852357457,80
501,34.83127694529438,1.85483870967742,-47.68501240785215,-3.267718165259148,70
502,11.284402419470133,11.861658456486044,35.42583318695608,19.78311528346483,65
503,-12.462325686009896,-0.2736415332727038,-112.43383902921892,-8.387159151843985,116
504,-15.824796681794652,4.267991157165312,-56.90296825801028,21.19047619047619,70
505,12.523227122819526,-20.0,5.49748694676231,-0.28423772609819054,58
506,27.25066759549518,-23.00991081692836,0.0,13.333333333333334,45
507,-12.644711447767474,-30.241835412023214,13.450690540080076,-10.729288918249434,77
508,-24.490520854651905,-7.099475383373689,5.0,6.052631578947369,60
509,12.083333333333334,24.66711650922177,3.5938286519681872,-7.000445560768306,57
510,23.913365616151996,-2.107371794871795,5.0,-0.9486732403399074,54
511,35.95785440613027,-45.358829882667166,-38.865057944005315,-13.084150518705009,89
512,-6.847229944431341,-0.3391589692959558,-1.6115881522078381,3.544570663955408,77
513,3.757176629517055,4.703232644409116,14.9607353676234,-37.63203625459997,60
514,2.9501767552082026,-13.69630708077556,-6.43617840937574,11.776290682349224,89
515,1.7361111111111112,21.922799422799425,19.499766245909303,5.6462263841904825,52
516,9.662004662004662,2.9761904761904763,-0.7775941552537287,-3.0555555555555554,49
517,6.192475623491502,-7.129327169711653,-2.176885817236693,-12.161462792105073,76
518,-25.305882747743212,8.334603658536587,-31.453886245459987,23.985507246376812,69
519,-32.55223008069308,2.191250483933411,-15.456797221941212,-2.716466466466464,74
520,8.333333333333334,-7.682198327359617,8.623188405797102,7.525252525252525,35
521,-27.62742988095101,18.85675036500546,2.498601062404438,-0.7374522102221437,82
522,16.766381766381766,8.968253968253968,5.0,-4.601184256356671,39
523,7.380952380952381,8.623188405797102,11.177205476897129,16.638217164532954,37
524,0.7723331316797739,18.838125406107864,-57.9585777547734,20.90414755072421,61
525,-15.809763251623718,-34.883476986971615,-15.931537598204265,13.236551030668677,58
526,0.25451559934318624,27.42940738875698,4.901960784313726,-20.765913493454647,54
527,-8.158182813355227,-33.616929558958546,9.385964912280702,6.666666666666666,53
528,5.565553187092933,15.740432783115715,-18.36791535358885,-14.90294886151549,111
529,8.824143692564745,-47.72435897435898,-5.872183372183372,7.688172043010753,57
530,8.459981720851285,-6.1369314234195125,-11.844592808943222,-16.03934044180188,80
531,-15.938086533687727,-3.9932282169116955,15.523067035672078,11.133078515645682,78
532,-26.916739071911486,8.509160756501181,5.714680846259793,-36.900260954752696,79
533,-1.127591526769063,15.774591796097173,17.873563218390803,28.698257080610023,46
534,-11.914747638544476,-10.313390313390315,-24.113055212386804,18.09358465608466,69
535,10.833333333333334,10.915844969379922,16.091617933723196,-4.060589169284821,62
536,-4.662206826041477,10.469090413943356,11.045742951990832,-56.57519976819179,89
537,-0.18689246736720122,12.759852438362945,9.398148148148149,-16.921195539526593,66
538,-9.535543456504518,-2.103644936306225,16.35964912280702,-7.126436781609195,69
539,17.695675247069286,-5.469717740120472,-3.484848484848485,-7.888346221679554,68
540,13.795546558704453,9.41441028555366,5.922760619544928,20.893300248138956,52
541,4.392713838266855,20.91560542208824,-15.559285366986906,-15.823751894997482,87
542,13.601043252156266,-44.91712648019363,-41.85448832632035,-1.0069444444444446,80
543,-4.4325789027412545,4.378869751210177,13.612651112651111,5.193468940820633,64
544,12.053419464085444,-15.236567602408673,15.340621781819301,-2.6269963689322617,77
545,11.218421081878027,-14.907407407407407,3.7228317252827057,4.916046429204325,71
546,-7.126436781609195,-24.63851937536148,10.136497810291331,-28.92361111111111,70
547,-11.08954052162624,8.191099341269254,15.47008547008547,-0.8394114489596145,74
548,-12.78626773289961,11.197559115179253,-1.1403508771929822,10.487227830973477,70
549,2.777777777777778,10.16164994425864,9.166666666666668,27.16610891542492,45
550,3.290046895744048,-75.77733860342556,-12.150342124946613,-20.202143352607578,92
551,1.3227513227513228,-0.9542957793161877,8.461822762997805,-18.944859957668307,68
552,19.821582666410254,5.807641309381322,16.934481109516977,-3.8396057347670256,53
553,21.158451684767478,8.787878787878789,18.914404960420143,18.11411791315007,60
554,-1.5277777777777777,12.314814814814815,-5.347923681257013,7.094943240454077,40
555,3.393506238333824,9.385964912280702,12.580399584076055,8.472222222222221,39
556,-6.305453905027763,11.068376068376068,0.1638876161797802,-23.79064326790501,83
557,-5.366541353383458,7.413574456257383,-0.5018939393939388,-0.09803921568627416,45
558,9.445234708392602,15.129419191919194,-7.826617826617827,6.345785440613026,41
559,-14.241975765128041,-7.759945229379222,26.83946608738692,-22.9890098810244,76
560,-4.3353665633394325,-0.5251889045493687,-8.302808302808304,-42.417459015943415,103
561,-13.355468239395817,-2.872047656181765,8.108227531996704,11.418485237483955,96
562,28.63448129247182,-73.30993767490035,5.468750000000002,0.12295935365650545,83
563,9.639185108741351,6.087061087061088,-18.600427350427353,-17.395833333333332,57
564,34.230660212754756,13.026844048349425,-22.78235653235653,5.300776527957055,61
565,15.611672278338947,-9.124559341950647,5.989264481266545,-5.740078181938647,66
566,12.192982456140351,11.586479128610677,19.427956911037846,15.69143177379523,68
567,8.301933584531325,-46.03924158339198,29.342601622479997,10.963392927703659,86
568,0.13915243516761588,13.868546495982779,4.62962962962963,2.314814814814815,40
569,-15.495370424005571,3.0874741200828133,-15.098039215686274,-22.511393052387675,67
570,-22.037037037037038,-17.148964546093904,-0.1435810810810807,-0.41062801932367066,63
571,-41.14482830169105,21.82445511713804,1.1220760233918128,-40.90860248867152,90
572,0.4634978548022022,-16.705058066285954,-1.469880891641155,1.3661202185792352,67
573,-28.145687428519416,5.997474747474747,10.774591796097173,3.36734693877551,54
574,-12.995585540563049,0.07054673721340521,-13.005121382780956,3.655660377358491,61
575,26.740424642526975,-0.697167755991285,-16.48002865873123,15.203518669876992,55
576,-13.936126893443966,-11.66541875810098,10.0,10.562133944486888,61
577,-2.2222222222222214,4.567067067067067,-1.9135802469135799,-11.031746031746032,43
578,10.821462129601665,13.339513039179337,12.834757834757834,10.0,44
579,8.720178318265013,2.834757834757834,-6.031746031746032,-7.784570478729656,67
580,5.730050933786078,6.20404411764706,-6.18422856654641,-19.905391779231422,70
581,-8.640350877192983,23.575336619439568,10.0,12.688172043010752,43
582,6.854987118145013,4.166666666666668,29.914174972314505,6.470090607538014,43
583,7.032520325203253,-1.2542087542087534,-12.423967393975131,2.314814814814815,48
584,30.414879829841468,7.777777777777779,-5.965164859981933,-1.7948717948717956,47
585,14.46138423848657,-6.751855238697343,4.238099876615365,-15.810551420099582,62
586,12.450980392156863,-5.089549005632187,4.732597116392018,-31.49698951427538,76
587,-2.2754390217625504,-4.654591227171872,16.686448100839787,12.9320987654321,80
588,-4.009352640594141,-43.72349056172585,0.0,11.349451420816274,69
589,4.2240300375469335,-5.823017978190392,-2.8751187084520407,4.290736145574855,53
590,-4.275525525525525,1.990131578947369,10.008710801393729,-19.413919413919416,44
591,-37.54821229035241,-21.117189599744563,18.946498584554497,-2.0470717022441143,110
592,-25.155833545183174,-75.98248616989667,10.626435258788199,12.604166666666668,97
593,-11.599476251761242,-6.867751978389422,17.55772861672692,16.31020786482627,77
594,1.634067420071478,6.572420634920635,11.984126984126984,-16.051653660349313,50
595,-20.731911924107692,-1.0287007848653142,-53.00442785307528,-1.239911958914158,94
596,4.435107376283847,0.8230926779313883,8.58008495752124,22.173341603166165,44
597,8.650068284812066,-19.11633412663016,38.66223432719596,-2.0345294655307473,75
598,12.396251607061217,20.40448343079922,-20.052243343573988,0.17764734818299033,78
599,14.75964990451382,12.20587656071527,-31.805551433126386,-1.4381347164366032,80
600,-11.761006289308174,-34.06537362419715,-8.800813008130081,6.4412238325281805,56
601,3.3333333333333335,-49.47715153498826,-15.227625300089066,7.24008655394525,89
602,-7.442789476687781,-5.8447574815185135,-17.104881841723945,6.944444444444446,67
603,-27.12962962962963,1.773049645390071,11.232370141038874,-4.388327721661055,49
604,-1.3194444444444442,5.0,-43.97849462365591,-37.07020495593456,60
605,-13.085239509871862,-3.732291861714719,-8.025330830515305,-83.66176934064043,96
606,-65.35010924213546,-40.75584363359198,-6.708578353390768,-4.213153567923208,111
607,-20.48611111111111,-54.429299211283336,-20.31144900330947,-5.946918578497526,82
608,10.0,-8.14516129032258,-10.604744132236641,10.27256037695338,51
609,12.05467372134039,-11.642410264973984,-8.765481704943848,4.626156539134783,68
610,5.5611729019211324,9.23821548821549,16.55537116063432,-3.110143614489142,58
611,15.588171632579524,14.115988008487662,2.5695762175838084,9.358849643148712,71
612,-7.021927050390049,-44.147706677401935,-23.839885191146166,2.5240711205623505,101
613,11.700680272108844,-12.007379875026935,-2.828282828282827,-24.592596690292194,70
614,7.058532873352155,2.4424045792084126,-7.012261044768783,1.0606060606060612,72
615,19.477200035689116,-13.283166109253067,-14.248294346978556,9.215331206305711,69
616,-15.242311522718683,12.164168188682527,-22.683436452874094,-74.66695032451659,97
617,-52.19804318488529,-31.618575044181426,-5.6648246431673925,10.075206733909116,85
618,10.76923076923077,8.579458271306788,15.118940078289674,-17.551080360587886,55
619,38.97782676393178,15.656108597285069,7.386482178959586,16.502736394040742,65
620,-21.764483919656332,7.032520325203253,10.0,12.252252252252251,44
621,2.9529229986895893,5.09700176366843,12.777777777777779,0.9375000000000004,41
622,4.456018518518519,-13.98172681008872,7.095797639900589,-2.783224400871461,69
623,12.781026640675762,22.304425438222868,-1.9436692055739673,-36.474850809889176,54
624,26.5390227129103,-4.014201631268193,3.924162257495591,-23.170024420024422,61
625,-4.619675070415385,-15.866906814372337,6.890350237828534,5.755850587478892,89
626,9.068627450980394,9.588293650793652,1.7730496453900706,23.31733823410586,49
627,-31.350048941262223,-28.326488326488324,5.858585858585858,3.9361734476677004,65
628,21.013071895424837,6.96480912284923,13.361567095426494,-14.494099066052845,65
629,2.9491767681754864,5.774591796097173,-30.399491531361047,-0.46842046842046847,85
630,2.1367521367521367,9.926726279185296,-58.134469696969695,-9.07137577869285,61
631,-18.495475113122172,-18.9781210033148,-9.034403770758997,24.387533328852143,54
632,-13.613776023311004,16.045821462488128,-26.392842727819374,10.531813865147198,65
633,24.625621668304596,-22.121848739495796,8.205128205128204,17.314814814814817,42
634,14.920486786428818,13.923291090629803,-8.015873015873016,6.18986802894849,59
635,11.613756613756614,5.999326344153932,17.083333333333332,2.585843662518455,52
636,-19.03533886292507,-39.37534857666282,23.308864507410465,6.521190797506587,74
637,-0.8750463477938448,-29.732235790916977,-6.975957049486461,-1.3514604926638842,60
638,6.944444444444445,-5.0,9.62962962962963,-1.5277777777777786,33
639,-2.9187129948147663,-44.16767122907474,7.506407357153626,-31.3953488372093,74
640,15.101038592221384,-13.74102784955498,-5.322534072534074,35.26925432817882,58
641,-124.28172738384234,17.011640816672262,2.2076023391812867,7.304751031528198,117
642,22.98495060354643,-29.24457282704617,10.086853984375619,5.291005291005291,79
643,2.8792277708485883,-20.519667874803957,29.22194942581782,-8.45679012345679,74
644,-13.832277237449652,-19.7777298957591,9.444902726973394,-36.490231753971905,103
645,1.1810735252667768,4.544817927170869,-20.111335498006916,-4.803181776379107,72
646,-15.015467412492583,-27.90858078478309,-52.881676554715284,-42.61537342740287,97
647,-33.47331908421916,13.477063664972164,-49.192659137744755,-14.370253993191934,88
648,8.077342047930284,-35.71253014763787,-15.3125,4.228209552089105,74
649,-52.262852586164705,-1.447368421052631,8.6668006940532,3.548197177028989,71
650,-0.40429104945233885,3.94201043105914,12.314814814814815,11.602564102564102,53
651,8.715219965219966,-12.039677823991548,16.81159420289855,7.921564759388953,56
652,20.0,-2.7599559489619887,1.108998281729793,1.3457854406130245,73
653,-17.602613794474262,19.771632616566126,-36.60364724880854,-13.721492220076437,74
654,8.333333333333334,6.851851851851852,-4.575228239443925,-14.040855611572702,54
655,-8.422266139657442,7.032520325203251,17.94061721171399,-1.750808113100312,71
656,-24.95581030212731,-7.164769133459835,15.0,-35.23448271159941,87
657,9.903217697335345,-28.707016746731362,-24.002525252525253,-8.702772762688102,84
658,-31.888718007139055,8.516373218270239,-18.230274090424608,-18.46743249655401,93
659,4.901960784313726,13.623188405797102,-1.666666666666666,14.491210277214336,37
660,-23.783258096343758,3.4722222222222223,-10.0,-2.103429658576715,66
661,-8.137288411838082,-12.0093839249286,-18.600033619189553,-24.994751782289597,86
662,-61.68731949266922,1.4642804008907957,-24.35380999719235,24.140437646763047,95
663,0.5764415125601312,12.736734513050305,12.558667152476453,-29.055300209597977,95
664,-2.361593921101445,21.220760233918128,24.668109668109672,7.916666666666667,52
665,5.239005803351757,-17.73175298216349,-30.88248397718757,11.602564102564102,84
666,40.44780605345621,13.05178726311297,4.828042328042328,12.777777777777779,74
667,-1.3954240637957591,5.0,10.324543610547668,14.166666666666666,45
668,-35.32283344618621,3.83743240886098,-3.015873015873016,-37.352560820302756,76
669,1.476050830889541,-11.338222708852474,-35.08561847103513,12.758118687401598,65
670,-47.49376449812373,11.46173468732584,17.584134615384613,9.467804675956987,67
671,14.015495086923659,21.36853571838092,-7.1180555555555545,7.800297846064437,49
672,7.460503688986362,18.924677833346564,27.907960983252604,24.239303959131547,48
673,16.893939393939394,5.467372134038802,-11.895161290322578,3.6231884057971016,44
674,6.984126984126984,-21.98150924537731,11.829822911451219,7.192982456140351,51
675,-1.3768115942028984,4.166666666666668,7.942838672005341,-5.0,40
676,-13.014316837846248,9.099053414469235,22.507663238581017,-24.791202409073797,74
677,-1.8182323696410008,-4.989684644857059,9.576144467448817,16.575313901850727,53
678,9.201492017587702,-41.89343973312023,-10.836676984217966,-15.998340587831555,92
679,-16.913377871154772,17.14209766841346,8.849705261656093,10.0,64
680,-27.829106280193237,7.873563218390805,19.788748832866478,-36.29118217054263,56
681,26.122076023391813,3.9682539682539684,1.1088573360378642,-3.6199913239761434,48
682,-12.747747747747749,6.937984496124031,7.380952380952381,-21.347256943398627,47
683,10.0,4.918981481481482,6.937984496124031,6.195998326051722,48
684,4.871093288431997,-12.291398541398541,10.56092843326886,-2.472918460313417,52
685,-4.583333333333333,9.512206442031005,-16.411644351068535,24.808878074693837,53
686,1.3661202185792352,9.832451499118166,-27.06637681699339,-11.959786099754586,67
687,9.941239316239315,12.679738562091504,9.021317829457365,-18.930250462758202,50
688,-2.5982042648709327,12.163737004485235,8.703849733724311,6.81346710964983,62
689,-49.50564550385148,8.273007316134002,-14.2791901117172,13.514878514878514,66
690,8.370055920077554,-64.53617144279465,-15.187356632589898,-22.689620255495335,127
691,8.80832130832131,4.62962962962963,18.7222560048647,-7.023809523809524,44
692,0.924122174122175,9.21997157071784,9.902397231313252,-21.178558408886094,99
693,-48.96272507685551,-61.63371178296552,-1.8234064785788924,-16.66528880070547,81
694,3.333333333333334,16.900333705611168,-4.365705631846234,-11.78210805764494,72
695,14.901960784313726,6.966690429423348,13.086419753086421,-20.593724281404434,53
696,12.032520325203253,19.541986628268074,6.89374728124648,13.71817195346607,64
697,21.197559115179253,-4.294611736472202,13.380018674136322,-8.728002070393375,55
698,29.653902746008008,-1.4589472372491237,11.419234360410831,3.0949783210749047,57
699,4.486048548548549,15.024404249210452,6.303418803418804,-3.503248375812094,44
700,6.078691423519009,6.22050622050622,-13.120741204283132,12.742456271891228,70
701,16.208374958374957,7.380952380952381,-6.3480794642820335,-3.7716450216450212,58
702,18.68981674264341,-30.833333333333332,11.461988304093568,-58.606654783125364,66
703,10.0,-1.617844059704525,-7.863247863247864,-35.21164021164021,51
704,13.82031364368321,-5.614035087719298,7.170803506587821,-20.363269045344417,69
705,13.116185070519435,-14.610786039357468,1.892662762925184,-0.37037037037037024,59
706,28.624847374847374,-49.53613850355372,8.145773979107313,10.115379731592071,56
707,9.187435953740302,-6.169590643274852,-17.47423328305681,-17.023809523809526,54
708,-17.725655624833163,14.001756920113918,18.18877551020408,7.5910931174089065,56
709,13.623188405797102,-45.40786198983274,21.74315021064247,-34.04401493500432,108
710,-14.105129078560571,7.499642448512587,-15.65787169442218,5.411244892723744,73
711,-1.913580246913579,10.46674008473669,-12.54665239170327,3.4798843307067937,55
712,-7.892487629329734,-2.613584080975385,2.3464384760065826,22.950083542188803,57
713,1.4367450334431462,-23.49531217181424,9.773211007070406,9.901960784313726,74
714,-24.66703342760931,12.080610021786493,-8.950950618655213,17.584828617437314,81
715,8.086419753086421,3.7878787878787885,29.347864611022505,6.547619047619049,38
716,-15.761192487535197,10.01122504588832,2.963306534735107,-15.66971914687214,91
717,-2.5307287093942055,15.481187495706552,-24.03333210857233,10.667745808588577,79
718,-34.441339067248464,-21.749941467932878,-41.05308515593916,-6.659617622087354,94
719,5.6385635871434765,11.370091896407686,10.753875624323804,-3.244949494949493,54
720,-3.744199554263272,11.795178241723283,-1.726417493007882,5.579096045197741,64
721,12.232285258601049,9.987373737373737,-22.79810535325241,-18.781060092193968,55
722,11.917114006416675,8.831139713470394,-7.549019607843137,-2.5121832358674467,67
723,-62.976962680316845,14.441281210197747,15.38069221504181,-36.46806239039824,89
724,1.874298540965209,12.873563218390805,11.85483870967742,10.0,34
725,2.6248346560846563,-25.594943555469868,-23.600993987665404,9.885814668423365,72
726,-3.7124721683545214,-42.43496680386,6.388888888888889,5.4498258633597,68
727,5.0,7.225028058361394,-32.59423641526783,13.101851851851851,58
728,1.2565503627501862,1.965067219650261,5.0,2.63888888888889,54
729,6.700680272108844,6.037140461895069,4.467987312814898,9.978177850518275,62
730,-76.56039185670441,3.2939189189189193,-10.085995085995085,-35.41805647654495,91
731,22.976190476190474,-8.175747863247862,-13.28060934518735,22.309368191721134,54
732,9.166666666666668,2.2522522522522523,8.623188405797102,24.886904503116842,41
733,14.854714912280704,-27.075002373688484,-1.9854786375843716,-37.67436267436267,81
734,-21.20147792022792,-3.1217909917257156,-21.962100245138,-0.997996718589456,92
735,2.9761904761904763,-24.08296782611726,-53.6061507936508,7.777777777777779,59
736,5.425367116543589,2.0149911816578516,9.6875,-4.751614413881494,53
737,1.876256101062304,16.252605795288723,-9.373564741211801,16.283693584960865,49
738,12.762803234501348,-12.958717926390339,-37.28180152286539,19.64350263235176,86
739,-10.06344962227315,-7.407261208310964,0.8734107241569937,-7.918979952878256,70
740,-1.792421496602163,-14.715219421101773,-29.23912143236749,-42.26710451092899,110
741,28.00414202756089,-81.0031655756196,15.033222591362126,4.066099592415382,93
742,14.621231903840599,4.370548433048434,24.07171201814059,-26.9047619047619,50
743,16.22833285575656,-45.65610238498443,-87.555799887295,-19.30801532082367,103
744,-10.079266420207642,-11.370472445033847,23.666805036668052,-0.4446776325001274,73
745,17.331937179641006,-54.59349309152659,-18.897452960427856,-7.209992420395086,97
746,-9.805407011289365,-2.092913133922413,24.572202864885796,-9.78683106211043,72
747,11.063664596273291,-4.292330167161406,3.2178888023441274,8.205128205128204,53
748,-7.882257089574162,-42.19587313694865,-35.45058747748893,5.066335205845084,87
749,-1.2121212121212115,-7.845786963434023,20.010683760683758,4.688995215311005,43
750,-1.913580246913579,-43.323588606096344,23.765309500165507,12.710375816993464,53
751,-32.81150670184581,-18.215890821362517,-102.26412529081644,5.0,118
752,-31.3768115942029,-0.12987012987012947,2.688172043010753,-1.193260930103035,46
753,-2.485737962434285,-33.359681918248086,-3.655913978494624,16.930704099821746,72
754,-0.4422271495442227,-0.7535110717231017,-9.559422059422058,-14.935299049076137,64
755,-3.192458290772896,-13.851669443959423,-40.12888504155278,-4.596852816745317,108
756,4.498849131617494,7.96340598972178,6.725509794122547,-32.34288424585739,73
757,-1.2091503267973849,5.867446393762185,10.169172932330827,-7.092629166361885,52
758,-28.388048302021488,-46.63779773476319,-3.982115207298601,2.1733821733821728,83
759,0.29100529100529116,12.352941176470589,-0.44659412759540906,0.34188034188034155,45
760,6.666666666666667,11.672008547008547,4.190169952617678,-45.017365146364114,53
761,-45.19828576316417,13.205128205128204,-31.231303418803417,-12.751305648237182,80
762,-5.392192519852094,2.2522522522522515,-11.47439818839413,0.2898550724637683,52
763,-0.4895278618944894,-54.91158949003556,-20.97605582256974,12.450980392156863,72
764,17.38095238095238,-5.614035087719298,8.205128205128204,-17.023809523809526,35
765,15.537400145243284,11.111111111111112,-65.01524133111641,-85.129291708341,106
766,-7.615617155595515,21.37932116192986,30.069444444444443,6.79590017825312,48
767,26.461988304093566,-13.308948881820948,14.905808477237048,-13.191449594958366,57
768,17.434257285003554,2.827964519140992,-3.4240387528107377,-27.711570618183348,70
769,6.937984496124031,14.79687225610624,-10.949074074074074,-22.952687190239466,54
770,16.81159420289855,18.55236957387495,8.831923890063425,21.301971634128247,46
771,3.6231884057971016,-25.44486215538847,-2.549019607843137,10.288461538461538,44
772,-46.31361475111474,-0.1531323083047207,3.221908549271464,-8.913354815610454,63
773,-2.0183982683982684,21.839945280437757,12.55393136764951,0.5171194114318061,60
774,7.083333333333334,-8.549544672108391,7.094943240454077,5.189255189255189,48
775,31.442037819474102,16.459039282086536,9.718721481877665,-26.520115669293208,68
776,6.984126984126984,0.004050608889318408,20.867346938775512,19.086921850079744,49
777,3.3333333333333335,10.56092843326886,2.988380537400146,-6.867873763035053,52
778,-3.484848484848485,-0.5541097375840378,-41.83834703286706,8.661534982869489,75
779,-21.1038489469862,-19.309012746512746,13.795537524521688,-35.74376366155959,83
780,-22.797619047619047,-30.39529075036804,-4.275572098152743,-28.11860439071987,81
781,8.086419753086421,13.290229885057473,-5.614035087719298,8.711034141514101,51
782,21.839945280437757,5.586080586080586,-3.0555555555555554,-7.892487629329734,44
783,11.441159313499739,-22.96747967479675,7.934070434070435,-7.049319727891156,50
784,-12.619047619047619,7.252252252252252,-6.3585102680061745,11.79590017825312,46
785,6.46908476034092,3.4722222222222214,-3.2336182336182335,25.833699990988617,54
786,23.251262626262626,28.51399365891907,-18.459152932837142,-9.825055470216762,55
787,6.182914090077057,5.404040404040405,-64.75252449209063,-0.02124020743683097,94
788,5.0,-2.8175918211045436,10.279402209226772,-5.44218521840005,51
789,8.346381902222724,9.644396551724139,-16.354875283446713,3.989786381090731,50
790,5.0,10.0,12.976190476190476,-11.397058823529411,37
791,8.222066604419549,7.888533065013422,-14.676131322094054,10.291005291005291,52
792,2.535991715892647,24.796251812067574,-2.3305860805860807,-19.88095238095238,55
793,20.883289415898112,12.777777777777779,17.216775599128542,2.525252525252525,36
794,10.483405483405484,9.267040149393093,-3.338175838175836,0.9139279401056717,66
795,-20.432273040968692,-19.208979850994368,1.9898631247067784,-1.576955133032591,81
796,-20.072270558763115,5.646739250123595,4.445234708392603,6.851096484451449,76
797,-2.287423707778796,13.460126722574447,15.755135387488329,8.229617604617605,49
798,3.3275242602528863,14.434203789042499,8.623188405797102,-80.54733846400512,69
799,-69.75807528636928,8.467281687474502,7.084141789524698,7.781091106518052,86
800,10.965280362462858,16.826187089344984,-8.230837789661319,-37.514709298796895,85
801,-12.205025271885738,-8.055555555555555,-3.6780103838134632,-31.82012447094331,103
802,-1.4302509657176046,-14.770751590440147,-7.613122171945701,13.989242178667357,78
803,-36.511864182752475,-14.574049316696374,7.46527777777778,9.266826354920148,80
804,10.323868677905946,31.091399333075092,2.9761904761904745,-7.1290302177036216,66
805,10.0,2.6933421970186693,12.407407407407408,6.15967365967366,48
806,13.205128205128204,9.236379236379236,14.69214029697901,19.936319718928416,43
807,-18.403592727075118,16.436781609195403,17.604166666666668,4.005020765773455,68
808,-9.240059457450762,-12.540308806449408,11.937984496124031,-32.460652050777206,84
809,25.396238051187172,12.083333333333334,-4.6969696969696955,-11.084656084656084,47
810,-10.229224256479895,6.061547714514835,-22.035992180809252,-35.04753416518122,77
811,-3.708816959500954,26.85185185185185,7.873563218390805,17.59144237405107,45
812,-31.764705882352942,10.980373704158872,11.437269993597695,-0.6037197325763564,50
813,12.507622618644966,-35.157974365291444,0.990300620970672,12.976190476190476,72
814,32.0718231044318,-10.508658008658008,3.128654970760233,-26.52007900958069,58
815,17.78935185185185,15.070546737213405,7.11996550757055,11.879695974523564,52
816,-11.296367826198514,12.589314978695509,-48.81216697308652,-9.117096861843008,117
817,-6.011636636636636,14.413472706155634,-27.25384315469406,-19.062499999999996,58
818,8.472222222222221,-7.4089068825910935,10.42717086834734,-7.685185185185185,40
819,-38.1336992784117,-1.3063064381698348,-43.87531328320802,-3.487068487068487,86
820,-33.17440105640445,7.157036573494645,7.955639255074283,-20.536762978623443,59
821,11.238859180035654,11.354939604270445,17.794198139025728,6.461988304093567,59
822,-21.48104955709763,-35.13786401467561,-14.756916616696403,8.21971961712135,92
823,3.802910052910053,-55.88174352412435,-44.16287205896056,26.126126126126128,74
824,-17.03073360331425,-16.458997069209623,-9.685435499517661,-0.74082042038299,88
825,16.574074074074076,8.333333333333334,30.929321985162808,-8.688639551192146,41
826,26.76957223567393,2.0008493921537394,-33.34245383308802,8.726646455683722,60
827,-56.393328622647616,-7.2315697188626835,2.4922360248447206,-19.92626604559016,106
828,30.81859860288752,-46.58589160135952,-11.604835618348597,-3.4276729559748427,71
829,3.5846438482886214,-17.22608024691358,-13.83116883116883,12.192982456140351,51
830,10.16164994425864,5.0,10.463696045715285,11.836945304437563,38
831,-1.3768115942028984,7.976190476190476,8.363678804855276,-2.8632478632478633,41
832,9.641281710533088,-21.254690422246735,4.1593775923486085,12.26010101010101,63
833,-14.543320275855574,4.066058488612837,-24.347804539597583,-19.747978418290476,89
834,17.168504168206795,-24.522413975286224,3.5256410256410255,-32.90748669718363,67
835,-0.8195429472025206,-29.48059649365343,-0.833333333333333,12.452405934482606,70
836,9.346070596070597,-22.862654320987655,-4.498941151327932,19.264890131868203,61
837,14.799336842019768,7.136752136752136,9.548611111111112,16.08103089720737,48
838,7.192982456140351,16.85185185185185,-8.948412698412698,-8.149019315013938,45
839,-37.32905982905983,5.0,11.055495349598301,2.230986564469511,86
840,16.148440931049628,-1.143530798703213,9.957532720690615,3.335584186406648,44
841,-36.903342776504545,-57.729707842345775,6.298412772870979,4.208989863751769,118
842,18.204267964057188,7.688172043010753,5.0,7.093153759820426,39
843,-2.807017543859649,10.820888092393467,18.745791245791246,-5.023767082590612,45
844,-4.818133929489155,-21.709510943695182,8.073754689371599,7.566639466884265,71
845,5.0,-0.03851540616246396,0.3152352646791492,14.799933862433864,47
846,-3.4343434343434325,4.716578622851815,-6.801459410155063,2.192982456140351,58
847,-61.074451147980554,3.381958072110874,-14.170797526534912,-19.541660117082756,91
848,3.575730201746463,-13.14516129032258,8.265800123785606,-13.053725662421314,61
849,-4.982931923658825,4.484689857030283,-3.3617828354670456,-39.42910497532346,68
850,-10.166528072489534,2.640976028856942,10.0,-10.586527293844366,61
851,-24.078822412155745,21.412429378531073,-1.596790679451967,-19.68319534109008,59
852,19.649398220826793,28.3271144278607,-15.46789086004772,-37.09619341446725,67
853,-44.35654404404404,7.924827974587753,16.598781697236333,11.37125220458554,62
854,12.525252525252526,4.853337046319503,10.0,18.751836639284043,39
855,9.771505376344086,0.639730639730641,11.622204911678596,6.937984496124031,47
856,3.3333333333333335,-14.439289759306693,2.1258074379849417,-7.208100165417238,64
857,27.51245131369692,5.9523809523809526,-1.0326510056427436,-24.37335632884748,71
858,-52.40727568871042,-10.117680068660459,0.7413036136440394,8.022328548644339,66
859,7.352941176470589,14.316239316239317,11.599378881987578,18.708817829457367,43
860,9.09767316017316,19.485294117647058,20.448575141557598,35.98013499329289,40
861,-39.30940790615968,-49.56432613849877,-21.527130578854717,-6.726791726791726,88
862,-6.133301666133654,0.7843137254901968,15.953579038034363,-24.14393264760067,78
863,-20.029239766081872,30.146535887082106,2.1141975308641983,6.613756613756614,55
864,-15.180314141118233,-39.52942962226921,-3.0622759856630832,-36.8843984962406,102
865,13.861880963198546,-39.61615857760964,-15.195863697153307,-13.059568796860997,80
866,18.672596056897326,-5.141455333248375,1.3113604488078545,-21.465976084475656,61
867,-15.868043895818753,-11.505668663418778,-15.38982259570495,5.382096919612243,89
868,28.3906910181273,12.010582010582011,1.5172345928924882,20.0,44
869,12.9906160750714,-10.048840048840049,2.9929400224022653,6.543066968102838,50
870,-40.91152751178318,9.238099876615365,8.32821300563236,-7.044059076991964,74
871,-10.48787508490796,14.62962962962963,4.456018518518519,-9.43930959261148,54
872,-11.710346706640404,7.074136955291455,31.84181718664477,8.23529411764706,58
873,-11.563208616780045,2.9761904761904763,-32.9206328938439,-5.692178192178192,69
874,26.9196845961561,-10.702095653076045,5.991880118318739,-6.424599487286143,86
875,-30.47576136511099,2.6212882080170736,-19.317744294860997,6.712962962962964,82
876,9.277322039927082,6.847075939872353,-20.230372175361982,0.06719152227874514,85
877,9.166666666666668,-3.2642470303876325,18.663587113253406,8.205128205128204,43
878,5.202226292974524,2.094943240454077,17.525252525252526,5.0,43
879,7.873563218390805,6.613756613756614,25.668934240362812,-19.946338383838384,49
880,9.329734592892487,5.997474747474747,-5.614035087719298,-6.794871794871796,41
881,-13.966017325791132,2.489780750650316,19.16853844896109,-27.096352060183793,79
882,0.5053262406691268,-10.305836139169472,-27.58971167594848,15.175150519978107,63
883,8.623188405797102,1.2307098765432118,-20.987091448084357,13.959899749373433,56
884,-6.1443894288489505,-18.035819858511452,-1.6666666666666665,-11.376811594202898,64
885,-25.58652729384437,-29.495405091546775,-1.0901982178577923,19.93967398280067,53
886,11.828316610925306,4.901960784313726,-5.707202421198364,2.192982456140351,41
887,-1.2542087542087534,7.450980392156863,14.914529914529915,-31.33322310405644,47
888,-42.72685495358599,-0.49244985350462045,-15.00874310639688,-26.026976495726498,84
889,6.700680272108844,16.93798449612403,19.186153511811405,-30.456412600212776,52
890,-2.116431124106562,5.0,-13.778066421808477,-77.84489381845096,82
891,-0.07816699371166891,4.787784679089027,16.97650781495733,7.28676085818943,52
892,2.605820105820108,17.03252032520325,10.0,-13.65079365079365,41
893,13.060422282120395,-26.227463878278687,10.0,-0.4025155131623117,59
894,-17.256376884393248,-59.85314569393854,6.8939393939393945,12.963306534735107,68
895,0.359341241694183,7.525252525252525,16.47605083088954,8.472222222222221,39
896,-21.91358024691358,-6.918103448275863,-3.364908687489333,-26.487157872224046,66
897,9.32993671109121,28.762513653818,-2.121848739495798,6.004140786749483,46
898,9.62962962962963,4.439219784047372,-5.0,17.63888888888889,34
899,13.086419753086421,-54.928618312133324,8.81562302340291,14.549170951064998,78
900,-1.0185185185185182,4.087363630046557,11.476050830889541,18.47897522518314,54
901,8.205128205128204,7.873563218390805,16.050401715363353,7.314814814814815,40
902,-6.685563114134542,3.457402812241522,-4.920867942898594,-34.30754917597022,86
903,12.976190476190476,0.0,-16.4972314992932,-48.56173553541974,67
904,10.0,-5.460303045279692,-47.12156067228531,5.858585858585858,54
905,0.38059966203163675,8.953373015873018,5.0,-10.41062801932367,49
906,12.14209766841346,11.448412698412698,9.901960784313726,7.203629029773804,47
907,17.690303596890686,2.304922251866225,16.850629041121515,-22.390011506289675,67
908,-3.376436781609194,1.8115942028985508,20.877789712376178,9.608585858585858,49
909,-14.013597178971857,11.841156628149303,-25.401939195536983,-48.47700382128812,98
910,13.009153318077804,17.985435161525427,11.111111111111112,8.057425965355451,58
911,-27.291398541398543,-0.8647949661387511,-13.253968253968253,27.25867269984917,52
912,16.15740740740741,-15.06615654649508,1.6993575465041744,-15.115854771027184,72
913,-12.465427175746647,0.36585365853658613,32.797803689276556,12.059979789017056,54
914,-17.289915966386552,12.395364953504487,10.555555555555555,0.8201058201058204,47
915,12.585978835978837,11.002252252252251,15.501443001443,6.773049645390071,52
916,6.944444444444446,-27.48205624744612,10.892857142857142,-38.10429606779286,106
917,9.64126212679018,-9.669939030993797,-4.128787878787877,6.296273968687762,67
918,4.1019682290302875,8.205128205128204,-5.455272296165095,-8.893754994160673,80
919,20.0,4.510659111481575,-3.702843316813904,-5.099982333964027,58
920,20.0,19.72027972027972,-44.90531036262743,-7.314814814814814,55
921,-3.446474768313849,4.45143500919743,5.0,-43.68506493506493,60
922,16.321195144724555,2.1637426900584806,-16.3768115942029,7.083333333333334,42
923,-0.6654059402592054,11.34920634920635,6.330309901738474,4.017109075248612,62
924,10.487381320714656,-17.3568018431458,3.128654970760234,14.158075040427983,66
925,-0.06578947368421062,-3.440573743032525,-10.531887292776245,-17.85296894036642,88
926,-39.61548266098562,-0.03267973856209139,12.878151260504202,6.375142649652455,57
927,-3.3597883597883573,6.851851851851852,18.937840074388294,8.205128205128204,59
928,21.279411014690435,7.688172043010752,1.1991869918699192,-1.2753164791744833,57
929,5.0944224857268345,-30.09874783246632,5.0,2.911442006269594,61
930,-3.015873015873016,17.968967557783348,6.8420011038605875,0.6089743589743595,58
931,7.032520325203253,1.2989901113429567,-10.989301346762833,-14.773880466371033,85
932,2.922705314009662,16.19795433470466,-23.110926496343165,-20.452682852981127,77
933,6.2799043062200965,-3.790946788510506,17.828220934838583,12.192982456140351,51
934,4.247272022016355,16.488095238095237,-0.9447984916855301,5.97612958226769,62
935,8.167255206176039,7.4979703192677505,7.0212445979709415,20.51994301994302,55
936,12.020891690009336,-61.061346352677134,2.133616003479017,-48.71477100866386,102
937,6.1484409310496275,5.034013605442178,-2.28395061728395,16.365185545665504,52
938,-19.222608024691358,-18.592995169082126,-15.959595959595958,26.507559920519935,66
939,-6.810025897151313,5.0,0.22844272844272862,-23.791182170542633,53
940,3.7205387205387224,4.567067067067067,10.0,3.4722222222222223,38
941,1.6025641025641022,-7.433175607618629,1.025127859583185,11.16123642439432,70
942,-16.19923884849258,-31.309273487976053,6.074104539201259,22.03082214653042,72
943,-0.24495384170561074,32.79977243813722,3.5424974587536173,-3.331657449304508,53
944,13.668406540746968,-24.868835594985285,26.520095933074177,-21.357022607022607,83
945,-4.127592288511829,-12.224681987490335,-37.000461645185986,-6.563208616780045,86
946,0.7843137254901968,-6.734595156152467,-14.199892920131015,-0.04702202278079315,63
947,-39.43430454750352,17.19449225473322,-7.371998550664045,-9.270235202045862,83
948,5.538177155848241,12.322472848788639,5.360205831903947,0.6351227531193597,59
949,17.051433767535464,-6.194311449439495,-44.97894548657388,-8.337790457977103,87
950,-1.1271367521367521,26.638217164532954,-9.946672592517878,13.916848993575336,56
951,-11.731470814132104,-7.3173345004865356,-34.81052319752074,-8.025467889598325,70
952,22.44047619047619,14.901960784313726,1.243550240567533,16.54034011433437,44
953,-23.83747831116252,19.80787279208553,10.56092843326886,1.1908577533577542,62
954,30.169172932330824,6.019835057859602,-24.020621168363984,5.648148148148149,53
955,0.4203300949161768,17.46756576463855,10.70418746034196,-6.571443680282492,79
956,-6.48249783571103,2.9666227492314463,36.63398692810458,9.365079365079366,51
957,16.61764705882353,9.62962962962963,-24.087147492319907,-1.7948717948717952,45
958,-38.52394916911046,-4.900932400932401,4.9060835435940575,14.166666666666668,47
959,-24.065986150440573,9.234252083401177,8.828878773731716,0.8205139284994099,63
960,13.99224022031012,10.51994301994302,-13.00986842105263,4.901960784313726,66
961,-51.82279069429437,1.851851851851852,6.461988304093567,5.15023594291887,58
962,-0.7669393514981744,1.4184852374839547,-20.568470629611937,-11.218065971587096,73
963,-0.46568627450980316,13.205128205128204,26.10812976994388,5.583344000682711,47
964,16.493506493506494,11.811735261401559,5.0,5.0,35
965,-1.3768115942028984,-48.02137602222854,11.232193732193732,10.0,52
966,5.912698412698413,1.041315937149271,-37.38844823083953,6.666666666666667,54
967,14.611791744560108,-23.1234347799158,15.230325201862204,18.059796688628502,71
968,2.6789529914529915,-11.294466403162055,15.726013752329543,4.235818136486545,53
969,10.117175999528943,1.8418171866447732,-27.19407194598143,8.292409252711408,62
970,-8.158182813355227,2.450980392156863,9.918981481481481,-0.18330285167454763,42
971,-37.80701754385965,8.885645329031153,1.691919191919193,14.678750827692486,62
972,-6.584568330612154,-1.5404077214090046,2.7582148191441,1.3062749916077274,68
973,12.87653318903319,-18.523808785925663,-19.240939594205614,-7.939931592019294,103
974,17.77777777777778,21.534603513770183,23.414158305462653,0.08623685619484323,52
975,24.14912443336055,-1.1180126589333752,6.9741817544386855,2.982831009146799,67
976,7.083333333333334,-0.6738129106550153,7.604166666666668,7.873563218390805,41
977,-7.847197196879725,1.0955730711642238,5.652131260116742,9.901960784313726,61
978,8.599241032544313,20.48880328292093,-0.5757168458781354,-1.3386504562975143,52
979,-31.99158239924475,-18.484848484848484,3.3357075023741682,2.01804745922393,60
980,-3.212250712250712,16.820172164999754,5.419561307719199,0.0,55
981,-16.878217346320927,-67.35437727661247,-57.285580551716144,25.16521619218512,86
982,-23.493466444883932,-2.7531362007168445,17.408395669889924,14.686332980800174,70
983,4.62962962962963,7.789855072463769,7.266171328671328,1.0626102292768973,41
984,-113.311594647407,13.032786885245901,-62.75450047505661,8.760978607823311,86
985,13.036881419234362,15.0,5.0,15.46594982078853,32
986,8.497544504892945,-55.34614195647826,-37.790431455838885,21.141552511415526,73
987,10.774591796097173,-1.2012178648176732,-3.24567944991286,-95.44150623702953,80
988,9.770297023363804,1.666666666666667,2.3700637069553148,-38.60453272217978,64
989,4.678784202441491,0.7124063462037766,16.602564102564102,22.873563218390803,52
990,-48.760086847108596,-12.114868156534822,15.877046644882718,5.0,61
991,9.918981481481481,-4.670868347338935,-1.702011438853544,5.365853658536587,46
992,-5.751627019709565,-10.217423176167017,2.0460421485011655,7.112014143264143,66
993,6.773049645390071,-79.15024630541872,-32.38142908579805,3.8034188034188032,67
994,-30.744866832676244,24.063006857124506,2.171260112436583,2.3194088229037484,60
995,-18.57638888888889,26.322751322751323,-16.990850171859712,-19.574101837969906,63
996,13.851946575731743,6.578947368421053,16.841656890676497,0.0,39
997,7.803473329789121,9.810298102981031,-0.6940786567724553,14.187091503267974,48
998,8.968253968253968,7.252252252252252,25.183101541616722,17.591093117408906,39
999,10.906238464378,20.59583210843715,0.35102561467038784,20.66202475685234,50
1000,6.602564102564102,-41.412239927306615,-192.94028353406648,6.488095238095237,98
1001,2.740641711229947,-62.70413672138536,8.348743480322428,6.500337587937658,81
1002,-44.60904060068563,0.9318297312647594,-5.899470899470899,6.618210305954283,71
1003,14.344905753574485,-50.140405616302836,-2.474747474747475,-5.357523553240961,82
1004,11.73611111111111,-16.600120992135516,14.615067532687672,4.021317829457365,49
1005,-98.06777972952338,-27.376237139921727,-3.6524922510136255,39.90003390131368,114
1006,37.4499996429821,12.777777777777779,8.787878787878789,8.472222222222221,35
1007,7.252252252252252,-59.46948863140331,12.800786046140374,-2.6323676323676324,66
1008,3.394282282603923,12.777777777777779,11.523569023569024,-8.004086962420295,50
1009,10.106209150326796,4.808050745550748,9.488486965667494,-4.943019943019943,53
1010,7.604166666666667,15.5239898989899,2.2981148671135863,7.503834061805078,52
1011,-25.696386946386948,-16.71378968253968,-3.5759965473948516,9.053544494720965,64
1012,-52.23988124558541,5.1271165763919395,3.273757628596339,1.2121587165491086,104
1013,-55.117541424999466,-18.882275132275133,-1.2121212121212115,-10.229885057471265,62
1014,10.752085130859937,2.2280092592592595,-25.271791025647968,-62.943797442397404,92
1015,-9.331691267832571,15.52259268342023,-23.948758199948596,6.991785018100808,91
1016,-11.653364453698158,-0.11705851931415623,11.543209876543209,14.298302170642597,54
1017,-15.414520301599566,26.761633428300094,9.906083543594058,-3.5622492579666654,70
1018,-21.731193189526522,23.004167825602508,2.3983297022512717,17.89848939446946,70
1019,-16.98545179315333,3.6134793544538586,-24.243140735792295,-64.05418643646146,92
1020,16.57773386034256,1.0618118948227306,1.6833890746934221,-0.284237726098191,55
1021,-25.037860372528563,-23.557694359105646,13.472222222222221,-19.298516705339715,80
1022,-2.2919648900873306,7.13294024455608,5.381200334386694,-19.69683462783591,72
1023,-19.743873427600505,-16.623393653291373,-23.137805579666047,5.983513014763014,77
1024,-26.168478260869566,-22.65873015873016,-9.187141687141686,0.7485943251311484,58
1025,-30.58826200563243,5.207123499806427,-3.434343434343433,-43.88750600147659,90
1026,10.111283643892339,-14.384106359865129,-24.63577421815408,-8.366013071895425,61
1027,-13.393819747468065,-38.77521787759529,-3.873873873873874,8.968253968253968,77
1028,9.917929292929292,-13.897306397306396,9.54592363261094,16.789899229193264,55
1029,-4.5436507936507935,5.82010582010582,11.315652270161406,-5.54726476231368,76
1030,-2.9276078673669037,-76.43972551748526,8.12567949554251,14.375071079560792,88
1031,8.472222222222221,8.127096544435254,24.60185073936125,23.78787878787879,41
1032,-11.129785247432306,22.25225225225225,5.0,4.052579365079364,37
1033,-6.4884135472370765,10.616195398804095,-2.7224559763129186,15.10345804988662,52
1034,1.8802513947704504,-6.616078753076292,-20.12987012987013,-34.439753768987174,62
1035,5.089869281045752,9.588293650793652,11.661442006269592,10.457380457380456,44
1036,3.4722222222222214,5.398815743643329,13.417508417508419,5.0,36
1037,3.6231884057971016,15.008710801393727,0.93358395989975,15.457380457380456,41
1038,9.97076023391813,-4.508896151053012,18.340505106809456,17.083333333333332,53
1039,-62.37078971046944,-21.99159193627409,-41.341002763027156,-15.4952755451848,108
1040,-34.97559575078955,-0.42606516290726804,-30.357199872286074,-10.583226905065985,61
1041,-6.007096239967422,-27.3115001287075,0.9852238065212366,8.138185654008439,80
1042,-16.841714209950823,32.219077863597185,20.475409220619696,-9.773618461298614,82
1043,3.2862103174603177,-14.18771827037956,-8.274959742351047,-45.29998628046167,65
1044,8.333333333333332,31.060606060606062,4.2363792363792365,5.067038673176782,44
1045,25.60252667599709,-26.33637856780377,5.792914213399696,-32.82043314896504,91
1046,-1.203170011820486,-19.18382913806255,2.6953599484198483,-9.19097156400274,71
1047,8.355271647954575,-66.32579235200718,14.627394374734799,14.632465156706385,65
1048,10.711284030053026,7.777777777777779,13.79778932500011,-9.314204314204314,70
1049,-1.2005700536072883,-15.254215646372508,-21.39392961232042,-67.24596643450148,98
1050,-19.23999053292458,-8.418727756452125,-8.198005698005698,-15.795044662697158,100
1051,12.777777777777779,-15.938443283981044,-31.71383078286828,-13.538006880398184,75
1052,-39.15024630541872,3.1457739791073123,-45.281034963463334,16.38888888888889,60
1053,3.1427169472467913,-12.622259157346877,-11.180555555555555,-24.2296113847838,85
1054,19.4452347083926,-6.913580246913579,13.15007661756888,8.333333333333334,38
1055,-4.211355812699598,10.891905083081555,5.690586419753087,9.7675026123302,51
1056,-8.18840579710145,0.5317748897603725,16.747066250742726,6.3319587094096885,56
1057,9.822530864197532,6.753812636165577,6.366345486985022,12.311902656730243,51
1058,31.9344802124502,-2.549019607843137,7.377344877344878,-2.6268115942028976,62
1059,-11.858434740438137,5.0,-3.0886243386243377,23.638664768232875,50
1060,-12.648420479302832,-2.2598467003294074,-16.03174603174603,22.191004966279035,71
1061,-7.496807151979565,11.238859180035652,13.086419753086421,5.6652046783625725,40
1062,-3.062015503875969,-36.59402937420178,-5.17507582023711,10.611672278338947,53
1063,-11.022727272727272,2.3809523809523814,-5.972100157716328,-37.58893280632411,58
1064,-33.48481827740107,13.968253968253968,-2.474747474747475,13.981481481481483,67
1065,-9.911114008575073,5.143112701252235,-1.3757673168428308,-0.45997610513739584,59
1066,-19.679779261371838,12.756132756132757,8.771533170854596,18.333333333333332,88
1067,5.733705683149566,1.946883568556645,9.432205193699447,8.784013605442178,50
1068,11.359649122807019,10.627824068316546,25.228644139648196,-2.8596866096866096,48
1069,-9.983277591973245,-14.991289198606271,19.063566722235453,-18.52394916911046,55
1070,-3.496923803941346,-3.66724434574417,-35.75262786334931,-23.46616808971604,98
1071,-4.572649572649572,-3.1884057971014492,8.266178266178265,-10.89003748410851,65
1072,3.295146587829515,-22.715989302242544,7.916413065530534,-41.3235294117647,71
1073,21.515151515151516,-19.234928755429184,15.867346938775512,13.070116487455198,55
1074,-4.414414414414414,4.906204906204906,-10.802487373204462,13.787878787878789,44
1075,-31.890544096426446,26.35390557633788,1.7770655270655271,-0.7395009129640906,70
1076,18.95945209740637,8.506113769271666,26.23237014103887,-11.064814814814815,53
1077,0.8401007356115731,-18.00274159844284,-9.153939210378498,0.7372676502458959,74
1078,0.5096314613056183,-8.65906704850816,5.196381929791542,-2.0830550221257416,64
1079,7.639152435167617,5.428743961352657,3.8862391803568275,-13.56947819713777,65
1080,-16.051653660349313,-53.12519522832323,-1.9885305752843054,4.342310694769711,69
1081,7.922633462656815,-4.388327721661055,-38.19444444444444,23.10062995546867,50
1082,1.39932673180755,-0.6140350877192979,-2.7146542973155867,13.068303126442661,48
1083,4.71050852282837,0.3658536585365857,-11.967053538934007,-5.701633310328962,54
1084,-26.32418738594405,-27.29039296473507,-33.76911033473298,-27.725974270253673,102
1085,12.605820105820106,2.158457158457158,9.081196581196583,8.381655557544558,64
1086,10.0,15.02742599015891,-42.13155234894366,10.125924921940104,55
1087,13.796589589272518,-4.547231908124325,-3.5030864197530858,-19.828278339307747,69
1088,15.29233870967742,12.023172905525849,15.849753694581281,10.0,32
1089,10.084203455346833,-30.67784102888467,-3.8387635756056806,30.748226111203827,57
1090,-6.121984361764046,-24.68816517667092,-21.070879216040503,-20.439783793442327,95
1091,17.76380052695842,-31.70481148102631,-0.6140350877192979,13.666989039329465,52
1092,22.14674758792406,-19.19036596119929,4.0403772111438006,6.601375700524795,56
1093,-19.916143224966756,9.588293650793652,11.274281274281275,-39.443745081642064,85
1094,-13.211714806606428,8.85488292124751,0.2369450195537155,2.688172043010752,65
1095,-2.3939469824901805,0.4603673152060237,12.239464122895281,16.414999412920245,76
1096,-3.3590325663496383,10.03003003003003,-0.005060728744938903,17.878151260504204,47
1097,-63.71895734909433,0.4431811504788772,-26.984131399676073,-38.629797689353275,84
1098,16.93798449612403,6.804025701547339,-2.0100911389477636,-0.3042328042328042,43
1099,-23.78306878306878,-32.74553571428571,-26.544391281233388,7.6291529742803705,73
1100,18.333333333333332,0.3819444444444451,22.17581998474447,17.988380537400147,34
1101,-41.45028625485282,-31.70390857456061,6.5890494520519125,5.987373516461085,72
1102,7.136752136752136,-1.5277777777777777,20.03003003003003,-9.517682072829132,41
1103,17.142857142857146,-7.395833333333333,8.787878787878789,12.344960648141894,48
1104,29.329734592892486,-2.311827956989247,8.787878787878789,25.483792495286746,39
1105,-16.787567108284197,21.81159420289855,-3.366013071895425,7.307006135787649,54
1106,17.952586663197906,3.7515964240102164,-11.031746031746032,-29.447500488359488,75
1107,18.34506137137716,10.608974358974358,6.4935064935064934,9.901960784313726,42
1108,5.280297714514834,13.844114528101803,-24.944659133076783,8.38984239761076,64
1109,-16.691753821114286,17.956520536906954,-2.3705218437191746,10.853174603174603,68
1110,-15.561821219715958,9.396545189228116,-1.0869677775367421,26.00926046476161,61
1111,4.608090509763894,30.997474747474747,2.7872238442559825,-16.653927876129273,77
1112,-10.960271047368822,11.26207729468599,-19.55751198230751,-1.11690435009546,70
1113,-11.254208754208754,1.8203964727285253,10.690586419753089,26.363949088407292,57
1114,1.4192343604108313,-7.222222222222221,4.901960784313726,-1.9135802469135799,38
1115,-16.716004583651642,-4.072918606816912,-13.087182743305316,-5.3125,64
1116,5.0,4.725378787878789,4.62962962962963,12.873563218390805,36
1117,11.764069264069265,-5.08810212176902,-7.316919191919192,-54.10700776591012,93
1118,7.915637642816778,12.175819984744471,-70.54001795136864,6.387153839824563,90
1119,3.9502493376967447,-2.6046350464955133,6.662149954832882,-10.250759878419453,49
1120,6.6319989534275265,-1.5790914066776136,-2.8632478632478633,-13.260344572379688,60
1121,-6.734389134751453,-6.917208071426336,2.878151260504202,2.187283179700665,62
1122,4.62962962962963,0.0,3.086419753086421,-32.09801216751556,52
1123,2.2522522522522523,13.282520325203254,12.380952380952381,36.36800800844789,43
1124,31.85874843004586,-4.343891402714933,-0.8333333333333321,5.0,44
1125,-32.57980058391237,-40.19807353140687,6.603369558061517,9.093561470772926,74
1126,-30.47607203557956,12.252252252252251,-4.01465620573172,11.58549029116405,61
1127,21.65311209954067,10.773809523809524,12.706215054719113,-0.06172839506172778,52
1128,2.615353647962344,12.083333333333334,10.557385448689796,-8.841548315232522,50
1129,-23.18484383000512,3.1263124026281917,17.60129115761886,14.322409616527262,57
1130,2.450980392156863,20.223171889838557,-5.0,-1.4748508098891726,39
1131,18.953031979347767,7.59144237405107,-18.888888888888886,20.746779388083738,46
1132,-5.5564353949331675,-49.896441494861044,-10.957761914635228,4.198702904850031,73
1133,8.706896551724139,-44.22540820390283,20.04993375815409,9.265285730735789,69
1134,28.141895756985274,-36.336412098380585,14.582111436950147,0.1883780332056193,64
1135,2.605820105820106,-4.183829138062547,5.704365079365079,-9.009436138796604,50
1136,13.525149190110827,-12.83625730994152,14.267738434405102,28.500726735582745,56
1137,0.8561633969982432,14.815165502820845,-2.2449908925318756,-52.31143527102074,71
1138,-23.45280680228074,21.73611111111111,12.604166666666668,23.981375540300025,48
1139,-9.664692033113084,-1.8508615567439097,-1.0927135775613035,-34.50705233869401,78
1140,15.0,4.089138226585632,8.824024945025979,10.0,47
1141,4.531590413943356,6.308836114676938,-67.26136190910472,7.763320381916207,62
1142,0.0,6.151960784313726,3.2051282051282044,11.313131313131315,40
1143,26.461988304093566,-11.810919654056907,3.624338624338625,-5.181535706938101,57
1144,8.27810120858117,-6.3768115942028984,13.526026818709747,23.3221383599484,49
1145,28.65405260332797,7.873563218390805,10.0,4.166666666666668,36
1146,8.835882040216404,-16.793770754608953,-37.41889144206759,-67.96319935091175,95
1147,-29.822551922119867,-1.3420259775647896,10.537400145243284,-12.403508011841941,88
1148,-9.01315789473684,-32.085566368022704,-12.668880973011136,-48.347245322589714,101
1149,-11.802753824012623,-11.377166871896861,8.793905198854324,-10.763620763620764,91
1150,-7.126436781609195,-12.356532356532357,9.62962962962963,1.4033189033189035,46
1151,7.314814814814815,-17.857142857142854,-2.311827956989247,-38.88251235453531,53
1152,13.326985024271627,-32.0527453535725,-57.76643898736922,11.935718142058292,105
1153,3.7878787878787885,-37.6690199966062,19.01084620382866,13.54884329618372,64
1154,3.1219488045093104,-24.673045009281815,0.0,-2.831936940464072,58
1155,30.12418421731494,-9.079134802819013,-15.914815190177508,-22.73989898989899,68
1156,10.795261032452682,1.911217437533228,11.287051895037377,25.655708731000352,41
1157,0.13107263107263112,11.505051563191099,6.66754513027805,10.16164994425864,53
1158,14.948273053111762,-57.833433354102304,14.652663747491328,9.594017094017094,62
1159,1.2437810945273633,21.833583579791497,-0.6954835893868214,-7.652162114131411,83
1160,-2.8722911716996995,6.628839321759449,2.5016284693482724,-2.2647584475889846,82
1161,4.166666666666667,10.270696525812712,17.01058201058201,-5.353387136219123,47
1162,17.756132756132757,-4.84038572886612,30.317460317460316,17.77777777777778,42
1163,5.416666666666668,19.901960784313726,15.73038073038073,5.0,36
1164,-1.2576356520089678,-51.5022545474333,-5.9961282474178565,-43.41034632368239,90
1165,-14.06746439834675,21.00414078674948,-0.37037037037037024,15.457380457380456,56
1166,5.151022165541221,-12.810197465369878,-5.184570029620907,0.16132378877476894,59
1167,11.945992056334944,-9.592803030303028,11.004140786749483,4.190236748376283,56
1168,22.764090140411856,-10.5773008432991,6.021608371441518,-9.284168887663512,70
1169,9.780836823519751,7.142857142857146,-1.5262700825010853,-7.619047619047619,50
1170,1.8226120857699808,26.93798449612403,7.450980392156863,24.29823468568209,43
1171,-12.50177761047326,4.901960784313726,14.166666666666668,-48.63424429213903,67
1172,10.338756435247664,5.118940078289674,-10.254735570811086,27.761251843732662,56
1173,-24.77533960292581,-9.54105919623161,-3.2794784580498857,1.0825528217400642,67
1174,15.787037037037036,-51.5628507295174,-25.79613508883736,11.461988304093568,65
1175,8.423382173382175,10.102048388052445,8.623188405797102,1.222006415287245,59
1176,31.85973943646578,1.9841269841269842,5.746902885547659,-10.119554774727188,52
1177,11.488095238095237,-57.5294339283873,16.412429378531073,2.253086419753088,59
1178,5.037769326365911,-0.22249522249522258,10.59860801524056,-35.96774193548387,73
1179,7.328989948852962,2.139426612642005,17.963150107028675,-17.130924630924632,75
1180,9.814814814814817,-46.36748576530523,9.815805109922756,8.446625584990366,55
1181,8.086419753086421,22.314814814814817,0.0,-6.582491582491581,36
1182,-3.858447488584475,-41.241039013859876,-36.406900552863284,-12.721284974806101,79
1183,12.51207729468599,-1.4408973252804138,-47.78624802747609,-7.413632119514473,63
1184,19.668109668109672,6.9565217391304355,12.282913165266107,10.03003003003003,39
1185,-2.1509048710265,-6.020233128191877,11.607807397281082,5.0,64
1186,-1.731921478454236,2.7120325531342466,7.094943240454077,-1.5444880769958158,63
1187,2.7777777777777786,-50.947269925925944,-44.91058895979175,16.225490196078432,101
1188,-27.043689171348746,7.312992362857138,-8.749999999999998,8.893662728249195,63
1189,-24.67376615730796,9.588293650793652,-34.27217753198145,-20.652084833371383,86
1190,7.173667570009034,3.058361391694726,-88.48922096633768,-8.021839373831785,83
1191,-14.69146012661521,-57.446558830204104,-6.489272406260062,-18.547969249723632,90
1192,11.601162953621971,-82.9191946129962,-16.854944601907516,-0.0798359334944696,85
1193,-37.901448801032465,-6.294045156534642,-4.129389129389128,1.4956538170823883,73
1194,-45.02798765168437,10.871212121212123,0.9957498482088649,15.793715411754988,82
1195,24.801220397824896,-17.49547157635393,4.100529100529101,-28.597348071032282,68
1196,5.0,4.62962962962963,-23.650793650793652,7.192982456140351,41
1197,10.138696974902125,-15.767195767195767,-2.4074969900240792,-4.553856995717461,69
1198,3.207721486454247,4.176493710691824,10.651340996168583,10.0,64
1199,6.937984496124031,7.988380537400147,8.600176705015416,-6.3768115942028984,46
1200,-32.946635231359465,12.505255859724459,-19.070066118601417,-36.37241431665451,101
1201,-30.70542322523966,6.474287828338884,16.102693602693606,10.138888888888888,53
1202,13.973697441189701,8.936173447667702,2.714338507021436,19.40972222222222,45
1203,1.5235690235690242,-14.748677248677248,5.952668924367038,-5.102952602952603,56
1204,9.804971652621948,-42.557331460353346,0.3897918572331449,-21.02807768765728,90
1205,4.166666666666668,-16.619709073322475,-7.189153439153439,-12.917881404236631,71
1206,12.495149331543786,-34.2818268456409,15.272108843537415,-2.927082981812365,73
1207,-5.431600378252902,3.485140494944417,9.456912483228274,-9.893617021276595,70
1208,-22.172098033934823,-6.008224231908442,4.819261130918985,17.11804772288643,83
1209,-22.41369195502635,-8.998894983189697,-16.55701754385965,3.7878787878787885,79
1210,25.34037558685446,-4.4244676301744255,11.729566378522735,-46.09095331085538,71
1211,-11.229260935143289,10.910007752113016,-33.02995945853089,0.24835927020886528,60
1212,3.664021164021164,3.425176188334083,-16.570881226053643,25.6263529428987,74
1213,-46.35900403693049,-10.0,-22.242475729317835,0.9319246100855296,82
1214,22.806223151050737,-11.771982949462371,-15.0,8.825526325526326,57
1215,-16.47236717267552,-28.015873015873016,5.066064887493461,-0.6616233387239294,74
1216,8.998599439775912,17.233796296296298,11.111111111111112,3.5699617635996184,47
1217,15.056980056980056,7.59144237405107,17.668305637124703,4.901960784313726,46
1218,-29.404215554404846,9.246482683982684,25.766045548654247,11.96433356659075,67
1219,-6.993627298185579,12.976190476190476,-2.2222222222222214,-6.310160427807485,65
1220,7.135764101813381,14.166666666666668,9.395943562610228,-10.929245040600266,61
1221,-12.184265010351966,28.374349291688002,3.784013605442177,11.401489540434774,53
1222,-0.6644144144144146,6.937984496124031,12.899841022002374,3.4722222222222214,50
1223,-61.591867406259745,-31.760053217574722,13.395222444035616,-19.6145158692404,102
1224,-60.60787452190285,7.452093207668545,4.030970625798211,-20.190076660116272,89
1225,-13.549380769360866,20.150589285705447,11.688622737054217,-11.783309283309283,87
1226,7.314814814814815,-13.308559713162627,15.42717086834734,-7.222222222222221,62
1227,1.9825708061002203,-8.895348837209301,5.589025548375144,2.7777777777777786,50
1228,12.450980392156863,11.687552213868004,15.66436251920123,8.623188405797102,36
1229,-59.093940479960125,5.197641535684946,-70.14770206153466,-0.7970783355941418,115
1230,1.8208721129916796,3.3442052335862726,0.5067155067155067,-10.774457131047031,71
1231,7.268238932065236,15.331088664422,11.896727729558092,23.42139011781869,56
1232,31.303478086477714,10.440755527912819,-17.541564605992917,-29.458318918295568,79
1233,-7.546897546897546,-58.57677789959929,18.5626102292769,-4.5090224548773765,80
1234,13.632302132520008,4.954814369894043,-57.64853110621858,-17.78322440087146,85
1235,-0.49921211685917477,9.22008547008547,16.984126984126984,15.45106886840758,42
1236,12.264953786803384,-7.747747747747748,14.060997419794026,8.472222222222221,52
1237,3.8213747037276455,4.671717171717173,3.6231884057971016,14.736502721416516,58
1238,11.891989723679744,-7.496807151979565,11.060606060606062,-30.035077931040664,55
1239,13.981978845959205,13.017429193899783,8.418332369986194,17.580399584076055,65
1240,21.627793684289905,-5.548433048433049,9.824889413705204,15.923202614379084,54
1241,-5.024987506246876,1.889074626266277,9.127816627816628,4.609136802119259,52
1242,10.665514916186961,-3.4685672514619883,-2.235729321903019,7.192982456140351,60
1243,16.368713724851833,17.755009107468123,-1.3751526251526265,-35.044250446536076,61
1244,14.893850288151224,-19.180834956028754,17.135757080610023,-2.222222222222222,68
1245,-0.5757168458781359,13.302307179743462,10.0,-13.286978899341253,51
1246,5.7777412040084855,-5.652754885287715,-2.713792664032883,-37.868220387570226,70
1247,9.62962962962963,25.02844537327296,6.359649122807019,1.1026936026936038,45
1248,20.438430128922604,-10.588235294117647,9.55513784461153,-11.144056396715973,55
1249,13.132567915176612,15.120913037579706,24.232804232804234,4.385964912280702,45
1250,28.591302850100963,19.671622793047277,16.746031746031747,-38.33767386535973,81
1251,6.122076023391813,-18.4769199373226,13.890993837430347,-42.118846192018886,86
1252,5.232271745429641,3.637103737908002,9.525932709919987,1.9581919306183995,64
1253,-22.60895180483954,-55.60504478503374,-16.089723768295194,-13.175747863247862,98
1254,9.901960784313726,-0.3914141414141419,-0.7863879415603545,21.76004952320742,47
1255,-0.9773480958493788,17.038712921065862,0.877578852385053,11.537009273141209,48
1256,5.208333333333334,3.9780805090094846,-13.346847983845521,-12.819510808016553,62
1257,-2.880622684077645,-16.171820506858868,-5.99673202614379,-26.415702938445754,69
1258,9.07015578625748,-31.168076109936575,7.688172043010753,-11.306037668527154,59
1259,-17.96747967479675,11.334264763547674,6.2188407823576775,10.60888744522819,56
1260,-15.259081196581196,-13.532608325931381,-7.715558365038061,7.467160004970051,93
1261,-32.05051756802557,-7.18591022605377,17.080069414035258,-45.31150423747859,110
1262,29.642857142857146,-11.725427350427353,11.541889483065956,3.2694466202690826,50
1263,5.568596204094524,0.008710801393728929,12.375132922260676,-2.235449735449733,58
1264,6.7343380694114146,4.626156539134783,-4.980264671340185,19.866200761342704,63
1265,17.5,-13.607954545454543,3.08641975308642,-2.1264367816091956,39
1266,26.292941492216855,12.010582010582013,21.73611111111111,-13.714150892853464,48
1267,-2.228653658445932,-4.042179292261018,-7.858586810792695,10.092592592592593,85
1268,-10.640812055891063,-1.9040247678018576,-69.61366532018707,6.813547178130513,73
1269,-6.388830824972128,21.340887784980062,5.894020088099037,28.726051182591874,77
1270,12.643757620938151,14.562470583975962,-6.691923607468283,-0.7016978293574034,50
1271,-15.79032289972872,-38.06999056735026,18.769995078134613,16.443857068857067,100
1272,1.0626102292768964,5.0,19.62962962962963,5.0,31
1273,-1.7948717948717952,1.5993788819875778,21.60572736923481,6.328980411461231,49
1274,19.302832244008712,-23.697073032111394,-3.841930033790499,18.824672887172888,45
1275,-3.7208881653326094,-5.841292756837433,-16.18786068644325,-33.70631975107881,86
1276,9.941239316239315,12.376503896474924,-53.0740018471649,-10.870399054821805,82
1277,11.111111111111112,0.8815043227791293,-27.98420317039979,26.212568313390776,63
1278,-6.067354040101537,-26.04082373690217,-41.479332985573365,14.108636286055642,73
1279,16.638217164532954,7.525252525252525,13.623188405797102,6.1111111111111125,37
1280,-9.023916105522245,-0.7472006890611542,-7.391888776130024,-34.433239485950224,74
1281,-28.593451751346493,10.0,8.918597742127156,14.258945551077101,57
1282,6.285375045125081,8.593135259801926,10.261405570330055,-41.09241613311991,71
1283,22.137347060798525,28.917555326224058,1.8939393939393943,3.204633204633204,45
1284,-15.559602730915747,9.279701779701782,5.245271867612294,9.905808477237048,49
1285,9.450981130668787,-14.28049042197524,5.207123499806428,8.380192502532928,76
1286,-37.59606568308744,15.939716312056738,5.639730639730641,11.30952380952381,47
1287,-3.4185144574398927,-29.28207672352005,-29.776773989601967,13.858024691358025,108
1288,3.6987758066189445,3.862635980632586,13.623188405797102,-6.808465117125975,52
1289,-11.222578505699516,18.25518022234823,-10.645161290322582,4.114959114959115,69
1290,5.323868677905946,-22.387247332215885,5.8006535947712425,9.511340319983379,57
1291,3.473629120765831,-48.088782562466776,10.0,5.040487325059063,62
1292,10.212931234436613,-11.833708999629714,11.436781609195402,19.60482013113592,60
1293,-0.3376083261140703,-9.73146387255509,-11.0718839249286,3.165266106442578,69
1294,7.657638791940062,9.904947642139295,21.37932116192986,24.50937950937951,42
1295,15.289855072463768,10.478583242228016,3.725979603955942,-27.17609550942884,67
1296,5.938003220611916,6.410760406022826,19.601571268237937,-4.314383873207403,55
1297,5.482317927170871,2.173382173382173,15.647535494026723,11.836945304437565,55
1298,5.795110686415034,12.395364953504487,-9.537646198830409,-32.023809523809526,52
1299,6.215863128841374,10.816170861937453,22.806379374361832,14.956896551724139,50
1300,15.16871080214196,14.38034188034188,-3.02957487762919,24.470790770225797,59
1301,16.749254794544537,-9.506273924254685,7.1340388007054685,-3.1884057971014492,69
1302,-45.64957954367206,14.385964912280702,9.694014041463703,1.926289034132173,64
1303,-4.300664463863889,-0.9121355397951141,-6.584448594252514,7.688172043010752,55
1304,-1.320455021019991,11.435693935693935,-4.103438476840012,-50.77336641852771,63
1305,6.666030048382991,9.385964912280702,0.7142857142857144,5.0,39
1306,8.146469113961375,5.430242272347535,1.2850809978534237,7.038712921065862,63
1307,17.142857142857146,-2.5910706570833817,0.39811066126855543,20.77044959397901,49
1308,5.47990197691927,-29.361557136078893,9.166666666666668,5.907572379421201,61
1309,-13.612723072026242,-14.395161290322582,-18.22695035460993,3.426079734219269,58
1310,14.901960784313726,-27.621832358674464,-4.598765432098765,-2.626954283949045,62
1311,8.339513039179336,10.53440584333033,6.23749032391121,-8.696936138796605,58
1312,3.5251491901108274,0.0,8.968253968253968,2.7540106951871666,37
1313,-22.532467532467532,-17.111519790579386,-3.569303987099919,-23.030861206704074,74
1314,-32.797765632907684,3.607248670870664,10.494155697932708,-86.58893883276573,121
1315,41.00088865955739,13.205128205128204,2.380952380952381,-3.205900705900704,40
1316,3.0592153418240393,-56.62770157789013,2.0325203252032527,8.499173762818536,77
1317,-1.9529133019859817,-35.346530875503774,-15.480141722768192,-11.944444444444445,87
1318,-5.08090225960483,-4.088141133514972,-9.687883113950186,-14.328848266653033,81
1319,-6.501322751322751,-9.380708345389674,22.864553301923902,-0.9942182001005526,59
1320,29.22403003754693,-0.8138464881885934,19.71576227390181,-3.333969951617009,47
1321,11.82693623426382,-4.240059457450762,24.104104104104103,4.62962962962963,45
1322,12.380952380952381,11.332791919829365,9.181678536517246,13.205128205128204,54
1323,-7.462284939401644,-16.722513597513597,-14.810728213030998,-43.64014544558116,86
1324,-2.7936819323611473,4.385964912280702,5.693573277578656,6.633986928104575,53
1325,9.802788935809847,3.6989614454403195,-48.01513459295975,-16.453871557873843,74
1326,24.115853658536587,8.205128205128204,-10.127594423260058,8.173843700159491,41
1327,-5.328282828282827,2.525252525252525,12.976190476190476,-8.131198805907182,46
1328,-15.212215320910973,11.828316610925306,-21.409911903343,2.831022156772975,71
1329,0.1258154706430572,-44.480410476103664,-6.9919563570108885,6.658264216403751,57
1330,-3.333333333333334,16.52195831908607,-6.153304982961844,-19.4936405028152,60
1331,13.623188405797102,10.277777777777777,-10.432932932932932,9.720692368214005,42
1332,2.4565457579428536,-34.67498426138131,-63.67606616168512,8.787878787878789,88
1333,-10.0,14.918091168091168,13.23051312181747,-3.0467816435334116,50
1334,0.666527223729207,-59.94825755128027,5.8712688429669555,8.592390870653027,90
1335,-17.018111971932726,-0.9125012251816962,7.3896011396011385,-1.7948717948717952,54
1336,6.161387631975868,24.2690242293273,9.444444444444445,-14.5178124344791,74
1337,-7.041289177679488,-20.16009070321448,-21.68871423510218,24.45414466427948,97
1338,14.385964912280702,-20.029239766081872,-0.8841463414634143,31.00670007904312,52
1339,2.777777777777778,-8.556844748705213,-4.317838246409674,-2.8266178266178272,52
1340,-16.260606806825294,-12.773536369641096,9.272071713764564,5.036145771439889,69
1341,-5.028457236234136,12.121212121212123,-24.481640894840318,-8.122442864856755,90
1342,-17.01732058913934,-8.525712171661116,6.3113604488078545,10.307439474106143,54
1343,5.661901326862964,12.252252252252251,-12.850384909208438,21.77304964539007,47
1344,23.014746128336395,13.730261299260018,6.937984496124031,19.400390601535374,58
1345,-17.886459405259583,22.56759276686813,-2.311827956989247,5.474107955158452,63
1346,6.057822222845575,-63.62478405212547,3.215831787260359,-16.722608583663348,62
1347,7.336095157392586,15.399557165861513,-5.614035087719298,13.569305713824953,51
1348,-4.227994227994227,-5.337995337995338,1.6396365309408791,-15.098039215686274,49
1349,-18.8605122980123,14.108566990639453,-4.52991452991453,-11.379007702453874,64
1350,-8.980138658607398,-2.459527196369299,16.929633074134355,6.942322383498855,68
1351,15.952380952380953,-25.067806510688012,6.469298245614036,-23.259346601112373,68
1352,22.827201507698113,3.4722222222222223,2.142857142857144,26.56761412575366,43
1353,-16.01867674236095,18.87849367485371,-17.126436781609193,14.130966952264382,56
1354,4.166666666666667,19.969197469197468,0.7951146972542151,2.5058996605674997,74
1355,-10.045037463783295,-66.11717817365502,-29.289095221849557,7.339559386973181,95
1356,-46.51636581951409,7.525252525252525,-5.0396825396825395,1.4084545798311126,81
1357,17.36215538847118,15.902209736796204,28.66223432719596,6.534954407294833,50
1358,27.359850513602584,-17.817680005180005,3.3387521675336806,31.461988304093566,57
1359,6.746031746031747,14.385964912280702,-9.146825396825397,9.901960784313726,38
1360,-34.178417871852815,-2.2344984701174293,14.75955359006941,-30.962535980210767,93
1361,7.26290993936583,16.154877404877404,13.757176629517055,11.851851851851851,47
1362,-9.596596214243274,16.547619047619047,-1.212121212121211,5.0,39
1363,5.0,9.853337046319504,17.81815711784877,0.0,46
1364,0.7533590921748816,-6.8164148254403205,3.243614868691102,15.228758169934641,79
1365,-12.488449708544636,-31.378702996350054,6.559347085662875,-24.124559341950647,75
1366,-10.1783078822927,-43.64810370175226,-99.21507776519532,10.162981859410431,124
1367,8.807794314730856,-21.932894333256655,10.17626271826165,14.740303225115182,66
1368,15.353916873501976,-15.368834031865752,-2.4796600185943998,-13.41736694677871,93
1369,8.686111010736514,5.133132734407843,-1.4303976282065465,9.600503663003664,76
1370,-17.641432641432644,-3.8909193636668604,29.11856391772586,-16.001654882671954,72
1371,-6.799146366656916,1.5702336439309157,3.0272419359106664,-5.970380086671069,90
1372,9.97076023391813,15.713559822318148,5.580357142857142,-27.316962689380677,64
1373,22.08061002178649,-1.7948717948717956,26.216464634963703,1.1026936026936038,53
1374,-12.059699502133713,-32.585760776781896,-17.825180894869455,12.10963162949508,76
1375,-8.514621138324536,-34.39655172413793,11.084180053085397,1.8923222371498234,74
1376,-58.39827281381749,10.614195745774694,-20.425002636978096,4.100361472062721,78
1377,-16.823618125701458,4.397425333217685,9.166666666666668,-43.407022365385885,65
1378,11.685363247863247,0.0,26.30952380952381,11.565656565656568,39
1379,-28.336534345211003,5.0390459213988645,13.640601022110122,10.711535562281831,69
1380,8.739316239316238,25.597413721724955,19.90915614283886,18.15503003003003,62
1381,21.412429378531073,-12.557318563770218,-20.08101851851852,-19.71902937420179,59
1382,11.445866836461015,18.52792632204397,23.28263469130342,7.503430375770801,51
1383,-18.106060606060606,-19.043791346725772,-9.883434464792376,-40.82153367760564,99
1384,14.236199945140347,-2.996719440878618,1.5108650317374877,3.6231884057971016,67
1385,21.141552511415526,-8.753953194180898,7.597827723989096,-58.098268990026305,73
1386,-19.39342759170681,-28.349545484077254,-12.282701137621983,8.515733778891674,85
1387,-87.17064476543648,-25.526846574384443,-4.693519341352158,25.793650793650794,105
1388,-6.654589371980675,-24.052859106005297,31.015050528074433,8.463829226303126,92
1389,4.685162859539494,-20.883473079884737,5.430242272347536,-54.51500341802531,87
1390,-5.527994263637966,8.525149190110827,-4.419642857142857,2.591093117408907,59
1391,-8.930658537728675,6.938997821350764,-1.4877255249926056,-21.993566537247087,74
1392,1.7020332845141033,-5.558566065569777,-13.883805088038496,6.399865071243667,73
1393,-53.67638866056588,-1.904517240088449,5.415978971819794,-0.1501741268898118,89
1394,23.374183006535947,1.4009427628353464,-60.056801744281685,21.38888888888889,83
1395,13.00796425796426,-2.549019607843137,29.649036848703144,1.881881881881882,42
1396,7.473137826099003,6.666666666666666,12.224566415803448,-18.10799365365929,75
1397,-17.44012550247016,-51.5564911601497,-27.53840600851819,12.604166666666668,86
1398,7.658913909136486,-12.726110694860694,20.997474747474747,22.460701388882637,66
1399,26.779448621553883,-2.2306199480112525,-17.780112044817926,3.358134920634921,57
1400,-14.124249592999593,-45.155087769331075,10.911436660284586,-16.665452602952602,78
1401,9.588554720133668,6.577831890331888,-47.06910890198384,-0.08944318468127932,79
1402,-0.6140350877192979,-7.619047619047619,14.86111111111111,13.235294117647058,40
1403,13.572039593544972,-9.344291268999646,16.653119807881712,8.568949823643191,58
1404,-59.82919254658385,-3.5520133898228003,9.046682922302,12.756062951496387,67
1405,11.661442006269594,-7.733124678842085,-2.619047619047619,-16.843613406229018,55
1406,10.0,-3.944639769603901,1.700779727095517,5.793781711120421,45
1407,-14.823958573958574,7.501679714399506,-0.28423772609819054,31.824011084186274,62
1408,-34.19629103642088,23.40608465608466,20.39816175176127,3.482492405389853,63
1409,8.205128205128204,-18.88459230121195,22.486665120593692,10.566276564290469,55
1410,7.553850582587521,-3.3785919923310352,-52.57326895724267,-9.053622248382396,95
1411,-10.846884405230416,10.473972584535641,14.166666666666668,-1.793635819187596,81
1412,-1.9998928533161902,-55.51064467784374,-29.381668122883504,22.167919799498744,76
1413,8.17489114658926,-21.77866915984146,-11.868118118118119,6.419234360410831,55
1414,8.095369012707724,7.859567642176337,0.0,14.62962962962963,43
1415,9.797660437714157,22.546839149096332,-0.7910231186093242,20.635964912280702,58
1416,11.915067310939765,31.990033122255756,9.633204633204635,-28.90765061496769,68
1417,-26.00755024932899,20.771182141045156,-2.7447608899221807,-2.465986394557821,73
1418,19.268129906645395,12.29703954437997,15.504742547425474,-31.977868169728634,59
1419,-0.6140350877192979,16.985294117647058,0.6905864197530871,10.875440658049353,40
1420,-16.49863272305727,7.998783637299123,15.054299149126738,-10.190133146857612,80
1421,-67.23679000473743,12.604166666666668,-14.100490954950077,11.569409145694532,69
1422,10.773809523809524,-3.5069745632055644,26.243781094527364,-70.76879910213243,67
1423,-21.807471305020325,7.777777777777779,13.917555326224058,-32.46406371406371,58
1424,6.376455591996068,0.39579046350596636,26.302083333333332,-24.627529031403437,64
1425,-12.316793975091437,-13.204586852127836,-40.6659174629711,-56.69815410772184,128
1426,-4.180022792286487,10.924630924630925,-2.775476645908537,-19.20982201015572,66
1427,12.591093117408906,-15.478845272720797,23.6231884057971,7.878151260504202,66
1428,10.2080602580435,8.787878787878789,10.0,11.060606060606062,57
1429,6.736111111111111,17.38095238095238,-37.65216829732958,-5.969308469308469,48
1430,-13.831976939328184,3.597164754192015,-9.909718764207929,-56.237325476455915,84
1431,6.885865457294029,-15.608465608465607,-16.954503665496574,9.166666666666668,50
1432,-23.914620213247215,-37.445286337651794,2.3928212369072592,18.95787755597552,84
1433,-0.23802391993891714,21.300165475422922,16.436781609195403,7.154213036565977,59
1434,7.53739112813936,3.08641975308642,-32.109318823314766,25.84795321637427,57
1435,-2.408906882591093,5.0,1.7106869738448691,4.289321789321789,42
1436,18.19097200997073,0.049351808489771276,1.8518518518518512,5.175848215453772,71
1437,10.0,11.40096618357488,-1.0092855784447554,-18.06201550387597,50
1438,4.088118312924514,-5.412834535565137,22.20477054979611,6.811594202898551,61
1439,-13.946937416057896,-17.642118719704925,7.525639537133792,9.153627389282054,80
1440,-2.7460975606755658,-5.882500392104142,6.092352681193134,9.506106418337732,63
1441,7.420330165405517,5.131964809384165,-8.41736694677871,1.3318994466836238,77
1442,-3.5577315217274643,16.54320987654321,-19.731920099151736,1.8065023817940058,60
1443,-21.213606911070677,-15.98053586970765,18.014993481095175,4.053369111508648,72
1444,-2.728997250241092,5.6818181818181825,10.665204678362572,1.8115942028985508,51
1445,1.171891575892238,-61.901722509240145,13.018442608842845,0.7983942908117765,75
1446,-1.671614405813341,-38.04099462365591,21.366120218579233,3.3333333333333335,61
1447,3.7929771816219544,8.19375674959757,-17.488952945519294,12.82810520925971,57
1448,-18.47447375279689,-30.775551967412433,-48.8354608248773,-10.545951795951796,92
1449,3.6520343873285044,0.5850524491639493,16.93798449612403,-17.571923356237086,54
1450,12.136752136752136,-2.540852595202548,1.0409580498866227,-18.246187363834423,52
1451,20.342479749182647,9.069315316667012,-109.66249799583133,6.1164529914529915,69
1452,4.316168232424387,6.366120218579235,-9.773345982511136,-22.337679565574334,92
1453,-10.04049018974392,-32.45310245310245,-18.393551219638177,10.114900859763873,76
1454,-16.379219068440495,23.486171057505562,-17.2548218372017,1.728932758811132,68
1455,-35.483626701352776,11.752421081380774,10.152454710133767,11.330409356725147,74
1456,5.2898550724637685,-18.561927506086683,2.817591234929945,7.8649237472766895,51
1457,-17.395833333333332,-1.613247863247862,5.0,-4.826721386228909,46
1458,-13.313002385583033,13.666106166237487,-12.106151487332191,-9.324142041533344,71
1459,-9.27777941654847,8.689762767450528,17.936507936507937,9.821701583108506,88
1460,8.298454815867752,-18.763073704934172,-9.279788838612369,4.160837360784768,68
1461,24.736239999397895,1.268081002892961,-31.681672669067623,-16.04669887278583,63
1462,-60.56196214915242,0.30303030303030454,-5.0,7.873563218390805,55
1463,-68.19850345800232,4.665170220725777,6.157407407407407,-16.977967176107306,85
1464,-13.116974882118875,-6.366740547489112,4.385964912280702,-5.111870989530563,61
1465,-15.48174048174048,14.901960784313726,19.870129870129873,6.160394265232975,44
1466,5.8006535947712425,-107.82800893755248,-28.92715244600784,-0.9482758620689653,119
1467,8.4710720036807,2.450980392156863,8.786760563563233,4.20673076923077,55
1468,-18.489392505528574,16.081800144300146,-31.868030557951897,16.700680272108844,78
1469,3.804958748942454,-14.865543007446995,-39.823868941516,-29.95713018562481,88
1470,-6.794871794871796,8.787878787878789,-6.527777777777778,-2.925863044708545,41
1471,22.30799566203293,-7.698412698412698,-3.267886538900025,-10.0,49
1472,0.0,-53.11413454270597,11.686648701167758,8.258303435038794,62
1473,5.546107331821618,-94.33323693106807,11.912878787878789,0.6116722783389452,108
1474,-17.754467754467754,-8.801629374450767,-0.8467997401950256,-35.19213001853489,82
1475,3.9682539682539684,-31.88546166812402,20.463866564612836,7.407407407407408,67
1476,11.46048567645111,16.373407600588127,-0.5584842632705251,-8.366533620046344,67
1477,-12.678571428571427,-13.31113517563686,11.113545063555577,13.32687338501292,60
1478,7.988380537400146,4.057682083997874,-26.608796296296298,5.9523809523809526,46
1479,-10.0,18.677764253099653,6.206896551724139,11.22735507246377,41
1480,1.5650421999876654,1.4814814814814818,4.73620479434433,30.43869947260513,62
1481,-4.987828861751275,-59.635788054098036,-31.007418292987694,-1.2611649953422095,82
1482,7.813831749456877,5.418882978723405,16.302926967888606,-15.792606516290725,88
1483,-21.89814814814815,12.252252252252251,12.440358674218075,19.969911041339614,52
1484,15.736252026388653,-15.402826340326339,-7.989417989417989,8.32687338501292,62
1485,-4.377087817236122,2.8472222222222214,-48.87288060826399,-5.9808753111199415,80
1486,-19.318181818181817,-31.333478283786636,11.54761904761905,-7.747747747747748,53
1487,-15.384278934050101,0.9952743720225314,8.747742134399264,-20.255164110314,82
1488,5.570818070818071,-7.023809523809524,-4.002525252525253,-13.66089948041952,52
1489,2.4760249728921413,0.8523669531132214,-56.210407583712865,-11.944114013634051,77
1490,4.457734000416927,-54.54545454545455,-12.493820294153995,3.2142734779182516,63
1491,27.16374269005848,10.0,13.787878787878789,10.0,30
1492,4.83187134502924,18.319469201822145,12.873563218390805,-0.22849462365591355,42
1493,-12.485547640756403,-8.067035204032743,-1.875,16.370222813877316,71
1494,8.702053760193296,7.380952380952381,5.9974747474747465,-5.954375428059638,44
1495,-17.163267419335536,-15.651378459185093,-14.877560710894045,12.17133743449533,70
1496,-10.833333333333332,17.574160058019455,-14.077965315799016,23.6046511627907,56
1497,14.62962962962963,-3.9958592132505175,-0.14274691358024594,22.166102949687833,51
1498,-20.09419152276295,12.797245975614098,-9.817644042336497,-3.5014451864056007,72
1499,-10.734460059310765,21.311360448807854,-0.575048732943469,-2.9636172302335027,87
1500,21.25,-6.212121212121211,7.450980392156863,18.25716110198869,40
1501,7.154213036565978,1.937984496124031,4.810298102981031,-15.112592086276294,44
1502,21.666666666666668,1.3796194059351965,7.813454158562855,8.086419753086421,50
1503,0.40812543037237137,1.3046400593334266,-2.8579071980370405,-46.137104421002725,71
1504,-92.77964087999929,7.3938923395445135,-27.71452812303715,6.063664596273291,94
1505,-2.549019607843137,-0.8145414617885534,-0.07349198818892289,-25.493811992396623,81
1506,7.688172043010753,9.29216981848561,9.471654529794066,4.968506458844882,45
1507,2.803998995276423,0.668894789534324,10.0,-16.666666666666664,49
1508,15.559673832468496,-15.583123268181783,-57.06631808018614,-28.664088776741412,95
1509,-10.700432640660345,-31.534150632679495,7.571275636691457,-22.1440538581796,83
1510,-24.830246913580247,8.333333333333334,7.192982456140351,22.14209766841346,43
1511,16.830773304558473,0.0029868578255678457,18.936173447667702,8.380069976307638,61
1512,34.65731694993708,8.623188405797102,22.047081257102892,11.741945565474978,50
1513,11.078511864515923,2.192982456140351,-4.64450708636755,-4.495257452574526,48
1514,5.0,-13.45679012345679,-14.417015787447683,5.367125034463744,61
1515,16.461963767443727,0.2576534868201561,7.163742690058481,3.689839572192515,48
1516,13.205128205128204,2.9761904761904763,5.0,5.0,30
1517,-10.807453416149068,21.613670146278842,-26.321194256264388,-2.4830601167974145,86
1518,-10.357057499651457,-10.688090050835147,-1.8179818599345694,14.830289005324875,70
1519,2.898593780946724,15.510309383740433,1.9841269841269842,-23.630104354341416,74
1520,-29.536586406326997,-41.52699186244113,3.372712254470043,28.928345262004495,101
1521,-5.0396825396825395,5.0407137907137916,-3.148148148148149,7.154882154882156,49
1522,15.13107263107263,6.547619047619049,-13.26388888888889,-22.434503901895205,49
1523,-15.395532384779695,16.15740740740741,-59.754728132387704,-24.23889328526841,72
1524,-3.4948502625752695,2.1745679403837004,-15.905013032672606,13.582562153990725,63
1525,-54.56014935213851,-46.908182813355225,-29.43536302972061,-9.010932921929745,111
1526,-2.324793351008184,-5.101986044015029,12.777777777777779,9.037698412698413,51
1527,6.024094028662136,-7.023809523809524,11.713554987212277,-22.75003822681487,79
1528,0.0,-0.8171377617344024,5.254693267401073,-14.912805203052885,74
1529,4.154002026342452,-45.58931369818883,-6.081081081081081,-5.538848510246815,70
1530,-12.553623201672545,-2.9860225444158845,-141.12242104867386,-14.736842105263158,116
1531,-1.8929110105580693,12.252252252252251,12.961309523809524,8.472222222222221,38
1532,-20.738690212927274,-7.542049326012043,-6.344843052160124,-82.90137870748813,125
1533,5.9523809523809526,17.679738562091504,4.505248350357046,0.5003913591879678,49
1534,-7.065422933922507,-17.839085761052033,-4.915674603174602,-4.707207207207206,84
1535,5.0,32.90442741592167,18.47222222222222,9.901960784313726,29
1536,-56.1571521535958,3.2862103174603177,8.42741935483871,-15.501150868382506,77
1537,-11.212121212121211,-22.898876174069972,30.92608795361521,19.531590413943356,57
1538,-0.833333333333333,-3.400621118012422,2.154213036565978,7.380952380952381,39
1539,3.2051282051282044,5.0,17.450980392156865,17.78985507246377,34
1540,7.500000000000002,11.599378881987578,7.777777777777779,4.840067340067339,38
1541,-3.1514541458931893,-1.6350318551534833,21.302083333333332,-60.467606682286615,64
1542,14.97076023391813,-17.379454572252587,-31.434593160935872,7.525252525252525,59
1543,-20.128968253968253,11.968247904040256,14.297945495862162,1.9209762758149855,64
1544,-19.085445565221846,-1.367808164514818,-30.010691375623665,-19.205386916225116,79
1545,-2.925863044708545,9.574243490499649,12.05467372134039,6.225732536318278,52
1546,4.138481919932128,4.884370015948964,-1.4480358902734691,-39.42953410413288,76
1547,8.908747073708712,3.205128205128205,7.343755403759575,4.166666666666668,55
1548,2.803564316169359,-1.7045125670651613,11.481481481481481,5.277777777777779,55
1549,29.07079719001694,11.939129702287598,-3.8319088319088315,8.749578699022582,53
1550,10.491697991697993,2.605820105820106,-8.055555555555554,12.221775514458441,46
1551,5.337235228539576,4.49270031505978,-0.5327797330317754,-22.493820294154,84
1552,-6.203703703703702,6.284785412967569,-1.9135802469135799,4.722222222222223,68
1553,-17.334054834054832,11.436781609195402,13.584660801332795,-24.97545609152752,65
1554,4.166666666666667,6.937984496124031,-9.754174971566275,-19.658299217122746,55
1555,-0.08418482102692693,19.30813924178262,15.627824068316546,13.663446054750402,50
1556,7.380952380952381,-6.885132841015194,-47.158082333995154,19.388852315119596,67
1557,1.0138872760535724,-15.614035087719298,7.687928323069853,-10.160641689627571,63
1558,12.892416225749558,-3.6957353632917815,29.227486622997457,3.203034968368047,75
1559,-11.364211472907126,-3.877923976608187,-4.482872200263504,6.554846344238209,61
1560,-12.254833449802003,-8.456835412081194,5.959982971477226,-51.89937004453134,62
1561,-13.18840579710145,-4.924489073666612,8.333333333333334,-2.9629670918237156,50
1562,23.77551607153125,17.000613449888814,18.55872319688109,3.8359788359788363,48
1563,-5.576613402700359,-3.357683982683982,-1.2987560615644091,20.95829195630586,57
1564,-11.813385635224712,17.476465534227952,-11.040231407878466,19.21273109997817,71
1565,15.929888389237984,-12.001409443269907,12.429369360425683,16.031672502727346,66
1566,-66.72922922922923,-4.692554281599644,12.57309941520468,12.148331480270485,79
1567,-5.521541950113378,5.0,2.149349962429766,-31.43126231974271,62
1568,4.455128205128205,-8.77264492753623,-9.77155727155727,19.761904761904763,42
1569,9.095502231437505,5.403592961732496,-9.116588942443816,3.9639742858565263,86
1570,12.777777777777779,5.82010582010582,2.9700203252032527,12.065388032880296,48
1571,12.604166666666668,7.282913165266107,8.43440510107177,10.0,37
1572,3.205128205128205,27.87429346639873,-2.83625730994152,-14.489685771331862,57
1573,-3.0874572051042635,-2.957707191891431,-2.5098868153225347,8.858440944663458,70
1574,-54.75268807566944,-17.354378913886435,-78.15334848297496,4.893630114835305,107
1575,-57.0613653812766,20.119407971085842,10.930735930735935,4.1423086849916135,98
1576,16.250057104464027,-64.01069523012566,-4.291283764967975,-8.717948717948719,79
1577,-7.22908052626728,-61.80353589758375,-44.491071152915644,7.166353383458646,110
1578,-43.22942258662176,-13.386227854008784,20.610021786492375,11.645021645021643,85
1579,0.4038159615783825,1.146938548461224,12.688172043010752,-9.17960088691796,54
1580,9.131970989956473,-3.324989570296203,3.4722222222222223,11.634738491356138,54
1581,5.0,0.41020671834625233,-0.6930740264073592,3.8439484561401063,48
1582,7.166742666058672,22.54531839935567,6.197559115179253,18.810362927894374,56
1583,3.096735108229362,8.478908299848705,-11.753246753246753,-61.94215252805352,80
1584,8.623188405797102,-33.924237800964896,-9.97291237258585,2.038222152126317,77
1585,17.734674329501917,-21.49423480739116,14.901960784313726,4.41193853427896,58
1586,6.457716184262399,25.029269266885365,8.086419753086421,11.506132756132757,57
1587,-2.2023809523809508,2.777777777777778,5.169172932330827,14.181900527009226,43
1588,3.736134853125619,9.02771884914742,8.409071513910224,-37.24386724386724,64
1589,10.487861811391225,10.381944444444446,12.375737417413383,-14.001956501956503,62
1590,23.96825396825397,6.302083333333332,-3.4498123989948493,-50.47258738813207,64
1591,-48.22586570504026,-14.388828908541049,-43.964364298174104,-12.498445435208856,109
1592,-7.023809523809524,-6.766375742511628,3.787878787878789,-5.043330454514665,60
1593,31.227862521820324,7.503192848020435,-21.840690071564385,13.179956032213212,70
1594,8.142755936873582,1.7129629629629632,-34.39268461007592,8.952932524361096,53
1595,9.166666666666668,4.82492417976289,-10.740343849892016,-15.0,46
1596,-7.815618148279439,15.310562868418284,-2.610788334472544,-3.361928104575163,65
1597,-9.4710652045898,11.013071895424838,3.8120648288861183,15.0,73
1598,-1.3667011622658443,8.784013605442178,-5.43730279468109,13.968253968253968,59
1599,-74.68193843193843,12.332147886726352,15.58020683020683,-14.444308956307783,79
1600,12.380952380952381,-2.395833333333333,25.08374579333226,6.195286195286197,56
1601,6.687086859500652,12.074136955291454,-13.46047965544821,5.334689486628484,67
1602,16.418485237483953,16.481870671806952,-7.747747747747748,22.3015873015873,42
1603,12.062849294307096,-20.25403578239775,-32.20954969603421,-5.1155520107133,73
1604,4.8415578132559265,-32.210891391257604,5.541691424044366,6.736111111111111,57
1605,1.9841269841269842,15.099067599067599,3.5251491901108274,-0.9683932052353104,46
1606,-3.2931939383552282,15.93440510107177,-20.4900649500416,15.933249126002082,63
1607,3.843522896418878,-7.360728181822342,-20.857371794871796,-41.15683983627379,86
1608,-8.58666025332692,-1.3067867750701723,-15.279307631785995,-9.810767502560545,68
1609,-7.889098338826193,12.450980392156865,-31.10244935759118,8.423955173245004,72
1610,26.359518120270806,10.0,-42.48440775544968,6.066411238825032,62
1611,14.166666666666668,3.787878787878789,32.0806100217865,13.205128205128204,34
1612,-1.3109661385523455,-10.633234775391639,-0.4989591465001295,-5.20247631166055,62
1613,7.252252252252252,11.747066250742726,-16.705347122013787,8.486012608353034,56
1614,14.445234708392602,11.937984496124031,17.06538835506749,-16.532294489611566,47
1615,27.406963215606275,10.024805082944619,4.385964912280702,16.211484593837536,46
1616,10.104326388989662,0.8585858585858581,-4.414848095849377,30.396238051187172,47
1617,12.580399584076055,5.0,-1.0317460317460316,5.421903804256745,39
1618,-4.562594268476621,25.0,-0.15967996040459553,15.848511830962632,62
1619,-5.020739934131782,6.766381766381767,40.09005950393078,5.0,65
1620,14.479665071770336,-26.44736842105263,-23.245922774431545,3.626631017935366,66
1621,14.440590291412754,8.688797156289418,5.938003220611916,22.263250404375274,57
1622,2.2288262230287152,-13.85196828307606,0.2895995860068885,-2.648555148555147,98
1623,-53.05555555555555,1.6666666666666667,-0.36331300813008083,6.773049645390071,52
1624,46.847176260154505,8.846360295635659,17.259528130671505,15.902735077770947,43
1625,7.604166666666667,-0.193910651227722,-6.052267983655231,-5.101986044015029,50
1626,6.273983685221346,17.05467372134039,-3.7903702345294126,12.389211665527455,61
1627,-13.835412953060011,-8.356369110544644,15.135815426886547,-34.77221875971721,108
1628,-15.085470085470085,-1.866448591435226,10.679012345679013,6.520949900929748,79
1629,8.44100551802211,-72.51891265956601,3.3233699984058678,15.898069158938723,75
1630,12.059930902688095,9.648732909602476,-81.63825167529895,-19.365407649721373,103
1631,-13.333969951617009,-52.038702429007536,27.78413970389507,18.642665829985358,75
1632,-9.353441959492812,-12.595488750380053,5.0,1.7309886917730068,56
1633,-50.44021960083007,-5.157785967863623,-46.334754639668965,7.921826649640006,106
1634,11.150793650793652,-1.694416694416693,13.565547897567136,2.722436293864865,52
1635,-3.0552323793660436,3.192284005800902,-39.375132337432355,22.048768225238813,85
1636,-0.833333333333333,12.080610021786491,17.647108158883523,19.811547714514834,43
1637,-5.37037037037037,-10.833333333333332,-34.76176971600312,6.700680272108844,51
1638,-32.17434764309765,2.5038978231822213,12.63888888888889,17.30650522317189,68
1639,21.893939393939394,13.086419753086421,-18.140639847956923,29.531590413943356,44
1640,-14.240403118356737,-6.5007215007215,-30.221661054994385,13.003812636165577,63
1641,-14.836282588724274,-1.3330109606705345,1.4323485503451545,23.64047583345829,62
1642,7.142857142857143,-8.686868686868685,-5.701058201058201,-1.666666666666667,46
1643,-19.35345300834431,15.626566416040102,10.0,11.984126984126984,50
1644,26.1837154016754,-4.981907660270707,-1.060783819491924,-0.7657840589127121,107
1645,-2.2548479000091906,-33.80747719026824,-20.86479496613875,7.553452905710088,57
1646,9.176493710691824,-32.79538538412413,19.74576271186441,-1.0592385102189006,59
1647,0.7303807303807304,-6.41812865497076,21.88549955791335,-53.65540694740838,65
1648,11.17283950617284,-7.594957120157678,-17.664968043075376,20.593434343434343,62
1649,9.502736542210227,6.57467148799395,22.173382173382173,10.324543610547668,47
1650,-4.8047631128247,-13.190024425643387,-23.640648006850576,7.395017953012131,81
1651,-5.372109767838207,5.0181900862297955,-12.835964423434156,-9.861660079051383,66
1652,-28.742978134992654,7.307445690800655,8.205128205128204,3.8743124303998933,71
1653,1.851851851851852,-105.75964355367421,3.4722222222222223,5.629746006808066,72
1654,10.595161069402005,14.34640522875817,12.087583844520385,-17.172661443494775,70
1655,-2.417946976770506,20.668934240362812,2.9134489692897914,23.669598827089292,66
1656,-2.9338103756708414,-15.525086586569692,4.909003831417625,-38.716931216931215,61
1657,-23.351804185137517,13.818097089724194,-5.833333333333332,1.2793690157672448,80
1658,-13.267522411947022,13.460330063664909,19.735417185583504,-23.137254901960784,71
1659,15.46122120176742,8.326745718050066,16.060606060606062,-44.22243265993266,56
1660,-15.45138888888889,-18.26388888888889,-30.68106312292359,-1.7471819645732682,56
1661,-18.791553536619325,-33.8715967392438,-25.70805223178601,-8.587570621468927,78
1662,11.666030048382991,-20.06874767744333,-39.97016584926143,0.2628172481113651,71
1663,6.282685168773879,4.892390327962016,-44.85268862645825,9.958472189929992,72
1664,15.279265160419659,5.741303613644039,1.6451294322442802,-11.423801641192947,55
1665,12.3015873015873,14.50847182107278,16.81159420289855,23.13318292155744,59
1666,-121.12203229774029,-12.786550094730183,-22.678412844447,-26.700235329317895,106
1667,-13.26388888888889,-34.102861233585216,4.959636409865244,-1.8542260208926877,61
1668,10.008417508417509,-19.22514619883041,-29.72113179644861,-36.33748573286617,79
1669,2.9796511627906987,3.75,-15.427207476130832,-65.3160400177754,80
1670,10.410349119804444,-36.7203361154974,17.441534996566443,10.591038648314191,63
1671,-50.295178979637214,10.377001041962679,6.65642601126472,-0.8597420922529633,80
1672,17.525252525252526,2.173382173382173,10.0,7.407407407407408,33
1673,14.126409017713366,15.893300248138956,2.525252525252525,-11.785205535205534,46
1674,9.795321637426902,22.56259780907668,-38.624498094660446,-47.446578819884095,71
1675,-25.07951693998931,1.0019841269841254,-39.36825446673179,-11.36574074074074,87
1676,-11.443421187765017,24.686265626758104,3.436791383219955,27.66562352371823,71
1677,24.396401118099234,2.5126663089197763,-24.255964907848004,-9.186373873873874,79
1678,-33.76722425211485,-28.31457419752358,16.302054055869494,-18.4916172865948,87
1679,13.606695029108822,8.552532123960695,-22.965506715506713,-3.118118118118118,63
1680,-8.770782978100051,1.3801272495802976,3.1247255160298657,6.273075667674304,65
1681,-4.849809872213921,3.6812412393807747,10.179066737991224,-16.43963675213675,66
1682,20.604410114214033,-6.412037037037038,7.777777777777779,10.922030247321874,54
1683,-31.913054695562437,18.09513055448015,22.736225127529476,14.901960784313726,46
1684,10.880369630369632,-8.673163188756373,4.62962962962963,13.354804079441761,55
1685,-14.462616969262772,-7.163694822946592,15.738857617632423,14.516367671129576,61
1686,11.993006993006993,-17.95977011494253,15.608974358974358,10.23820634638175,49
1687,6.9344811095169785,-15.61965811965812,2.753910889409211,-3.0018939393939377,54
1688,10.447145252625212,-43.27635327635328,7.252252252252252,-28.158146079522204,63
1689,-2.6529875689821916,24.491586967492584,-25.1546859053699,12.65954741927282,59
1690,9.610971465810177,10.541681081704434,3.2342807924203276,-2.9071662159897436,52
1691,8.378758462763841,-16.232416621506626,0.2565982762157333,11.602564102564102,93
1692,-12.288156278367055,10.0,-4.776828110161443,8.844114528101803,46
1693,13.322711239377906,-13.531183158842733,5.603448275862069,16.969138793295926,62
1694,6.476050830889541,-11.527777777777779,3.774969301285091,-2.474747474747475,45
1695,0.690586419753088,-8.753953194180898,12.708855472013369,-4.900908102478048,66
1696,0.0,5.654315196998124,-1.0317460317460316,4.584387143560219,42
1697,-19.785198992516065,-72.06199571395446,2.7777777777777786,-0.2506911186781764,93
1698,-0.40871243545267255,11.504524886877828,-27.60487528344671,0.9232026143790844,59
1699,-15.159950415106747,-5.114692218350753,5.95883023551563,-34.05354086132556,93
1700,-29.232435401933373,-10.495538541757027,-2.210690192008303,-70.55140936009082,98
1701,0.09259259259259345,7.604166666666667,-3.6607622114868485,16.358594821327742,49
1702,-2.628205128205128,16.77304964539007,-35.17989287405206,-26.886890349360083,61
1703,22.083333333333332,-2.395833333333333,-4.511958629605688,-1.826156299840509,40
1704,9.593837535014007,15.032472853770283,-0.09803921568627394,-8.18840579710145,52
1705,22.397629173944964,5.270337301587302,-27.071374292622536,1.3850460010067316,66
1706,-3.767806267806268,-13.045220322712833,-19.603761948812828,19.941231249370784,56
1707,-21.078900458429445,10.825559021551328,-31.21212121212121,10.853174603174603,69
1708,10.116873106013086,12.38095238095238,16.828316610925306,5.450117744709203,53
1709,-19.48005698005698,9.13021875900078,5.0,-7.863247863247864,65
1710,12.314814814814815,14.166666666666668,28.59502765752766,1.5993788819875778,45
1711,26.924900678582986,-7.873412401714288,13.555631554947562,-17.879728132387704,69
1712,0.5955946777512895,8.451234885665919,-7.619047619047619,33.37540349476126,58
1713,-2.9716102951544032,1.343100565251703,5.495272850455779,-11.341482591482592,65
1714,-39.47634609399314,-39.57046259538214,-61.46954700926727,9.363598673101418,95
1715,9.166666666666668,-4.498556998556999,6.021505376344086,3.6231884057971016,38
1716,-33.41566867672918,-32.75823678844657,-2.763185413566156,-17.302833024912616,103
1717,-9.787172113564406,-173.2262193477788,-50.99445050256409,0.2876215120142548,143
1718,21.38121158885615,-8.67603321355996,22.121594765115816,13.968253968253968,62
1719,19.086272196593367,-12.258810159200678,-39.54011598588504,16.066573433802755,80
1720,9.248626064041886,-16.51343366617747,-16.97799565591391,5.787483653825543,73
1721,-3.148148148148148,-3.373734628444085,19.323196215058225,10.220859763542691,52
1722,26.666666666666668,17.858187134502923,0.7373222504801458,1.8969642454683031,50
1723,-23.02975921968405,-64.28380848958282,-25.765009281929004,-10.59276649878601,117
1724,4.166666666666668,-56.94335576176899,7.3982056590752245,-13.428840462738766,71
1725,21.57006770777551,-29.542513405853654,-29.10902535902536,1.23111064756872,80
1726,-26.03174603174603,-4.886400134892688,-25.929250488074018,13.968920677590033,72
1727,14.8304763167971,-38.01116915871014,-20.046501692464425,-14.348659003831417,66
1728,-7.961287078934138,1.0763888888888884,-3.3617828354670456,-10.744749078082409,49
1729,-8.366013071895425,1.4814814814814818,7.709340777953534,-34.715375637305684,72
1730,7.688172043010753,9.901960784313726,-3.9992257065427794,-1.9805313267792548,42
1731,-26.685137518470853,8.968253968253968,18.96990740740741,22.636165577342044,49
1732,10.0,3.7377607492550027,18.47222222222222,13.689839572192515,32
1733,2.083333333333334,-19.864397817260645,1.7283795732071567,-1.6197783461210566,58
1734,-12.350504619936412,-33.981793417934725,5.331600898894273,-14.855239855239857,85
1735,2.878151260504202,-25.786313987426404,17.66581308343322,5.5611729019211324,61
1736,8.981481481481483,4.084757834757835,10.540543099530375,4.29608585858586,50
1737,6.8939393939393945,-0.14617327117327195,-69.99621512773025,4.882896897415954,65
1738,-1.940045248868779,-14.578138269998735,5.120587027914616,19.068627450980394,60
1739,-8.85333001048852,-18.986027006280537,2.5189030306783935,13.814929480564157,66
1740,17.63170002300437,3.6231884057971016,-8.978818605919447,-14.830827067669173,58
1741,29.601999466046465,1.3391195020977467,7.5,0.6116722783389461,53
1742,-41.328666360635665,12.41308220909739,-26.9896544232293,-12.56810994783906,81
1743,-14.86389844332078,-8.91233556101798,-26.88453342711882,-19.13059798929364,82
1744,16.544944504966143,27.36678884753888,15.024404249210452,9.451297078733363,57
1745,1.455271603083632,-62.728984762883066,-20.616570041278415,20.410070712863394,82
1746,7.094247560349255,15.749573553042147,-39.28117313802015,-1.9250115789974562,82
1747,2.055382888716223,-0.74617139133268,2.525252525252525,-24.86741738497898,81
1748,12.203297811283292,18.249344944931885,9.347335140018068,1.6597205683893002,43
1749,-7.487205244673797,2.2686726135002004,-13.810837724729751,-55.45360897982381,79
1750,5.0,-4.8345118933354225,-30.971258088701152,-55.327970670042276,88
1751,15.66436251920123,22.128871057052308,19.373959373959373,2.8581871345029244,47
1752,7.873563218390805,-24.900760763313357,12.314814814814815,5.656108597285067,43
1753,10.978260869565219,-13.83116883116883,-1.9282300733913615,-11.129667116509223,50
1754,3.3450613713771613,1.1111111111111112,-54.77412758828001,10.56092843326886,80
1755,-19.1563118324974,5.390442890442891,0.5389431577580872,-13.757668582229986,84
1756,13.192703982177665,8.00140462374505,-13.151548617350503,8.066239316239317,61
1757,14.118341065654757,-11.816177649510982,17.427213309566252,-3.876590109728101,55
1758,-53.14332734399279,-28.74187102289575,-17.037037037037035,24.092597809966897,103
1759,-2.7832244008714593,0.6689342403628125,11.282904282220288,3.1237256615357047,49
1760,2.525252525252525,6.846405228758172,18.922839080616296,-10.654869445519848,54
1761,5.54605102664978,-14.077159399740045,6.84460147695442,7.604166666666667,75
1762,20.17240069871649,21.285981918263815,-43.10414300373375,7.957797629000932,81
1763,8.722811640431779,-2.854549227098247,-8.441358024691358,-33.90515802280508,57
1764,11.111111111111112,28.132891250548077,4.62962962962963,13.086419753086421,43
1765,-16.246936274509803,-5.242865108076916,-19.6507699577875,-20.316020315440515,71
1766,11.04895706288895,-39.90458777123281,-10.029045223565262,0.1725437819970228,85
1767,-51.03015903602656,-16.247607181316816,8.856382978723405,-29.562599136331855,99
1768,-16.251073487915594,19.762785315458355,8.29365079365079,-5.452417526150244,72
1769,32.36215538847118,-11.537247474747474,1.7460317460317465,5.667977181621955,47
1770,-11.046237786334341,-3.9082726032411563,7.196120872591461,-35.41098296755556,82
1771,3.08641975308642,7.161488914985233,12.81683405069345,-27.16184207898729,66
1772,5.666712373639266,-30.012963492043873,3.9175553262240577,-0.7912457912457906,66
1773,-9.984271934580281,-30.36208455676222,3.5750035750035742,11.748883365225254,84
1774,18.246920563097035,-10.585917508656081,6.406797063917172,19.634382619296414,65
1775,12.64149468417761,8.236551030668677,2.5915514784725246,5.910335603318064,54
1776,10.324074074074073,-16.794871794871796,-20.89161298883718,6.000774293457221,57
1777,-11.376811594202898,-0.6864819548643077,17.77777777777778,12.57890706792579,57
1778,8.787878787878789,16.57894736842105,5.0,11.013071895424837,38
1779,4.273277026744269,2.7777777777777786,-26.144437573009,5.0,52
1780,9.090909090909092,-75.20695426495493,-27.750956140305767,19.262950071332398,96
1781,-19.335468191414343,-18.33293820135925,-4.974767043439343,0.6590495115085293,79
1782,-7.849474733532704,0.7843137254901968,-15.868256724639103,8.5268081591611,68
1783,-23.640181849485018,-12.54050925925926,12.825518905163818,-5.7105864944848,74
1784,8.156235960851928,7.777777777777779,2.604166666666667,-0.4950950094296256,54
1785,-24.16989978646863,-38.376789339259076,7.380952380952381,3.3707056981943513,71
1786,21.555205880863774,2.4935400516795863,2.591093117408907,17.976190476190474,45
1787,5.08840288252053,-72.64307786046918,-6.127136752136753,-8.82716049382716,60
1788,-26.475863729384855,-12.033479649516961,0.6329802163295799,-92.72350335310153,102
1789,28.913662239089184,-12.415806158955597,-31.29036289889003,-21.0623180962164,68
1790,-12.397091592977521,8.183313975996905,-35.655080213903744,25.678083994609693,53
1791,4.2468140183193945,7.2950308441927945,1.88608776844071,23.511858378627856,65
1792,10.906821793044704,13.237042747912312,-17.3263421629095,-14.765773870631927,80
1793,-3.1884057971014492,-27.463886767231745,-49.6103766267061,2.5217842222554507,82
1794,5.316820689161116,-9.337145827634743,9.141477322051415,6.778661951075744,79
1795,11.577733860342558,0.0,17.382576812401375,3.4405097486492835,49
1796,13.009607351712614,-5.179044481959712,-12.77196422497449,2.192982456140351,57
1797,14.248536030074568,12.71604938271605,6.661442006269594,-6.64309658495705,56
1798,-8.180183204293318,-3.2760087225117775,20.97703675639913,-10.555190473935145,82
1799,-17.986820114479688,6.1950914441162155,-0.7874576304708318,-7.9113152938353855,82
1800,29.735365107705533,-77.91591243362274,-30.115348399246706,-8.894993894993895,78
1801,21.436781609195403,1.666666666666667,-25.15452942477556,-18.308327337313216,58
1802,-10.480599647266313,13.056118428458854,2.5262295651503948,-1.4748508098891726,55
1803,-8.506101011774994,-0.0292397660818704,-21.21212121212121,10.580357142857142,66
1804,-23.106060606060606,1.0741687979539662,8.218254349823155,4.693223443223443,60
1805,7.553475935828878,-7.394104280514015,24.445931827086326,-30.033274179236912,67
1806,3.2394457394457405,15.0,17.253071350815713,7.777777777777779,50
1807,5.053646309180781,-32.007213519680604,12.159732093375471,-38.51091809348872,101
1808,-27.9687694916023,-18.502506316115387,12.259528130671507,17.08976132995741,80
1809,13.787878787878789,24.604597833857426,7.557724291133904,13.472222222222221,59
1810,4.78835978835979,13.020041552650248,5.228442728442729,6.984126984126984,43
1811,3.7698412698412707,9.771195208272689,-54.74643037443214,12.192982456140351,68
1812,16.770833333333336,1.8699181780577128,7.843270606635388,4.084967320261438,53
1813,4.729279084117793,1.159014557670773,-12.474747474747474,-6.421568627450981,54
1814,0.9375,-71.64352667270852,11.922799422799425,-0.28003155285102466,82
1815,-32.39309266703333,12.008874532473756,-67.37226647850537,-8.842592592592592,97
1816,-4.1927977707663295,-125.22935426252604,19.15680095155517,-8.096624908626655,88
1817,-5.586527293844366,17.05706163799693,23.170178228317763,0.0,52
1818,-36.2524087902659,-17.621384485724235,16.944444444444446,5.614065877223775,91
1819,-3.8786370965074397,6.985522069527448,7.573703240161313,10.0,70
1820,10.0,6.1495068256800405,-58.07675945990336,9.196696696696698,84
1821,-36.24877787270707,3.3341235972814918,-2.490086196128395,3.086419753086421,75
1822,1.6630953191044746,6.619105975723622,-7.519053822554853,-32.54246434113066,87
1823,4.385964912280702,5.0,6.746031746031747,6.004140786749483,36
1824,-9.56063907044299,11.602564102564102,-46.62233770608155,5.724474474474474,53
1825,8.630310762986202,-0.9116889230066108,-16.963118580765638,5.910153699740651,78
1826,0.49211904891491187,-95.0064464299277,14.368471035137704,-2.268992855206358,86
1827,-0.8082092833364731,-16.51332108828522,-8.426728133601447,8.787878787878789,63
1828,0.5374001452432839,-27.55901505901506,11.22735507246377,19.38034188034188,52
1829,4.952548697904101,-9.028458321160594,3.9682539682539684,-37.003021427729806,62
1830,14.498106060606062,3.0571799870045493,7.352941176470589,-3.808479532163742,44
1831,-19.999853907461606,-2.8920268372601017,-4.2646946238981425,11.878235983622554,103
1832,23.16763499329289,5.324543610547668,-14.67431877566256,25.65861493285616,59
1833,19.18838710505377,5.45394939218597,-2.686816582873381,-12.925911942284234,82
1834,10.711714326181562,1.958368758060411,-13.480732128273111,7.13450245699773,91
1835,-9.95861019514607,-7.016817596603859,-23.23516410650187,0.4392610313662957,101
1836,14.137751874943527,-7.023809523809524,-3.153971640813745,3.787878787878789,50
1837,13.977133977133978,-0.31249999999999956,-49.35128897894855,-2.1238954077937136,61
1838,13.709079180777294,0.22939207149733476,-1.1234897999603872,-52.15934184177022,66
1839,3.036881419234362,-10.655457064035796,35.91917723965037,-2.601568405139834,71
1840,-24.999385856163347,-45.70156617388509,-0.3436929286695758,20.98411874177092,89
1841,4.610177404295051,-11.519161841742488,-6.402294935486669,-32.72442820960935,69
1842,10.07936507936508,11.698491852401244,9.136584741423452,0.0,55
1843,7.252252252252252,-13.92664895496122,16.281281946243585,10.254515599343186,62
1844,-9.810502904865645,4.861111111111112,2.450980392156863,-5.895895895895896,53
1845,21.985294117647058,1.2388591800356514,5.519943019943019,-5.9474206349206336,40
1846,30.148057245771618,17.314814814814817,9.130966952264382,-18.076468572068986,54
1847,14.750263080756053,-35.45997610513739,-31.02308151901982,0.460685281028403,77
1848,-24.43554344001952,-4.488675148641217,9.609674329501916,-2.2854286916786912,72
1849,0.0,19.81029810298103,1.444573944573945,7.976190476190476,41
1850,-8.823424106484698,-14.011470985155196,-15.061728395061728,8.968253968253968,54
1851,11.522275355083494,-21.156985089713125,-0.026301218161682627,6.811594202898551,69
1852,-9.317975383155348,14.00684809890222,-46.42430415185543,-183.95560618012792,101
1853,23.848790525057808,-18.274519475084446,-25.42544127886841,9.025301897642324,68
1854,14.311909949164853,-30.028683574879228,-8.8402223664372,18.333333333333332,68
1855,6.343477376086072,-4.325902040583371,-1.2084520417853737,-10.995772421685245,60
1856,24.110692344429147,-3.085782586466581,4.8491464182847945,-41.23716218096802,81
1857,-40.59816039435604,-21.458416090998604,27.775189452754162,-17.30706128794379,105
1858,0.9570833792111313,11.197559115179253,-12.94532627865961,9.31934634916465,64
1859,26.695333104001836,5.405035577449371,-31.633610119965343,-5.729166666666666,59
1860,-11.6260271787457,8.414861319048265,-21.634179545161082,-9.384923726905962,101
1861,0.15977443609022624,-6.168076109936575,10.277090082930906,0.0,48
1862,-6.512667660208642,6.862046091873518,-30.46217779430377,-3.361928104575163,83
1863,1.9497863247863254,9.068462401795735,14.448602142353266,-5.8538868544818214,80
1864,-29.318888528562958,18.314571607254535,-13.993215565796213,-6.127136752136753,65
1865,15.0,-34.206589722716394,-8.063100517867639,11.902324402324403,74
1866,16.426006565525622,-4.300375770497398,0.9974747474747474,-33.611075993789555,65
1867,20.0,10.416666666666668,11.611568943197248,1.519413786248153,47
1868,8.72741153793449,2.0546737213403885,4.712258887294757,15.47008547008547,55
1869,5.742391232587314,8.831923890063425,17.970608760569327,-11.212121212121211,50
1870,-57.08379740253606,2.1671815281471396,-3.805403373040359,-39.05920192083714,88
1871,18.182261208577,-9.989316239316242,-4.084742776603241,16.08980685541573,57
1872,10.0,-17.126436781609193,-36.928883929567924,23.68107769423559,56
1873,13.205128205128204,-36.72636093640037,-28.412627011294184,16.28205128205128,65
1874,20.518284764427825,21.278497655933936,6.3138615770194715,17.01058201058201,46
1875,-4.5393905429116685,-6.215778469368658,-52.093361509011906,0.47504025764895363,75
1876,0.0,17.317801672640382,15.784313725490197,16.922799422799425,35
1877,-21.08029610311558,-16.342958191389744,1.1533994460823749,-9.474453121824778,84
1878,9.901960784313726,-27.96747967479675,8.803855719232779,10.724886429220795,60
1879,12.667218650561725,3.2402898027898033,-8.574382636998248,-2.078146798048872,66
1880,-14.809528381347137,10.342493030665077,-1.0164835164835166,-10.614035087719298,55
1881,17.450980392156865,3.032910628019324,4.567067067067067,4.901960784313726,40
1882,-22.889946192659586,1.8115942028985508,19.901960784313726,-22.752197869501806,73
1883,-27.45244087504561,31.306922304112774,-53.90700566178453,15.164614186463782,83
1884,-72.02034253282395,-16.30893774633848,-12.523184580409644,-19.03235653235653,120
1885,0.27763402224971845,5.041919545596016,-4.407505910165484,-10.431403358744767,73
1886,8.703586187445586,6.086645184389546,-5.2556273036405745,0.10638297872340452,55
1887,-16.479885057471265,4.841403903903904,-4.634336510664266,-42.54768220285462,82
1888,-3.8311688311688306,10.917467948717949,-1.695586429120321,-16.605060870204863,65
1889,-12.907303238543436,11.430687329343545,-5.0196408529741845,-0.3841936281503968,84
1890,11.260263453245912,11.206896551724139,-5.098039215686274,26.970487233645127,38
1891,-40.11228161904004,-58.6728809546388,25.118940078289672,14.703232644409116,99
1892,-1.0317460317460316,-19.743991388728233,-6.739352530683174,3.763178983471134,69
1893,-20.40627802981801,6.2859717296466595,13.086419753086421,14.086740579236011,78
1894,13.436791383219955,18.994566245260003,-8.720095693779903,0.4271708683473392,52
1895,6.190527605310721,12.775402558684293,1.6339869281045747,-48.003108744278954,85
1896,-10.823506289308176,-3.7084520417853755,13.654970760233917,-23.914837199088968,57
1897,-0.6681644238067053,8.623188405797102,3.3800186741363216,7.472384665367123,53
1898,16.57773386034256,17.154882154882156,16.300258759608354,11.888749651907546,43
1899,-2.1264367816091956,29.615560158263328,-12.51056540652814,-15.122913091663092,73
1900,-24.56030644450992,-1.4050331486641436,-19.53986613056903,11.348085844109214,88
1901,26.635273627400437,-18.954688605539513,1.54233870967742,3.9883633633633635,60
1902,-9.642857142857142,-12.790392882080821,17.568604071681325,-7.371474051923546,76
1903,-52.48311953226406,15.474916514875531,-18.482070035662435,-51.69158745202799,115
1904,3.7878787878787885,-0.7318700933546047,-3.9395282795425075,-12.157939928617674,69
1905,-27.685185185185183,14.483500717360116,0.0,3.142663855565294,56
1906,2.1219633360136125,7.715012509420404,11.546811397557668,10.730050933786078,72
1907,-7.350475991960812,8.623188405797102,12.873563218390805,4.62962962962963,40
1908,-33.88583906148602,-10.624026491469547,-1.1771072065189712,-28.6443377483228,97
1909,-42.588959311095536,30.236612494418328,31.03876744743618,7.544677544677544,75
1910,-6.5544188689968745,-7.633735312306742,-15.132877543135017,-16.649464389427834,86
1911,1.4830034169906927,2.6376801866997965,12.136752136752136,14.320987654320987,54
1912,0.7788314452895189,15.67118226600985,4.39073218385887,14.164514028494384,66
1913,-20.073747732999504,16.99013157894737,23.756038647342997,8.205128205128204,46
1914,12.77918487368557,-24.235794038335097,1.4880952380952381,14.588687326782567,80
1915,24.65853000240743,10.05514705882353,9.35898328442188,19.553924336533036,62
1916,-38.84483245038812,-21.41490126827681,-22.876035059187096,-2.568277310924369,105
1917,3.0701164874551985,24.531590413943356,-1.2121212121212115,-1.6666666666666665,38
1918,4.75525432687005,6.350145864066853,-15.655096180394459,2.0402298850574714,96
1919,12.694403067416971,5.82010582010582,-6.451078548111425,14.515126227559481,66
1920,-52.92300056577483,-25.044870965767082,-31.369742144515012,-3.8990246260170363,96
1921,3.308982202209622,4.499766245909304,3.75050875050875,1.3254392666157369,70
1922,-9.465677230118342,-7.845117845117845,-52.47326666233738,4.989759344598054,65
1923,-15.0,-4.266499282639884,8.205128205128204,10.924630924630925,47
1924,0.44188793840327634,7.136752136752136,3.419123215900337,2.5115770295099153,84
1925,13.961025505143152,-44.26767676767677,16.112325174825177,7.949723213367987,52
1926,25.16519225990515,9.175646551724139,-23.101190527907246,-62.37455533937397,91
1927,-5.0,9.166666666666668,-14.499389499389501,18.244019152334566,63
1928,20.73350479600479,-15.37037037037037,5.0,31.984126984126984,42
1929,10.0,-17.74638802889577,-10.747775798331917,33.16822066822067,52
1930,-46.32598115356737,14.901960784313726,-2.9065493100580815,-31.22161017994351,75
1931,-26.602536587238347,-24.486385475500825,10.707143818759654,10.217370348949295,101
1932,17.32329045878878,4.084967320261438,1.9841269841269842,-13.380494338377488,56
1933,3.4722222222222214,-6.24323214840456,-16.610769060904286,2.026361496446284,66
1934,0.0,-17.986819727891156,6.944444444444445,5.72586328400282,51
1935,-10.882936507936508,-1.281227327422978,22.136752136752136,9.810298102981031,50
1936,5.291005291005291,6.577733860342558,0.08163590040489765,29.915148188451866,59
1937,5.0,-2.493872549019607,7.777777777777779,-1.6735789497937832,42
1938,19.734299516908216,1.2066905615292693,14.187091503267974,-10.88707755374422,55
1939,11.07638888888889,18.17384370015949,14.419665302018242,15.880919938890955,46
1940,-5.9744137929771455,-21.54856075587783,3.436449211756759,1.021505376344087,58
1941,-13.858788584044252,26.69799498746867,23.875606475417186,13.390669472297777,64
1942,3.5116684400049074,15.803125075224505,-5.958605664488017,-36.669617694157466,84
1943,-9.686993300904591,-36.38357595685536,18.344943240454075,2.1301925025329282,65
1944,0.48941798941799064,8.552369573874952,5.0,-34.454642304038344,65
1945,11.839945280437757,5.573543519972091,-28.400621118012424,4.530892448512587,51
1946,22.509718875265097,6.260125155872203,-10.44917257683215,-40.53125492663536,71
1947,-17.12257276773406,18.575680272108844,-5.614035087719298,-3.6722525267416897,50
1948,-26.07583774250441,12.091259482884617,7.525252525252525,5.403439153439154,64
1949,5.779513249473245,24.34027777777778,-5.0939164564059425,5.285738226914697,70
1950,21.053838154660614,2.0991873623452566,12.44047619047619,10.612535612535613,49
1951,23.472197372865782,10.072768237729877,-5.0,13.086419753086421,42
1952,7.173382173382173,3.6231884057971016,-5.884146341463413,15.126348662867242,55
1953,17.136752136752136,10.76993599372116,10.795261032452682,-5.614035087719298,39
1954,24.967320261437912,-5.63238205045516,15.092592592592593,9.667350193665985,51
1955,-0.833333333333333,-16.2889658584859,12.469047693505896,-1.950281549755482,59
1956,0.6397306397306406,5.2055893279297525,-26.13472784525416,27.912326350555904,58
1957,28.731234569684087,16.685898774714566,11.746031746031747,8.10708898944193,45
1958,-5.259081196581196,-18.768236759050083,-1.6973192312116394,12.976190476190474,77
1959,15.016722408026755,-1.474798555023563,-7.10758377425044,-36.78706570347437,57
1960,-2.0238095238095237,4.085648148148149,18.205128205128204,-1.5277777777777777,39
1961,-47.247779453661806,-0.8226495726495724,-3.484848484848485,6.476050830889541,58
1962,3.2075237708894857,-12.474747474747474,-37.58893280632411,-20.218774955130183,77
1963,-22.573456443888336,-9.275525525525525,2.8418151969981236,10.254515599343186,52
1964,11.911985707959186,3.251633986928105,6.631129331139844,11.84640522875817,53
1965,-25.748385108967888,2.3356009070294785,21.46182659598552,-9.23936227219426,62
1966,-4.503145539029941,-27.290567599659067,22.687478500172,4.597323972323972,68
1967,12.592062614275848,-2.5296442687747036,7.459725558461614,-49.81481481481482,78
1968,-3.7500000000000004,-10.471745627189382,-26.149692876035587,-8.65012694145759,64
1969,-40.04563175615807,0.7763583413352553,-13.235930735930735,15.057007192642967,80
1970,-7.687547994565536,17.083333333333332,7.777777777777779,11.115093936391366,44
1971,19.318112818674116,-6.75756588642251,-21.625233894680566,0.5555555555555554,68
1972,-8.367851267028804,9.166666666666668,-0.9361535448491969,13.319469201822145,50
1973,5.552054615352185,-14.91334842207037,12.783523303789487,28.117676873159333,88
1974,1.2100597814883542,-4.371125000074184,-13.04347382177571,-6.6919545596016174,65
1975,-3.9243302954984807,-19.893617021276594,-0.6761990605821477,13.91287816987436,76
1976,5.906238464377999,26.770931282425536,0.5839609614896288,-32.66322743570409,72
1977,-35.98783548513154,-21.24299719887955,-2.4517584811702458,-81.26120821787539,100
1978,-21.197435725737613,-44.39655172413793,6.488095238095238,-2.954643696214564,65
1979,18.689839572192515,19.385964912280702,17.19298245614035,3.8323519371906465,38
1980,3.185479023921144,9.337128210483476,-13.547798502031913,-9.746381954732565,67
1981,1.5754074927462032,0.6114551083591335,-57.09576313468857,15.809243303062601,71
1982,-3.1510998886521646,8.115536920568367,1.562210168348276,-16.106337271750803,57
1983,24.54361459439705,0.09259259259259345,10.800653594771243,-1.393097643097642,54
1984,0.0029868578255678457,10.0,8.968253968253968,-12.10270122034828,40
1985,-21.471969012619414,27.558857632587216,7.604166666666668,-0.24332519755860638,58
1986,14.534313725490195,13.791547958214625,14.531590413943356,13.623188405797102,40
1987,12.325498575498575,23.522917714094184,16.99013157894737,3.702053760193296,45
1988,20.0,-9.77155727155727,10.0,23.023804704284665,47
1989,-61.29560008232386,-46.03852863358961,8.699494949494948,4.65639548202478,112
1990,-0.9457077384100119,-11.618078124621551,-35.27700807334428,27.69247884090322,81
1991,7.450980392156863,9.62962962962963,26.22050622050622,1.4484126984126977,37
1992,23.08554858622063,-3.5807656395891687,-17.740262182499762,33.351180127495915,59
1993,36.64101143895938,16.52271704903284,-1.0317460317460316,18.205128205128204,46
1994,10.0,21.22050622050622,10.280970625798213,18.205128205128204,37
1995,-21.40565087933509,11.290849673202615,0.7607257947561463,7.474524016643583,72
1996,22.467302933898907,-29.684095860566444,7.976190476190476,-7.222222222222221,46
1997,-33.84803921568628,-0.9252633671238324,12.779994089834517,12.252252252252251,50
1998,-0.5860785715595151,-18.752462053882162,18.772997835497836,8.239141810570384,60
1999,-21.720991720262166,12.962962962962964,-5.0,3.86350970195922,63
2000,-10.367106192070324,-8.148148148148149,6.276844070961719,4.181678536517246,53
2001,5.152010460934946,4.499766245909304,7.450980392156863,-7.381894089211162,48
2002,7.333921872842705,3.2914462081128772,-6.683740478066719,-13.215432052109588,77
2003,6.661442006269594,8.086419753086421,7.317801672640383,5.0,36
2004,8.709079180777294,-7.126436781609195,-0.7422402159244263,-18.46880211028693,55
2005,-20.594511414121452,-32.271786630729174,-19.61931665321496,4.762312870298352,77
2006,8.205128205128204,8.623188405797102,-5.51395145145145,26.00077429345722,41
2007,16.323949408404733,-34.77155727155727,7.136752136752136,9.901960784313726,43
2008,-35.403512921695096,-15.199049316696374,-20.597668981565192,17.75553259278395,79
2009,4.62962962962963,12.525252525252526,7.873563218390805,2.0546737213403885,37
2010,33.319469201822145,13.442982456140351,-17.744039997561124,-25.932900177956938,82
2011,-9.213107337368097,-29.31184020042071,-28.974298801542098,-8.266724655783541,117
2012,4.957072577734724,-64.3811583337253,-2.3606861795534337,-45.94798775656264,113
2013,-19.830246913580247,8.472222222222221,21.56761412575366,-2.619047619047619,43
2014,16.06366459627329,9.31712962962963,14.553457398284984,13.205128205128204,42
2015,-34.07601770568725,17.434257285003554,13.571428571428573,-42.792427604255565,70
2016,-18.38821672155005,9.888379981885262,-12.653758504511899,-17.391914129993083,89
2017,10.0,-29.71597124373669,-27.698078372327558,16.934481109516977,62
2018,-17.688723978420917,21.412429378531073,0.7258632840028194,-4.893527303394476,59
2019,3.086419753086421,-13.265732473049548,-30.41453279351814,16.28205128205128,65
2020,2.003975079310478,10.934626375802848,3.4371859476842683,-49.23957703328798,83
2021,19.360845474825833,15.400632519116002,-6.310160427807485,12.418170266022656,58
2022,12.791795618584127,-0.8075740466540013,8.571428571428573,14.127115044453756,74
2023,15.429533486809028,-0.16325722208075,4.9058084772370485,5.759033174056526,55
2024,-32.32804232804233,2.0325203252032527,17.74907706535449,-17.272461208657834,59
2025,0.11894007828967368,9.678130511463845,-11.47207367795603,1.059287845573012,54
2026,9.674144041237657,-4.440326167531504,-47.968592041172684,15.839964004925642,74
2027,-13.972877277290337,5.141378275162897,22.925491834160567,4.10413240831134,63
2028,23.594466535643008,3.3333333333333335,16.501339666301305,15.0,39
2029,10.18837803320562,-31.41764870931538,-35.44785407339424,15.812189094472675,70
2030,3.963490136942636,-11.084472884525479,4.221105108710152,2.0112618661222994,59
2031,-8.41801315485526,-0.6140350877192979,12.113011944640249,11.523569023569024,45
2032,10.901116427432218,8.355927698032962,-12.639303221477315,8.037060978237449,59
2033,-12.343381550698622,22.010799568365357,-8.048843163775452,-1.127136752136753,64
2034,-48.06846870756645,15.785689930268514,8.714063040207815,14.800950683303627,72
2035,8.411841487133112,-22.898255496939708,-16.91358024691358,31.028337982571983,64
2036,-27.499866121105995,12.730446517631872,-0.20339039554878013,-5.7115247347008795,87
2037,16.956521739130434,11.221340388007057,-1.5306980656013458,5.538612774928165,58
2038,7.913301772950897,-1.0885167464114858,-2.1438752097021343,8.819339701692643,57
2039,-10.370370370370368,13.630557058676592,-13.015873015873016,19.981346404954117,58
2040,0.9785465977823264,-7.141300964830375,-21.329678206137274,-29.903255117746085,82
2041,4.488482384823849,10.220800441388677,-19.69137626209335,-87.22513964902262,89
2042,-27.753551299746952,6.572327044025157,-25.32312925170068,6.626435159043854,56
2043,4.105923546805166,-29.866797442899216,-12.96747967479675,2.873563218390805,76
2044,3.795687134502925,5.867954885275493,12.252252252252251,-4.8870573870573875,54
2045,9.086921850079746,4.318253714692803,13.086419753086421,1.4814814814814818,54
2046,13.968253968253968,-44.26961926961927,26.562881562881564,-15.37037037037037,52
2047,-17.775599304000828,16.953424329501917,-22.863247863247864,18.55263157894737,65
2048,7.790482211455688,1.7730496453900706,1.3900512621313534,-9.437229437229437,60
2049,-7.327097505668933,8.446730240365726,19.39204283918801,-5.297498174107852,61
2050,11.766381766381766,-17.29450400849995,5.079426746093414,13.884372177055106,46
2051,10.510752688172044,1.461988304093567,-19.76128725833914,-82.30446062070293,82
2052,-69.00958850919599,-48.830094805222004,4.507211538461538,-9.519102424958833,86
2053,16.720598034316176,-14.616608515862247,4.166666666666667,-18.088417009910955,69
2054,-54.61840628507296,11.390056022408963,18.08641975308642,-9.603761948812828,59
2055,4.298302170642597,4.5006516780710335,-38.88032538248465,-22.42504409171076,68
2056,-30.431411990913215,7.976190476190476,16.766381766381766,8.457969393865202,74
2057,-22.22222222222222,13.664064110492683,8.182261208577,0.0,49
2058,9.068627450980394,-12.577593827593827,0.9375000000000004,-11.913580246913579,48
2059,10.209060903625184,-6.360930735930736,-27.007668456432892,-17.73837975789702,82
2060,2.348927875243664,0.30801676182111093,14.476454220010543,18.421409214092144,60
2061,23.91282630413065,3.4175084175084187,-0.7350695545729495,9.166666666666668,55
2062,-4.9665261999227805,18.678799625800835,1.3750532141336753,-11.516226926837392,75
2063,-6.3768115942028984,22.083333333333332,13.968253968253968,-1.086309523809522,40
2064,24.240400058638592,-6.9939484684381545,11.700680272108844,-0.29999941764647775,73
2065,4.914736364011727,2.8735632183908044,-11.08578738512949,-32.96747967479675,52
2066,-48.87450821511889,-36.173167351802505,10.0,7.313027977989616,92
2067,-2.642746913580244,13.106091395565082,7.950083542188805,-8.893358222104752,60
2068,7.163742690058481,-17.644617086854666,-0.5715845001559288,12.976190476190476,54
2069,1.937984496124031,5.0,8.968253968253968,-30.60488118104376,47
2070,-26.21212121212121,-7.145615822086411,-0.6526648599819325,20.867346938775512,49
2071,-14.358144479549843,0.0,-10.494952202269275,-53.06195894474999,84
2072,-66.59145736313233,7.433848998265398,-20.799924369003314,-11.424996424996426,115
2073,10.0,4.183114035087719,13.086419753086421,21.63383676127304,40
2074,-28.59646257400373,9.276466997055234,4.630237062361054,14.344919786096257,69
2075,-0.181995860660066,13.909166274562526,2.639835715127338,13.23841285640946,58
2076,-35.76719576719577,12.632341032872112,-8.104165138063443,9.385964912280702,61
2077,-12.587782587782586,21.042059008160702,-19.38594436926931,26.030434314272416,83
2078,-15.414019148196363,-52.93734311485304,-24.942021727946877,-10.833333333333332,82
2079,-2.222222222222222,-7.87499302338561,-0.09379509379509399,21.161236424394318,42
2080,-7.169652404824272,10.27981277981278,-3.406635802469133,14.84032813301106,66
2081,12.359889214727925,23.527336860670193,6.6115689431972475,-16.914682539682538,54
2082,-12.182172225544996,19.066154970760234,17.679738562091504,-13.299319727891156,57
2083,5.0,15.627104377104377,-7.936752526072992,9.695767195767196,44
2084,-2.4554090380703277,21.418485237483953,9.682539682539684,16.709608158883523,41
2085,-54.77645613894562,-1.1739242519207844,6.643463242612336,-5.9207332772122285,74
2086,11.004140786749483,1.211484593837536,0.0,-34.40982263350684,51
2087,11.85704854507949,1.6339869281045747,4.892164858986547,-11.063826552332298,68
2088,-18.027497724378193,6.047513616512335,3.94880174291939,-40.915264567039095,94
2089,9.315572703730599,-16.840507461732656,10.391302763227863,-0.12820512820512886,61
2090,2.5234749147792623,22.188397554739442,-5.796568627450979,-53.156318917938165,79
2091,15.769432773109244,6.728695629364038,20.800464967131635,5.0,45
2092,-9.23076923076923,1.887122696024873,15.280970625798211,-56.63167410258654,85
2093,3.949805068226121,8.941026441026441,12.873563218390805,-18.346326061007392,61
2094,7.789855072463769,26.700680272108844,3.086419753086421,3.2627526577334782,49
2095,21.691831587757846,-4.284615655047547,1.4619883040935673,7.225301501617292,59
2096,5.656108597285067,-15.644955300127714,5.185185185185185,8.787021397364285,54
2097,-26.43608025960967,4.877170403486193,-8.80952380952381,-40.33840450254108,93
2098,5.0,-0.17507582023710988,4.581079558260086,6.5476190476190474,44
2099,2.450980392156863,2.3229157983940443,-29.20540238011076,-13.449495105456567,54
2100,31.95577563805118,-2.7886002886002874,5.357142857142858,6.99013157894737,52
2101,-18.69047619047619,0.7720057720057731,16.77304964539007,1.8226120857699808,47
2102,6.617647058823531,-9.309413580246911,12.314814814814815,22.136752136752136,39
2103,13.751493428912784,-8.47509484517658,1.2380203597095167,-6.296296296296296,70
2104,0.8740376751429766,-40.93938045597085,10.282644131098767,2.8735632183908044,63
2105,22.9429030572941,-4.4388270980788676,-7.3454408259162065,-8.412153467300524,69
2106,3.086419753086421,5.0,23.96825396825397,10.740740740740742,33
2107,-3.295180647659011,-0.4822954822954819,15.398815743643329,22.74879591375755,45
2108,-5.170346932811064,24.017860794176585,-2.222222222222222,8.831923890063425,53
2109,-29.359737484737483,-20.387530692857904,7.96875,2.8442585542866055,66
2110,-16.40132855650097,12.162364966983377,-13.734979672660145,-36.705465839359405,95
2111,4.9803591470258155,12.16374269005848,3.3333333333333335,20.11871372485183,50
2112,5.0,2.7192982456140355,-3.3141589237070903,-2.222222222222222,41
2113,0.0,4.606707401278679,0.6689342403628125,12.252252252252251,61
2114,21.512931512931512,7.060084976751643,2.0883753760083335,-45.36761610669019,66
2115,0.024404249210451923,-5.614035087719298,8.475209080047788,7.136752136752136,43
2116,8.657744315071902,-15.581608190388383,5.079426746093414,6.612040417071864,74
2117,15.444634341149667,-4.2295504060209925,-35.96320346320346,-5.833692435727042,67
2118,14.990890343147527,15.978349673202615,4.385964912280702,5.0,51
2119,-26.600292394707417,-13.020825999817015,5.0,-25.250933706816056,68
2120,0.12941919191919204,7.192982456140351,7.259528130671507,18.870214752567694,40
2121,-5.853783276822005,8.333333333333334,-19.577835738003053,10.0,59
2122,4.07228454931675,-13.104669497175312,15.86378044711378,-45.66992190305989,75
2123,21.141552511415526,-20.82703800156128,-41.27757718953381,-0.6140350877192977,73
2124,-16.971078415237592,4.901960784313726,5.834547397047398,3.880636483611312,70
2125,-17.919514650343377,20.31636287450241,-8.741155516517834,-62.395833333333336,74
2126,41.80342638675972,4.081632653061225,12.91624536568925,-21.768728956228955,54
2127,24.67695276690239,3.333333333333334,-13.245257452574524,0.16917293233082553,62
2128,19.028822055137848,8.17489114658926,-43.932821671792254,10.0,55
2129,18.98553865990841,-27.788459744062315,-60.69327042962565,-12.687328697848654,85
2130,13.446275946275946,13.720238095238095,6.811594202898551,-5.349592625807457,48
2131,9.034536850877068,-23.38235294117647,1.0763888888888893,6.666666666666668,50
2132,-29.582028396766248,7.262551478653172,-7.689365769649701,-14.729267393321566,101
2133,17.083333333333332,16.22050622050622,12.878267360542353,5.0,42
2134,8.124393145010355,16.340388007054674,-13.747333437922073,7.777777777777779,72
2135,-20.370106957874377,2.842567601339532,0.0,-11.51423919281062,73
2136,15.179738562091504,2.314814814814815,2.074136955291454,0.0,37
2137,-43.41252922498332,-73.83688879518726,-38.31873731229763,5.896057347670251,94
2138,-16.998057559640273,-9.29623525655473,11.42259773473224,-12.512175909918728,81
2139,24.14146523384515,-1.467807762785274,8.437149270482605,-24.95688699686536,65
2140,-7.649809985402275,8.086419753086421,-0.09803921568627416,26.572327044025158,53
2141,1.1590145576707727,5.859679659114686,-19.57882916047216,14.678835974602565,60
2142,-16.318311318311316,1.737213403880072,-2.901432806324109,2.0841850253614966,56
2143,11.322394139648198,-14.485523295753902,5.9421151891682715,2.425840847023567,68
2144,15.269360269360272,-14.106699751861042,-10.323308196038802,-3.410062160062161,59
2145,-22.80701754385965,-22.85273368606702,5.0,1.7135549872122766,47
2146,2.143679246603142,-58.284013963072795,21.283363322837005,9.698634698634699,83
2147,19.100601421541825,-10.579618232920119,-3.1491640543364676,-2.289533122866455,59
2148,-4.232113135109116,21.253192848020433,-2.9136798088410987,-9.694927741103506,89
2149,5.228442728442729,20.74130361364404,-14.96366703863117,18.726225084740264,47
2150,14.62962962962963,12.450980392156863,2.5000000000000004,6.40096618357488,35
2151,-15.314697072567935,-24.917026291862545,-0.2467667394183004,19.629948149903335,79
2152,-19.634889807139906,-33.48062174620402,-41.73757582023711,-11.487869812833944,110
2153,-3.125701459034791,-3.66576819407008,-2.0355096361288307,3.793381759483456,61
2154,-0.6349206349206344,16.159014557670773,-0.2817650186071248,-13.626592399411873,51
2155,23.494167869167867,8.7726004974067,7.083333333333334,19.831871345029242,48
2156,-10.470815606350767,-10.852623456790122,1.2769887183382451,-8.783775974851487,71
2157,-0.61128526645768,11.843224183972413,-29.669990169216177,-17.84626700782489,65
2158,9.413472706155634,20.0,7.988380537400147,-27.83625730994152,42
2159,3.6607712403960626,-23.96176410501547,-21.891241991342905,-10.403481012658228,83
2160,10.569291819291818,6.323949408404733,-53.0771221532091,7.604166666666667,57
2161,14.306347723433134,13.956842684023211,-21.6554928157981,-8.696741854636592,68
2162,6.398734897488756,7.918619673190079,16.93798449612403,-51.2782146313644,72
2163,-2.059153770146676,18.70571448991261,-0.38792712770778337,4.3074497209835565,66
2164,6.000774293457221,-39.169615347429676,-5.0,-43.489056800256435,92
2165,-31.519076202735985,-21.113531498045326,5.5011156340507466,-28.357780968853582,99
2166,-6.91358024691358,1.5724206349206353,6.111111111111112,4.015594541910332,40
2167,1.9034604045423773,-4.915250824139331,9.624513681715666,11.700680272108844,83
2168,1.2321937321937322,-23.763286112296722,-1.141975308641975,0.042898577592926035,64
2169,19.467972070431088,13.03592680174959,-23.205080613474685,-12.218593445710152,81
2170,6.44425631142618,-18.0355068856811,-22.189803087635905,-55.127750242367185,118
2171,7.56255843370181,44.8177303868777,-9.473684210526315,-7.30119825708061,67
2172,-59.52032010921612,-53.87124763702965,-79.77567285351114,-23.41675937877667,129
2173,-20.22746624027459,11.419234360410831,3.6231884057971016,16.197559115179253,48
2174,8.472222222222221,13.06265267049581,7.679738562091504,4.385964912280702,35
2175,0.8754406580493539,4.947089947089948,14.587732528909,17.873563218390803,42
2176,-2.125208588393404,15.852158696986285,-0.8580087356475357,-31.919701865444274,77
2177,8.721550497866287,11.083279465632407,-30.195728536400637,-15.085203545366554,93
2178,0.8791484082359773,-86.26045629389517,-32.359891274517466,0.625655585005179,92
2179,8.951447322590699,5.556380724063651,10.0,11.476050830889541,54
2180,15.185185185185187,0.46209179609717443,8.372088528149236,31.17283950617284,54
2181,14.191919191919192,5.0,-3.4287662225372184,-13.947622722382201,69
2182,-21.98308270676692,-3.4476038823530937,-34.54650673400673,19.496807386152092,71
2183,-0.7642799140311971,4.901960784313726,-0.0657894736842104,-74.16089810521103,78
2184,10.0,-2.893260157584635,-12.549437484114602,23.300653594771244,63
2185,0.5572351720207429,1.1417841990597406,-17.519188156735854,9.748338081671415,76
2186,26.659945253695252,10.32223116067328,6.296296296296297,-33.98387335509855,64
2187,14.26049908703591,-15.391038359788359,-13.27868609175324,-19.955670469560314,67
2188,11.060287751464223,10.288461538461538,18.190235690235692,12.252252252252251,50
2189,0.9974747474747474,-2.628205128205128,10.820399113082042,-5.02923976608187,43
2190,-28.849822465137333,-3.7258209626630676,15.607315389924086,31.352317596080958,63
2191,-9.2642765918628,-3.884906063608634,9.978177850518275,-22.21827825852693,64
2192,12.21677559912854,-34.74081456699069,-29.957926490434232,5.0,73
2193,13.540583515629457,-3.8204381082439145,5.016722408026755,4.872270410067422,89
2194,12.51288980890499,-32.77084727865211,3.236551030668677,-9.904418613583768,66
2195,13.086419753086421,9.50937950937951,29.677205979835854,7.873563218390803,53
2196,31.764069264069263,0.3819444444444451,-3.163054695562435,11.98529411764706,41
2197,14.578744841902738,-3.120741204283133,-1.5490118525075358,2.314814814814815,55
2198,3.4722222222222214,21.75541946802125,-0.37037037037037024,-0.6317640692640687,50
2199,1.9125427948957365,18.145017982658125,14.336846728151077,-1.0206675508399634,55
2200,-7.2721052938139765,0.4620835068377256,15.363649072998669,31.083006141145678,60
2201,-6.429258039118384,-10.600420185461168,-3.2785585125994947,-7.126436781609195,85
2202,11.770833333333336,1.4484126984126995,10.63973063973064,-23.0432473634228,48
2203,-12.474747474747474,-1.006193411407212,12.688172043010752,9.385964912280702,45
2204,19.774557165861513,22.60724003951558,-0.3532510893014693,-24.92355392848154,72
2205,7.705448146624617,-87.28489333638701,16.26035066511565,-59.482095046854084,87
2206,-22.65704429920116,11.302083333333334,-5.791886005719595,7.058487374422217,66
2207,16.649587310907762,-51.020279998774626,-88.99206460733241,-22.20563805276093,103
2208,13.296618668959095,-1.6537632981830237,-62.913708816545565,-13.88484662157546,74
2209,0.6481481481481488,-8.62781171483347,-2.61150209403739,-1.4908392434988187,58
2210,-26.325531576777717,0.6900714760755347,-20.833753124612127,17.627257799671593,70
2211,-19.439676898218824,5.6513409961685825,6.882940687972136,-0.08311133311133334,57
2212,3.4025609574784426,-9.312508914562828,1.4365799481076782,9.12599082186066,62
2213,-25.614035087719298,-14.642857142857144,12.506127450980394,12.032520325203253,43
2214,-0.5648926237161529,5.255751730209936,9.85641891891892,-46.196408685703474,59
2215,-25.393905611296915,1.4189189189189202,3.7454832881662163,26.535939146282033,53
2216,-2.2419399945995684,-5.994472880849547,24.210047220799908,14.57687338501292,63
2217,-21.026128685380453,12.032520325203253,-17.395833333333332,22.88185085354897,53
2218,-7.582543654363828,-28.035100055323177,5.03272494345856,-8.414455231126938,114
2219,-116.93660086694838,-2.8956228956228958,-60.06173228309451,-20.865794833186136,101
2220,5.816170861937453,6.000774293457221,-57.86035046536091,-2.685185185185185,64
2221,-4.708994708994709,-1.7948717948717952,17.219762456954108,8.623188405797102,41
2222,-25.37037037037037,-7.043941941482926,-0.5525429656647631,19.57340657708305,67
2223,13.787878787878789,-0.12180629827688616,10.0,2.253086419753089,36
2224,3.7487781036168144,14.483500717360116,8.586265380368332,15.388014763014763,55
2225,-9.204366658113187,-2.685185185185185,-5.547257433290668,-13.747508104078909,68
2226,2.3529724017883282,7.317801672640382,15.0,-14.146825396825397,60
2227,-40.10007328621459,-51.95927088784232,7.976190476190476,-0.49015257283323166,78
2228,-42.72722730051281,-107.88199292753909,-7.041455167585869,-3.9579106926989036,121
2229,12.742905242905245,6.023475199867143,10.260428942200399,27.98543666593327,64
2230,-26.35116477012602,-15.547650878533233,13.82469654528478,-13.416182910028407,84
2231,6.379321161929859,25.299885623765174,15.0,2.705495991500049,54
2232,-42.21226180929469,23.448455139631612,-28.22557811003189,3.966032101530422,72
2233,-2.7548599658247768,-12.340317985479276,2.4190329766928365,-1.9172343590948242,79
2234,-18.15052700922266,-23.5515873015873,5.436872604792406,21.107196136125737,61
2235,14.763770180436847,0.0,6.841817186644773,-0.7821023146100536,41
2236,13.205128205128204,-3.118118118118118,2.9761904761904763,5.129419191919192,39
2237,-20.278585427839158,9.151691423196798,-4.743497463619092,-25.65738310886786,80
2238,22.366959354923452,7.7192884729649425,9.247076023391815,1.851851851851852,53
2239,4.385964912280702,-6.168076109936575,25.169413919413916,-27.74774774774775,48
2240,17.52088554720134,14.02072103929478,8.623188405797102,-11.794871794871796,49
2241,-30.615079365079364,7.688172043010753,-32.210144927536234,-0.9315375982042648,56
2242,9.385964912280702,15.0,-3.077984817115251,-74.08217071812295,69
2243,-38.18941138949115,-24.18028704378355,-64.46191065302325,-57.642145989268855,120
2244,-37.80701754385965,10.070546737213405,23.743303653969633,2.4093201636269717,63
2245,28.98080957644829,10.0,27.916666666666668,-3.143924335784801,50
2246,7.834757834757835,10.923202614379084,-33.148988029125015,-5.489768363974097,79
2247,0.0,-3.2192850149506493,8.265098220120707,-20.982553772661216,59
2248,-9.061996779388084,7.450980392156863,16.59223278352437,-49.175656627350854,73
2249,-60.10554437644023,-4.865803303303303,-7.261498802419517,-3.4110939002243343,87
2250,-3.7200956937799035,0.5571773944217273,5.0,-2.9777747454997527,55
2251,23.21583178726036,-14.049840914342594,-22.072649572649574,10.57081807081807,55
2252,13.472222222222221,9.385964912280702,-14.601184256356667,23.205128205128204,36
2253,-38.9764177457676,-0.357142857142857,7.829919175027872,26.488095238095237,56
2254,19.431011535048803,19.677992840013793,8.397117826942388,-0.6810631229235877,55
2255,-3.2592627190016947,10.0,-3.6507936507936507,0.43688518337245963,52
2256,-7.743381302260611,-7.836257309941519,-19.72465204405349,26.867642308818777,83
2257,24.13922456114203,-8.594388703084356,-7.278253720209314,-16.78925287865812,71
2258,-18.820531990315892,4.84006734006734,-43.73229847494552,19.574088645386077,70
2259,11.65642601126472,0.7780705606792573,8.922111480251015,26.40449057115724,44
2260,17.239340180516653,7.252252252252252,20.883289415898112,7.253086419753087,39
2261,-27.632121042001877,-0.36280040345080833,13.564964447317388,-23.793309438470725,65
2262,-17.790597182611698,4.365079365079366,14.62962962962963,1.1922415645819897,50
2263,-2.9166666666666665,20.054681304681306,13.609019725795964,9.898013955984972,58
2264,18.690317966633756,-6.031746031746032,-15.882637780373123,25.96555614679668,69
2265,1.2688995615824878,3.818448189872676,21.85185185185185,-2.0238095238095237,45
2266,0.15158375444170558,0.948954744721338,-2.03710669937378,2.4496121566180484,76
2267,-25.83473064621375,11.160394265232974,7.873563218390805,-24.88095238095238,52
2268,19.30867212858655,5.0,-38.567162004662,-0.7251082251082241,68
2269,13.086419753086421,1.1952861952861973,-2.549019607843137,10.665204678362572,41
2270,-18.664988246881233,5.0,8.994708994708995,11.572420634920636,48
2271,14.464583476527359,10.0,-5.37037037037037,3.9682539682539684,46
2272,5.701097347379573,-6.217089791817645,4.901960784313726,-22.57613731297942,76
2273,-10.636212050460859,7.192982456140351,6.676473271300858,-56.18319951653285,58
2274,-14.25486882607946,-29.620713716108455,-21.54689671197572,19.166666666666668,72
2275,7.083333333333334,11.017655343313239,-11.54035619552861,8.623188405797102,42
2276,9.559193652746327,-10.113597113147366,9.284772577455504,9.074736632876167,59
2277,-17.51696508369538,-22.929857607299095,-22.53791498108062,-5.7523438225192605,86
2278,0.8514492753623202,-2.5370524154869045,9.142298492466193,5.761893157284049,93
2279,18.439549276290506,-17.859190459809653,-7.415642182799045,5.0,61
2280,-56.39691132876622,11.289882956549626,-30.52721092188508,-7.224880382775118,92
2281,29.266773361182594,-3.4276729559748427,11.558641975308642,11.77172729804309,83
2282,14.000790875790877,-1.7544425082994497,12.032520325203253,11.345785440613026,48
2283,-20.265151515151516,-5.460216520101158,7.810720684277232,-0.6947431584140382,79
2284,-4.336527293844364,1.142660061941024,29.960350347797753,-25.147748824820354,77
2285,-13.832383103476978,14.5122085395423,-6.994801819363222,15.979440615016138,69
2286,2.9978662873399724,0.6758662369057216,-13.815607319128446,-11.829416035746846,74
2287,18.478248913820604,0.8333333333333348,4.6914078456729715,10.404221425726803,58
2288,-5.309506051875905,-33.4581392671447,7.380952380952381,-96.04953528804103,101
2289,31.0515873015873,-15.94964072585556,4.445234708392603,12.834757834757834,40
2290,9.766467954661714,-11.222020807061792,9.822067150153918,-26.49638802889577,89
2291,5.681837964446662,21.73611111111111,8.143631436314363,14.783453070759272,48
2292,-19.183416725858805,-32.435527909485785,1.4742878283388832,-38.075413578509554,90
2293,9.880952380952383,22.19298245614035,2.9761904761904763,-2.395833333333333,38
2294,22.03252032520325,-1.5767973856209139,-15.0,12.604166666666668,41
2295,14.901960784313726,6.397978290627043,15.56092843326886,16.992193563490993,49
2296,10.427418093674252,-37.954353073198575,14.777504777504777,-2.3207118902319297,50
2297,1.7197305278700608,14.385964912280702,15.935204615701222,-3.263888888888889,50
2298,-30.47008547008547,-6.232596232596233,11.801629742806213,-14.170875420875419,61
2299,-0.2795933188090043,14.464970714403563,-4.17291071017779,-16.325642003559622,57
2300,-1.4148351648351647,-9.804740215924426,10.58377896613191,16.11053600184035,46
2301,0.11085577731385055,-45.64313332170475,22.909330095122442,-2.967479674796748,61
2302,23.577884104199896,-12.222222222222221,11.16123642439432,-9.360363894615663,50
2303,27.596268643551014,-34.84366685339739,8.086419753086421,0.851415591223998,73
2304,5.2438967789844995,-31.048960275302985,-16.029713114754095,11.898656898656899,63
2305,13.57164372610597,15.993616722783393,4.375000000000002,-7.967479674796747,49
2306,-5.891905162738493,-6.361910054349547,-10.516499282639884,4.497203891315798,60
2307,-0.9457077384100119,-7.928957705172537,-21.017163081591395,11.700680272108844,63
2308,5.3479853479853485,-9.97075448634767,14.268814738370981,-1.3750985027580769,57
2309,13.870214752567694,5.873169681309216,12.525252525252526,6.680231343994539,45
2310,0.33907283907284125,4.93515950306493,-53.463909670982716,-22.628205128205128,91
2311,-53.30542325566348,-43.818823551110256,8.884372177055106,19.557380207625005,72
2312,-34.53775615497031,15.224631490567983,-3.4286430465506674,-19.867541219386304,91
2313,16.2655504872486,-4.320921636376697,-9.334795321637426,6.493506493506494,56
2314,8.10708898944193,-0.6986190769460006,8.472222222222221,7.259528130671507,47
2315,4.111366669506204,-13.957634032233383,-18.47910856877858,19.215768799102136,72
2316,-8.985551485551486,-26.89291101055807,24.23138191955396,6.700680272108844,54
2317,7.192982456140351,16.38344226579521,-12.126436781609195,3.787878787878789,40
2318,7.083170126648387,-31.07177936311001,-39.47925777487202,12.193826156508003,73
2319,5.882302757302757,-23.110680169503695,22.400054027716102,-37.96747967479675,64
2320,-21.389489728157372,13.773258904837855,-22.05619084364432,-4.671159610645707,77
2321,-6.218583100157614,15.463784859963663,-27.348442302675714,23.585340070371586,75
2322,5.0,5.74561403508772,13.837763192601903,-4.174348449750843,53
2323,9.013347763347763,-9.899746633930874,6.4464618301154015,19.3147747314414,58
2324,5.427170868347339,10.939716312056738,10.118672467369665,17.369058286396996,57
2325,1.4487686249047638,8.472222222222221,-23.45738498323589,13.862433862433864,58
2326,14.940424295263004,17.57324783689261,8.930822281644744,26.06198556208652,47
2327,17.12680997163756,-6.794794841013328,-13.939393939393938,14.214026714026716,60
2328,23.043741186635565,6.305207551171134,4.010521459965343,10.51071259643179,76
2329,-11.036293788953362,-24.31590271574444,14.10652562943356,-28.640473475792902,90
2330,11.461988304093568,29.885590346657782,-0.021451312829439573,-1.036291038321183,67
2331,-40.921210793068404,16.366120218579233,13.205128205128204,-27.58893280632411,61
2332,10.741303613644039,11.086645184389546,5.686274509803923,3.588047783634722,55
2333,-10.825469679958843,-13.16077441077441,21.572327044025158,17.85844807300725,69
2334,-2.8632478632478637,-16.016159837998917,-8.106060606060606,-30.058760683760685,57
2335,7.324156291773933,2.0667510160263785,4.385964912280702,0.0,54
2336,13.623188405797102,-4.624552502082427,-9.285714285714285,-16.740319865319865,80
2337,3.5525321239606953,-77.0393491633329,10.855539822348089,10.396238051187172,62
2338,13.252818035426731,-4.351851851851851,27.03790183391702,1.2500000000000004,55
2339,0.5853562772722529,0.44256978413091375,7.878151260504202,1.943840593761898,74
2340,-1.002599632736617,-46.75315036713823,9.450789271385544,1.5432098765432105,86
2341,-66.50281589676561,7.256500834058571,-33.85728397292801,-3.9919906624808807,106
2342,30.28985507246377,-39.81162196679438,16.541012116347517,5.271317829457365,50
2343,17.332941336469307,4.6928659366293015,9.685920922744414,-25.555188558328034,86
2344,0.2713178294573648,-22.549019607843135,0.9143642506456984,-19.568809147449112,65
2345,-4.634146341463414,1.8939393939393943,-23.662539821960113,8.968253968253968,51
2346,1.0497208330025665,-10.555555555555554,-2.1087651756256394,18.917555326224058,59
2347,-2.8693976128380347,7.952211057831805,-19.062242902889448,4.444444444444445,78
2348,-9.01680872468916,-16.118323939881908,-39.989227673051204,5.736161986161985,83
2349,-8.395065391754416,-50.764187503317935,6.775466596895168,-15.2324973876698,82
2350,15.611672278338947,26.805770710232952,-5.833333333333333,3.4722222222222214,46
2351,-2.0238095238095237,-32.26808400437772,11.366120218579235,-43.25574586444152,69
2352,5.7557557557557555,0.3517005670301705,-0.4084564860426936,-115.72142186896285,76
2353,7.080610021786493,-2.656450156450155,17.873563218390803,14.16280864197531,42
2354,7.2522522522522515,23.565406839064128,2.450980392156863,-31.161034306195592,46
2355,8.222669255329741,0.0,-4.934125302306442,1.0526315789473688,63
2356,3.9682539682539684,9.759048821548822,-4.598765432098765,35.66520467836257,38
2357,1.4377507420333338,24.187746051857552,-1.5277777777777786,-3.456113456113456,50
2358,0.37356321839080664,5.954631805454268,12.77056494900698,19.641786375236958,59
2359,1.779454754260957,-5.080515297906603,4.3683058176652985,-0.833333333333333,61
2360,22.67936169251959,-3.006993006993006,2.9761904761904763,12.352941176470589,42
2361,-0.999173964029973,-9.498125686767361,1.5432098765432105,-0.955920709441834,71
2362,6.71016355226336,14.479446924201659,-12.073774768947919,8.697569888147136,89
2363,1.663299306221639,-23.160259063002872,31.28205128205128,13.41028815536054,65
2364,3.689839572192515,-9.811827956989244,-1.2358284145309844,5.436495700140474,50
2365,-1.9875478927203065,-2.7951958947326188,3.376172438672441,-8.251575107463202,60
2366,-29.585666964916857,15.219852564887354,7.229088799290091,-1.7206790123456788,101
2367,11.67810947222712,11.286348933870572,-6.527777777777778,10.0,52
2368,6.129861014162284,15.405035577449372,-0.3950339744563096,23.05113120080539,58
2369,5.0,-19.987347596043247,3.08641975308642,-21.33641288674659,54
2370,-5.882995411297298,-12.863247863247864,-16.446582593607765,-61.252160438643536,79
2371,0.46737213403880196,-10.0,19.0360086368311,18.333333333333332,45
2372,0.6959663799536555,1.3140444907362219,7.501506073809999,-29.60869129835373,76
2373,33.75787005824574,7.253673399184237,10.95829195630586,-43.25244631845905,64
2374,-8.21928501495065,19.016647309330235,17.976190476190474,2.6388888888888893,42
2375,29.79470137460563,8.790865645704356,6.22934780961106,-26.049217666864724,61
2376,26.133956248971742,-11.441387559808613,-65.9988633134413,-42.34883055896725,98
2377,-27.06631555927183,10.230748516752573,14.177109440267335,-1.5966006566819233,79
2378,-17.126436781609197,6.613756613756614,-18.14516129032258,-5.927524856096285,50
2379,1.263616557734205,10.517127799736496,5.5993080993081,-33.02361036461913,69
2380,-6.627349893940283,-30.963492524178328,12.813395562105953,-55.09525610419646,103
2381,-36.39515455304929,27.709826762246117,-4.3565440440440435,-7.517086252705211,62
2382,-5.762786596119927,-21.255224660397072,11.666666666666668,2.010582010582011,50
2383,14.375392341494038,18.725254391572104,-56.49651358193198,-2.526455026455026,75
2384,3.333333333333334,-12.747747747747749,-6.673807297055008,17.025643568770253,56
2385,16.197559115179253,-22.57247009263138,1.0881249353500773,-9.886323134203895,81
2386,9.574514991181658,4.2682329818451485,1.2620772946859917,19.740977191501987,76
2387,13.205128205128204,-4.997013142174432,4.385964912280702,21.661442006269592,39
2388,-62.94287774550273,1.6773300229182586,6.488095238095237,-9.606089139987445,72
2389,-23.337465882443393,-8.675098098795177,-16.193716875014687,-61.27872825869971,90
2390,-15.353456500997483,-1.9346649433319807,17.51249547683201,6.031679672984021,67
2391,-9.467213114754099,-4.79305065004862,-16.31983153722284,-31.599457477117053,68
2392,2.154882154882155,3.086419753086421,-3.9598689598689587,9.437984496124031,46
2393,7.620889074693423,-10.791202844774272,-21.830843448490505,0.37909145680898604,69
2394,17.083333333333332,5.021795334295337,23.3048854399105,-9.79127432517263,64
2395,0.07370324016131247,19.1113260992902,31.01284567572026,-15.32088122605364,53
2396,-4.086397333838958,-9.388327721661055,-39.473684210526315,-49.19133929867995,105
2397,6.40096618357488,-10.265079635704135,-18.22695035460993,-3.0855645591144523,73
2398,9.46523505734032,-3.006828944328944,-44.86433751368358,12.678312073695942,64
2399,3.776010607243101,-16.63904052071563,12.314814814814815,-27.938595126882866,92
2400,-9.819667612871863,6.851851851851852,-20.68965517241379,-13.158508158508157,58
2401,11.985086995585316,12.63888888888889,-10.098039215686274,-7.311827956989248,48
2402,3.9365121546891415,-11.072159672133493,-16.62339365329137,-19.322017100269797,72
2403,2.9761904761904763,-5.536762978623444,5.920479302832246,19.391643367045596,53
2404,3.9682539682539684,11.74023263997697,-10.006719697795212,7.777777777777779,54
2405,-32.549797696856515,-12.931974244554475,12.512647988407661,-27.179516319278655,87
2406,-34.28593068177597,-19.90663206467308,-5.30682717713381,8.390269151138716,85
2407,-21.70119139773668,-80.2426786398886,9.641909814323606,7.053741176081603,95
2408,15.0,3.685897435897436,-0.619188824305617,-26.913919413919412,59
2409,4.734848484848484,13.173843700159491,-43.56970212090789,1.8939393939393945,71
2410,-10.876436781609195,27.19298245614035,3.7878787878787885,7.380952380952381,38
2411,17.590132827324478,15.903540903540904,2.8735632183908044,9.385964912280702,42
2412,-23.92608005625059,-23.78847048271068,-9.1430152979066,-1.9259677813804146,82
2413,7.258340204768777,-22.849733791762777,6.602564102564102,3.52832512315271,56
2414,15.6547843331592,15.339082988200456,-2.9193899782135073,12.910444620466258,70
2415,-70.96270644154028,-5.098039215686274,0.19701086956521863,-1.0846361023108864,86
2416,10.699096225412017,12.21677559912854,5.4894642569533865,12.192982456140351,47
2417,15.882235424918353,-53.59492761387076,9.905808477237048,21.314227486971696,78
2418,-11.476387557106595,-2.63308287694502,9.166666666666668,-1.33893280632411,59
2419,-20.143446343686563,26.709608158883523,3.9193124077255774,6.770833333333336,75
2420,-8.132560638776695,-9.076797385620914,-18.170903954802256,-4.148066275725849,63
2421,-6.300712030201193,21.1413080542863,7.8151075977162945,-10.061728395061728,55
2422,5.0,21.740121887643525,9.862022076467763,9.385964912280702,57
2423,-7.095056805376278,6.303418803418804,5.772005772005773,2.560086682427107,49
2424,-0.5646948044754627,-17.897985705003247,2.712430475588371,13.350042727067688,65
2425,7.601658747169584,-15.39141414141414,-0.5241113964747919,-36.50274961296216,75
2426,-7.651595811520696,-6.701095864554063,-8.688639551192146,-21.475146689660725,102
2427,13.501818570817289,2.555487907745089,1.2205062205062207,-28.675206047769766,55
2428,15.169172932330824,-4.852767348073982,21.499139717149408,19.456912483228272,54
2429,25.366161616161616,1.9444444444444446,9.552186114686116,-20.37037037037037,44
2430,25.0,-1.6871416871416864,0.5047425474254745,4.177219261224641,45
2431,23.049886621315196,-6.457231040564374,2.5610632183908044,-1.3657937113314684,49
2432,14.68650374542823,-16.401038851213002,4.068004314483186,5.58835442342777,71
2433,-14.488903058965228,3.4722222222222214,-24.803587534706928,-29.36217036913079,83
2434,-21.349206349206348,-22.442592745373044,1.6852013739665956,-3.345658173244378,75
2435,-16.494396647956517,-0.376045523104346,-39.958109061057584,-61.73516428487265,96
2436,16.59834576295073,-19.336135730191124,-19.979245773551945,-6.077888519748985,102
2437,0.20352198024462353,-13.299220272904483,-15.28423772609819,-18.594096692988423,76
2438,-2.2609579356663123,14.050925925925926,3.1867667100510264,16.822612085769983,51
2439,12.524622142618748,18.927931800272226,7.032520325203253,0.3571428571428572,47
2440,13.163465457017118,-10.19861850972017,-6.375250848935057,16.713554987212277,79
2441,18.296618668959095,13.920610775449488,-1.55444704295279,26.602564102564102,52
2442,-61.01957689183724,-11.912852275187994,-20.272286733437987,11.246209507079072,114
2443,0.5172528868342967,19.142111543427333,-24.592359925021213,-33.2416044334649,80
2444,-6.6613611825526675,-10.592284581989887,19.941073760072474,-16.52061116844399,82
2445,6.168831168831169,6.666666666666667,13.10708898944193,9.22576485426427,61
2446,-38.769835237226545,-28.444201445841685,1.4825123706702659,8.91580042344666,84
2447,10.693222548061257,-16.197749977664117,4.298941798941799,14.590689105208163,58
2448,-6.793884220354808,0.40812879446479977,12.846782944008085,13.243897306397308,71
2449,13.689839572192515,16.25,24.27012471655329,7.611761957400671,50
2450,27.04008766151215,5.237648530331457,5.427170868347339,12.777777777777779,43
2451,10.82738827633852,3.4722222222222223,14.764796001425239,-4.498556998556999,69
2452,-12.858739769143611,-8.846122743297178,22.443944943944942,18.230153928883514,66
2453,4.507550146495381,-32.1953452655207,11.851851851851851,-0.9121355397951145,51
2454,2.0791245791245805,18.597883597883598,-9.92379758201581,17.873563218390803,47
2455,-41.37580263823828,-11.976888988689224,0.5772580496845219,1.6339869281045758,103
2456,-5.571173013033478,10.42717086834734,9.797149122807017,-12.685185185185185,47
2457,-1.493191846457865,-0.5215419501133782,-11.434997004685563,9.421145983645985,53
2458,22.51142281992151,-3.2814664929844066,10.0,0.772411391174753,61
2459,15.008597458041343,2.6399667391158346,22.154882154882156,15.169753086419755,54
2460,13.252818035426731,17.136752136752136,17.25308641975309,-12.311827956989248,39
2461,3.5138958655032777,4.5068980966506,6.889329805996474,-24.175633171929057,60
2462,-78.62641392102095,-4.045583688545928,-19.557820622077934,-5.1719308413020375,121
2463,4.463987873324571,-2.3838797814207666,-25.75643241008256,19.524274639322815,85
2464,-6.391542711046107,12.916927424095883,7.314814814814815,-100.28360361514763,93
2465,12.116293654253665,2.4699249000990093,-14.17960088691796,19.98411461473925,77
2466,-3.8425925925925926,-16.16946014308808,3.6051934672545727,-29.711538461538463,74
2467,-1.4120370370370368,12.777777777777779,14.135025783194482,-9.450191038912285,65
2468,-5.765974221856574,14.12087912087912,-10.37037037037037,-7.324172576832151,52
2469,17.719298245614034,5.0,15.0,27.77552400270453,29
2470,16.210676935378658,-5.692607443759517,-2.4198519533205136,-104.2894910145815,73
2471,8.689839572192515,16.770833333333336,-4.111270524469951,14.86009520492279,53
2472,26.479803054359117,-20.611035111719104,5.6689342403628125,-9.098686931348222,63
2473,2.1367521367521363,9.424757269584855,11.197332799511935,-1.7989771666242254,52
2474,-11.848659003831417,-2.8632478632478637,24.017155683822352,-17.05632810535678,77
2475,-23.055888052895572,16.81159420289855,-15.915032679738562,13.60654446963971,57
2476,25.348012486170383,9.220838249590004,11.49575734657981,25.0,48
2477,12.878151260504204,-2.826617826617827,26.047087317393142,4.385964912280702,53
2478,26.776459492830494,-5.319009716494558,19.166666666666668,-30.967767943526713,77
2479,-8.118033688209128,-25.52800189843379,26.117724867724867,-4.341304411174079,56
2480,-13.251294297489949,3.598484848484849,0.13510773901386486,8.817474730004996,59
2481,24.02881228248875,23.54213864173625,14.741426873779817,20.0,51
2482,-48.07467955144803,23.342490842490843,-52.6467201636738,7.052953619293836,84
2483,32.6797385620915,7.450980392156863,2.802480105598564,13.572585373180612,51
2484,-83.19066364552464,19.20512786864371,6.517469379788221,-6.585033634665987,94
2485,-0.7723945065717199,-28.77323216878198,-0.7912457912457909,-29.811398948862443,99
2486,0.5994729907773393,-60.55373690822607,14.775456822870616,9.960317460317459,58
2487,-36.78436135494731,-2.455322455322456,-20.500447828034034,-43.552290054276156,69
2488,-12.747747747747749,-25.101986044015028,10.853174603174603,-2.2222222222222214,49
2489,12.769565251890468,-77.98511961525115,14.066154970760236,7.18549431784726,76
2490,-2.311827956989247,5.0,-2.7404718693284935,0.0,38
2491,-10.125564842967101,-2.0256132756132743,2.8735632183908044,0.0,63
2492,-38.29755527123948,22.414077885776003,-81.92069520957594,-18.75450937950938,99
2493,7.529438405797103,-37.08515304323031,-14.727405148628138,-34.91314755494141,74
2494,12.963306534735107,10.0,-21.763436463586388,-50.18958794157403,66
2495,-45.96717684991814,4.8184439111430555,-3.226950354609929,-22.362226972917362,82
2496,0.18157132287567013,-7.766203703703703,31.456704737628016,17.553418803418804,59
2497,11.01835625725774,6.6096347530639505,-7.648796919537329,-5.373199623098666,70
2498,-53.84922322975004,-14.344291268999646,10.387953572219573,-2.2434653209109743,88
2499,-27.819521748093173,2.688172043010753,11.04475198255179,1.2477954144620824,63
2500,14.385964912280702,-18.457691339142997,5.416666666666667,2.988380537400146,56
2501,-6.542597187758478,6.5432098765432105,20.402894223536087,-76.81437389770723,77
2502,-10.259081196581196,-20.232497387669802,-2.867107692481871,-17.311830903073268,76
2503,7.2522522522522515,8.086419753086421,19.03036146400484,25.406700321723676,47
2504,4.0165960451977405,-11.168707025640465,20.285195381039692,4.914529914529915,72
2505,8.333333333333334,-10.185760294455946,2.873563218390805,-5.546232501004976,58
2506,3.086419753086421,18.05197675162061,18.333333333333332,-28.307166033266334,71
2507,16.666666666666668,-7.072775165447579,1.8115942028985508,-5.812908496732026,50
2508,2.2522522522522523,15.09557945041816,22.142857142857146,-3.8515590689503734,40
2509,0.8561614610001693,-12.235449735449734,13.594471996575127,10.237648530331457,51
2510,1.4484126984126977,-7.572786690433749,26.644549407707302,10.0,39
2511,11.078042328042327,19.748338081671413,14.54456494165141,5.073878347182027,60
2512,-62.330361441990014,10.002536902781701,-5.07422081151301,-3.4366157328805875,74
2513,1.759789506268378,-8.492741415724824,-18.74503968253968,-12.640266195590376,71
2514,-1.7749628587067006,-15.445559195559195,9.879496721601987,8.390696704213601,59
2515,0.0,-18.907226485929876,10.0,16.013071895424837,47
2516,7.688172043010752,10.0,-8.89049184780892,-1.5890366363659112,50
2517,-30.763620763620768,-9.53544534550906,14.893149753363353,8.509160756501181,62
2518,-1.2475929867234212,18.40750521648409,-27.373137613624316,6.344086021505376,71
2519,29.584860969019896,8.827111304291831,1.748326002424217,9.130966952264382,56
2520,7.032520325203251,-17.300508971704623,-10.586759750628183,20.47938332421091,78
2521,3.333333333333334,-57.775649849382575,18.917555326224058,10.0,52
2522,21.638071895424837,-17.13577421815408,-10.837385719044896,19.335551522484373,57
2523,3.9682539682539684,-1.8981481481481488,-21.077888519748985,9.946677709835605,54
2524,-14.027590211660717,-12.657550047631677,-34.96166909708638,-16.796558704453442,104
2525,7.317801672640382,9.906083543594058,10.86374047158361,-0.833333333333333,43
2526,5.6878930416317885,3.7878787878787885,8.799437618436336,-31.124360150556672,75
2527,25.455125305871576,12.688172043010752,21.18831148722453,7.9538346739369565,67
2528,7.252252252252252,-26.583876166403257,17.627588058683884,18.322138359948404,66
2529,3.787878787878789,12.604166666666668,19.068627450980394,6.206896551724139,34
2530,16.912542794895735,8.345358345358346,-12.974581721814424,0.5151897437561384,76
2531,7.981367898597221,2.272408963585435,7.742442061002773,-13.778659611992943,65
2532,-18.167352172660056,14.385964912280702,-2.5505516590787907,-4.268266258018144,69
2533,-53.305668195974135,-42.23099919688397,-5.37037037037037,-1.1247133167423016,88
2534,-33.85155906895037,17.441826598205022,2.074136955291455,-16.329407779371913,68
2535,-15.899600172141156,11.955910477415856,-35.22746101092957,3.543440088559759,70
2536,12.020558602715216,-5.82720588235294,-4.532627865961199,10.018115942028984,55
2537,10.0,7.032520325203253,7.995194742040409,5.0,64
2538,16.47605083088954,-4.388327721661055,26.528568041725936,27.540849673202615,40
2539,-7.863247863247864,-5.681063122923588,6.118884989072749,-42.67288327082153,88
2540,-25.032218123340968,-70.10836746084583,-13.177623076380096,-15.023356194797017,87
2541,16.39097713468665,2.9761904761904763,22.073053694726767,14.62962962962963,58
2542,11.60264105642257,-5.444862155388469,-2.1753630530226267,4.285575535575536,51
2543,22.314814814814817,3.9910990108993585,9.976232917409387,13.968253968253968,36
2544,0.10365817703112801,-4.774247491638796,16.352657004830917,5.65620452606754,73
2545,5.324074074074073,-19.645509053171086,-61.924903730311364,23.79443526694276,93
2546,-7.54462041226747,0.0,-3.761140819964348,15.477729885057471,42
2547,-2.474747474747475,11.160394265232974,-6.16796621182586,8.922111480251015,44
2548,5.05952380952381,9.166666666666668,24.298302170642597,15.035283140121848,47
2549,-13.125701459034792,1.3303099017384739,-7.27855076539287,4.166666666666667,52
2550,4.169795752439243,25.609420975762863,-28.618391727939887,-0.11274351626932355,73
2551,-13.45679012345679,15.647123294097579,-4.9450549450549435,14.1605366558272,67
2552,-40.21221532091097,11.937984496124031,-16.039767685730418,17.661175295963485,60
2553,3.205128205128205,17.603458049886623,1.5562458974976527,9.901960784313726,49
2554,-19.18382913806255,0.8269624291415649,2.0325203252032527,-0.09803921568627416,53
2555,11.043771043771043,-23.02490542244641,-36.27210387078808,5.741333413747206,63
2556,-9.506167590790533,7.812658445888724,-14.897159465500584,-15.586904012421973,95
2557,-42.13906371245221,16.368292251647215,2.192982456140351,-10.64092049739945,67
2558,13.575663466967816,-7.747747747747748,-5.545414074363025,-1.5277777777777786,49
2559,-12.126436781609195,5.279402209226771,1.227452333590441,10.583744958744958,55
2560,16.1739373128647,-38.22171696293234,-30.76517694164753,-10.583379072221698,77
2561,-13.575302503570754,-2.2793008974785103,-10.975733203896288,-7.875415081143613,98
2562,10.706521739130435,-4.40713853599516,-5.759769649855855,4.901960784313726,58
2563,2.9761904761904763,16.9611668524712,-12.954182100144832,-4.031323973184438,52
2564,-6.818181818181818,-6.157600920409268,3.7040960451977405,1.2080414711993654,64
2565,15.99753385547795,30.022092122914586,-0.2342047930283222,8.799283154121865,43
2566,-1.6283192985070918,-34.1872231572967,2.025054549661957,17.688172043010752,88
2567,-37.51437773176904,0.0,-14.768076135516367,6.9344811095169785,60
2568,-23.876253650271565,23.27947182463632,-12.747747747747749,1.851851851851852,81
2569,-19.68539562289562,-44.580865103449945,11.77304964539007,7.717952022946477,80
2570,-73.21217287969206,13.32821300563236,-15.464003265123711,-0.8538083538083534,67
2571,-63.74062078567417,7.873538918763998,30.90669072566962,-26.207627949406685,97
2572,21.40613810553043,-35.1753413054783,-26.314102564102562,-5.429386400064711,76
2573,-4.747699587181142,6.060964615731351,32.106514146357725,9.617058693503926,76
2574,7.008531233337436,5.0,-2.395833333333333,17.62618704114868,45
2575,8.086419753086421,-5.0,6.051587301587302,6.2405303030303045,42
2576,12.2278395685878,3.802173472658956,14.62962962962963,0.0,50
2577,26.223673986831884,23.532893770085423,5.853174603174603,12.873563218390805,44
2578,4.643962848297214,-37.41314601562438,14.903217697335343,-1.9714388907651315,59
2579,17.36359496605398,9.282595423899771,-26.647217463481905,0.23016336867885667,62
2580,4.023307436182019,6.680619080486763,-9.565882007742474,1.469298245614036,58
2581,-22.560473611198248,-4.626331459172896,5.961151319685252,3.9775173274785836,92
2582,14.486048548548549,14.026164488963214,-24.69482632575751,-31.31828341985046,72
2583,1.0778727445394125,-17.21868421801217,0.41918301636260935,-17.598697598697598,80
2584,12.192982456140351,2.450980392156863,-10.437529416024038,-8.828802206461777,47
2585,4.389708875002992,4.402461004640139,-10.098039215686274,5.0,55
2586,-2.970444588091646,-0.8939270152505441,13.623188405797102,11.81159420289855,56
2587,-14.439634439634439,-24.122765762028227,0.1388888888888875,2.9497232133679874,79
2588,1.3278809969986443,-25.98375983255531,-6.296905458089666,-36.23832734630992,82
2589,-42.58637601839356,9.962199933736935,-11.84966340359232,-13.310312213820984,66
2590,0.8445405025806068,13.690317275014005,-34.63342109621937,-63.342642934539455,128
2591,-39.285788415526,16.715680004828954,-2.0379820236009816,2.2522522522522523,68
2592,-3.446682086222854,16.21312329645663,-17.097108465953966,-0.8963810465478983,72
2593,-2.645348837209302,-1.8635195168214032,-33.35077921155287,-5.356037151702786,55
2594,-4.860847564832384,28.499844382197324,11.30952380952381,5.0,37
2595,-46.80287675711017,-78.91235198979764,9.626156539134783,24.938128362390238,78
2596,4.648819544652879,20.12923637923638,5.140496270064377,-17.001713446946713,60
2597,25.0,6.104651162790699,-12.775219355089435,13.86357037032687,68
2598,15.978349673202615,-4.890817298649287,9.157509157509157,0.0,49
2599,-25.931040431834894,-73.26740798418979,3.686235919098822,-17.63336635467195,101
2600,3.737915090374108,-2.3160605497562017,8.038855165220971,24.884651600753294,66
2601,-45.853060136489624,-13.297527705422443,-21.385292981486522,10.0,75
2602,-6.280120046260647,4.166666666666668,-12.084555229716518,15.0,47
2603,-5.65630369147101,-17.132580657120428,-17.083586934469466,3.0790960451977405,68
2604,-3.8008130081300813,12.292221692826994,12.384721923729018,7.216775599128541,48
2605,-10.55623308645492,-32.31289416374746,-20.067890102243908,8.09060168798231,112
2606,-8.106368563685635,13.822176213480562,6.937984496124031,12.937382983149574,47
2607,3.9964232627276113,-44.915987483716265,29.96200206798033,16.232193732193732,78
2608,28.076851930902986,14.768672613500199,20.74130361364404,-11.853179689416493,53
2609,-20.21221532091097,-17.221928778810014,-11.358079179959649,-89.3713253880221,95
2610,14.164468906470969,7.704639386743727,-15.417838429542208,5.225752508361204,69
2611,-5.697254808610036,7.412870945479639,7.559976488067887,2.9761904761904763,62
2612,-40.676531952609245,-33.616962053940554,-28.840286083016696,-3.027989825902538,125
2613,16.173708920187792,11.344086021505376,-115.66242377741763,5.3572845501360815,71
2614,-11.031746031746032,-15.0,-7.365846304896696,12.322683355292051,59
2615,-36.69342552015868,-38.16512978142076,-1.1111111111111103,6.0442123709387126,77
2616,18.770027864855454,-8.051980551980552,28.270221064338713,27.102014294996753,55
2617,21.440779640727047,-24.582381415923344,4.657282741738067,15.0,54
2618,5.0,13.108434939108697,-15.274621212121211,7.154213036565978,54
2619,2.431631444998428,19.21997755331089,8.707530754907049,24.99062069495506,63
2620,6.461988304093567,-35.974090102946725,5.655708731000354,16.823547230713054,65
2621,10.0,3.5251491901108274,8.968253968253968,1.5721065559659537,45
2622,-4.607214461779858,-17.198681732580038,-21.242823370482945,11.106640769515355,67
2623,23.121123642584173,2.1733821733821728,5.0,8.472222222222221,51
2624,-49.93519664919259,-26.775745549316724,-34.15500637946281,10.641318757324829,110
2625,24.85744609130549,2.1967221517446403,-49.16547339181611,1.6339869281045747,63
2626,-2.4336657739406315,-5.379668654862453,7.84580136402387,-36.76416070659397,75
2627,19.388964888280896,14.901960784313726,17.858187134502923,-16.66905632422874,43
2628,-3.148148148148148,9.210573018712553,22.99081035923141,-39.715615703010656,58
2629,25.430668469917194,-8.233082706766917,5.764283609111196,7.252252252252252,57
2630,8.086419753086421,5.1874360382584985,16.47605083088954,-1.5277777777777777,45
2631,0.3240740740740753,-79.84193697129743,12.82680639823497,-25.822223849178577,77
2632,5.6529581529581545,28.248144761302655,-11.817738791423,-5.729166666666665,56
2633,-9.128787878787877,1.0109923509670629,9.772090654443597,1.1507936507936511,57
2634,10.15873015873016,-15.161719496757858,10.457380457380456,3.8446896373725647,46
2635,9.901960784313726,7.525252525252526,6.933431288269997,24.890707459706174,41
2636,6.694181285883823,10.435798933139356,30.427373565889056,1.6666666666666667,60
2637,17.259528130671505,-12.0451726559985,3.0624852298239382,10.074786324786324,65
2638,-1.7948717948717952,7.858187134502924,-7.619047619047619,-3.1581828133552268,40
2639,-9.362611233262717,-10.716040094049536,9.269401446820801,3.1151814399816473,85
2640,3.3333333333333335,4.62962962962963,11.709608158883523,21.481481481481485,36
2641,4.848484848484849,26.38888888888889,-5.163415525580126,-38.89878648138959,60
2642,-2.916666666666666,11.436781609195402,0.4847389020776123,-26.02475785664995,82
2643,6.233930732002421,-14.268722594073765,-9.587659410864365,-45.30587745653133,104
2644,-8.920361247947454,-0.07547463429816226,12.075109307560108,-19.70734126984127,71
2645,-1.9016212386429956,-10.821330711474703,2.3857623857623866,7.525252525252525,55
2646,5.0,-7.217813051146383,8.101851851851851,-4.499459460633476,48
2647,10.709876543209878,0.25549807782904743,-18.180540984243557,22.950083542188803,57
2648,2.485945767195768,5.4251755978892025,4.855472272352067,2.154213036565978,69
2649,24.724345428679793,7.775524002704531,2.083333333333334,-75.71114641305307,78
2650,7.074136955291455,4.7215284715284715,13.333333333333332,11.453154835507778,44
2651,2.604166666666668,6.3574445372690995,8.968253968253968,10.0,40
2652,-11.46348443223443,-103.47070441782441,14.382862529424495,4.982717540857077,89
2653,-5.0,-80.89191367259245,-49.962694091550716,-12.978688667250411,78
2654,-21.697870031203365,5.0,14.914529914529915,-28.504242653420192,48
2655,6.79590017825312,0.3962380511871726,9.35483870967742,-28.347763347763347,51
2656,-24.249238850531956,7.343429320322775,-80.0232537299774,-14.985474122518362,132
2657,-79.28315333793687,1.5993788819875778,1.3661202185792352,4.385964912280702,77
2658,9.958006933598089,6.7471988795518225,0.0,7.192982456140351,47
2659,18.396891779244722,22.976190476190474,3.394693782141188,13.362756235096661,47
2660,-11.790659008061269,26.9938203950185,3.205128205128205,-0.5976557509576388,69
2661,12.846533082665019,18.746931072938516,19.196731925769193,23.214490272304964,53
2662,16.687165621596655,17.107512370670268,-10.38703815957652,-4.762351469668543,53
2663,11.659621113402626,6.426767676767678,-7.222222222222221,4.335585585585585,49
2664,0.6204832881662155,-12.98209336409676,20.01543209876543,5.490616075071401,54
2665,17.605820105820108,-12.747747747747749,0.9397163120567389,8.248896661771248,55
2666,-9.55025091748184,-16.710562325353614,-11.181614973950452,-1.725518343165402,105
2667,5.0,15.23074851675257,-2.041708421260239,1.483893230036288,52
2668,7.900895400895401,-15.873116284300494,-1.212121212121211,7.777777777777779,46
2669,13.793461781889285,-12.126436781609195,-12.007672314689858,11.474287828338884,56
2670,8.623108917226563,23.500635740263693,8.086419753086421,0.1908025315507622,76
2671,-8.11182942576971,28.182261208577,-27.99145299145299,18.48745608256478,69
2672,5.233121055784174,-3.7993716725259534,-44.92455690873096,-28.874319614751904,88
2673,21.396176244766075,9.775641025641026,-15.085177143124415,5.07982757982758,93
2674,14.262574595055414,-2.7938034188034186,9.548611111111112,12.27957990701619,52
2675,37.53560648934163,6.736111111111111,-32.737003224957554,2.4138350992570943,62
2676,10.123952643203818,-4.061996779388084,-15.244419734782966,-75.93594617256176,80
2677,-4.860847564832384,-19.986102040365605,-2.041877503350179,8.787878787878789,104
2678,6.773049645390071,5.0,-15.367383512544802,-5.4498322454978805,48
2679,-20.347394438268832,-21.816835828268683,-5.473418851390898,-18.541792933320572,85
2680,2.3717948717948723,11.28242915476958,-1.4742765621623106,3.0690786682130646,53
2681,3.2365510306686778,11.477952546870247,1.685357717966414,-37.17554871674596,84
2682,2.4687862161379117,-10.545265592594868,-17.991197856409666,-21.355014852000416,80
2683,9.093273875882572,-25.16080791290875,1.8939393939393945,0.1913784364877953,58
2684,17.22644603458557,26.819397693565875,-10.384423989997098,6.851851851851852,60
2685,28.525149190110827,-2.0238095238095237,11.65642601126472,4.385964912280702,34
2686,-9.597303788798076,-0.363996441582648,10.501443001443,-51.897099725587665,96
2687,-14.2741901763034,-31.895082438803037,3.1341622490690817,-25.88569445818056,94
2688,11.633986928104575,26.72192699145161,-4.973245641898405,-48.41384863123993,63
2689,3.3006535947712425,15.463339916920972,8.454592363261096,2.313873106556034,55
2690,5.1001166683060095,-16.02467629823734,7.92487684729064,3.8949275362318847,62
2691,-4.549682774500926,23.926194797338173,32.05668267544604,10.04454926624738,63
2692,-30.229753669901978,-5.997126113291434,-7.180583793007809,10.127496813694169,91
2693,11.15521174731701,22.738549570197485,-12.914487306501822,0.39959285526661503,60
2694,-38.602106130569126,19.015594541910332,14.748338081671415,-15.269482510038536,62
2695,-45.34585659770859,-44.874856601199305,-6.691427847341824,-7.836257309941519,80
2696,-4.825460871656521,-0.010890525596408906,19.78725093276177,11.38888888888889,61
2697,31.050032958910116,-0.9272613960113953,-9.639056133309007,-61.86728042362592,77
2698,-37.71782242567325,20.86719238035028,-31.794871794871796,-1.2313685636856366,77
2699,-3.790439639738392,15.389619587658546,-21.98356110120816,-27.34963708647919,74
2700,9.58937198067633,13.79704785954786,-2.1509089465745816,-19.25694233866495,70
2701,5.704365079365079,-3.088782562466772,1.913674824354357,15.741729003223256,50
2702,-5.425485008818341,-6.3768115942028984,-3.896082542031487,-64.56228956228955,61
2703,-16.720372359470105,1.000774293457221,4.275685609690985,1.8733903378360264,72
2704,4.63797339266676,-18.299319727891156,20.01207729468599,-23.873564330881408,60
2705,-20.84502349247606,33.03688141923436,4.571499485096069,12.37393112712806,68
2706,7.0948407952039405,-16.516167870657036,4.138140151655527,12.586019769927814,78
2707,10.92277641008494,11.829366680112951,10.638010003952033,-27.094019600177234,69
2708,-10.192181595483483,3.747215260373156,-6.461336623345929,-49.58686241294937,82
2709,-0.90813543332923,11.197559115179253,21.572327044025158,0.24820411750012106,53
2710,-47.291961686778116,-50.04908548273874,-10.15474378488077,-5.316465144051351,93
2711,-22.855947688264763,25.089175530352,11.772875816993462,24.09844290347435,54
2712,13.014993481095175,-22.27418846298207,-3.2539682539682535,18.333333333333332,59
2713,-37.270636953862905,-6.892908627092867,4.3772163120567384,-14.826721386228911,83
2714,5.0,10.901725008569837,-1.5998286443722842,22.506127450980394,58
2715,-14.980670928048399,-6.1578244911578235,-21.961341450988215,-49.28316290572662,113
2716,2.083333333333334,-4.382496588378942,-10.034271284271284,2.1293862555082477,54
2717,-1.5277777777777777,-1.8929110105580693,13.068912082069978,24.319354399175644,48
2718,-16.271696916858208,10.0,22.487816764132553,7.824659638215019,51
2719,-0.7322615655948983,-36.32760341455775,20.273006156715173,10.17300194931774,65
2720,15.820399113082042,-9.42319926519847,11.948299851266972,-43.09225041564188,82
2721,13.787878787878789,19.166666666666668,15.55330178048231,0.0,32
2722,-10.585748026531842,5.223171889838557,-6.525285470413908,6.523300590307922,91
2723,-29.24416335835462,-1.8579964403763025,7.772715778015659,8.333333333333334,78
2724,8.623188405797102,15.338672005338672,1.8418171866447732,9.385964912280702,37
2725,-16.347133844141368,12.16374269005848,2.0546737213403885,20.923202614379086,45
2726,1.4550349125157305,-24.869596487243545,-12.764853526914928,-5.160884866767221,70
2727,15.0,-5.744360269898525,-28.12749628746474,8.363363363363362,77
2728,-4.205216211588661,27.46825730553403,4.772352579072416,-76.74049237997023,86
2729,20.458214624881293,-22.19598734758899,19.00627623773404,10.130140752358882,70
2730,-10.098039215686274,0.9974747474747465,12.136752136752136,13.411756704439634,43
2731,-10.36276631864867,3.863565279821436,8.602653133903136,-11.080460978001963,67
2732,-15.59153649670891,-0.6211628746840017,-25.744678183751045,-28.759302499690673,74
2733,7.389211665527456,23.33450655036249,0.7720057720057731,10.47008547008547,65
2734,-38.69363400287824,-2.3550724637681153,-26.472528096086137,-3.7387773646835796,123
2735,11.893939393939394,1.1270265682030391,23.39358104804329,-5.527057899621617,46
2736,-12.787329634347035,-42.48415188268693,-1.0688789564758552,-18.83116883116883,109
2737,5.5620123801576735,2.766498087795517,-15.588235294117647,-0.8511086037681768,66
2738,7.976190476190476,6.577562350083989,8.689839572192515,13.205128205128204,50
2739,-58.81734507116034,20.02031080631486,-9.932599861235008,-15.466970498436698,86
2740,-10.417683022172184,22.03252032520325,1.8272233750445421,-4.675456389452332,53
2741,6.822612085769981,0.0,27.84855210312021,3.666776895943567,52
2742,-40.18581900055671,13.120430317575483,-5.212024398070312,-1.5114762649973916,82
2743,8.963815789473687,27.06606581438292,8.795066413662239,-48.16791790806697,71
2744,6.6141282369352545,14.839115133232779,14.447062183194118,-4.580911415949778,56
2745,23.68480725623583,12.829270641448144,7.604166666666668,8.173843700159491,49
2746,9.224030037546934,14.03483514001807,14.377156659765356,-8.431372549019608,51
2747,5.683775741915277,22.268907563025213,-3.4174196125950496,12.987606326422117,51
2748,12.404175359760337,15.98086124401914,-16.582178759212344,12.019552655389857,86
2749,7.503355505559594,-2.3465131798465126,-36.4726631393298,10.110630110630112,65
2750,-4.030784972286285,-33.28500574782039,9.321975916803503,-17.183158153513315,97
2751,-56.305342583768905,-55.4075262773254,-18.796750924410496,10.560806842848805,106
2752,7.719298245614036,2.9761904761904763,5.0,16.102693602693606,36
2753,20.504742547425472,-12.831151908977066,-0.23856981720978299,-15.2992122819709,67
2754,13.486183689918835,16.003849545516214,-15.880061262064658,-5.453616097129793,64
2755,-3.6695906432748515,5.317460317460318,10.76993599372116,5.0,43
2756,-19.048645139976408,-10.598500023208398,-19.141558827671318,0.3310359231411868,75
2757,-17.251207547543757,-12.962953052270889,-1.3809184642517955,-59.66470147321524,120
2758,-2.1023578775516754,-21.4015535292131,-3.118118118118119,16.298335918262104,65
2759,6.811594202898551,-1.8779624625854048,-8.162867486175756,-3.1400471645689194,61
2760,3.9886039886039875,10.237648530331457,-37.237102259921734,9.086974533403106,59
2761,3.787878787878789,10.49382716049383,11.41891891891892,10.784313725490197,39
2762,13.472222222222221,19.069325735992404,0.3472402024231309,0.48855905998763305,52
2763,-2.474747474747474,20.398110661268554,7.605820105820106,1.8548387096774208,41
2764,11.5359477124183,1.6564260112647213,2.114330727758232,12.466184061965121,56
2765,-20.238095238095237,12.650362913520807,4.451058201058201,10.05952380952381,46
2766,-51.75033292492956,-19.731224762274554,-0.09803921568627416,-63.435413963322645,89
2767,13.086419753086421,-26.253251161083153,-7.479895183880004,0.0,50
2768,-56.31283782452652,12.63888888888889,-16.494618855383372,-10.548224909709422,99
2769,11.457946240554936,5.0,7.688172043010752,6.617647058823531,35
2770,-55.61747506019952,-3.6405616264951295,-4.247914869140063,7.455605026876957,72
2771,13.085151904150619,-15.089229866143171,10.525521836521452,-7.6252455924462,80
2772,-39.73134796104739,5.592880841175813,18.2828929318275,-33.2105352303523,94
2773,-26.65778665778666,7.136752136752136,3.6547950772088713,-23.643127705627705,59
2774,-1.7206790123456788,-32.13196714810775,18.618979651588347,24.39105082239155,67
2775,9.532865609402432,-5.476798637718176,-13.53689282730636,1.8115942028985508,58
2776,5.0,12.070259915087505,-1.702741702741701,10.0,42
2777,-19.489247311827956,-9.746550224148491,-0.2256944444444411,-90.834542966631,88
2778,11.22050622050622,-14.444444444444445,15.413471372268154,23.92416225749559,54
2779,-5.238376906400434,-57.17015809232187,-28.967430428944436,0.3141031926904947,112
2780,-13.36734107132589,17.44063028545787,-17.99915060784626,1.9456302114459714,57
2781,-6.527777777777778,-3.959868959868959,12.407407407407408,7.976190476190476,40
2782,7.282913165266107,5.0,10.875440658049353,15.34997569480328,39
2783,16.26207729468599,11.27073581341874,24.166666666666664,-14.856887298747765,45
2784,-17.56032601719933,3.4090909090909096,-20.048349998876205,-6.06437120918828,71
2785,-7.9032976827094465,3.8156407185769985,13.264281230382924,-28.71794871794872,72
2786,32.75504557425595,15.04111321948134,7.362155388471178,0.7738095238095237,62
2787,-11.327679219836082,10.0,-2.9063513115237254,15.0,44
2788,-8.748134581467912,-2.9166666666666665,17.98443370907139,19.556518352284943,54
2789,8.30576214559483,-1.7647058823529407,4.5821114369501466,0.8919928671582222,58
2790,-10.96963853599516,4.169272461955389,20.579056611665308,16.93798449612403,43
2791,-72.1530977982591,9.025301897642324,14.701062839578327,1.7661305305115715,61
2792,-4.51795635064752,6.146001073537306,-37.94604607691353,-5.181510875955319,85
2793,11.160394265232974,-42.2958781184012,-26.461074561403507,17.93763669233006,66
2794,22.525252525252526,-0.15177917145326325,-4.027085269602948,8.537459112843862,62
2795,3.5662058426569025,25.06590677290603,6.1925732352561615,-14.072478922664125,80
2796,-3.959868959868959,6.937984496124031,11.770124716553289,-3.296233415078915,49
2797,-31.03290633992389,-2.8454589256934377,16.499365379054247,28.397261455750535,77
2798,23.039345711759506,-5.323068095888962,4.703927025355597,-15.610155769407537,58
2799,15.367393457687395,12.603042191535486,11.46657217995609,6.24550993077208,74
2800,1.6481958148624827,4.421649204257901,28.6046511627907,1.4937420136040762,50
2801,22.081363618893885,-7.428513071895425,-5.3073210334952226,-1.8779040689795834,59
2802,0.9174639044069672,9.6875,16.71272362819074,10.070546737213405,53
2803,20.56840333156123,3.2114820565907527,7.706014717508971,7.083333333333334,45
2804,-10.038515406162464,5.257390177144396,0.4414682539682535,21.996896030560258,77
2805,-5.304232804232804,2.605820105820108,11.26207729468599,1.9841269841269842,45
2806,26.1549555950914,-30.948269777833715,16.86393136228805,-16.96938424492604,67
2807,4.582131219578626,11.70833955316714,-7.619047619047619,-14.442936749167753,51
2808,6.783471893327899,14.128825648350267,-30.864658795025004,-5.737080954472257,65
2809,12.338464005130673,-44.19443748746452,-15.627526587629228,-31.56155672742764,120
2810,15.702614379084968,18.747072599531613,-10.550774558449993,-7.845688231350281,61
2811,-1.1839699746203807,10.0,26.419353041512995,9.574243490499649,52
2812,32.6010218802805,-1.659496070797962,6.822612085769981,7.638888888888889,53
2813,10.0,6.370091896407686,-23.55426514458825,13.10708898944193,62
2814,-36.13305088366745,16.077510165243087,-13.388725096042169,16.35964912280702,72
2815,-20.03841229193342,1.2963679966121457,7.263439938878538,-3.75023827455043,89
2816,-27.575601527617117,3.799283154121864,-6.663491959828166,-14.397357884199987,77
2817,1.4760508308895415,-30.110605888907777,-5.986652236652237,14.62962962962963,57
2818,1.3140910246447486,-25.24743230625583,29.49283312949288,2.125062958580731,74
2819,21.347270984034395,-71.6289708681013,16.032741205155,-16.52777777777778,75
2820,-47.63072749127516,4.589371980676329,-33.98732932003292,-0.08101851851851727,93
2821,13.623188405797102,7.741346054862954,8.086419753086421,13.000697175733047,52
2822,3.973171902586092,-19.91368425635667,5.0,16.993006993006993,74
2823,1.7135549872122766,-20.3408884530166,6.199131312188332,9.725028058361392,59
2824,5.0,-18.495052409678603,-24.97604045324579,-14.619939993823687,74
2825,-7.941307669458073,17.786928781174304,-20.36124059974477,4.302934074275536,88
2826,-1.5811965811965827,21.544496202082065,-23.969183036549904,2.1193773159223546,65
2827,15.467372134038802,13.036881419234362,7.535567880395465,-1.3768115942028984,44
2828,2.309814781229367,-38.23110475174614,-26.721062241895574,-12.277958289629709,101
2829,4.275398475055155,11.723263075722093,-10.588235294117647,-36.12024776240463,65
2830,6.81917211328976,-12.926270559075395,5.4563492063492065,17.86715928494794,57
2831,1.6919887309958241,11.104834262161848,10.952380952380953,0.0,50
2832,27.188312360726155,-8.010858189429618,9.685507557847984,-19.95229769250847,61
2833,0.7001987607112294,-37.7419149477973,10.080532212885156,2.627257799671593,79
2834,11.572420634920636,5.0,-13.055555555555555,6.448412698412699,37
2835,-14.659089979251794,-2.681936322287198,-28.305933831232103,-5.0,78
2836,-0.09803921568627416,18.333333333333332,40.43028187319772,16.709608158883523,49
2837,-4.711538461538462,-2.2811856522652025,-0.2643666162117011,-16.051747311827956,63
2838,-3.301321123201591,0.9027777777777781,8.300653594771243,10.0,54
2839,17.525252525252526,26.173708920187792,-41.62429958096828,-31.417024842616613,71
2840,3.5866910866910864,0.9027777777777781,17.368979651588347,-53.28703703703704,55
2841,27.049470157455637,-7.911852428442816,14.385964912280702,5.555555555555555,63
2842,-2.311827956989247,-0.7841412302618571,9.564243949742272,-19.98357963875205,67
2843,22.136752136752136,-1.212121212121211,19.27786460019557,10.0,39
2844,12.719298245614034,19.429345311698253,0.0,6.419234360410831,42
2845,-82.68335104376655,-6.27537966064788,-22.356493638672024,-49.93805689356007,123
2846,10.042422766207933,2.497244268077603,0.32163742690058417,12.314814814814815,60
2847,22.73310871243097,-7.647058823529411,-45.341253202888424,14.853027115474521,66
2848,0.2134277134277136,-16.584540329846963,-17.008086590555116,10.87406015037594,76
2849,12.192982456140351,1.3457854406130263,5.266060687316588,13.086419753086421,53
2850,3.992257522135894,-6.635634355238625,11.240189552378475,9.938271604938272,67
2851,-79.70588235294119,-17.325165621019398,-8.569482886547492,-6.070906432748538,107
2852,-15.0,18.63396153016049,11.321702934819298,-0.08131680765951899,59
2853,-7.089850938535148,-16.739939325435945,18.385874222155667,-6.726931985356604,111
2854,19.901960784313726,18.30026455026455,12.301587301587302,-7.637844611528822,45
2855,14.303705887813214,-16.258513712747124,-45.07428244270349,1.3810053817977614,106
2856,1.1144782068158552,26.22050622050622,12.040486611629142,10.599598076778605,57
2857,12.14209766841346,11.72781490763947,21.984126984126984,7.525252525252526,42
2858,2.192982456140351,5.0,-3.885237013812528,2.380952380952381,41
2859,15.020622470066353,-20.626535626535627,26.610780764547535,13.768631436314363,54
2860,-3.8488320287900915,-8.330796329630658,11.617092178220549,-16.763424152315054,79
2861,-25.16070317015695,23.230387287715985,-1.2960693620820853,-33.22802137063746,83
2862,-20.520536398195972,-8.563218390804597,-6.11985522348566,-30.152753020400077,77
2863,8.968253968253968,0.0,-7.417863652465009,-81.52382290675357,83
2864,-2.8936325488049617,-9.597197464844522,-10.614399857625981,5.5790960451977405,88
2865,1.072957839262187,15.51004952320742,11.615449986593362,-3.937644950453299,50
2866,23.0293904695823,27.737957027980375,2.1240471240471246,14.125156564450599,74
2867,-2.9094900371496113,-16.21212121212121,-10.72039072039072,-2.9193899782135073,52
2868,-14.516594516594516,17.95304640055256,3.6837114473562207,-20.310051923394795,65
2869,-12.408702408702407,-13.922115895800106,12.293496559800907,23.57716156951079,54
2870,-12.222222222222221,-1.5177379250377652,-3.9484606241852602,2.7467843674239028,63
2871,-12.017268445839873,1.937984496124031,-24.187827953968554,6.026153589871732,66
2872,2.9761904761904763,1.9227994227994234,-25.841101779037253,-0.09678230266465526,67
2873,-1.1432135116345625,-46.43950664868776,-46.708047806569176,-66.43894569617203,100
2874,17.154882154882156,0.03401360544217802,-1.8223030172715706,-27.89307497496796,59
2875,5.6652046783625725,18.04115342718284,-6.703724978071033,11.666666666666666,54
2876,-16.568878301152303,-18.233462729856562,16.712962962962962,0.0,84
2877,4.2381535947712425,-12.290596497913572,9.385964912280702,3.261144883485308,60
2878,12.029991647988254,6.333339820493011,5.0,-42.44897920757496,70
2879,-17.940234606093608,-8.518518518518517,14.534832451499119,15.381944444444446,56
2880,3.4722222222222223,9.646352108596439,-24.67209690893901,-10.269470804003683,57
2881,-4.930555555555555,15.171444620035988,9.441984679176329,-14.106568834626316,63
2882,-50.877028512086696,-1.8535260784805017,-3.439937464291923,6.75793539544591,97
2883,17.352941176470587,-9.613474375247005,-15.341192430090498,-49.39954982293692,112
2884,-46.444504567446195,5.05952380952381,-5.16088486676722,-22.522832408928245,72
2885,-6.418826122466724,-5.314842578710644,3.0091533180778036,21.638071895424837,48
2886,-9.160539215686274,-21.65618094659448,9.030769750311297,5.0,62
2887,3.1845238095238084,18.178992191871004,29.130634199632915,21.313131313131315,65
2888,0.9726653275040373,25.475040257648953,2.525252525252525,17.083333333333332,45
2889,-17.24508921877343,-11.212121212121211,-13.62702070075342,9.80371276043293,68
2890,12.346743295019158,11.354564085117412,-14.137237018753538,-122.44011469279555,87
2891,17.604166666666668,14.385964912280702,10.0,5.314039408866995,32
2892,-94.00037148599044,6.461988304093567,-13.587570621468927,9.166666666666668,64
2893,-12.066594784863145,16.96276993446805,-4.0625,7.976190476190476,53
2894,25.520868020868022,4.605544237897181,-4.6634083639733355,-18.134732843201988,66
2895,10.428743961352655,4.608585858585858,6.485464593450076,14.62962962962963,42
2896,9.262574595055414,-34.197382342543634,-16.91358024691358,-7.854375155993608,64
2897,0.36696990116801476,-16.972314178196527,-2.1719002352102983,-43.95560156429721,72
2898,-20.524592697675473,-17.439431913116124,11.572327044025158,-9.80641670157799,65
2899,22.008068321809837,-22.036832659205672,-4.232650424510889,-30.93833930967263,86
2900,-36.13820760559891,-13.956446265311989,18.365108152309876,16.819131161236424,75
2901,-89.14752587771679,-1.624835194191446,8.333333333333334,-21.09076109076109,99
2902,7.976190476190476,-3.8311688311688306,-5.770980889826391,17.136752136752136,42
2903,23.211500974658872,-20.231043658598196,8.787878787878789,9.861111111111112,54
2904,0.20274787948324002,8.062357328661676,-0.9264502961272285,14.901960784313726,66
2905,-16.717012097236555,-17.424456166754002,14.413883678733146,4.208340309947724,69
2906,2.5588361146769376,11.515151515151516,11.474842526891852,-24.12372517444981,59
2907,-0.4805996472663132,-8.992355580178778,1.3589095327469596,7.450980392156863,56
2908,-1.4675772513868175,-13.654214559386974,-7.341426905855218,-5.948916976594946,86
2909,-27.54917359968721,-13.76201923076923,-9.360330377172946,-8.140848612682987,93
2910,-22.754387954197803,3.7731408158237434,-27.477397521245766,-36.35909229659229,111
2911,-30.636450488928848,11.36574074074074,5.59947299077734,14.437984496124033,52
2912,-23.844142292976738,18.78787878787879,20.146511555180286,-54.079415374840536,95
2913,-47.86535222689434,-2.1813566550408643,-1.4611542038057652,-14.038739038739038,81
2914,13.463255745864442,12.094943240454077,10.249099928382837,1.0215053763440864,45
2915,18.197221163817137,-19.958886780518657,5.47008547008547,7.873563218390805,47
2916,7.9004004004004,-1.0317460317460316,-26.161495116053644,3.500284276820574,64
2917,20.14196288844176,1.9060697284006984,8.407890860962205,-0.6984932412211609,71
2918,4.995608256477823,-1.8189800521711625,-64.91159711747946,-30.993381604866112,75
2919,16.65642601126472,10.0,18.932355932456886,17.878151260504204,38
2920,-11.20597969730614,-18.08271555205432,-6.974480723025873,-22.157379732976334,102
2921,7.212752525252528,-55.32567792149693,-2.946989930785456,-22.55227337080639,104
2922,-4.7996918335901375,8.936173447667702,6.642067698221136,-47.81082064428979,68
2923,-9.29722449138367,14.901960784313726,5.0,-0.8990817091454266,45
2924,-18.072420065750528,-12.598936007348437,-24.42173023055376,13.255099089645576,83
2925,10.050587913590377,-2.6190476190476186,-18.036408036408034,10.041673643281056,53
2926,20.77750874361044,-5.385404847262855,-2.807017543859649,-4.625489926610375,60
2927,9.695767195767196,-2.395833333333333,11.709608158883523,16.787925696594428,37
2928,9.62962962962963,6.984126984126984,-10.460771833320852,1.4339632888019993,55
2929,24.194333887316347,-19.934404850017923,8.041017788358214,-4.633838383838383,77
2930,-7.701656847619578,21.35881729308695,11.322751322751323,-9.118819776714513,63
2931,12.049002991982391,-0.10399012680959885,-7.527615334632878,-25.626392421743,79
2932,9.010923365762075,13.909774436090226,4.030342167534725,-28.713549651925,71
2933,-24.559859297254256,1.475795446383682,0.13527212089843443,4.721771081420206,70
2934,8.787878787878789,-0.3556034482758621,8.472222222222221,4.757485615328751,40
2935,5.602896129211921,9.516488653936058,8.996030223210752,-17.474747474747474,47
2936,-17.386986349684285,3.9351851851851856,-18.144078144078144,19.460140089488604,54
2937,-4.676131322094054,8.086419753086421,-18.274295057127045,-16.562850729517393,56
2938,15.475907217710944,-12.037037037037038,-20.46559034572733,-20.718978147183545,77
2939,-0.3711709486165997,0.15655927420633353,-17.80995875361639,-17.65121280046653,69
2940,-21.31840170594843,6.851851851851852,-108.73230931354881,4.25324592772735,74
2941,5.736717334461698,8.097983511586452,-30.05649265528813,-6.112858141160028,64
2942,-38.55177032928066,4.871794871794871,7.038712921065862,10.902777777777779,64
2943,-5.0,4.166666666666668,13.205128205128204,7.605820105820106,34
2944,-0.6526648599819329,0.9232026143790852,6.85483870967742,-4.776828110161443,44
2945,20.22851742149988,-5.064102564102564,4.568829627816903,25.833895709973298,66
2946,17.544482846902202,-25.810425457456883,-20.640367258014315,-1.1032265690284553,80
2947,0.0,-7.404817404817404,-0.3929508601804006,-40.969950430344866,76
2948,5.600309248473447,7.421156820478249,-9.222598557636921,-33.27812029985335,83
2949,-55.990285088570715,-4.837090809551874,-16.62341517907156,4.408323158323157,95
2950,13.358296266318078,6.9847308608965335,-10.044422638375412,-8.887030843552582,79
2951,-7.452353636919682,6.58699464820504,-6.326975757143466,18.36569936371327,91
2952,16.589957269781827,-0.15707230925224636,-2.7879423162442025,26.806620107674295,60
2953,5.357142857142858,-52.16626118857585,12.638407613514397,8.985558596621328,89
2954,-45.194849931205155,13.436917361613576,5.342734196785251,10.843704906204907,73
2955,-6.00544922913344,-16.08124836864659,-0.4763095531961732,-2.619047619047619,62
2956,-11.996187363834423,-18.39258056009974,2.4979387890439035,-2.458903338263802,80
2957,8.333333333333334,10.0,18.08641975308642,-18.14516129032258,37
2958,-6.006319858167602,22.920315369759255,-3.8888888888888875,9.400834459062839,72
2959,-6.344486344019735,-35.914767177180195,-6.15442054958184,5.825496342737722,77
2960,-7.191381987577637,26.58609908609909,10.653666437335168,7.777777777777779,55
2961,0.0,14.62962962962963,28.980331262939956,3.333333333333334,35
2962,-3.518624459699974,-73.5317962121731,-19.06761135951132,-45.16911008230453,100
2963,2.2522522522522523,14.851914733069233,10.77984817115252,11.243221742537749,46
2964,11.481481481481483,18.396456813795528,12.976190476190476,19.12746356565733,41
2965,6.168160838280048,6.567614125753661,15.016722408026755,-12.136123270277245,65
2966,10.05952380952381,-9.167888563049853,3.552631578947369,27.472686044114617,49
2967,-56.78683700504336,-14.075369075369075,16.82732329839841,10.4048073121349,95
2968,8.624198999018844,-3.7169312169312168,24.004576659038904,11.984126984126984,46
2969,-20.440447968679557,-2.558367558367558,-0.5114269788182821,-19.387207084835207,82
2970,1.8115942028985508,2.2841700782877252,1.762908675886921,-12.56048743305115,54
2971,-29.91694567121858,16.564145958553777,9.589335266317166,-40.0,74
2972,5.457380457380457,9.605862547039017,4.166666666666668,21.496751624187905,40
2973,5.982905982905983,-1.1454361657613692,-15.073678474202163,5.405697561477797,84
2974,-19.260081247632844,2.9466501240694782,10.0,13.749312305153122,64
2975,2.410321160321162,-4.696804647785039,28.334269808054977,4.3772163120567384,53
2976,6.15147314633616,3.278841710214259,-34.172228247291926,5.0653642698409795,93
2977,23.034315348118724,-16.622303603871842,15.20499108734403,-5.876436781609195,57
2978,10.787037037037036,14.260592677931388,5.0,14.689956342923464,44
2979,16.105006105006105,2.9761904761904763,41.73404697309568,17.750531983707386,50
2980,-5.459331880900509,3.169493341907135,-7.095382886246923,-13.24937815986058,88
2981,-4.769322287313626,13.64605945099783,18.551948507488863,28.423482146383968,86
2982,2.8581871345029244,7.988380537400146,-17.977707058589413,12.873563218390803,53
2983,2.777777777777778,-5.0,20.81617086193745,1.4192343604108313,38
2984,-8.948412698412698,-38.99937685744416,-10.028475841679109,-17.999245913099916,109
2985,-4.933454325468844,-22.474747474747474,23.812283037089237,20.0,43
2986,-7.311827956989247,12.795259331364345,27.589114102272,6.793091168091168,50
2987,12.314814814814815,32.85321342887133,27.30948421323629,-1.7948717948717952,45
2988,9.168206075533663,-0.6140350877192979,5.0,25.81617086193745,38
2989,49.05265578934918,-0.21221532091097295,2.826558635752055,8.914141414141415,74
2990,-11.958995821485306,4.5821114369501466,22.229728283808083,-13.05320944299584,66
2991,-7.2498375568551,-8.94725167370424,0.6074177473258175,-35.91364671178115,86
2992,-13.839605734767026,8.417508417508419,-11.449567961772383,3.8690476190476195,58
2993,-3.793103448275861,8.009153318077804,13.243145743145744,11.36225491809574,46
2994,7.192982456140351,13.472222222222221,5.0691244239631335,1.5039281705948384,39
2995,23.124667743151228,10.554260554260555,16.691919191919194,-4.212962962962964,47
2996,4.901960784313726,10.873169681309218,-4.252643642322475,16.77304964539007,47
2997,14.966322055137844,7.173382173382173,15.787037037037038,7.450980392156863,36
2998,12.777777777777779,7.314814814814815,12.604166666666668,-3.125701459034791,37
2999,2.809696342305038,7.122169298305437,11.753812636165577,10.939716312056738,50
3000,18.927351725335015,11.984126984126984,17.36215538847118,-23.535671844495372,65
3001,4.851259851259851,-7.126436781609195,-65.29807845574624,4.047524713842428,79
3002,18.6231884057971,1.4935064935064934,7.163742690058481,0.5263157894736845,40
3003,24.05982905982906,12.505057578586992,31.99013157894737,-23.10562570840054,65
3004,5.010315355142941,10.923122268230966,16.44063863362109,7.141788168480378,59
3005,4.430772002668494,-5.167548500881834,12.074607867290798,11.802420006754375,62
3006,-8.376875415074842,1.851851851851852,21.13096929593093,10.641227644904117,52
3007,-4.491576074559861,22.575919895855996,6.633986928104575,10.871212121212123,64
3008,-33.92969085760848,-14.916559519982853,-8.5511297460983,16.22471210706505,63
3009,5.245271867612292,2.214737298742677,-33.882275132275126,9.168000533546754,59
3010,7.252252252252252,-8.306634061775885,-7.189720090934925,-27.957493894993895,67
3011,18.07909604519774,-42.03538654519046,-13.732721956406166,8.968253968253968,59
3012,9.901960784313726,-40.83798554725103,12.875723529475602,26.38888888888889,60
3013,7.839124796639,4.6096743295019165,-30.86903304773562,-6.316825875649405,59
3014,2.0960106820987683,-9.946996959110315,-25.72077176573058,17.36990722065349,76
3015,8.721355762090047,-19.710144927536234,5.056980056980057,-45.71207430340557,65
3016,-6.726190476190476,9.934767961083752,-3.118142140920032,-24.067620327700972,82
3017,-8.347127217559112,-7.945456182727348,-4.01400416417102,21.515151515151516,62
3018,-12.470193189874855,9.441072359179376,17.453362139566117,8.410638018481155,65
3019,-19.47987528344671,-29.895594601476954,-1.5668689082379457,17.666420593858337,69
3020,-47.27497846683893,0.5351912123698215,-7.21539454393681,-6.204453441295547,65
3021,-46.23571562719328,-15.473877973877972,6.669250854307315,22.883322761957707,77
3022,8.35421888053467,13.235294117647058,-29.417492903848128,10.22844272844273,50
3023,7.3015873015873005,18.25281803542673,10.0,29.672000113176587,36
3024,12.040229885057473,12.028778465613975,-10.770692372368936,-1.7948717948717952,65
3025,-3.2539682539682535,25.91058670326963,6.050401715363353,-2.280701754385964,44
3026,29.875990731147862,-1.1491551059082787,-23.07737770503728,-11.332729715520767,75
3027,2.083333333333334,15.279402209226772,7.0038100301258215,3.1922242062395636,67
3028,10.0,7.620831975670686,-4.240059457450762,10.952380952380953,43
3029,4.848256662788398,5.346648227360928,-54.77769137409239,-46.56355121467443,102
3030,31.351071767738432,2.407407407407408,11.22735507246377,7.192982456140351,40
3031,4.9209825701000405,-39.27773890476917,4.553251408090116,-0.023162459687816828,95
3032,-24.18382913806255,4.385964912280702,11.841817186644773,2.427213309566252,46
3033,-20.757703510002017,-41.78648678648679,13.472222222222221,-38.96940391337014,92
3034,1.7136738316704356,23.735342681777677,28.23655103066868,15.047622294962721,52
3035,-9.33974335532049,8.472222222222221,-76.1878707712041,-1.7561098513479463,75
3036,35.42604787176457,5.070546737213405,5.0,24.502208873633357,53
3037,19.22008547008547,-23.73131903833658,8.333333333333334,-43.96558671824629,58
3038,7.216775599128541,30.918080457554144,7.777777777777779,10.611672278338947,42
3039,-64.44573944573945,-14.690259236834397,-1.6731266149870798,12.032520325203253,68
3040,5.627163485107579,-8.106060606060606,1.2688995615824878,14.540229885057473,50
3041,-3.586080381746017,13.8296568627451,-52.555995122405406,-3.1540951954258394,70
3042,-5.0,11.77304964539007,-10.111335231767123,-50.78640707835979,66
3043,-23.912655971479502,8.604847369228409,11.918251665592091,-4.3347953216374275,55
3044,21.433415770759986,-6.0991785991785985,20.149572649572647,12.63888888888889,57
3045,34.90772332506204,-3.397435897435898,-4.779140236457309,19.05056914917975,65
3046,-7.853924461475949,-66.91030610408349,19.626971977718245,-0.6641604010025057,78
3047,-6.604938271604938,30.436852901592417,0.8692440908233934,-38.50962406878623,78
3048,-15.81326663823077,-19.00218644404691,-35.69515306122449,-2.9422989992453545,69
3049,-0.915032679738562,-0.5898356901621402,1.5637193883856844,0.041778424546788484,61
3050,9.62962962962963,8.58707264957265,19.962232417252423,-26.195681354933125,69
3051,-3.092520984677847,-4.073273546601873,7.873563218390805,-7.395197395197395,72
3052,16.97609773960518,7.525252525252525,-29.047619047619047,-9.874184529356944,48
3053,1.2273550724637685,11.481481481481483,14.388964888280894,-16.91358024691358,43
3054,8.64512471655329,17.976190476190474,7.604166666666668,-17.846305288165752,49
3055,8.824594604056847,9.385964912280702,6.419234360410831,21.151960784313726,52
3056,-18.474201313906708,4.925603302511835,-7.115975087373393,2.5845334478620288,75
3057,-94.57882865337366,-24.735715424858093,11.305673729571959,-40.81928798492242,125
3058,10.089763339864296,-34.772326438993105,6.736111111111111,16.432494524599786,57
3059,31.1501179214939,-18.42684020220252,10.995749848208865,-21.31892230576441,69
3060,4.1908457040036,8.915827273670413,-6.434593160935871,0.45454545454545525,51
3061,-17.253215632576097,14.385964912280702,-30.384588468130396,19.901960784313726,58
3062,15.0,0.6150793650793656,9.901960784313726,-2.474747474747475,37
3063,-10.059575704736995,12.010582010582011,13.023135867963454,22.394333702473237,47
3064,-12.582844844749603,-3.4316752949249647,20.685691370105168,9.415760869565219,67
3065,25.229276895943563,13.8067268335295,3.1392443340972775,-6.67141226253511,69
3066,15.690586419753089,33.81271907587697,24.531590413943356,-13.849206349206348,44
3067,31.80701075628612,10.0,-49.739430929590505,0.21840777654731158,68
3068,18.374183006535947,9.166666666666668,5.0,-0.6391226429795829,46
3069,-61.68142976828423,9.21767497351917,-25.13888888888889,-29.530034235916588,85
3070,18.964422022184444,3.787878787878789,1.5748071568263953,-12.304994388327719,54
3071,9.75275565316845,3.1659019280682266,-35.93605546995378,3.9758897074313317,77
3072,0.0044055089736154684,7.653751243503748,-1.6152884276330821,14.759038507704783,79
3073,-30.46560989931831,-13.80723537661909,14.343488489829952,-46.406373375401984,82
3074,7.6004973720027476,-4.414414414414414,10.0,-7.122299191819231,51
3075,-7.309699951290339,6.179532370109619,-2.549019607843137,-10.098039215686274,67
3076,-38.335581059209,7.314814814814815,27.19298245614035,-28.284678635722276,66
3077,14.7675026123302,16.19624580408894,16.602564102564102,-8.286445012787723,52
3078,3.333333333333334,-0.29774676893190666,-3.062015503875969,-19.20705782312925,58
3079,18.30956625074272,12.193510715016092,26.984126984126984,-8.338557993730406,42
3080,-13.36453669787003,8.420337528604119,-12.916666666666666,13.942831575242838,62
3081,-31.304352765190963,-28.01733831223059,9.987373737373737,-3.624381824690172,72
3082,0.44988909539993305,-0.7105184263050326,-4.617792009276826,3.660556815318721,80
3083,2.9086594049709813,-9.134861302380484,-15.37037037037037,18.405436371538066,59
3084,-6.527777777777778,-5.57913126494296,13.787878787878789,8.19102595418385,46
3085,-1.540370147485035,8.676019650284356,5.001521935509211,7.063964358372256,83
3086,4.213892607466905,13.759522125306166,-53.966285307399176,-11.999840898520084,90
3087,11.202050264550266,9.39594356261023,24.704913411905643,3.9013351465456196,53
3088,1.2634895968229296,-11.57866256550467,-10.720822903629536,12.261278495137894,56
3089,-29.800176501813993,-0.921686767919998,20.42012396582133,-1.8460648148148149,79
3090,-3.0051085171444187,15.67577030812325,21.740857117919177,-47.360634747291364,75
3091,-1.3751526251526256,-28.042222605016647,6.146576242469321,2.9181571494954284,69
3092,5.0,-2.9998897707231045,-8.998824901080539,-20.01800073140933,62
3093,-0.5305152363975871,5.237648530331457,2.4825373408723657,16.166359807664154,69
3094,-59.85918968000432,-24.623386364777815,28.09048762682348,-27.03975935420899,113
3095,0.0,0.22582946221967148,12.252252252252251,-0.4871305032711035,54
3096,-7.807065846281531,-19.571939721180225,19.205146705146706,-10.913078149920254,74
3097,-0.6063527738719507,20.72402776671069,21.54320987654321,0.6818181818181832,54
3098,-12.967479674796747,15.13010343421751,-1.0709064327485378,26.75332251913828,53
3099,3.4877548631761766,-8.693769510242692,-30.956634001011725,-2.0725406267375863,95
3100,-9.351851851851851,3.08641975308642,12.78985507246377,20.6981900243348,47
3101,15.902061636917644,12.252956738250855,-10.067597815381859,-27.77968189938627,91
3102,8.205128205128204,3.9682539682539684,22.19298245614035,12.232867114021614,38
3103,24.834408166612235,-18.71374613109465,-10.172529242161772,29.407781182963028,72
3104,20.726406167582642,-11.464855172838368,10.624170445110849,-24.05512520266619,74
3105,7.451942223447599,7.652464494569758,9.71464654391922,-18.605673714369367,72
3106,19.355511638120333,-3.327991452991453,-29.511054469055537,-5.098039215686274,55
3107,6.555017012518526,13.684807256235828,16.923575128785625,-5.0,76
3108,-2.393823926331666,-36.11355343655885,4.585713239353759,0.21282788643559414,86
3109,-46.5989372677221,18.246753246753247,-5.37037037037037,9.166666666666668,66
3110,-64.44753554652115,-24.359041579280266,1.9841269841269842,-51.65219420624413,112
3111,-13.427672955974842,-3.263888888888889,-37.79259255622284,20.05994810054462,71
3112,-46.633507541568136,-25.798319327731093,-94.5392599596494,-20.042078493194058,122
3113,-4.3162242580847225,-7.320261437908496,2.386415919024614,13.968253968253968,51
3114,-35.556389723056384,-1.2606837606837613,-12.203790953229083,-22.195495769367177,89
3115,-20.38378921101019,6.8939393939393945,-28.120198487430123,-17.79085119602361,70
3116,20.59947299077734,8.472222222222221,-10.445221840038911,12.589325492292614,46
3117,-17.857142857142854,12.038712921065862,10.0,12.252252252252251,40
3118,-0.7203907203907192,5.0,3.787878787878789,23.720836720152725,46
3119,-5.547758692919982,3.205128205128205,24.13900913900914,8.564814814814815,42
3120,12.100377627180293,-33.99196996709716,-35.80266955266955,-11.264846264846264,77
3121,7.773638111371031,-57.01709637858088,6.561402904205711,-3.9925044091710746,77
3122,-24.84205449722691,-36.13290872496975,-20.528760321538662,-0.5248050997692317,101
3123,-4.267676767676766,-2.8632478632478633,14.781415486236732,5.727461332300042,50
3124,-12.543599919599528,-38.89340560072268,8.247439289105957,-5.548066179152324,75
3125,19.62488129154796,8.968253968253968,9.62962962962963,7.450980392156863,35
3126,21.461988304093566,-0.6175433731024834,-90.20579656475499,-10.567869722421776,112
3127,-7.284108474268049,-24.41638608305275,20.29446988617242,-16.226268285091813,67
3128,2.4302097382162735,-13.380988343802986,11.518803468750875,-43.506669849753216,96
3129,14.62962962962963,7.2522522522522515,3.9682539682539684,0.982905982905983,37
3130,8.737760749255004,19.068627450980394,8.623188405797102,19.97623291740939,34
3131,5.585585585585587,10.069124423963133,6.937984496124031,1.6115689431972484,44
3132,-20.052864397567983,-13.635303871142927,-12.949571499768464,23.140768201009166,83
3133,12.757041169915755,-42.22222222222222,-23.198000449290063,-8.22695035460993,59
3134,-18.484420778759606,30.83292109607899,13.787878787878789,24.064771355459925,61
3135,4.0878644602048855,21.926199598613394,-21.173030615755074,3.103088713409882,66
3136,-29.273091198934072,-61.34515171179675,-15.510515925979693,-14.732441471571907,86
3137,16.144781144781145,-15.34125320288842,6.313131313131313,-21.05962076339275,65
3138,-1.9135802469135799,11.111111111111112,10.759940542549238,15.82640126757774,44
3139,-9.495714128423119,22.469047693505896,-59.70508854086625,9.568939374551274,90
3140,-15.043440112521312,3.0054012345679038,7.511420692198726,-17.275775044317243,92
3141,-25.137952414167245,-48.113936761477746,15.413663613992028,11.633986928104576,73
3142,29.74250527234292,9.972592913769386,-21.231368563685635,14.92196833930705,53
3143,32.50333758841093,14.588293650793652,-19.957926490434232,10.090338817519346,49
3144,13.59848484848485,-9.619308191811234,-128.0811520010303,20.01015346715936,76
3145,11.764069264069265,4.848827670125102,-3.8888888888888884,-0.37037037037037024,44
3146,-33.90860705775984,-1.3158242951041927,0.10083103821542716,6.488095238095238,77
3147,2.835815347981644,10.40503557744937,-35.89910910547361,18.37016981944518,70
3148,-61.73051078300462,9.21943796943797,-5.5293673208062,6.712896604200953,75
3149,11.436781609195402,-8.353332073570169,-34.54169339618256,-18.676050591595267,63
3150,20.6042200951946,-19.818811281996094,-23.089665088993048,10.605158730158731,63
3151,-28.057546481302296,0.7120458150206435,-23.129863126915012,19.41838272060808,82
3152,-0.7820767195767191,5.979395339983498,2.778283918969164,2.450980392156863,71
3153,-4.017094017094017,-18.877314814814813,0.0005038230243994413,3.4175084175084187,56
3154,1.461988304093567,7.380952380952381,14.559953503012814,3.6131625176247617,60
3155,3.316853064193488,1.1603942652329753,-3.230082730766725,10.0,52
3156,-24.251478369125426,8.226911756790129,-7.339462438146649,8.518518518518517,64
3157,-6.792763034331877,8.070768537299976,26.815489258613905,4.781170922475271,67
3158,-6.731606147150822,14.377216312056738,24.11171031870255,-0.3623675175399299,53
3159,-10.18350930115636,-5.961199294532627,3.4722222222222214,11.911217437533228,45
3160,-31.495859213250515,19.631999482966044,1.5727502102607234,0.3343413978494634,67
3161,-29.259902028444227,-15.291427606512674,-22.98279492551938,-6.431085425038489,92
3162,17.73148148148148,25.809294871794872,5.732745538586363,-0.48099624758663495,57
3163,19.901960784313726,-0.9864709407043506,10.537400145243284,-0.6140350877192979,45
3164,6.944444444444446,-0.35603715170278605,15.8569847020934,22.57704929096699,49
3165,4.284772577455504,-12.633970967304299,16.34646234380277,6.493993192063589,70
3166,22.804867110546706,-11.304469514952157,-2.6961618453393834,18.86799288584415,77
3167,-1.161616161616161,-28.234258487771214,0.3238686779059452,21.01995184038528,51
3168,-39.57974297066396,2.5048995086710004,-18.487362732105115,20.07077831132453,98
3169,-6.039624911795373,12.173382173382173,11.99013157894737,-10.355698292631498,73
3170,-7.40233335821571,20.215891912320483,5.0,-7.938438093561592,63
3171,-1.75996071829405,-12.094252858816397,2.3809523809523814,3.3333333333333335,55
3172,-2.8971898297099825,-6.764841764841765,9.7884477523134,1.5993788819875778,62
3173,24.637632482460067,-10.18324489013608,1.0551754100141189,10.804154995331466,68
3174,2.697020328599276,-6.734405755258473,-13.06903768791264,7.2522522522522515,76
3175,-6.2401569465214575,-0.48036848509444874,6.822612085769983,12.621109293139414,83
3176,1.3519549557781616,8.23529411764706,19.576194904085828,-6.186288621376569,77
3177,11.454064926917319,35.06566376358044,16.366120218579233,2.074658823974831,66
3178,4.83911513323278,27.015404170092957,32.043160385418645,-12.47743017195021,72
3179,7.335600907029479,-27.847542242703533,24.86128050369537,-13.598320381509161,70
3180,14.476363008971704,5.0,-20.542265999583073,7.777777777777779,44
3181,14.608585858585858,21.73611111111111,-0.9778435966890964,9.555501687854628,48
3182,11.558641975308642,25.445252211556557,3.2296012074753917,12.407407407407408,66
3183,2.314814814814815,2.338067065246201,21.32867132867133,1.7250402576489536,50
3184,-33.8298120390641,-19.493314205354196,-24.816000401038764,9.274891774891776,77
3185,-92.9710074516084,-50.55171893460728,-7.208485958485955,-2.354103678508438,105
3186,4.8717948717948705,0.7984607984607996,0.9089702334141139,13.942077253006538,66
3187,8.54020195754067,10.464952627781576,-69.76868656268145,-13.453598526062294,78
3188,13.870214752567694,7.444260694361651,15.897832702153979,-4.190705128205129,55
3189,-20.37037037037037,28.226472929669278,-35.451591942820016,-65.64033072182744,77
3190,29.62962962962963,-50.097288566359595,9.903217697335345,1.7730496453900706,61
3191,-2.1683100849767514,13.177590032428743,0.3603539317825035,-20.65793031213289,77
3192,-25.387703531001264,-12.68694666544129,-20.395238620811178,-4.6689113355780005,93
3193,3.040419666541659,-16.666666666666668,-18.156899225271065,10.777401442363079,57
3194,-1.5901028693737225,18.62753147235906,-11.129785247432306,-3.752275049982885,63
3195,-53.20544200733912,-6.23466810966811,-42.37343325279372,-5.343044150233691,98
3196,12.472384665367123,-20.56727791594509,-55.31484257871064,8.382034632034632,72
3197,-1.723814745941846,-11.554618602288967,-6.202286959049963,19.763770180436847,88
3198,9.740913273521969,1.1346516007532967,-84.54929356752058,-13.677248677248677,74
3199,2.7540106951871666,3.6231884057971016,14.752252252252255,26.66214995483288,41
3200,10.714285714285715,-2.807017543859649,4.62962962962963,-15.335846386571024,45
3201,-2.200224292615598,4.23968343697004,-35.26611014736057,20.69058641975309,65
3202,-8.338557993730406,15.504742547425472,8.086419753086421,9.740918803418804,41
3203,10.0,1.6382171645329535,10.0,8.389450056116726,37
3204,-7.63855332436502,8.831923890063425,10.0,12.858187134502923,49
3205,-14.013790284155938,-2.664280995388328,-14.786713168544761,15.893300248138956,91
3206,13.817733990147785,-36.201951036462795,5.858585858585859,29.078228065419715,58
3207,8.654970760233919,8.40909090909091,5.030543290762633,-112.60924443232746,74
3208,1.9813829787234045,-14.137564121741338,-45.05876134412005,-31.593795237253616,94
3209,-35.473762427224464,14.844301254987958,-35.49426821165952,-3.38235294117647,81
3210,-5.093916456405943,7.252252252252252,16.819172113289763,6.453889058828725,51
3211,-10.833333333333332,6.874298540965208,25.526315789473685,-2.2244759972954693,38
3212,-40.29489427861276,20.414771496642842,-29.685142943296295,1.0964912280701755,81
3213,7.775524002704531,14.0234010270775,0.0,15.010683760683758,39
3214,-19.038929918290382,30.876215075069833,2.032520325203252,-7.625272331154683,69
3215,2.2522522522522523,18.666989039329465,-3.5264522925928947,17.77777777777778,47
3216,15.648591174906965,1.9984797716554983,-49.35203903206278,-95.42277167277167,93
3217,4.8373440285205,-0.9121355397951145,11.568627450980392,-27.78659611992945,51
3218,5.519943019943019,3.787878787878789,11.672794117647062,-2.8632478632478637,42
3219,-8.366013071895425,-38.38875442006539,5.232849587688298,1.4124293785310726,67
3220,-0.2133600095556618,2.420634920634922,-4.5398662897653335,30.593767032721118,59
3221,-12.916666666666666,12.251356047122638,-9.093761535622,-24.449072732541293,65
3222,21.944444444444443,-15.602848262100032,21.280846916345237,24.073464912280702,47
3223,-5.754032180037926,14.792362822200472,8.335952516793341,-45.15217274028739,99
3224,25.426095952411742,20.335011605789997,-18.024269170218115,-4.10282773561303,73
3225,9.901960784313726,12.610830903513829,-17.78850666558467,0.0,57
3226,-56.31267462353924,8.577106518282989,-34.711257309941516,-8.792270531400966,76
3227,-13.689557748325837,3.277762713023767,4.003493398474218,-19.197217203653516,98
3228,-15.196783222145543,-21.937031729020894,-12.967479674796747,34.33402803367189,70
3229,-3.2638888888888893,-41.34844803980498,13.374766105319434,-26.26068376068376,58
3230,-32.8360291485015,14.230080921257393,-38.99753879373444,11.602564102564102,72
3231,-5.585487043820377,-45.114083192501546,-6.4227135563716695,-17.255998197073712,76
3232,-7.141812865497076,5.0,9.232804232804234,5.02146889617106,50
3233,-13.671844418348101,9.753086419753087,5.360205831903946,-7.051781367794093,54
3234,-41.410399961467746,-4.162640901771336,1.6620890320730934,-24.96588269454123,101
3235,-10.069570828959325,25.762813117996046,2.561610702673063,-17.222432001534386,74
3236,6.578947368421053,1.0683985132514555,2.777777777777778,-23.796751070928607,61
3237,11.25,11.392045454545457,19.025301897642322,-14.148324872009082,47
3238,-28.066809146919056,-20.884745240653892,-8.95688210204339,-14.881381529397212,94
3239,11.325439266615737,6.842494089834515,15.361044293512021,9.901960784313726,54
3240,-35.15797509983557,-11.08703130374957,-18.174555200322747,-11.248630748281201,66
3241,-1.7520811676258428,-48.839039109482925,-20.090996168582375,10.0,81
3242,26.788349946419814,-2.0105820105820102,-4.373001762040653,9.981443994601888,73
3243,15.01653541942214,13.122082166199814,-2.353281444595162,12.395673323092678,71
3244,-33.129735385298076,11.283749943435485,-6.456937165547222,1.8115942028985508,76
3245,-3.03251544851007,7.034540269396277,-10.601851851851851,23.96613190730838,55
3246,-16.121922059422058,-1.9248670212765955,-13.344961927173268,4.549291180492048,65
3247,13.736605404962406,28.367346938775512,-23.218723893065995,14.183389074693423,50
3248,-31.32360026746465,-21.080007390983,-20.141204126273447,-22.64369332377758,101
3249,0.9599829714772246,18.6231884057971,19.29608585858586,18.333333333333332,34
3250,6.904761904761907,19.837962962962962,10.0,9.52756734006734,48
3251,5.399447731076037,3.08768263036556,-4.709875241460008,-1.7506253170313615,66
3252,-1.9656394549342489,16.488095238095237,-40.92724978973928,-9.589793281653748,56
3253,-3.2903918411164774,17.5,9.901960784313726,22.136752136752136,39
3254,-97.26428468755836,7.295482295482295,-9.968323586744638,16.553757705073494,82
3255,1.1238047377850946,-15.614035087719298,30.935603107635185,-6.3768115942028984,47
3256,25.0,-15.5093594676928,10.0,5.7143876273658725,49
3257,17.77724389122425,15.833333333333336,-0.8723817349343292,13.547705314009661,50
3258,-3.8470903565636787,-65.51491286244249,6.984126984126984,6.882100062247121,114
3259,1.623357228195938,-11.022866022866022,-26.996187363834423,9.287017810395048,59
3260,9.137426900584797,-6.1175710594315245,7.083333333333334,7.686902469511164,44
3261,14.44428049926771,3.8027213045827644,10.312115575273472,-23.850584859372525,74
3262,-47.93115857454093,7.777777777777779,-17.507358804153515,-41.49777810667209,76
3263,-136.5392733837453,1.1904761904761898,-8.761671335200747,-0.6926302209321074,86
3264,5.192966075319017,-16.318478700137877,-5.48585631464208,-15.814837730382408,65
3265,2.3621553884711783,6.897199663672531,7.604166666666668,3.6231884057971016,54
3266,24.302832244008712,2.688172043010753,-7.685185185185185,-14.163473818646233,45
3267,-28.015873015873016,12.719298245614036,0.5239898989898997,-4.1328156113102335,49
3268,16.077053429027114,-3.897306397306396,11.984126984126984,16.74888473908082,44
3269,-61.68217357815612,-3.7508230336550223,-30.965610660269114,9.582111436950147,106
3270,-4.2439104786057396,9.261046761046764,-77.71710752859062,-18.920475659606094,74
3271,-17.839105339105338,3.025560772039645,0.8036680435425385,-56.47356398063028,97
3272,3.787878787878789,3.5846438482886214,-27.656739811912225,1.6666666666666667,56
3273,-11.793362549651324,11.464088933250698,-19.736014160909118,-1.8943359581368373,82
3274,17.450980392156865,-12.28395061728395,-0.8333333333333321,24.274984457121942,60
3275,10.849753694581281,-16.13441817103144,17.291047732224204,8.205128205128204,47
3276,9.874782323647176,-2.892218270561838,5.0,0.5708180708180706,55
3277,10.766158315177924,-3.6079545454545445,2.3809523809523814,4.166666666666667,41
3278,-2.9160514114842746,-24.025607332372218,14.028714252499421,2.688172043010753,62
3279,0.46506000774293366,20.641598572890477,16.43912355053457,22.976190476190474,79
3280,5.822746521476104,-53.38138311822522,3.6231884057971016,-23.65108166169062,70
3281,-21.84923026674945,-17.44818450989559,1.803887126927629,2.0535714285714293,81
3282,18.764841969176334,6.753058062898489,-19.008878243062483,-24.497163439755283,78
3283,-13.303416464336005,18.491866491182495,10.166423459106385,-8.884496069122445,65
3284,13.968253968253968,-2.7477477477477477,-20.710395269218797,2.083333333333334,51
3285,-2.9166666666666665,9.891584246422957,1.295700344715172,11.912542794895737,70
3286,11.633491942416425,13.46636002886003,15.320754959399732,33.207013574660635,51
3287,-6.735497089328273,-15.662030222883898,5.374552617339704,-38.12127241503926,89
3288,-2.6190476190476186,-9.799339659740342,13.574169059834446,-13.387924514569251,67
3289,8.086419753086421,6.766104266104268,-38.47372185308231,11.700680272108844,53
3290,-15.505022133878755,-81.35704323435105,9.224030037546934,11.096491228070175,86
3291,3.53683930541305,10.0,12.605820105820108,6.8939393939393945,50
3292,20.730050933786078,-28.14487964753922,1.76414290080265,-35.6259201903485,70
3293,-15.41787777443269,0.9995967781312964,-2.7102302731593344,-5.706683695189442,102
3294,-32.97735353682376,12.772951522951525,10.134116829163268,6.079779572197058,74
3295,8.086419753086421,37.82451363100985,2.192982456140351,6.217565355012761,54
3296,-25.401234567901238,8.186117571615892,-39.53222703222703,17.76336643453409,70
3297,-24.345879876341833,6.314390162844799,14.50755014649538,12.240180368955173,61
3298,-47.63566197776724,-17.352392103552813,-20.75302343159486,-0.867842842636199,81
3299,25.0,-3.434343434343433,14.166666666666668,-3.015529618680023,50
3300,-0.7386363636363638,-1.4814814814814812,-5.725470598034316,20.08889828555331,60
3301,-2.0886528725511773,-9.922815669319352,-14.537262506012507,-13.284129291132684,80
3302,-0.20285087719298112,10.0,25.112247797669795,-36.491362338395206,51
3303,8.253026545709472,10.84719498464239,13.333333333333332,19.914174972314505,44
3304,22.52088554720134,3.570163588671706,-26.597836126138013,-6.832502861914626,72
3305,-16.3768115942029,14.493182106593608,8.436264318617258,4.5056541134972505,65
3306,5.086017437974998,8.738765123541004,8.134345525649874,-46.913565188758994,78
3307,-7.668861232251876,-0.03419825788246822,-5.0,-8.12503079890886,59
3308,-17.208772106393194,-27.48196248196248,0.0,-11.351257020561494,68
3309,-3.9747305231153867,9.658840388007057,-49.01266439891253,5.0367647058823515,79
3310,4.176587301587302,6.981328262876687,-4.537908203902827,-4.415954415954416,69
3311,-1.0742661677276284,3.9956177238723374,11.914088867870383,5.110630110630112,63
3312,10.0,5.1983256395021105,-10.16190184923242,-36.86188104315734,81
3313,-1.8586776687413864,8.137461881304246,6.8030118030118025,11.271070493235214,70
3314,6.282051282051282,-72.87561016116851,7.192982456140351,7.60518220383967,98
3315,12.604166666666668,4.2182001005530445,6.644549407707302,-0.8333333333333321,50
3316,-44.149080086580085,5.331088664421999,3.8640331838170194,-10.254237288135592,71
3317,-1.0517473118279566,-40.25296696293234,20.249407830736708,-107.63663408222004,88
3318,-2.147120675523038,10.76901130355737,-26.486292203125846,20.15877731564006,77
3319,4.267040149393091,18.748065919626114,8.472222222222221,-3.338557993730408,61
3320,-19.095872958362445,0.8531746031746033,1.5966474886294098,-17.973033910533907,70
3321,-35.517790797963215,9.70134350036311,13.425124887726664,-11.467058847195833,76
3322,5.747164226742308,-28.205763475230683,-2.635962138109347,9.044834307992204,78
3323,6.476050830889541,-7.679235319837323,7.170479302832245,13.07751527662142,79
3324,8.086419753086421,22.140147678470143,16.638217164532954,5.283816425120772,48
3325,-10.701697829357403,-16.319931194823088,-9.597252227707635,8.421004368510525,74
3326,-55.07347757347757,-5.906120023767082,16.558641975308642,18.128755720923735,68
3327,1.0654639102914958,16.06366459627329,14.101239969236575,0.0,44
3328,-9.076797385620916,13.844960835935339,-31.140350877192983,-1.8620163903182743,61
3329,4.330315283638069,-8.487208206702322,-59.78134785792601,10.227272727272727,103
3330,-31.041258201139037,7.717109279609279,-2.483268853700747,11.57115953726123,59
3331,-20.806702990768148,0.26140557033005596,-3.404126361443434,-20.799150989141808,69
3332,-0.7311091686091669,7.2522522522522515,14.093915343915345,-5.0,46
3333,-4.7427526316206965,4.451566951566951,7.5490689431972475,11.419234360410831,49
3334,-3.96793932120534,-1.8331785199351889,12.136752136752136,-1.5561424972180085,62
3335,-3.523949169110458,-16.511025953750412,-0.4291310541310551,1.6193544641820508,53
3336,2.881494631658379,-10.0,9.93282498184459,18.500605702050933,60
3337,3.766889529337254,16.700680272108844,-2.395833333333333,-2.3801973220577857,49
3338,-38.128962104934644,22.157428902184943,8.058862433862434,-7.930826642030496,93
3339,-18.138285528636406,-10.906824953137969,-11.780472204741097,-66.48277544557372,92
3340,-16.34412244660081,10.389570172178868,-9.498819440679904,-40.38244241634072,75
3341,3.205128205128205,-8.371579400991166,0.10524922996318975,-0.7477053065288357,68
3342,3.9682539682539684,6.993171055671056,2.9761904761904763,14.217897685389946,40
3343,-7.770261134762011,-29.68632845400324,-49.50943246693001,10.0,82
3344,-11.794871794871796,4.976232917409388,17.41106719367589,11.944444444444445,37
3345,-2.1084549411162303,-11.207549329601216,-38.487536716672295,10.387257669866367,89
3346,29.104199893673577,17.90442741592167,14.901960784313726,3.4722222222222214,38
3347,11.256382219115139,4.079706725499165,-9.925213675213676,-3.7499999999999982,76
3348,36.51321439950006,3.787878787878789,5.155945419103315,-5.363313008130081,52
3349,2.0105820105820107,16.123419303243864,-11.536465618338934,-9.91368425635667,55
3350,-9.969135802469136,-14.190523904861008,22.753908096136932,-53.31992528938274,92
3351,-13.912163303690944,-4.389309560626618,6.931691144124402,-15.757575757575758,74
3352,5.0,12.342436974789916,15.477729885057471,5.0,33
3353,-6.703530688947734,12.136752136752136,-34.54286961762975,1.830198919014709,71
3354,-54.43710141695412,8.76008804108584,-86.4462432632976,2.1315119631402673,102
3355,-5.0,28.61674779178366,4.7756410256410255,13.787878787878789,46
3356,-41.04706747563891,-14.195591538101075,8.787878787878789,17.669674439194743,79
3357,8.333333333333334,10.738993710691826,-1.9135802469135799,20.198124353641983,54
3358,-11.042368125701456,4.068627450980393,26.85185185185185,-17.22222222222222,45
3359,14.274596848332514,2.9761904761904763,-33.138377382568,-62.09509449606819,93
3360,-6.031746031746032,-0.4879546952717677,19.441069575228504,-15.937626266653904,49
3361,-2.418083128895486,20.08488761358202,-56.7115574241838,16.997863247863247,82
3362,11.415381241918066,3.0664210128495846,8.755199049316698,-31.19879263188117,60
3363,-4.946478583307602,-5.118845500848895,7.314814814814815,-47.9985431999341,55
3364,6.034413281753707,17.593101343101342,-14.779541446208112,-19.344291268999648,56
3365,7.638888888888889,7.5333620760450035,11.70548710845423,11.294534816040192,47
3366,-45.896772604089676,-6.872903455564747,-20.379940523016042,14.410248835192483,80
3367,-31.04289215991543,-54.40933528674118,-26.35589870094958,-47.38548578245272,112
3368,-10.937578197239773,9.322478991596638,14.527199393813468,26.742424242424242,55
3369,-20.194349184054484,-12.80053358443189,23.08181083958443,-17.900232483565816,69
3370,-19.749388405302383,-51.0866201184986,26.38141544892368,10.106382978723405,80
3371,5.013538584967158,-1.0843156707127286,-14.880760095666059,-3.6501522653640732,81
3372,0.4276139736291533,6.122076023391813,8.468670027621384,-22.62346604642468,83
3373,6.593797790133584,1.8791566334136007,21.082251082251084,-113.34742453928502,77
3374,14.718234981392877,8.715780998389695,-1.666666666666666,29.918329619681277,46
3375,5.0,7.154882154882156,-5.175617916845987,-17.71190424917133,57
3376,9.81125356125356,10.0,-28.071869214294647,-1.1643393981042531,72
3377,18.78787878787879,-7.078698951613301,-26.756031451413044,-2.559023265990648,72
3378,-18.30362448009507,-3.6981930773043867,-26.27970159386567,8.65079365079365,89
3379,11.841817186644773,4.298302170642597,-42.18106919467898,22.688172043010752,55
3380,9.766714766714768,9.693223443223442,-10.121442731376304,6.160394265232975,56
3381,-2.1490976754134654,23.589466089466093,-3.463660522484052,-4.900500785166864,79
3382,24.423842000568346,7.154882154882155,-3.1884057971014492,-59.35185185185185,51
3383,5.829037250539631,-7.7123777715914335,25.957854406130267,-74.72865851779652,87
3384,2.525252525252526,-6.3768115942028984,-6.91358024691358,31.82261208576998,38
3385,-24.29563492063492,-1.4999415662981894,8.68107769423559,4.359603311263898,64
3386,-26.43036441629792,-46.90071163046396,18.31513538564839,-11.32781184864518,81
3387,-11.551719570167045,12.430947897049592,3.055709363848899,-19.754728132387708,64
3388,-2.011619462599854,-37.55352561158021,-35.238322254912646,12.254672724775006,76
3389,5.506250242702167,31.59831374283298,8.565515900804277,11.018518518518519,59
3390,12.873563218390805,26.528568041725936,-9.43287037037037,15.0,40
3391,-28.16012087751218,8.433886375062846,-27.139713171611675,-32.140334327834324,83
3392,13.410351222851224,20.568770832415606,-8.551587301587302,-0.37037037037037024,47
3393,7.708601458601457,-36.5766566955022,10.288461538461538,22.944341529715338,51
3394,0.7043650793650795,30.28985507246377,-14.465841562874441,17.71604938271605,50
3395,-3.247507757311676,0.07478632478632474,9.385964912280702,5.6317441526166085,56
3396,5.690586419753089,8.744759313320026,-0.5363850655826061,13.573669395386506,64
3397,12.688172043010752,9.62962962962963,18.333333333333332,-8.664117959783592,42
3398,5.0,17.77552400270453,13.461981566820278,24.10324912169172,46
3399,6.854838709677421,6.004140786749483,0.7303807303807295,22.19298245614035,40
3400,-28.214965509560898,-59.268476972650184,16.983099572282487,-33.65614273651349,107
3401,-40.012910211560886,-48.537449029334844,-13.285028399378911,-8.684232509725422,104
3402,16.344086021505376,0.23269156147307513,-6.472663139329805,-0.878101076510514,62
3403,-8.563218390804598,14.942462633794447,-41.81523109532685,-31.534126086839485,71
3404,2.9761904761904763,-11.912248433290358,-14.516594516594516,-5.0,58
3405,8.479013478274467,-10.3806384101166,-10.633753501400559,-4.26347094392044,77
3406,-30.290151032465683,-1.3162343618999968,-35.44302128868564,-9.722222222222221,98
3407,2.287814674590039,-33.675062102219286,-14.290123456790123,-11.953646192776628,79
3408,11.893939393939394,7.192982456140349,8.297258297258299,-16.625816993464053,44
3409,-8.222608747017592,24.704958353016583,-16.317536503733127,14.117647058823529,67
3410,2.493034267893619,-36.54859481897904,-17.227895997383275,-28.655913978494624,73
3411,2.965949820788531,12.756200120180477,15.656732499763192,2.380952380952381,51
3412,-0.6797235023041472,-19.365079365079367,-13.731571785964388,-18.597615513226653,91
3413,-0.5745671100698355,-75.15762785752985,-33.646806988399675,15.566716975810115,120
3414,10.778070560679257,18.205128205128204,17.608806963645677,0.0,38
3415,16.461988304093566,-61.00773285061274,16.07638888888889,11.238859180035652,57
3416,-7.141249761681654,10.097681410001258,14.901960784313726,15.690586419753089,51
3417,-26.49712764466863,-12.626751027666792,-18.663953078005452,8.02353104984684,68
3418,5.0,12.960322176008452,12.813374783465681,-12.957439386010815,56
3419,13.155131617864535,-24.912363555198795,4.777504777504777,-3.669590643274853,64
3420,21.168054030809536,7.282913165266107,31.06366459627329,-5.084047847710421,51
3421,24.324905246351864,-99.74791893927588,-2.237196765498652,-2.4041986815180394,89
3422,10.929174788823913,-4.416063326310823,17.488927882775076,5.966903724311864,64
3423,16.740971017286807,-18.688639551192146,24.187091503267972,-1.3484605166636925,48
3424,-57.7366078291616,-11.857373552670111,11.299524390830852,-6.158906882591092,73
3425,9.699750307735789,-0.2469135802469129,-10.575716845878137,16.096368723506977,55
3426,16.04886399004046,1.2068965517241388,29.567067067067065,21.709608158883523,37
3427,-2.7477477477477477,12.380952380952381,15.0,26.50071017903548,48
3428,-1.6598983672154417,13.063045063183761,4.502350647861485,-11.800249744166438,78
3429,-45.0963808025177,-27.638563368831708,-26.693180090922908,10.256997872972377,95
3430,-29.457568793802572,-13.680033416875522,-66.45380511730727,-20.692076822213807,105
3431,-1.8271472387051189,-3.754278801608077,2.1367521367521363,-45.45247642951103,82
3432,-49.07227339994651,-0.13303049967553515,-4.403421232471665,13.939014202172098,77
3433,23.664681630783324,-33.80649125747165,2.81489983071559,4.739855244423353,59
3434,-2.3167478624134956,5.465949820788531,21.984126984126984,8.417508417508419,42
3435,-2.967479674796748,8.472222222222221,-27.143282542393436,6.160075956091138,66
3436,-11.325935035908671,0.7357564603941418,0.14815243624358843,7.921186492615064,76
3437,-11.421394799054374,8.335926963377945,10.05690698673155,29.153077676313934,58
3438,-2.6821983273596173,21.81159420289855,-0.3791063078088768,2.9761904761904763,46
3439,18.185479023921143,4.901960784313726,3.7345459397675667,-16.25216612472984,59
3440,-7.234926214053759,-26.643811762657265,-5.206392939389883,-20.487580251350387,77
3441,26.4336281884759,3.8299663299663305,-69.39187871552048,-10.338364527308492,95
3442,10.0,3.3906967042135996,-0.043103448275864764,27.244480056980056,47
3443,-25.294926728589004,13.500903188287579,-8.30443116900706,22.860646551291637,89
3444,-13.458050636753207,-11.099537037037036,27.144271505887342,-26.876508596386447,77
3445,-5.825670254541343,27.864923747276688,14.603929662069199,13.108541374357134,55
3446,-44.43159022164617,6.845948800589575,5.4529253639125965,-39.10888207839802,92
3447,-21.740803303303302,13.745709217407331,7.914287604780082,3.0091533180778036,54
3448,-8.365056971211168,13.601774042950515,-30.11730311845519,-6.149349781338763,79
3449,-12.076989875638217,-51.139206508473926,-37.924165855442155,-19.273504273504273,78
3450,-49.64610972362447,16.60418879157318,-28.92881939842012,-31.66887687849332,93
3451,-38.76480024151593,18.003246753246753,-11.226268285091814,-1.4656964656964657,67
3452,-63.26809309699704,9.829257356969446,6.633986928104575,4.197346891070593,83
3453,10.0,10.248158274474065,-16.613471573509933,14.98511904761905,53
3454,-8.074888074888074,23.165095099935527,-5.7538144456749105,7.976190476190476,47
3455,12.16401935451183,-10.895800106326423,1.0786914235190093,13.787878787878789,47
3456,7.172460133436951,25.035960734320224,-18.837191709640326,6.773049645390071,67
3457,11.841817186644773,12.934871412333049,-5.417275249592322,4.385964912280702,55
3458,-14.347421584263689,14.127816627816628,18.669135445451232,18.18877551020408,56
3459,11.392045454545457,-3.4153204404872888,1.1432566962347825,-2.0370370370370363,80
3460,6.0741687979539645,-5.02849002849003,5.188378033205618,25.77984817115252,46
3461,-55.379187622266365,10.820399113082042,-23.28418892935022,2.3591174906964376,76
3462,8.086419753086421,0.9027350777709469,5.0,-7.101209207105405,57
3463,-4.451465348504171,27.34724697959992,8.397511163073911,-6.418606654868885,69
3464,0.0,10.788644187300402,-66.90542903478949,11.461988304093568,59
3465,9.318936877076412,-2.5024653053201362,18.23817503429117,-1.7948717948717956,54
3466,12.33455014347463,11.543209876543209,6.246046805819102,-44.92453024661517,63
3467,4.567067067067068,0.628654970760234,-7.489084613068352,4.800115798801702,60
3468,27.40515363233416,5.954413869372886,-15.261904557570192,-52.50028713728467,71
3469,26.594241399008133,-4.294195923052547,-6.963338888047264,-0.5520053766187321,58
3470,-37.916666666666664,-21.959321901182363,-7.222222222222221,19.307600245400053,59
3471,-73.72614489653233,3.8643088137526966,0.3571428571428583,17.31607769209395,76
3472,-11.900138376942667,5.223171889838557,17.03252032520325,-0.6140350877192979,52
3473,-8.242240215924426,-6.263868981260286,4.795825237001709,21.73611111111111,48
3474,-8.062015503875969,7.211635410364993,-11.228788312121646,-3.6593598336244524,62
3475,-16.678437947787792,10.0,28.37627482555019,8.333333333333334,50
3476,32.86492374727669,-51.25019440090914,-40.946769280102615,15.323868677905946,80
3477,2.988380537400146,-57.76672832922577,-20.403285345145807,19.279852092352094,77
3478,-8.91922887296361,-5.471922985705817,5.3256812243374405,-10.786883228743694,71
3479,-11.212121212121211,-8.761197679270786,9.006734006734007,18.300707655546365,50
3480,2.5014333218667577,-41.259265049915456,0.7043650793650791,-3.772601998360769,62
3481,12.383939238777948,19.385964912280702,12.988380537400147,-3.0898268398268396,43
3482,9.115853658536587,10.482804232804233,20.906238464378,-6.621241537236159,43
3483,-16.778880147123473,29.453394637617855,0.0,5.0,59
3484,-11.720151828847479,1.1035715696732638,-17.735651398865528,5.0,65
3485,7.709990268129804,16.16591957907406,29.192898933767054,-5.322534072534074,70
3486,20.30603780205247,-63.591708419294626,13.727896129211919,-30.304756663103255,84
3487,-4.141414141414142,13.623188405797102,5.0,8.870214752567694,37
3488,-31.46224836757915,7.162421993443046,0.25451559934318624,-22.65401261583498,85
3489,13.576971565386897,-41.749985932917824,-7.048576457269997,8.44036120981182,98
3490,12.873563218390805,-32.31182795698925,-8.696581196581196,28.488944630248977,50
3491,-3.027565964657467,-14.312964683714618,-57.9894413172922,5.5538451012588945,85
3492,16.470614559312665,10.0,-20.547489413188146,15.140396584165583,50
3493,4.3179813216577925,14.166666666666668,39.38969980636647,3.787878787878789,44
3494,-21.236772486772487,-28.512742936601303,-19.36454359183093,7.173382173382173,91
3495,-11.65571935970418,-8.476430976430976,1.5819868451447405,-1.0317460317460316,49
3496,14.066291361798246,16.11111111111111,-5.5027422569473785,7.688656687796826,71
3497,12.336095157392586,22.183953673002385,14.350104821802937,3.0823996265172737,56
3498,-3.8287815126050417,29.799218871777384,11.413067926225821,-23.770202714433957,82
3499,-23.290844957511624,25.846832668041685,18.56580307729733,3.9772727272727275,64
3500,2.7755240027045303,24.548408057179987,11.311360448807854,16.189665658381067,57
3501,27.081363618893885,6.8939393939393945,-0.535081671498757,-21.34088539790294,59
3502,15.111283643892339,-0.9844054580896682,7.984756422556231,-77.1264367816092,60
3503,16.22050622050622,4.587732528908999,1.655844155844157,9.973561888523525,48
3504,11.904063858398226,6.572327044025157,1.95205927806672,-9.979060099491992,54
3505,9.202703037776383,3.134226884226884,-37.24386724386724,12.831284744262987,53
3506,9.117063492063492,-7.868240438110105,8.543771043771045,15.331409841213762,54
3507,2.4534047217772663,-6.470728050608841,8.67789899968331,-35.601467831010105,82
3508,-4.653734416542765,6.8984840042340405,-26.291866028708135,-10.678024083196497,57
3509,-22.252336135192536,-8.14653740900154,-29.235928804027935,13.80685655891643,84
3510,-15.457848837209301,-5.274584929757343,-7.814020460663862,-3.9021164021164014,68
3511,23.738167206955563,-0.0029932985165874726,4.451578163034521,3.333333333333334,89
3512,-55.36143681016953,15.188473338040689,17.457683928272164,-7.358744982667394,86
3513,-1.5277777777777777,13.205128205128204,15.0,15.85360785728433,37
3514,17.455988678959493,-3.333333333333334,-45.66810344827586,13.623188405797102,60
3515,-9.622747343628953,-56.7327414732975,-9.466798742923459,21.099980642663567,84
3516,1.7005326026357306,-9.508859416481044,-49.82187781177329,-55.387502197179316,93
3517,-5.37037037037037,-5.190576394990273,-5.217796412764967,4.770114942528736,61
3518,0.0,3.8374324088609804,-0.3069896703316699,18.21787763283927,54
3519,-31.854764009936424,-6.061411418237658,-1.210277214334009,-4.598060330923989,85
3520,-12.423063875781507,-41.460717235911034,-43.467894450573844,-27.490187198067634,80
3521,-13.894993894993895,4.087293443096031,-31.520516418057404,-49.92079743629512,103
3522,24.4340493753268,9.191919191919192,12.777777777777779,9.85351820066483,51
3523,9.115853658536587,7.873563218390805,0.7244744744744738,10.283664480323411,43
3524,-82.1264367816092,3.4722222222222214,5.0,-6.347203603642075,57
3525,14.32776204457031,12.557844091073237,-21.073082010582006,-1.670679138051744,63
3526,-18.015873015873016,8.862292345765823,-10.877579101816163,4.353285173718611,55
3527,-35.05943052122271,-36.242010770641485,-54.93591410371003,32.08879865192962,111
3528,-23.595177881788967,-1.6309974436268408,-39.18379538464401,9.671249703792348,89
3529,-44.17794453098921,-34.40726456946965,6.680615446438232,-3.609831121070223,88
3530,-0.37037037037037024,-16.419962342298188,-14.007988403149694,10.166398282340312,63
3531,6.851851851851852,-1.5929634265053547,-31.916391945697526,13.766116852064481,70
3532,24.030383573066498,-4.012867188423305,-6.761150675062589,-18.44825408298876,77
3533,-6.987547892720307,0.27940220922677206,17.36854875198916,0.1275788239146185,60
3534,9.19269692988858,12.03252032520325,-0.8122611911178126,7.328310453310452,56
3535,-15.812709791204414,14.1677147235573,-46.91968914603292,3.1155369205683674,67
3536,7.873563218390805,-5.574837853404452,-3.0774102191436272,13.565059290596965,67
3537,2.9761904761904763,7.136752136752136,-18.688668787353,-10.700676638176638,55
3538,13.36734693877551,18.918030694166017,18.374183006535947,-1.5318166675543274,64
3539,12.181072873359224,-22.37505739590366,12.973169895724245,-24.543650793650794,68
3540,-10.063588372411902,-6.747181964573269,-9.100541336896564,8.968253968253968,51
3541,26.515594541910332,16.857158817943134,-6.430802567035286,3.787878787878789,51
3542,24.90889479004929,-18.41959781161233,14.424603174603174,-2.4127883696616834,63
3543,-25.21578950849178,-25.568523164910975,10.829841021159837,-3.5980417364259027,74
3544,-9.58761415525114,9.163203945812644,-37.51925225560748,10.030808091936464,75
3545,-72.72176817435438,-5.17507582023711,13.429118773946362,8.773731714908186,63
3546,-33.94662377717152,6.283068783068785,-63.437455442818305,-6.09375,99
3547,19.016647309330235,12.136752136752136,4.168823683234712,1.8939393939393945,50
3548,4.205547080261039,-12.473508681509749,-14.873013196174426,-3.6963145581513475,102
3549,9.112307463129925,1.402156335799713,11.711959211959211,-0.8143151302355274,79
3550,-16.88465708864191,12.277177322943915,-13.697916666666666,-47.25510777605672,73
3551,10.011574074074076,10.0,15.0,11.709608158883523,33
3552,-7.562132371556832,-11.5019565019565,11.363949088407292,-0.4531425364758661,72
3553,-7.312138125060645,-26.328921974083265,8.036881419234362,2.6979250386732687,63
3554,9.901960784313726,2.688172043010753,-8.233082706766917,-11.913580246913579,38
3555,2.598631239935589,-10.411706349206348,-7.639249220131572,-22.144981113463597,75
3556,22.268907563025213,4.110575071613603,-0.46015712682379295,-1.9135802469135799,57
3557,14.215049656226128,10.022404160567369,-12.862762395243474,-14.88053258605562,92
3558,-15.201602731281834,-24.558784356049948,-0.2608356358380286,-44.66154535260846,126
3559,-24.227994227994227,13.442140296979009,5.0,-7.961287078934138,47
3560,0.006506097046575787,-15.01706626706627,4.901960784313726,-2.2222222222222214,62
3561,4.62962962962963,20.070546737213405,10.0,-18.301763894436306,42
3562,-6.949388451374547,6.193112514959035,4.7078649625158056,10.960137312596329,75
3563,17.630383730216877,6.921885310530085,15.82516339869281,7.144396551724137,62
3564,18.79498785391234,2.3953649535044885,12.688172043010752,9.725415070242658,46
3565,12.314814814814815,-5.9451181002905145,22.026963599108768,5.856984702093399,55
3566,-16.5003071935845,-7.059352808680765,10.0,22.031407745482596,69
3567,-25.98450491307634,12.777777777777779,0.35381641014411125,5.1256034150458465,68
3568,10.0,8.946608946608949,5.9375,-12.88546950311656,44
3569,-7.90905066181266,-5.728460556046763,3.8374324088609804,-1.2121212121212115,60
3570,2.5560701142096485,-38.90137088416654,18.701625560525027,3.3143656725718156,83
3571,-10.806560757889333,-32.8557095352761,27.318643831801726,-10.233228511530399,85
3572,8.043495175848118,-26.103457392992,8.81673881673882,-37.46221068239085,73
3573,-58.656786374177685,-22.76302019930206,-13.427672955974842,22.2414649620532,68
3574,-2.33108108108108,15.8380902866197,6.392045454545455,11.984126984126984,56
3575,12.080610021786493,-10.833333333333332,12.604166666666668,10.0,36
3576,0.0,12.609628640440095,12.195913794851684,9.385964912280702,71
3577,4.8180076628352495,16.93798449612403,12.136752136752136,2.7850544517211184,43
3578,15.86443571729367,-50.95390441738399,-7.552174787825577,0.7413036136440394,68
3579,13.872974556961832,13.573056415548676,24.680672946488706,-33.20632162402128,53
3580,-5.473452507766233,-7.703634085213031,11.660618423326223,4.949939766116238,69
3581,5.0957049486461266,-25.695153061224488,19.814708873633357,-40.28756166579869,72
3582,-43.74105297777644,23.73298199385156,-0.9060846560846572,-24.770723104056437,69
3583,9.210755002011158,2.0546737213403885,6.3113604488078545,23.22038757023277,50
3584,9.0990951289735,-17.482464823527256,2.1840549085131125,12.688172043010752,65
3585,-11.212121212121211,-38.606366154017934,-10.38334505941213,14.166666666666668,68
3586,3.0895691609977325,-8.962078789664996,20.401757477184425,-4.867759643974477,68
3587,10.706521739130435,-10.887688774360193,2.450980392156863,-20.622322521419825,72
3588,4.50093724741612,-23.80870640191419,-24.483490777903278,0.7634226605593688,81
3589,15.363438304614778,7.090347923681257,-22.49221910986617,-6.7868589743589745,56
3590,-35.216775274424656,1.2378167641325541,16.148440931049628,2.780631458792378,70
3591,-19.210297408533528,-32.15020386419981,6.569949703734326,-50.67344907128189,78
3592,12.16525722339676,14.62962962962963,17.84327387588257,-0.6941808981657154,44
3593,-40.44000646941823,-29.149086018595547,-0.06164587046939829,-3.784925276153346,78
3594,-32.085024787230665,-0.6140350877192979,10.671422172998657,-17.91747813452885,78
3595,-15.644078144078144,-20.57387766667904,-23.286526059346926,2.433498792040959,80
3596,17.984705353126405,7.962962962962965,10.479178902989917,8.11552646634893,57
3597,3.779801682768804,25.396238051187172,7.988380537400146,-5.977348095849377,47
3598,-0.7746422447638732,-4.640700483091788,-25.752077290189813,2.9312738661017077,64
3599,8.051568314726211,6.3113604488078545,-7.967479674796747,-13.055555555555555,46
3600,7.6502132334864985,4.901960784313726,-6.940505845577303,-9.17989417989418,65
3601,7.646460369547063,-11.177436645863143,0.8684991611820889,-25.7366854745686,74
3602,15.0,5.93915343915344,7.777777777777779,22.77987482255775,41
3603,3.1694971132661105,18.666507253307827,3.8418500331274625,10.13902946468736,51
3604,15.954456480772272,-7.074967006177873,9.28130511463845,-16.532198347460344,72
3605,-2.2222222222222214,29.197438512531306,3.7454832881662155,-10.862573099415204,63
3606,-0.6140350877192979,11.419234360410833,22.038712921065862,-3.9236111111111116,39
3607,11.77304964539007,-1.212121212121211,12.503192848020435,-22.10242303992304,50
3608,-26.077504471304646,-1.2551230605587804,6.330309901738474,29.588063995391586,66
3609,5.0,0.8621933621933628,-29.041464566251094,6.117724867724868,63
3610,3.4090909090909096,1.1612364243943194,6.984126984126984,6.1252826932651505,63
3611,-17.490543082648344,-9.573545841628388,-1.0284667952913917,-7.9985076261672,77
3612,-16.81000500224258,10.9686073114488,-1.8526461510530101,19.89830887623277,83
3613,-30.946730965113318,-34.41070963745076,-1.4600437876299956,7.830275918717467,93
3614,19.036037062352854,-23.538011695906434,-68.71154511044,-14.80448455017774,70
3615,10.863063189600012,16.519142917447525,6.417112299465241,9.96658390215972,58
3616,5.63973063973064,-26.640697945845005,-8.987409778726306,-13.497121316753848,70
3617,-6.28307742467309,8.83743240886098,-14.71305448910665,-24.810198460387745,81
3618,-14.856934001670846,3.68093503339405,6.4124293785310735,-31.23128104901263,68
3619,-1.7985259070530395,-2.7556834960586554,-44.71861471861472,19.07986111111111,64
3620,3.08641975308642,16.438537013828636,-22.780237543045892,-6.570749860376056,52
3621,-6.744135776643517,8.333333333333334,4.430402610434056,15.472633151479645,59
3622,-1.9416386083052748,-5.313232708293041,26.122467004819946,15.343627362148414,63
3623,8.375420875420875,-17.392676767676768,2.873563218390805,14.474106140772811,53
3624,-15.78544291310249,-0.6778410288846715,22.782567049808428,-2.8989474577709853,58
3625,19.573571772920953,-3.7499999999999987,1.5676141257536607,-10.728347987687068,62
3626,-5.1827190372082,1.2378167641325533,1.5724206349206353,-5.0,49
3627,25.95007565142731,-31.007566994409103,-7.373911649273966,-23.36933253347897,70
3628,-36.74450575146601,-51.238717709305945,-16.502512301585796,11.262762487484428,106
3629,-25.335187863650862,-38.37918602400309,10.067888954383209,11.556637806637806,70
3630,-4.039858851341956,-0.8557183557183521,23.738369706568918,18.70669056152927,54
3631,-0.09513294140509787,0.6557087310003542,4.344919786096257,1.2205062205062207,51
3632,4.590101184928772,8.205128205128204,16.93798449612403,0.7864278752436666,43
3633,-2.150203864199807,12.094943240454077,7.083333333333334,9.755291005291005,42
3634,12.203086176871341,9.765743086176522,-17.126436781609193,-1.1101558967137768,60
3635,4.810274527348271,6.990131578947369,2.777777777777778,-4.0832315832315835,73
3636,5.0,-4.52722192403041,-4.769119769119769,-2.685185185185185,69
3637,2.5045929302895242,0.526315789473685,4.989308624376337,-74.25642046680323,84
3638,8.248375812093952,9.351029237484532,-22.58893280632411,-47.114329070693586,66
3639,-18.65775558246396,-5.812908496732026,6.983117091038114,11.161677828344498,58
3640,15.910726182521122,13.614185110663984,2.725237271777618,1.9220216216542125,84
3641,10.218845183928366,-2.1259989462899966,-0.1807057258844802,-22.832135822949148,88
3642,3.2528180354267313,-69.08258756470802,-31.91771399558977,17.343260188087775,91
3643,-1.051653660349313,-45.47867464818168,15.667279466714495,-24.438827098078868,63
3644,-16.63546435218262,-6.097323830105013,-27.215943807060434,8.125,77
3645,-8.505244451067268,17.14209766841346,12.427213309566252,3.6669890393294655,50
3646,8.472222222222221,15.505555198537657,-45.95624642499642,-9.64036904310382,79
3647,-6.458653353814643,1.6448445171849426,2.330378764601985,-24.99161499161499,60
3648,11.984257901596614,0.9957498482088649,2.0667510160263785,17.41704043963147,69
3649,14.430505774591797,3.0009161131177136,-35.89393615497006,10.373563218390805,77
3650,24.626207037492208,-106.82141670491217,-24.943019943019944,-3.115547666219559,96
3651,-19.51584083256373,6.134154516507458,-0.9176077639737068,3.643578643578644,67
3652,7.5439857695769215,14.695767195767196,24.22008547008547,7.525252525252525,40
3653,-47.507233022214294,-6.031746031746032,-59.79105563226808,-20.538850008046296,103
3654,7.327888338744252,-3.6013148108066613,-21.363442610245677,-46.37500878487595,88
3655,14.486048548548549,10.223171889838557,8.48560354374308,-0.09391645640594337,43
3656,-41.282679738562095,3.333333333333334,-17.848308295305745,-19.918834442427904,76
3657,-18.103784899450535,-10.927524856096284,18.882867776016194,21.294006238859183,69
3658,-8.229166666666666,0.08714596949891096,15.634670073388216,1.8825517871825501,58
3659,-1.7804907516758899,-5.495649525980021,-14.930156512817803,5.766078855159315,78
3660,0.0,-33.136056399758324,11.09998064266357,18.74034749034749,63
3661,3.6937107464068264,-12.613837493566606,26.126126126126128,-18.18363615860998,74
3662,-68.63287778596653,-54.81001494711949,-24.364408764443425,-7.637844611528822,111
3663,-57.45469216607108,1.50949107272765,17.805096767698544,-0.07276868328486952,101
3664,-25.643681701864214,1.323949408404733,-19.343761797995207,15.118940078289674,72
3665,-51.98547324653034,-9.015151515151514,17.19298245614035,10.952380952380953,68
3666,-129.20636151626175,-31.3503626003626,13.764111705288178,16.32999888089702,118
3667,-1.0886218522496718,-44.11205275575187,-37.32263877675836,-41.87528437233625,100
3668,3.819620094783812,5.1351024030887,19.963227793207466,2.8291559553163124,71
3669,10.673966556319499,-0.36876322010700546,7.873563218390805,6.526698724581383,60
3670,-4.542619542619543,4.671717171717173,5.989074154035792,7.380952380952381,45
3671,8.770739064856711,7.01350179611049,-3.8858470217355223,20.582141499480212,52
3672,8.689719455535215,0.0,-2.496807151979566,10.616229245333058,62
3673,-7.986550486550487,10.0,-2.222222222222222,5.0,40
3674,-25.468409586056644,15.434279388083738,-4.391025641025642,11.034193980622552,51
3675,-11.254208754208754,-4.146825396825397,6.652655830027701,23.9115380722176,54
3676,-9.990919932780397,8.333333333333334,-3.049815303671925,1.9516942654976415,61
3677,-7.9393452783412215,-10.128205128205128,-13.969603699222418,7.703279051733689,68
3678,18.609570872180445,12.731481481481483,-5.67087973041343,-1.4748508098891726,60
3679,-64.25453631335984,8.46706203849061,2.9821859522882335,5.202335794441058,63
3680,2.8739491857577963,26.82822510483051,-13.041469461347758,0.08799420863374507,64
3681,-18.139687210404297,11.335352569211967,11.77304964539007,25.323868677905946,49
3682,20.856592589767992,-9.695001202583718,26.957241039721854,-6.368779493779493,61
3683,8.894927536231885,-46.48730829831981,-51.73154958802485,-8.35701592646037,96
3684,-14.537268590123421,27.1196919023006,5.0,-17.126436781609193,52
3685,6.173708920187794,-54.680308513982965,12.56003774889948,-18.96297602179955,97
3686,17.348927875243664,13.623188405797102,-12.576170823856192,16.695358699035168,58
3687,-28.389716476738233,-35.006061526153424,2.2933288168496553,4.334165978013171,83
3688,-3.5938969139959815,-3.308080808080806,11.311360448807854,21.117724867724867,56
3689,23.36940836940837,8.872863247863247,6.952460430565353,-34.468343241162714,56
3690,-2.1403652469360503,-5.833333333333333,-28.706343277553913,-3.4419121183827066,77
3691,0.1688799993308816,1.88608776844071,-21.3768115942029,0.18962498564016883,75
3692,5.902777777777779,14.192546583850932,17.447220864559576,-2.9866434170096277,52
3693,3.7202380952380953,7.851725243029592,7.380952380952381,-18.32180391447633,50
3694,11.44681106480767,-23.935958098440167,-28.85971893546691,-21.12402628722571,87
3695,16.547619047619047,-8.683862433862434,24.391395356121983,-38.76147554136684,67
3696,-3.8973063973063966,3.247959353656505,-26.03960363983776,-44.59451506591337,70
3697,-11.823786586594936,13.813279530447543,5.983329414971589,-7.378032572191749,60
3698,7.49833701285607,5.0,-3.330017997537178,-26.503047205536344,73
3699,15.100250626566414,-37.99131477178927,5.643264397957765,-19.552747318529267,87
3700,-55.335863297963705,20.005457807363328,1.7261904761904765,10.076737696600713,77
3701,10.619599191027762,-8.017933768617763,20.301557885563266,26.17283950617284,54
3702,-21.269458374234656,7.278360082978491,-120.2245708027749,2.0268724985706124,94
3703,-8.48567697251908,9.62962962962963,-4.1358024691358,-15.874775139432252,65
3704,19.897310415390297,2.295090973752991,-39.19760227458654,4.5535510715914285,89
3705,-5.43276970079274,17.427213309566252,12.380952380952381,15.761413008753435,48
3706,-22.479009785721562,9.976232917409387,-8.106060606060606,9.385964912280702,48
3707,-13.448293020899381,8.333333333333334,15.153999006458022,-12.470330442106121,61
3708,1.2321937321937322,-76.54062777681447,23.774651274651276,6.370992135511192,59
3709,18.858024691358025,-5.238095238095237,-25.64337430878784,1.9112174375332271,54
3710,-17.598590289552536,22.166649418865376,3.9971777438689724,-2.2982139119910023,73
3711,13.007054673721342,-34.74286569973901,-12.092803030303028,6.522717049032838,57
3712,-40.76581642371116,-31.16486199308654,-34.23458851500634,-4.675925925925926,98
3713,-19.827077587465947,13.20849229402306,-58.364610612445674,0.0553391690684526,104
3714,-14.507382251635121,-50.567873072211576,-26.9201812371894,-7.288934897630548,83
3715,-7.636545859585075,6.478008390986635,25.77485380116959,23.374183006535947,60
3716,-18.24719995451703,11.092092992698296,11.461988304093568,10.524747073421825,68
3717,21.30419062275133,7.252252252252252,8.122082166199814,-102.82292763441073,61
3718,-6.527777777777779,2.525252525252526,6.822612085769981,-0.833333333333333,42
3719,-23.41837185297942,-29.601889338731446,-20.103531945637208,-2.758163524753914,82
3720,-14.438862671284063,-9.975595750789548,-10.695153061224488,7.849210987726476,64
3721,5.519403506346568,-38.37863961747226,26.054852320675106,-20.19555993532799,79
3722,-25.72063170747381,-21.24925727866904,6.946525239208167,-50.49719291496941,93
3723,-26.395059039876113,8.026163363896284,-10.679723502304148,-6.778240164284231,66
3724,20.19551544982226,36.79099708064537,-8.904545215251181,-9.438181497005026,66
3725,-0.23809523809523725,17.950672556422592,14.864267676767678,-4.02883613151931,60
3726,0.7870370370370372,0.9808612440191395,-35.48996913580247,22.889332393093426,58
3727,-20.634616974804473,13.768805968472268,21.243781094527364,15.19872290636747,67
3728,21.605470022808735,5.8867862390434205,14.368275084431575,-27.349501203990368,64
3729,12.873563218390805,5.585585585585585,-1.2121212121212115,8.262835535294382,47
3730,21.843852188679776,-7.311827956989247,21.35964912280702,7.834757834757834,52
3731,-41.25745858681175,-8.353518301418939,-13.972770680087752,-19.209981514271522,100
3732,-18.290494227994227,10.0,1.500106428267348,9.966356107660456,56
3733,27.649572649572647,22.604166666666668,22.5551093835151,-32.2415648228953,75
3734,4.211215932914047,5.612893525838874,4.62962962962963,-24.598765432098766,55
3735,-40.852821695212995,3.393246187363835,5.899265790570139,0.5803571428571432,54
3736,2.8595889000743444,-17.96747967479675,11.015937320968769,10.472182138848808,84
3737,5.520673383675845,-18.80435151268485,10.72586328400282,-1.6711833785004513,54
3738,-20.428751576292562,4.255011988779165,-8.908186628710764,1.008132757448763,75
3739,9.695767195767196,8.369328727272823,2.192982456140351,9.720692368214005,44
3740,12.601197452804866,9.901960784313726,-8.456204648065114,-13.569218306060408,68
3741,-5.133349943530307,0.0,21.72080005924218,1.851851851851852,59
3742,2.873563218390805,-17.644993894993895,12.339219064025267,13.07920692431562,45
3743,3.970365513492199,-1.362261398959114,-52.78152403152403,17.014157014157014,74
3744,-11.76470588235294,5.0,-2.474747474747475,-2.0238095238095237,41
3745,16.822612085769983,5.288461538461538,7.525252525252525,14.583333333333334,41
3746,3.5714285714285716,23.76732702258464,1.2809665047516718,11.64777021919879,61
3747,12.62531119673977,-18.123564741211798,16.19918699186992,9.914174972314507,49
3748,5.517127799736496,-7.023809523809524,5.9610917537746815,16.117413304732835,46
3749,2.136506666307156,-14.324711813901555,6.522717049032838,-17.953275244941914,63
3750,6.878524436090227,-11.264369453329968,-23.644836089382792,1.756532949448328,91
3751,13.413303275856865,-23.996238848717212,3.205128205128205,21.54320987654321,54
3752,8.20971458715087,-26.925008721563366,13.896103896103897,7.301587301587302,55
3753,6.5656565656565675,-14.143571489109249,-1.7948717948717956,1.7708333333333357,48
3754,9.146191646191646,-2.2590197969836368,-5.37037037037037,12.380952380952381,59
3755,12.782623741703025,-7.85608498544545,3.43749495399477,-11.530501089324616,80
3756,-3.015873015873016,3.2051282051282044,-29.8526627711527,17.403305666414685,75
3757,-4.665571351372961,16.93121693121693,7.688172043010753,24.57451499118166,56
3758,-7.662286015709353,-0.4259672419799658,-14.886187566814165,8.709172771672772,71
3759,4.898013955984971,18.333333333333332,14.166666666666668,1.118116578138217,49
3760,8.333333333333334,-1.8650793650793647,-5.085470085470085,-0.9094394601640978,45
3761,4.166666666666668,14.62962962962963,13.205128205128204,-2.0238095238095237,34
3762,11.886910981738566,-45.222368834585616,15.051392196314907,32.47238466536712,79
3763,3.4947838137855882,11.56761412575366,-18.04762873724967,-41.15590755086062,88
3764,-1.2070585077831448,-6.9552669552669535,-0.226617959783594,25.129357298474947,51
3765,-20.984405458089668,-30.365768035540412,10.802968584547084,11.300258759608354,82
3766,-2.997603265550686,-7.856144692460733,7.8649237472766895,25.674935203966648,58
3767,0.5617352614015574,-25.614035087719298,-54.826758739958166,4.901960784313726,58
3768,3.160817467083451,-21.24973553216698,-40.045177632637035,-19.499608286787613,119
3769,4.36536733706545,-33.638425892592856,-22.45180585697827,-13.137464387464387,72
3770,-28.544442948804235,1.7361111111111107,-15.197368421052632,-12.023809523809524,58
3771,-7.474747474747475,8.718934601702966,5.102836054868595,-46.928899481955504,79
3772,3.9290935672514617,-5.9201388888888875,-34.14354514054877,1.35604927100829,75
3773,-30.541182297655183,0.0,0.804738562091504,0.7303807303807295,68
3774,5.068510068510068,3.922111480251015,-2.222222222222222,16.849057375373167,44
3775,6.836945304437565,15.232271745429642,-4.762351469668543,11.070432491698506,67
3776,-6.666666666666666,19.740918803418804,-2.2244759972954697,11.004140786749483,39
3777,-1.3768115942028984,12.591093117408906,18.39302114003843,12.038370455709167,47
3778,6.6270010419626795,18.420908593322388,-24.886614281775575,2.819920585814425,58
3779,11.538461538461538,20.766045548654247,10.0,4.603850104199649,46
3780,-3.2826632336436234,13.584643848288621,10.0,5.6818181818181825,47
3781,-1.7647058823529407,6.760049523207421,23.66464861988544,-3.1968859322394727,73
3782,16.572420634920636,6.776153833414677,12.314814814814815,-5.753119429590017,45
3783,26.52121188827591,20.790282783623606,-18.397435897435898,-25.451591942820013,66
3784,1.338742393509128,-13.99255165009163,7.1798471436670415,-18.106211145426833,90
3785,4.081732108047898,13.623188405797102,17.406407024403627,18.870214752567694,38
3786,7.192982456140351,8.205128205128204,-21.358950668112826,23.442140296979005,54
3787,-3.9236111111111107,8.98929332374865,18.205128205128204,-0.28769841269841256,50
3788,8.684511529339115,-0.32770097286226285,-3.9448376948376938,3.799338203956796,60
3789,10.425079596906224,15.843101018539617,6.5656565656565675,-1.0053067805005795,63
3790,-4.928027472331944,-0.631528964862297,15.12332005024114,11.40507194799004,71
3791,15.238603988603987,3.08641975308642,30.02031080631486,-16.40558949261125,48
3792,17.23852332927156,6.515291559215035,3.6589008363201914,11.051587301587302,66
3793,0.8627752176139278,-49.94798234552333,-54.91735493717137,22.14722936101238,76
3794,-34.69534992289107,8.055555555555555,13.407886754382092,32.031425283861566,76
3795,7.941880814221241,10.739024289581309,-8.683454325468844,-21.76344896933132,61
3796,-12.474747474747474,6.272298300904307,-61.493697602333604,-0.42596835425360235,81
3797,13.009153318077804,3.08641975308642,10.760546642899584,-26.259398496240603,53
3798,3.101360488871002,-13.194444444444445,4.9803591470258155,-5.974698102357676,54
3799,1.1566987906273627,6.008483853311441,10.070546737213405,4.8084228753226075,59
3800,-10.763620763620764,12.083333333333334,18.24003928170595,0.2978825938977745,48
3801,-3.518518518518518,-1.4434523809523805,11.499881291547958,-4.745484400656814,50
3802,25.89712370962371,-5.0,31.48148148148148,-3.171683389074694,45
3803,-12.765567765567765,-13.819556889245447,11.158007931591133,2.5798428867079215,77
3804,-4.978770867158335,-22.360932602160673,-1.0950591703259605,-7.424973460565928,104
3805,-5.422114073659436,12.337428962142921,0.29817019400352907,37.24316578483245,62
3806,-43.650306390523546,-14.351851851851851,-42.97249917607407,15.21378362665821,95
3807,-6.624837556855098,-5.6109956109956105,-6.439882155148612,10.951501124214726,69
3808,1.997508305647841,15.300071445582281,3.086945304437565,-7.395833333333333,48
3809,12.253086419753089,1.6614420062695938,2.525252525252525,9.200902583255525,42
3810,-14.30115258546631,2.161018027811938,-2.3737757514353266,2.471201279340816,83
3811,12.024853801169591,17.642582810938418,7.976190476190476,-5.810470596436431,62
3812,9.617723058215535,-12.535300707467648,22.17948717948718,0.6849806512731391,78
3813,-25.991861373864772,-11.493006692310097,-21.04024283372953,13.20048309178744,80
3814,5.189255189255189,-5.330923569055283,14.834919630934813,-32.660801396141785,68
3815,-28.845119308652436,-1.7788495506759534,-11.714113181504487,-3.3987017320350645,73
3816,-28.268848291667766,2.1367521367521367,-16.225341979198923,25.139125516187576,67
3817,28.05797237183107,17.91462481486961,-5.679012345679012,-22.207703420681412,65
3818,-6.079280196927254,-14.924642641816156,9.56452656820304,-8.456237390356467,73
3819,2.051839792178215,-8.23009584894135,14.288273096412631,-89.49097295493279,76
3820,-32.00541762342135,12.828975637474326,11.937984496124031,-31.51884949605483,78
3821,16.84181718664477,9.62962962962963,-2.395833333333333,12.38095238095238,35
3822,2.4878167641325533,28.64257008549781,-1.0413476973091562,-0.202850877192982,57
3823,-32.33693207377418,33.25388566455164,9.401727030223029,14.405600785953844,61
3824,5.3418885619733505,5.665204678362573,-14.811621966794378,5.962401795735129,58
3825,12.253086419753089,-20.667505970601034,11.11111111111111,-13.563218390804597,58
3826,-6.527777777777779,16.547619047619047,2.604166666666667,-0.09803921568627416,37
3827,-72.37191154201213,-45.19134810058069,-4.336425954073011,6.598539345052325,94
3828,-9.673375174469685,-48.33239884122979,-10.135002940253738,-1.8838106338106337,98
3829,-20.878993126282147,4.811547714514836,-2.427176356235951,-2.8547392852890674,74
3830,20.39881574364333,16.47605083088954,12.858187134502923,13.086419753086421,33
3831,-5.3633130081300795,2.3857623857623866,7.274470256666691,-1.2732621784345923,53
3832,14.60421888053467,1.7361111111111107,-3.062015503875969,-11.769398074545133,50
3833,12.121212121212123,-7.619047619047619,-7.474747474747475,-5.444282001299545,44
3834,8.89780180848134,1.9733661400328082,-5.623308786064455,6.2003089364408694,58
3835,-46.77353796888558,1.6790352504638226,-3.73073383942949,-8.64974992664429,86
3836,2.9761904761904763,17.395901495920494,-14.038739038739038,8.472222222222221,64
3837,-12.293202293202292,6.0999107227258165,3.4974669148056243,11.231154831901101,69
3838,7.120098039215687,12.114831540334002,1.783842666195608,-18.434343434343432,55
3839,-4.96666767065249,6.090636090636092,-45.148306336497726,-2.25564124713346,76
3840,24.038198456039098,5.416666666666668,6.718979284302167,13.870214752567694,57
3841,6.725336067441332,-11.702098100124417,27.552389974591897,5.0,73
3842,-53.382352941176464,14.62962962962963,7.314814814814815,7.032520325203251,45
3843,-0.2590811965811963,1.8612035768898543,21.302083333333332,3.56528694062135,64
3844,21.54320987654321,-8.55014794216246,8.55261625827743,-3.263888888888889,54
3845,17.450980392156865,6.65642601126472,24.99493927125506,2.878151260504202,39
3846,-2.2222222222222214,5.537400145243284,-22.28363297635743,-42.25823844938267,84
3847,1.029604367652837,0.2393160833546224,13.809624811463049,2.393702069303737,68
3848,7.976190476190476,34.11585365853658,7.500000000000002,8.039508322466563,41
3849,-11.913580246913579,3.8266931717790325,-43.72094583919212,-8.993221111722393,67
3850,2.314814814814815,-2.3972980424593318,20.883289415898112,4.822775263951735,43
3851,-18.457646840115395,13.37929062663105,18.135964912280702,-4.662557648038591,62
3852,23.887860251627536,7.054673721340389,11.79590017825312,-8.421052631578947,49
3853,6.4374837334989135,21.623488230732146,1.5028656558327773,-23.266632894292467,62
3854,-13.458110516934044,-10.21008036338225,11.099075071582561,12.60012386055556,62
3855,4.340277777777779,-22.4930554570514,11.543209876543209,-0.33021866259852484,54
3856,-20.725630421453246,12.957936336509308,11.77304964539007,21.572327044025158,53
3857,-4.946530367700238,-15.610741597583703,-38.68177877070801,-18.033241810053397,95
3858,16.535303237651508,26.83801617709664,8.341434316912562,-18.18840579710145,58
3859,-97.71097820734765,-22.74774774774775,13.333333333333334,13.525668597003104,76
3860,21.293318851458388,5.3565938892025855,-7.497192422199722,11.112518796326595,66
3861,-22.344624645349285,18.436791383219955,12.03252032520325,8.745791245791246,49
3862,27.026063546931976,1.983801567134901,-1.943657845913485,-2.870945479641131,59
3863,6.5476190476190474,8.787878787878789,5.0,0.6271043771043772,38
3864,-12.572786690433748,-5.3287109673218325,5.0,20.34575207422735,61
3865,-15.656000571414102,10.0,12.083333333333334,24.957160098002866,51
3866,7.262426900584796,-5.404287070953737,-81.1819305762935,21.98972594041139,84
3867,14.40080991593122,24.869511926734425,-25.192356540405918,-15.66837311080732,79
3868,-0.6644144144144146,4.565604898085717,13.774404249210448,4.62962962962963,47
3869,-54.135257344499045,-6.096927818379778,-78.45279787782933,-23.877923976608187,134
3870,13.509160756501181,-27.685185185185183,23.625197205318912,-30.941736060581565,51
3871,-9.937810074249953,-4.7884781283180295,7.767598789104167,10.398815743643329,67
3872,7.976190476190476,2.0833333333333335,-6.143000585725044,11.814526955311715,66
3873,-13.203985316537912,23.05892727461355,7.945526695526695,7.207921184743938,69
3874,11.336315743643329,14.901960784313726,9.385964912280702,-1.0317460317460316,38
3875,-54.64897438532961,-1.3109661385523452,-6.866389232460656,26.262626262626263,66
3876,17.450980392156865,-2.9768905855862364,11.021505376344088,28.009153318077804,50
3877,-3.654308444831159,-42.91397590498605,-30.428042441379525,-8.909582489608514,98
3878,6.811594202898551,23.860028860028862,-24.92049350816036,-33.76784050611549,77
3879,-13.66260769405502,-35.462157228897055,-4.388327721661053,-19.122624145443616,70
3880,1.8115942028985508,3.1133519368813483,13.01744057247202,2.21780807184534,56
3881,-21.933578987150415,13.330245342719245,19.531590413943356,-5.333016533581507,66
3882,8.002763605442178,21.01448007692642,16.04454452263338,-5.279593318809004,70
3883,-31.55282988616322,-12.695105424547988,28.47222222222222,-18.63224436419943,100
3884,-2.3611111111111107,4.956896551724138,-3.6141459856499862,-6.493886230728336,50
3885,17.763290501385743,-29.767905454046762,7.076719576719578,-2.380168551977043,70
3886,-46.571489001713246,-6.642741642741643,-3.099001140411733,8.870214752567694,80
3887,-19.48349724793836,-18.154558065068347,17.32298474945534,-13.69923884849258,91
3888,10.608974358974358,12.464387464387464,-30.249959003912195,-5.76971386648847,63
3889,2.6815002396397745,9.617735535074248,-5.0,11.851851851851851,46
3890,-12.592592592592592,-14.414414414414415,5.0,1.0606060606060623,46
3891,-8.7417174983633,3.5564540281521415,-15.176983510316841,3.9652152152152156,65
3892,10.818521101479346,-27.856460109933522,-13.124582500560594,-6.141963245246419,105
3893,17.811781510922245,12.362155388471178,-14.836833484508876,-10.946179433021538,75
3894,-16.206934014740646,-24.38932980599647,2.0902690051417387,12.249962513120408,77
3895,-22.532819101061392,19.898132272128706,-7.463607342955264,15.042357368479307,76
3896,-14.931826047667123,7.984901277584205,13.886239180356826,6.851851851851851,54
3897,19.62962962962963,17.63888888888889,-1.6535889404594903,-0.2507598784194527,57
3898,20.862193362193363,-7.907509659804243,-28.00708420017399,3.228706502363792,63
3899,17.976190476190474,-7.685185185185185,-11.365890509188562,5.632341514694456,63
3900,-11.93840579710145,-9.042911935951931,13.476800976800977,6.8939393939393945,68
3901,-3.6733956491544193,-24.32130765992416,-96.04073129764735,-3.1517881517881516,98
3902,14.262574595055414,-0.7010582010582009,-0.0292397660818704,-50.5700428319476,55
3903,-22.114777684953125,0.8754610102492013,-24.274309959033992,0.9446650910065539,82
3904,-19.486003151093435,10.024719977390703,2.8919828919828925,2.6388888888888893,73
3905,19.74924012158055,-0.7529239766081863,-2.685185185185185,-19.392684610075914,47
3906,17.679738562091504,-7.303113460032479,9.853479853479854,6.241732804232804,65
3907,-30.129161894305888,-13.50090579710145,5.779923096052064,33.73303167420815,65
3908,12.87675819805563,12.450980392156863,17.86949920350458,7.756132756132757,46
3909,-6.127136752136752,4.574342945486322,2.0049701115877614,1.201124395688673,61
3910,-11.181303623164087,-11.848778489959464,15.77984817115252,4.4770325438393535,70
3911,-45.546069298717605,-20.734126984126984,10.78108125277937,4.359700184384442,75
3912,-49.349714014637854,5.0,-19.84083785029163,-29.517177678087943,100
3913,-7.188349142913084,-0.5346720665505404,8.787878787878789,-3.7499999999999996,61
3914,1.0419925545975963,6.325995281397038,8.485838779956428,11.77304964539007,71
3915,8.905945419103315,-18.849206349206348,23.58464384828862,5.09532838133244,47
3916,-23.334408129366942,10.0,8.968253968253968,-8.20409982174688,59
3917,-2.4998662140361185,-51.62511870845204,-0.6864601927489684,24.91731035848683,75
3918,-7.685185185185185,6.766381766381766,-6.970004927322002,20.43643685269301,49
3919,30.906238464378,8.252818035426731,6.384140550807219,0.0,43
3920,5.034013605442178,0.0,7.680510381424034,-19.117709202628646,62
3921,-14.85409454517006,13.968253968253968,10.213424568263278,7.380952380952381,42
3922,-67.45807695876094,2.5631617169284873,-15.436771783181358,-0.5337690631808281,70
3923,-40.80153160016956,-0.5106932308148591,1.0029188157186246,-1.944624702574086,70
3924,13.960569361365172,-12.719658379285212,22.899793272133696,20.530457197123862,87
3925,5.5239898989899,-26.513179846513175,11.59603216447279,4.080112721417067,68
3926,1.1982570806100226,-5.704916940535899,8.313844971453667,16.15092456826328,55
3927,10.504742547425474,4.517704517704518,0.0,6.553473408312118,42
3928,12.626224248564673,-3.570448885039955,18.797727664060627,5.195376597270644,64
3929,-12.023809523809524,3.6890338614476548,-3.633879781420765,-3.554726811465006,76
3930,7.873563218390805,4.546456629789965,-43.71085782808947,27.53177529565101,62
3931,-21.677718832891248,2.506127450980393,-3.0545454778191345,-2.526555843024132,67
3932,-6.121031746031745,7.525252525252525,-41.10056495118414,31.642159377622725,67
3933,3.4039241943802985,20.58416096528601,6.60264105642257,-17.72892123840375,80
3934,-13.71757084523042,14.901960784313726,0.48220255263598855,1.6564260112647213,52
3935,6.39546727782022,3.4722222222222214,34.73171511867426,19.24500943877844,56
3936,8.333333333333334,-30.143327067669173,6.02034841165276,5.0,49
3937,15.110439386755175,-1.8929110105580698,-1.0317460317460316,-6.309393592236415,60
3938,-3.163054695562435,11.73611111111111,2.176061808503653,-37.98401456667586,63
3939,1.2830687830687832,-14.561075498575498,6.205942320409556,13.472222222222221,51
3940,-13.577924515424513,16.54320987654321,-22.988346366005942,25.140674834659354,73
3941,20.0,-10.182770489788034,12.588075880758808,5.0,43
3942,13.400779604916856,-10.846799113052981,-0.5215419501133773,25.943933128835727,78
3943,-16.159749041752434,5.853174603174603,13.787878787878789,7.667902726042262,47
3944,-17.045758516784858,27.11642889274468,22.345470762809473,6.459879944691904,65
3945,12.083333333333334,0.3733333922716877,3.952886710239652,6.770833333333334,67
3946,-0.5612199691147062,16.602564102564102,-27.892487629329736,-0.26492866375925606,63
3947,16.144781144781145,2.4898950791795276,2.232308452669808,15.791784057599816,91
3948,24.422238189587077,20.27777777777778,5.303030303030303,-5.0,51
3949,5.169753086419753,-14.326033443680501,-13.268412090251168,5.768662728249193,56
3950,25.327019330157462,1.0629637483857426,13.205128205128204,10.0,63
3951,8.414172839145916,-7.122422443918715,8.62661296257767,-26.95658233993709,88
3952,-5.761834245309972,8.689033861447653,-23.398962148962152,11.468253968253968,63
3953,2.2337962962962967,17.97808594418764,-46.22508857980207,5.0,59
3954,-10.708844748807083,-34.54807610200502,-31.787770523432457,16.496751624187905,98
3955,-7.581556092135001,-11.726417493007883,0.22312069481880759,7.566738816738818,60
3956,0.2587009412614467,10.0,12.82031331050939,8.946653318077804,51
3957,-21.511451526280336,-50.541504784283866,21.467020790389974,-1.7113665389527464,82
3958,-55.99885657449675,-5.159539216394282,-3.7945087945087947,6.583053959131545,99
3959,-6.407388748397519,-11.92980204666787,8.383933818320527,2.333872066278108,75
3960,-13.920321001964004,6.937984496124031,7.343135259801928,-0.9551656920077969,48
3961,-33.28155504626093,8.086419753086421,5.504742547425474,-4.091203681598237,60
3962,7.873563218390805,8.55263157894737,5.611672278338947,16.311360448807854,37
3963,15.582010582010582,7.192982456140351,9.589460784313728,10.567283593599383,45
3964,-68.16833168534684,15.069828199394582,12.591093117408906,-11.794224597816118,96
3965,-1.8672014260249539,-5.0,23.33431125193139,-11.328921974083265,46
3966,15.5239898989899,11.829975579975578,2.9238906498727353,-5.884727110217305,57
3967,-0.7343913270637401,-13.853261295121758,10.0,12.5,47
3968,18.733160404987032,5.923202614379085,-42.524518865633055,14.641909814323606,71
3969,-20.56526103579879,-3.922856173042998,-6.029713114754098,0.871212121212122,69
3970,8.839869281045752,-10.0,-7.448693296016345,3.2949055775142737,60
3971,24.22587216704864,9.368235930735931,-15.763620763620764,-2.222222222222222,44
3972,-15.364203321520394,-2.0238095238095237,-21.07165303676616,-6.898775827347254,61
3973,-22.54768220285462,-24.4964245178511,22.611585944919277,14.751130442226682,78
3974,10.59947299077734,12.921339384021232,3.4722222222222214,-3.379567685591006,57
3975,-47.38950947061681,-57.396224015377136,-19.68389031794829,-7.096435963968321,117
3976,19.149384207523745,11.953780715947016,9.62962962962963,9.445234708392604,44
3977,-5.358293075684379,3.666507253307828,10.836526181353769,-15.872484201469021,53
3978,15.0,3.4351996002229535,-28.051146384479715,-16.21212121212121,51
3979,-11.625816993464053,-10.480462308199282,7.556596409055426,-19.487491877842757,72
3980,-36.57018362900716,9.58268734633212,5.0,12.083333333333334,48
3981,10.0,2.083475415246064,-1.0227272727272718,15.002986857825567,45
3982,10.809294871794872,15.740740740740742,31.42967206310322,-5.426065162907268,45
3983,18.009153318077804,16.84181718664477,11.391557357915676,5.0,39
3984,-4.148989001467363,9.336846728151077,24.385964912280702,5.4086762910292325,46
3985,8.241506980618478,-5.0,4.161652536317771,5.554260554260555,53
3986,-20.811297598717033,-11.788691916900895,1.5447032082370435,4.712001045111088,71
3987,12.380365035314156,-4.642857142857142,-2.510240655401944,10.34188034188034,50
3988,-6.46885521885522,6.720436063007933,15.475431001746792,-73.47497659261873,76
3989,18.24074074074074,-5.189753792232154,10.380123083858228,0.8390081966427381,62
3990,-12.30746780476399,-43.045593387870646,-69.72045101682681,13.350899556439913,88
3991,-21.1038489469862,0.5199430199430193,24.544759582945474,-14.312537586791318,87
3992,2.7523650628992526,7.380952380952381,-16.061827956989248,4.166666666666668,50
3993,-8.6903121932949,-34.98261571148257,-5.69515306122449,-37.819437866232576,81
3994,-9.056529633330157,-24.497494950044445,-23.653022199217848,11.328990855385927,84
3995,-18.5323722985129,1.700680272108844,-6.615352416473773,-10.796676441837732,60
3996,12.688172043010752,6.313131313131313,30.66520467836257,-12.121848739495798,38
3997,26.27598740130404,-42.38744832494832,-14.675925925925927,8.36734693877551,69
3998,7.380952380952381,-37.17290023805981,32.651112651112655,1.8939393939393943,52
3999,2.7777777777777786,-0.0851716570521246,22.165257223396758,11.944444444444445,44
4000,9.564165409753645,-19.484697662538796,-12.331796448087431,16.241181657848326,68
4001,10.0,-17.93123046319977,26.1966829034953,-13.065518890483022,52
4002,-7.932098765432097,3.4849389076979023,-40.87863629691769,2.8163474254929453,81
4003,0.0,14.941258462763841,4.62962962962963,18.78787878787879,32
4004,-18.38683822916517,-102.79348739614879,-20.914180983625428,-2.548399337275564,96
4005,8.003246753246753,-40.617215009229525,-44.54784140667762,21.11284993418444,68
4006,-0.22849462365591355,1.753812636165578,-21.53449747557299,-4.801299329601216,54
4007,-11.89079930813243,9.164303857286313,2.1608946608946615,-7.619047619047619,79
4008,-29.584994309605687,-13.030355621469816,-2.7359486679662104,-14.559428709755506,82
4009,3.1070227079118133,8.597883597883598,-7.616060761222052,-10.214889623168851,69
4010,10.78802733214498,-7.023809523809524,13.690040310679848,-38.9360719475988,71
4011,2.970523545815169,24.066154970760234,7.450980392156863,-24.019659295717084,57
4012,7.800177858317394,-4.720597790773229,10.002986857825569,14.115853658536587,44
4013,28.58500851657309,11.846405228758172,12.074136955291454,3.6231884057971016,56
4014,4.62962962962963,-24.450555809251462,13.338675213675213,17.38095238095238,54
4015,-7.4968071519795645,-2.788848631239935,21.488095238095237,7.876597539472123,56
4016,-75.61099440074815,-30.72807870831136,0.2003081664098625,6.488358367429681,100
4017,10.526315789473685,-0.842901060292363,20.967404306220097,12.976190476190476,44
4018,-10.332883490778228,-67.32003059833248,14.385964912280702,15.533910533910536,60
4019,-16.576587157444212,-4.493284493284493,-10.075583573529318,-58.13249394714363,96
4020,-2.4315590545327,9.385964912280702,3.9682539682539684,-22.608565089460846,78
4021,-3.605740603978393,15.511463844797179,-15.417888563049853,1.0464798805250624,71
4022,-42.93587065326196,-27.157631199313016,-27.3971951812409,-32.110736032329505,110
4023,11.740717003874899,-8.015873015873016,7.233796296296297,11.828316610925306,48
4024,0.11294261294261254,-24.856887298747765,-15.459976105137397,7.450980392156863,48
4025,9.745559100397813,2.1616041761232325,-41.56700276197132,8.787878787878789,61
4026,-2.549019607843137,7.3424369747899165,5.0,0.8641975308641996,40
4027,8.978131903167773,-8.75,30.295240186544536,4.0869218500797455,46
4028,1.629150494696713,-6.775976418570376,-32.271343373821736,-17.17946568298681,72
4029,-41.86625581889981,4.761904761904763,-41.69921406795986,13.968253968253968,69
4030,18.487447365072494,15.0,16.922799422799425,-1.144179894179894,52
4031,3.6231884057971016,4.588293650793651,12.500000000000002,6.8570512868758495,44
4032,-24.91151082513804,-84.88311131259523,6.262077294685991,-8.721085669759606,108
4033,-10.07213582521075,10.037428764609292,-23.33732057416268,-2.389509470616804,73
4034,-5.744529595587935,-7.474747474747475,6.822612085769981,13.441558441558444,45
4035,-7.756864884524459,-6.469911677629419,12.180368091646844,14.208924932026104,63
4036,3.4892787524366486,4.166666666666668,3.0166759196430384,-8.851559068950372,50
4037,-15.262515262515262,9.7424995996774,20.442365442365443,-12.851630819648523,75
4038,-4.276058661947164,5.794971735464214,8.086419753086421,-3.144031159175152,63
4039,-4.258696386355961,-17.714593160456445,17.913892732577636,-11.357004008499949,77
4040,2.8347578347578346,16.653431235364195,-32.94055929902144,3.7878787878787885,84
4041,-41.09780353497063,11.700680272108844,0.0,-1.8508615567439102,56
4042,-77.53882003467562,-71.31542562251818,-17.612110850455473,2.9088652007968037,117
4043,7.525252525252525,22.688172043010752,16.57831163645117,12.9838485101643,44
4044,-3.8220817377949325,-2.9063513115237254,12.216775599128539,3.527369281045752,48
4045,8.24074074074074,-8.962630936315147,3.4186608144941513,16.14644766223176,60
4046,4.947940791979331,15.354383618794646,-5.896981368815744,-35.23022116772117,67
4047,-19.775398301613137,-17.532829027081902,11.524859943977589,-20.60185185185185,67
4048,8.765373170135074,28.924516482656017,24.014002769485227,5.419272461955389,63
4049,-7.122664221184685,-5.6585698252364915,9.000715385581262,11.60264105642257,59
4050,3.5508025300438817,-19.29755067009969,-64.27799100426967,-21.03174603174603,90
4051,0.3003069914834624,-15.368011976539107,-10.16686842760667,0.8345705617496979,68
4052,-10.761846405228757,-4.565056615682893,0.8915259761124434,-57.00519854522828,99
4053,-20.270129491146108,2.584134615384616,21.01851851851852,-59.58107472293136,107
4054,-7.767857142857142,7.077855988287407,-29.850980882877952,-53.63526988499983,106
4055,-10.64258658008658,-0.1080246913580254,-27.85325241207594,20.881923020080915,68
4056,-20.450995212899972,-14.240059457450762,-8.650168178470064,8.1608005521049,56
4057,-1.3743279569892466,29.451566951566953,18.718699601052545,5.008710801393729,45
4058,-12.70730244414455,9.175719879916816,2.938758789581252,21.999560038625084,71
4059,-6.5027567228783525,-4.320555987222653,-0.3554669731140314,0.9627046466835227,73
4060,-20.259081196581196,-15.371043281653746,16.439443980902052,-5.320260192823908,66
4061,-7.338976964636517,-11.012814458620037,-41.038092220075576,13.36734693877551,98
4062,11.712962962962964,-9.347078012491545,20.97943722943723,-7.156570476090515,56
4063,-9.155966702041896,33.98031470390693,14.80290824340072,-58.934396061887284,113
4064,-0.9282364526453,-2.311827956989247,23.044405611380956,7.371031746031745,68
4065,-22.357618719126776,11.322751322751323,-28.156424241264926,-18.970205748321252,110
4066,5.982905982905983,-31.713572124756336,-0.838807425932842,-14.641785519445094,59
4067,-30.287785229645696,-0.6075791357303144,9.586526181353769,11.22735507246377,60
4068,3.6231884057971016,-15.356037151702784,17.03252032520325,-0.7322615655948983,41
4069,-6.5815273477812175,-5.614960565940956,-21.207046314041722,-2.311827956989247,81
4070,0.45654962321629156,5.655708731000354,10.0,14.123567064743535,49
4071,-7.684366506205587,-4.740198073531407,-1.428571428571428,10.004975456650246,57
4072,13.884372177055102,23.709079180777294,-12.73109243697479,-22.061665513844346,53
4073,4.901960784313726,-61.35443100960342,-9.343145295488043,-46.412117364597314,93
4074,-3.14516129032258,1.9444444444444446,5.98086124401914,16.428463887813482,42
4075,7.192982456140351,22.90673379537857,6.661442006269592,8.932461873638346,50
4076,0.2272727272727284,23.996221753995794,14.156632001459585,-22.863247863247864,68
4077,2.1823607382015604,-1.6276718450631478,6.633986928104575,-14.340041374014165,73
4078,-7.346938775510203,5.906733751561337,-7.572786690433749,11.591841472995972,50
4079,12.450980392156863,4.581480362102962,-7.228992709129254,-2.7682905393324666,55
4080,11.22050622050622,0.0,22.569920470446533,-4.024584929757344,41
4081,-20.39492910524997,2.2207227470385367,-27.865887049986036,2.9761904761904763,70
4082,13.615136667892044,-1.2864816025571173,6.449293420137266,-5.701297777541335,66
4083,14.901960784313726,11.206896551724135,7.946271649992749,-36.01628256460841,69
4084,-9.959784174185623,-22.677342950815085,-1.0054492291334394,-0.32024505708716156,63
4085,-13.148148148148149,-33.6205808080808,12.539763669331775,31.012914327080527,69
4086,-58.31035542987015,-35.72510822510823,5.540581012279126,9.50937950937951,80
4087,4.8666816551637435,-10.225694444444445,-24.26391365109801,7.37123207491952,72
4088,5.0,-12.740330492990068,-8.75,11.523851965028436,52
4089,-14.674344481416755,0.6027065081351699,-2.36886476640575,11.546510192021028,75
4090,-3.2594148770619356,5.0,7.121212121212123,-38.24748130854737,69
4091,18.47222222222222,1.6025641025641024,10.923563869992442,15.181147715810988,56
4092,0.7283416135970326,7.021483329049117,16.2968703344006,4.6504606637318275,78
4093,8.787878787878789,8.205128205128204,8.763227513227513,0.9600389863547782,42
4094,10.776076940264584,-3.2296574369745112,-22.73735810113519,3.409997353766351,77
4095,5.0747863247863245,-12.502823338997036,25.897350058612393,16.54320987654321,54
4096,-0.030453656224525227,-11.6945912922166,-24.126801850080962,-12.08338935639776,107
4097,3.952734012974977,-16.53263036779909,5.093010980055659,-103.25579532531538,90
4098,7.813044235458028,-30.00532273381736,6.661442006269593,-12.808703652819755,60
4099,14.166666666666668,8.166488390273557,12.71604938271605,5.0,40
4100,12.688172043010752,-6.310160427807485,9.166666666666668,20.4673721340388,35
4101,1.1991869918699192,4.090560539835902,22.802901827774637,-26.4336014449653,61
4102,15.228758169934641,-47.11643112410657,-7.208841082381063,0.9531527717134833,78
4103,31.957691740300437,-66.27898253965729,7.218919014146542,1.7394179894179906,77
4104,5.5908905908905915,13.082399626517272,-6.530219561476688,-30.434667876123473,68
4105,-2.8290818768437784,-26.66731054424268,-38.57136637309052,8.284090617685488,103
4106,-28.235930735930737,-5.313390313390313,6.102330348473405,5.4563492063492065,52
4107,9.940424295263004,5.0,0.5093004587443413,-18.45270932391987,62
4108,-10.263827822536236,-78.97307370991582,-24.360809257147288,7.612877468060395,77
4109,22.908471581505395,18.251633986928105,-39.41083694629285,26.560283609087122,91
4110,11.361171144919487,-4.676131322094054,0.3683205105583456,-15.614035087719298,68
4111,22.711640211640212,-22.869371381634704,4.030691530691531,9.995829359037272,63
4112,18.95936422252212,15.963265129931798,10.952380952380953,25.923202614379086,44
4113,3.4722222222222223,16.84181718664477,7.5910931174089065,16.391319203819204,43
4114,0.5911834310676685,17.12636252932965,16.19918699186992,5.202551953223997,55
4115,-3.145161290322579,12.95720089837737,24.314080292185217,12.136752136752136,51
4116,5.2287581699346415,1.4743814192343612,12.555885796432015,-16.52777777777778,52
4117,13.781290293895337,-32.47438941847564,6.4124293785310735,-88.8413045905791,109
4118,10.064412238325282,-0.6782807256100007,4.987126244236862,-14.015610966671199,96
4119,10.683775741915277,5.421242245399373,-3.1960227709869007,0.06944444444444464,61
4120,13.622344148659938,-3.610847564832385,-17.285954785954786,6.675010429703796,49
4121,0.5165334826351753,7.0806100217864945,-6.829064614618926,-24.715369587933303,59
4122,-15.91269841269841,13.43883547008547,14.316636317425239,-3.423842556271987,72
4123,10.0,-9.808264542463139,5.159520422678319,-2.0238095238095237,59
4124,15.978260869565219,3.0051981806367776,-33.686868686868685,-9.95091126033401,66
4125,-3.1268533054247336,1.3304093567251467,10.68753142282554,-7.037037037037035,59
4126,0.7258632840028199,13.205128205128204,12.460701388882637,12.400823943950629,53
4127,-19.71477935706562,8.575730201746463,7.843351078977392,8.114023486363912,67
4128,12.407407407407408,17.829165517682416,3.9682539682539684,5.0,48
4129,-14.893670327801807,-30.883816529734563,1.9992267412288065,-46.696903294800165,97
4130,10.595652693160183,18.009153318077804,16.021505376344088,5.300776527957055,48
4131,-9.726270421987829,-15.412267471090999,9.624881291547958,-9.070825211176087,55
4132,-8.79637332755426,16.77304964539007,13.998599439775912,33.15477881974046,47
4133,22.950083542188803,-4.896184062850729,5.821094082588338,-1.4111495119622033,57
4134,0.7095935220935239,10.143112701252235,-8.951885132886416,21.700680272108844,49
4135,-47.069418848248766,-11.91392851827624,-12.805168505905597,0.03250153394349553,99
4136,-16.291182014866223,-17.61904761904762,7.39497661667473,4.093879976232919,60
4137,-7.4000696357201585,6.69727230821427,-6.624386252045827,10.773149060829702,85
4138,-60.99541017539612,3.3258105652326515,14.62962962962963,-10.833333333333332,101
4139,0.7664279682406967,13.13806819431667,11.700680272108844,4.377104377104378,63
4140,14.430617302290376,14.385964912280702,19.612768184196756,8.968253968253968,52
4141,2.777777777777778,2.2001049632628575,13.417508417508419,7.604166666666668,42
4142,-4.727941435258508,25.57081807081807,6.889157760301137,5.2311380487096795,52
4143,13.3906967042136,6.488095238095238,-17.74774774774775,-28.91494308160975,57
4144,-2.7887403293907354,-10.980250686133038,-5.245989736033385,6.206896551724138,56
4145,4.62962962962963,8.472222222222221,5.648148148148149,7.316911359250069,49
4146,-30.53030303030303,8.526928014769686,12.252252252252251,7.60822510822511,63
4147,-36.57505559507641,13.45117845117845,-11.560503350475301,-34.77453536320082,90
4148,-2.2621294644740453,-4.759312803882773,-22.339628794160276,14.63441344465441,99
4149,8.205128205128204,7.032520325203253,-17.394179894179892,2.4930877168728847,42
4150,-26.09375,14.97076023391813,-18.729552910783912,-11.69234425379715,72
4151,-1.5277777777777786,13.706690561529271,-17.023809523809526,5.268836119658582,52
4152,-9.437504698776072,-52.95480843796951,-1.4154411764705879,24.015594541910332,99
4153,3.205128205128205,7.252252252252252,21.156798245614038,-6.170634920634919,39
4154,1.2799043062200965,-1.5277777777777777,35.40066357155034,7.134155896322193,57
4155,11.078737461231029,5.48941798941799,1.5698762022291455,6.354226124023851,68
4156,-10.254091241335376,-14.435534435534436,-18.87716857914172,-97.41414432614447,108
4157,1.6025641025641024,-19.852138960666093,4.1179597835944595,-30.215839272856822,60
4158,4.62962962962963,1.496751624187906,-0.833333333333333,15.457380457380456,37
4159,14.980359147025816,9.087758442597153,21.37932116192986,7.032520325203253,44
4160,7.380952380952381,26.984126984126984,5.0,19.19519722151301,42
4161,2.2522522522522523,14.311594202898553,16.034972935785124,19.365079365079364,53
4162,-13.00986842105263,-9.290251814624575,-14.180050910187454,-8.776824924365908,75
4163,-27.765402483477782,16.909001492334827,6.462921971131962,14.00666584877111,78
4164,-22.517975851309185,-22.210524563002927,-13.477649017575672,-3.5723221906532454,80
4165,19.691261467577256,12.77552400270453,6.375831123171547,-11.85086155674391,58
4166,-15.279903458200092,10.234510572243492,4.5820954644484075,9.166666666666668,82
4167,-14.394730422408392,-17.36366399278156,-63.57270792801164,6.041666666666667,88
4168,5.6800070976900265,7.121323812500284,-26.99512380055952,-5.454864461481564,77
4169,19.274204292024628,-35.80223492474973,-7.062786723704156,-1.2853480733797964,84
4170,-100.18759018759019,-5.353199930998793,10.588624338624339,-1.7064567654275073,97
4171,-3.523949169110458,5.699509364532716,-23.45679012345679,7.111750908190537,58
4172,14.925037018238385,-46.28188288346073,-4.875424503440868,-16.762935301653854,82
4173,-3.139516413124933,16.20510662177329,-3.1060606060606055,4.9060835435940575,54
4174,40.81650535900781,13.525149190110827,9.385964912280702,22.3015873015873,46
4175,10.0,13.205128205128204,-4.302674638911443,-2.8515550255642275,54
4176,13.476522250830934,1.7361111111111107,0.42186571598336364,-28.99837688216454,67
4177,15.320754959399732,27.303089134436373,5.402288934897631,15.933232516696243,54
4178,-4.958421168742033,-26.941186275118692,-36.77795579649799,5.621518811405672,83
4179,-2.628205128205128,15.0,18.47222222222222,26.713814654991126,37
4180,-34.47091997612933,-2.2222222222222214,-16.242869988017503,18.65723782390449,78
4181,8.470285163437055,12.252252252252251,17.50778089013383,-4.957503786477608,63
4182,6.359649122807019,5.119335591033703,-16.21212121212121,-24.265672599005928,57
4183,21.488095238095237,5.9523809523809526,-12.65949133276499,-45.81513377612668,56
4184,23.18580832932938,-22.67847855246229,6.0668498168498175,-18.800389478307096,66
4185,-0.8365303102145205,6.483893230036287,-7.686222637203027,22.023007316134002,53
4186,17.660607312280696,3.3714721586575145,11.477325167649123,-28.70226773031354,69
4187,0.1691729323308273,1.4255104666573395,-30.26910771934794,11.339360530537002,72
4188,9.907714060282983,6.096491228070175,-15.171788921788922,-39.06211348003869,76
4189,16.622636622636623,10.0,5.0,14.166666666666668,32
4190,-9.661327994661328,-7.644515366981704,-2.476400913900914,19.761904761904763,81
4191,11.225130898357264,-64.18238624120977,-22.953853543501154,-8.26388888888889,69
4192,-0.05876068376068444,10.0,17.94293358666314,1.7860623781676417,58
4193,-8.434343434343432,10.0,4.6524922106317455,-0.610995610995611,43
4194,11.021505376344088,19.36044472502806,11.158451684767478,-10.615000917855749,64
4195,1.5661527911968331,-24.867607055107054,0.6561085972850673,9.913446054750402,72
4196,6.038460956407949,14.340277777777779,9.58974069048696,-19.243802747014378,74
4197,1.9444444444444446,28.333333333333332,14.831932773109244,3.5251491901108274,37
4198,-2.4577195853791594,25.04026305750444,2.773415015739581,10.034013605442178,58
4199,26.893745802414536,-14.96996996996997,6.68770683331799,17.5192150030744,57
4200,-1.0227272727272723,-7.395833333333333,3.7878787878787885,0.6150793650793656,45
4201,-2.904589371980676,-4.231619173479638,-28.178184093437153,-32.02517188565283,69
4202,-42.05346403165428,2.4260984587071546,-12.195288067230248,-23.34959215167548,77
4203,-16.395303590639653,-23.052664782827478,-28.167412096887112,-6.18891662415168,104
4204,-12.089651123292803,-41.353415297935335,-6.735993891166304,22.46436472171316,78
4205,4.901960784313726,-3.895945627371884,-6.453446536678913,22.038370455709167,54
4206,3.562606853863013,17.590132827324478,-12.967479674796747,2.2992244922069496,50
4207,-9.789048097871628,-3.0996472663139327,-17.45712458662019,-56.39711673918776,111
4208,-117.87831807361003,21.879355038672927,-30.733934483794453,-3.3111089111903658,118
4209,-19.927076316862713,21.91618566618567,16.85483870967742,-15.731674232222643,63
4210,-24.645359060903736,-13.009373289545703,7.525252525252525,19.62488129154796,54
4211,-12.251213965209907,-24.34429011054398,-29.10893193512092,-7.003367003367002,86
4212,7.427213309566251,21.39344735141105,-11.545348154678823,-57.468633861437425,92
4213,7.083333333333334,-5.9510344972301485,-20.562678062678064,7.789855072463769,57
4214,26.60264105642257,12.252252252252251,17.38095238095238,-6.1760959042463055,49
4215,24.814840956145304,-9.931489931489931,8.710860313117495,-7.6513532763532766,56
4216,4.811197383204107,3.2169316851858856,3.666507253307828,-67.37256460189111,88
4217,-7.190948992851261,6.700680272108844,-27.731064065803043,17.590132827324478,63
4218,0.9297030925320442,5.404671710510826,-18.42672805201409,-46.40100279530565,77
4219,-0.833333333333333,10.272744620394917,-19.504869633661716,16.750358312858314,68
4220,6.700680272108844,-7.796702188716708,-3.5815147625160453,-2.1784696784696784,50
4221,-3.015873015873016,-8.157505910165485,8.659063025005057,23.434477888812253,63
4222,7.775524002704529,5.0,12.173382173382173,8.623188405797102,36
4223,-16.12030748915299,-0.9989858012170387,-11.454741262722052,-14.326191938035754,76
4224,-12.807017543859649,16.969862018881628,-8.717164433146472,1.48853884372177,53
4225,-56.41213708647919,5.520381870827219,9.71576227390181,-1.0338680926916215,65
4226,-12.022198480531813,-7.943157060804119,5.421865715983364,8.425925925925927,53
4227,1.476050830889541,-6.170634920634921,29.651836634803445,13.205128205128204,56
4228,2.3283303000284157,6.773049645390071,5.463133686234858,9.21794016760646,59
4229,7.742326693939597,-32.140991263075435,-14.593467938957222,-31.227152477152476,106
4230,0.0,2.0753429576958986,-3.269437797739685,-10.803736984738267,54
4231,-26.396198147732434,7.450980392156863,3.2311798978465642,-28.411844171437778,93
4232,4.074736632876167,-27.171603546073648,0.47551047551047554,-26.90550150653791,83
4233,5.232471776589424,14.941822882999354,-9.618055555555555,5.413389307610537,63
4234,12.253086419753089,8.554920102740155,-14.42810537182143,17.710322098837587,60
4235,8.472222222222221,6.826187089344985,1.210053117380705,22.083333333333332,40
4236,14.242923626354784,10.73038073038073,-21.46754094995606,16.53529315091006,61
4237,-29.40673437780477,-6.6789930930745784,29.36916044901526,-81.7821625360195,87
4238,-33.60468099357503,-26.953321992817013,5.868055555555555,-101.84816458078265,107
4239,-4.281868353748822,10.0,24.818007662835246,-6.747685185185185,42
4240,-2.148370208752534,6.169769392095315,1.9930069930069934,-27.083586934469466,77
4241,8.636363636363637,7.380952380952381,13.787878787878789,1.881881881881882,39
4242,12.525252525252526,-25.909439460164094,-2.3456790123456783,-14.045368194545732,57
4243,7.122354739710376,15.870446369762377,-2.7298850574712636,12.185002820501142,63
4244,6.419234360410831,11.720020325203253,25.45204971088439,-11.44736842105263,50
4245,1.1728395061728403,-17.91105323143726,0.6034482758620692,-0.24380892704486,78
4246,17.132552689828234,4.166666666666667,4.052579365079365,-23.501984126984127,51
4247,-6.449037922372587,5.118940078289674,8.638664768232875,3.8146217863199006,54
4248,15.608974358974358,9.068207946602456,-2.0273691825415963,9.124063839160558,71
4249,17.136752136752136,-1.5277777777777786,42.06845329563382,-11.426968460559069,55
4250,-109.70537980843312,-41.226305249897685,6.7359250463470435,1.574228169055755,107
4251,13.472222222222221,18.762513653818,-28.799814000652045,3.177609251543932,69
4252,4.942861797700509,-13.990571118230694,5.958291956305859,12.878151260504202,55
4253,-4.929224271896683,6.197559115179253,14.347575702044377,6.4556890138285485,69
4254,-79.45831891829556,-25.692602923078304,-11.836665987905814,-23.309738118713756,111
4255,-21.765016615899146,-21.899410513321804,3.7962962962962976,-27.027602222122262,74
4256,7.134155896322193,1.7962905056400995,23.9182573809903,1.3304093567251467,52
4257,6.419753086419754,0.5676328502415462,10.0,-7.691329405325348,43
4258,-4.718259373431787,-19.46343625497925,-13.457749680478546,-22.29851735006348,95
4259,-4.7542351688341675,-0.40168919601543673,-33.61727628663335,9.496745335561126,71
4260,4.728735770402439,-10.537293145988798,-12.863247863247864,21.88973063973064,58
4261,-21.140202355539085,-5.09433962264151,6.9344811095169785,4.459668152442015,57
4262,7.537804491465819,-85.56101495701962,-47.596785131495025,3.6556603773584904,116
4263,3.1070889894419302,-23.253968253968253,0.5529058470234942,-2.7523901833914657,52
4264,-39.38222105956247,12.576682908839523,1.8369180741740188,8.878868045534713,77
4265,-2.925863044708545,7.660354590179153,10.0,9.52010459262517,53
4266,-18.250459609155264,10.0,22.976190476190474,12.308233850456947,54
4267,8.006885090218425,-4.644388200619202,-9.98453548085901,-0.9747659747659747,55
4268,29.531590413943356,21.623790482305665,-4.718614052264129,-21.32764248680299,89
4269,1.8838487154966277,-9.971307967631494,-6.965684651881275,14.62962962962963,59
4270,-33.82696561463132,6.6308120476598456,-6.7233003258985935,10.0,83
4271,-13.160054719562243,2.8735632183908044,14.631478699668042,-14.952697725518592,56
4272,12.28833103821543,6.319282488385438,-0.08771929824561298,29.062676453980803,60
4273,1.74372804128239,9.682601880877744,19.709378912580707,-75.09908299595797,90
4274,1.8939393939393945,26.009571155080284,2.964988228146124,2.5000000000000018,56
4275,15.628654970760236,-6.212121212121211,-7.225741989610054,1.6026410564225695,59
4276,9.62962962962963,22.993400814698244,-1.3768115942028984,7.976190476190476,43
4277,14.668943266983888,4.8984784476404,-6.527777777777778,9.938271604938272,69
4278,11.66927246195539,-6.57885627842184,-5.600969277054032,-15.408782662303787,92
4279,12.834757834757834,12.604166666666668,22.095410628019323,-7.023809523809524,37
4280,-7.998142175483582,7.716049382716051,-10.601568570318573,7.710206240084611,64
4281,-0.08547008547008517,10.0,18.47222222222222,30.61159657908884,41
4282,10.938003220611916,13.123725661535707,5.750711855894785,18.870214752567694,45
4283,11.2551554519073,-0.37659508247743645,-9.930555555555555,13.689839572192515,63
4284,9.50755014649538,-5.194450235100639,-8.673163188756373,20.25827032921976,60
4285,8.472222222222221,-20.457032963392734,4.385964912280702,5.158730158730159,70
4286,0.0,0.15873015873015994,9.727845254161043,2.41106719367589,41
4287,4.385964912280702,33.74003666507253,-9.388327721661053,16.349206349206348,41
4288,28.326416314354915,14.576144467448817,-6.302095777854546,-1.676024175410244,63
4289,2.2829131652661068,2.4589568137955244,22.03252032520325,9.329734592892487,41
4290,-48.63565338134657,-1.0962218448280039,26.82205193699447,-60.79949068694696,87
4291,-2.6420218254961263,3.475378787878789,6.666666666666667,-4.798651703012989,53
4292,13.086419753086421,-8.313693116891844,-11.031746031746032,10.845410628019321,53
4293,-21.920351473922903,24.571248423707438,7.537404067309139,-21.46083816815524,61
4294,-2.4999999999999996,8.216288558850273,4.487385936661301,4.9851190476190474,60
4295,-11.523137356470688,-16.738321599638976,9.077060931899641,9.166666666666668,64
4296,20.97826086956522,10.317460317460318,25.719916002874243,2.9761904761904763,46
4297,-27.983255411460814,6.86900000684939,-37.37611711351207,-29.2865446414027,79
4298,-4.5204533394698565,-4.704900638052673,-3.554829339143064,-42.64453960090412,75
4299,11.19918699186992,-19.436026936026934,27.675882466571032,17.87985201729942,61
4300,-17.625731234940222,-12.609309751903709,8.803138231506354,16.88637860344571,71
4301,7.248699693552636,-13.117622727002372,15.0,28.635084427767353,52
4302,-5.833333333333333,-29.594210607018958,16.633986928104576,9.463237021376557,51
4303,10.0,7.688172043010753,12.33400811567935,12.395208119845801,55
4304,4.344919786096257,-1.8276014109347436,-7.385517978190391,11.102693602693604,46
4305,-1.0843777734484918,-21.734994496312567,-18.202546105399477,13.588917121525817,61
4306,-3.1192358366271398,25.664678458796107,2.0325203252032527,14.184559033786208,51
4307,3.2051282051282044,3.423343304497804,10.510935143288084,7.873563218390805,42
4308,8.787878787878787,-35.19620533854159,-7.747747747747748,-49.702380952380956,78
4309,-9.114591034003533,4.225502781343604,-3.0102675332145914,10.764154146507089,81
4310,18.418803418803417,-51.63968702141225,-8.821288028605101,10.0,65
4311,-28.771058683989537,22.268238932065234,8.573533745947538,-30.61404811404812,63
4312,-15.88456959228813,2.1972142971755533,-50.61642637491006,-26.39302064956,106
4313,11.167674731182796,-1.7601157331489397,-24.34389140271493,11.1712717161706,89
4314,-40.34803021024699,0.3981438771283389,16.83113109773585,-72.1344043383517,99
4315,-8.80081300813008,1.948427556413038,13.205128205128204,11.16643291257597,52
4316,-8.08558971444634,-7.616977955936765,5.188104181852478,-14.748650013838056,76
4317,16.633986928104576,-8.623678157576462,34.04925462352986,-2.3133010009811543,78
4318,-3.75,-2.2244199824179174,-3.5997400909681616,9.793323601463138,57
4319,13.378758462763841,3.8267958627999215,13.374183006535947,10.0,44
4320,13.520615563298492,23.020370956429524,6.700680272108844,-20.16788004044376,58
4321,5.462353801169591,7.988380537400146,22.25225225225225,16.84181718664477,37
4322,-39.63395349404744,-10.710476559088747,-2.9388787662975293,1.282051282051282,99
4323,1.0164447786110742,-0.049615410970637264,16.984126984126984,11.24290161488525,65
4324,-39.417248329608185,-0.37773936688345344,-6.214967517050848,12.398205659075224,71
4325,-22.104358874238738,-0.306776556776557,10.72586328400282,-11.987547892720308,59
4326,-5.615193264446996,-87.9284305274002,35.087516561301726,-36.591740527724525,96
4327,5.366161616161616,-13.361782835467046,-1.9135802469135799,-2.3902894491129776,48
4328,-14.881811310382737,22.725726490107533,6.447785693928751,13.585858585858588,53
4329,-14.629420287315023,1.4250623424010547,14.874901497241922,-2.8632478632478633,58
4330,-29.998082551746755,18.983652849985816,10.0,-5.489453357100416,58
4331,3.205128205128205,21.06366459627329,12.976190476190476,7.163742690058481,37
4332,-1.0423681257014574,8.638153116997287,14.89469167451151,9.277417860596756,67
4333,-24.789311776770457,7.137746512746514,16.81159420289855,4.558953780651896,74
4334,10.79363855728333,2.107644479906103,-35.0654941463765,-16.378172240724833,91
4335,-2.27069227069227,17.467532467532468,13.214196660287445,3.2051282051282044,58
4336,-28.717002821889196,-5.834204500199123,13.074220465524814,10.5239898989899,81
4337,10.994898885519241,7.5386610601664374,19.78445923824075,14.166666666666668,55
4338,9.388964888280894,9.62962962962963,-5.519910377044543,-42.900110899584156,72
4339,-32.353539630452936,8.787878787878789,-58.32685832685833,-6.597576690289003,81
4340,7.873563218390805,6.709608158883522,17.3015873015873,-4.239067462751672,46
4341,-54.3068622886947,11.53912509541172,-44.078891316286274,-15.654933893704577,86
4342,15.289831956498624,-6.489688459850812,28.82449333405195,-7.15087879684153,59
4343,-25.368599303332914,8.46145304989517,6.770122210255584,5.22569284123906,71
4344,23.6231884057971,1.1325671004535671,2.849210987726476,15.15873015873016,62
4345,-19.137806637806637,2.450980392156863,-3.6117202729044835,21.675010429703796,47
4346,8.385416666666666,-27.662445108173397,5.72586328400282,-20.052172915950006,64
4347,0.824131585001151,-5.357142857142857,-47.44610732009925,-1.7612834135690392,71
4348,-8.148148148148149,-11.504073053442841,1.9444444444444446,-2.474747474747475,68
4349,-39.507336423091004,1.2235327371775107,-23.151650254778257,12.702998982068749,90
4350,-0.4962225980538957,-4.494723495969636,-34.49874331946072,33.79777372832928,84
4351,-30.61668999914425,-9.837810471868442,-1.2044534412955465,-8.749556394373467,78
4352,13.248375812093954,3.5476718403547682,1.7185895373215212,11.183544124720598,61
4353,17.112311521828747,1.6339869281045747,-8.736510403177071,-2.546891132096569,83
4354,-17.507179923714546,-30.791521828839983,-2.685185185185185,-9.843679989382736,73
4355,10.158452728729124,10.341106580218078,-6.291182170542635,9.62962962962963,59
4356,1.7438398996633033,-21.05119825708061,0.5255639066766591,-9.337429169746242,72
4357,-74.62622697451278,-0.3351449275362315,2.8770056234844965,16.10350385079107,82
4358,1.477003319108583,-28.72232241675524,-13.139697001989202,0.3625607300921754,76
4359,-6.621572871572871,21.313861577019473,5.912698412698415,17.976190476190474,42
4360,-9.72059779077323,18.883942943641152,-8.913354815610454,-15.492237647410061,66
4361,2.607588489941432,8.162774606910189,-3.278730274484606,4.107339875598946,84
4362,7.828369141562902,7.525252525252526,26.352087951237042,-3.715886939571149,54
4363,-18.78393195827406,-8.083866470129816,-11.794871794871796,-2.9660938669447723,77
4364,-31.42006706522836,11.058670226290364,-69.78063578723837,17.628915202444613,103
4365,-6.834098071931775,28.79646701956819,17.05467372134039,9.115853658536587,43
4366,14.899555543296174,-6.666666666666666,20.374463512979,-10.215551599786977,59
4367,2.688172043010753,2.677368927368928,7.503192848020435,19.064680622651636,46
4368,-32.11782193344932,1.397273897273899,15.61090439813571,17.591093117408906,66
4369,-2.7477477477477477,11.770833333333336,9.413472706155634,5.488602500096754,48
4370,6.468961568367185,-13.258128743609689,4.456018518518519,3.816885138883076,70
4371,2.280918188196355,-59.2824788845328,19.97596153846154,17.976190476190474,60
4372,-6.925420666636044,23.93569643616304,9.68361130595173,-27.156754064648805,68
4373,-3.8083659635383778,16.93798449612403,8.643029675638372,12.525252525252526,43
4374,-36.395407059366676,-11.185831695856715,3.4307964084271187,0.4902637829467098,96
4375,-4.351851851851851,5.0,7.525252525252525,5.930735930735933,41
4376,-21.84027777777778,8.689839572192515,-2.0238095238095237,6.481481481481483,46
4377,14.29565819890643,3.6600784738818506,3.966131907308378,16.65947780078215,58
4378,6.769572235673931,9.688495641789343,-12.535718476793992,0.5230496453900715,68
4379,-1.562850729517396,4.244227994227995,-6.08064742051133,2.28200957802476,89
4380,0.0,-15.354653512548248,11.920976275814986,-0.5659308185903942,66
4381,5.297432982854978,-1.7948717948717952,10.573543519972091,5.792881546558018,51
4382,-4.164060871377944,-55.00708545854407,14.903708440910163,17.033113190240325,79
4383,-114.57971876185334,-6.313547337733059,1.6025641025641024,2.91044776119403,78
4384,3.5235583743180463,-13.920122809479462,-0.04054478110080839,-1.3101604278074852,59
4385,-15.293318577216883,15.790023894862603,-9.266011766011765,2.525252525252525,62
4386,11.17283950617284,-3.4780447811008086,-39.86531462286777,-1.0317460317460316,76
4387,1.990131578947369,13.205128205128204,-31.21212121212121,10.169172932330827,39
4388,-27.205711533602717,-0.021822149481724562,-10.078126378932517,16.85185185185185,81
4389,11.984126984126984,10.433244228830349,3.333333333333334,15.0,55
4390,-15.197210197210197,5.080233133794756,10.0,-17.099358974358978,61
4391,11.975094577553593,16.87211724445767,-19.58485550033275,-7.493820294154002,61
4392,-4.945697577276524,-21.03203319440015,-99.1357737208147,-13.849850483692398,99
4393,4.0816326530612255,0.21728271728271698,17.5602645972483,-3.1884057971014492,56
4394,-0.833333333333333,-3.138928972262304,17.961748225393,-4.643806114857202,59
4395,7.873563218390805,-10.487425224267328,13.734393625697976,4.7204066811909975,51
4396,-17.271281827999605,0.8712121212121229,25.734814198332614,8.736192332683562,67
4397,8.902590615023874,10.9375,-29.567447235590816,13.59534251372056,73
4398,-29.34052059052059,-11.028251452355708,-11.343223024268717,2.92118343161966,98
4399,-7.75477836623842,12.525252525252526,5.066545674531156,3.5973392919035714,61
4400,23.29736730167411,0.8933002481389574,-2.177671090716693,-10.882352941176471,55
4401,0.1979018648282178,17.034774436090228,-44.00531379766923,-2.115384615384616,79
4402,6.851851851851851,14.920976102161825,-0.560626056949582,11.937984496124031,58
4403,3.483362245528543,8.965215215215215,-21.3768115942029,-30.924469323220915,61
4404,-18.773721878764388,1.3385315139701113,-0.6655586248612011,-2.3306437010755947,82
4405,-4.2593122298499875,-27.205801860974276,4.557772850455779,26.602564102564102,52
4406,-31.107197031936646,-2.222222222222222,-18.11317354618915,-6.665915103415102,80
4407,-25.337478112666112,-10.065397697520782,7.734963984963985,18.356234439241398,81
4408,-18.233082706766915,7.976190476190476,1.1469545459109036,24.079070224581063,57
4409,20.0,30.944615281652727,4.62962962962963,13.74819624819625,54
4410,5.0,-1.3133713181608453,-1.913580246913579,-7.682198327359617,48
4411,-19.66376018880172,18.7110341415141,-33.98883927449396,18.374183006535947,82
4412,12.314814814814815,25.655708731000352,-5.652135388977494,11.291547958214625,41
4413,-9.207004678839056,16.5603679337232,-65.17116316223459,4.51534003647318,68
4414,21.93798449612403,14.62962962962963,-10.249989332650621,7.952922998689589,43
4415,-9.916652095354666,13.671311937127697,1.7730496453900706,-16.374327956989244,55
4416,-13.430357329611061,-11.792023914778985,-65.89758118248446,-9.901495828683778,98
4417,2.032520325203252,19.888509056866056,8.745791245791246,-20.09409206777628,51
4418,-12.747747747747749,-5.188667971175711,5.592911945370963,-10.845273912134378,64
4419,5.14723265192602,0.4566972988025626,-26.35433243064668,27.755009107468123,61
4420,6.48852256816748,18.997697788532633,-5.848339335734293,10.844886108044003,60
4421,-17.78322440087146,12.301587301587302,21.93798449612403,-7.527615334632877,43
4422,9.627702341451073,-28.758257308981946,41.07100217136035,9.884426131777827,70
4423,-7.685185185185185,-41.64205900612779,-14.219811308117643,-0.987196765498652,83
4424,10.661901326862964,7.970923412099882,0.0,21.00848385331144,42
4425,6.605779988132927,-11.376811594202898,20.911142922637175,-46.71936998449998,89
4426,-39.47710511911964,-38.05409205688503,-13.690196950935194,0.3383458646616546,88
4427,15.883289415898112,-19.6861459484671,-6.085858585858586,13.28705209519163,62
4428,13.171799516908216,5.0,-22.45780363427422,4.445234708392604,46
4429,-23.361928104575163,-32.04427706041766,-0.8199054032387352,-0.31484257871064436,65
4430,-48.55475256233508,0.9396691915284743,-24.351153808720095,-20.563887889872788,95
4431,-15.741191577365274,0.5239898989898997,12.282913165266107,8.437149270482603,54
4432,-0.21221532091097295,-10.643369384584762,-18.64708772974902,-1.9118009376518454,67
4433,-35.27292500107541,-17.067901234567902,-3.9103548396102625,6.773049645390071,62
4434,-45.3973691749427,10.722030027585584,4.933282537333593,-23.970855572199355,81
4435,-23.34734955605337,-11.10090556896649,-67.25508952605225,-1.13457958497948,86
4436,-22.876614413881494,5.672979459055668,-22.93154761904762,-2.0382669196710927,73
4437,-0.5906593406593417,-5.098039215686274,-8.716931216931217,-3.1060606060606055,47
4438,14.081632653061224,7.136752136752136,22.82100418886854,-0.7079515441252413,56
4439,25.0,30.37659064229593,-1.314895682323309,-2.6780626780626786,67
4440,2.56983678593848,-42.0298462764923,13.16892588679486,1.9841269841269842,74
4441,27.90018087947434,-16.84596790031354,18.81341425459073,-7.527615334632878,68
4442,10.714880547244004,10.738993710691826,21.625781625781627,-29.839685653627093,63
4443,12.577290494910631,-18.95986895986896,14.901960784313726,-2.6018561798247384,63
4444,4.385964912280702,-18.72039515465416,7.988380537400146,5.839078859345042,63
4445,-51.25867648353746,13.824212354889344,-21.017206979246968,16.81879998376162,74
4446,15.01490339725634,1.609472751730572,10.1963952601134,6.923546649024893,60
4447,3.4531360112755465,-6.318692841513707,-2.7676629690538683,3.9441219158200287,57
4448,-1.3768115942028984,32.62897189493836,4.572611660213438,-28.13085063085063,59
4449,0.9253920393723969,5.0,13.221462343802768,-14.639700577200577,48
4450,8.472222222222221,10.0,7.585566598724496,29.4997594997595,44
4451,14.848927875243668,1.153738670278962,-40.67972350230415,-59.766528070941135,71
4452,13.890718782023132,9.316468299311436,5.030030030030031,17.54074373202116,49
4453,-26.985006518904825,11.872126375802848,4.693491206649102,4.9803591470258155,60
4454,12.241170998021564,-6.24949124949125,1.4124293785310735,-33.202590420332356,65
4455,-59.2257370825675,16.5964906789715,-7.023809523809524,-15.202499289096593,100
4456,6.984126984126984,-81.81143314705507,-18.94736842105263,18.11662804250219,86
4457,10.326735432148638,-8.098269400352732,11.161441856006137,-4.1068769722945895,76
4458,10.37068168300153,16.87565716977482,-24.444444444444443,-7.440038782813032,63
4459,-3.5717440400274327,-4.817174531069517,-37.54573466987239,8.333333333333334,81
4460,-15.648133089993554,10.66436251920123,2.525252525252525,7.789855072463769,45
4461,12.593857138581624,-32.78976428561859,-19.983676110320847,-34.8972922054297,76
4462,-0.04310344827586121,-8.85493591375944,-10.727124183006536,8.124667743151226,54
4463,14.972045498361288,-8.106060606060606,1.4080364080364087,12.252252252252251,45
4464,-7.122231977368061,5.871897418157526,-19.183059703171214,14.80982540458347,78
4465,12.509427586153928,3.2317372947286622,12.70373602250502,-27.426870291345875,73
4466,10.190440956256715,15.31199391182706,6.2728158912993734,-28.700812249846557,63
4467,-59.295787013095044,-7.698412698412698,-41.68170633034238,14.165572103861024,85
4468,-35.829522692267794,1.7361111111111112,-48.16477092190932,3.9923607140588295,87
4469,-16.764870931537594,-14.645497724651074,-32.43477020995165,-26.229743191312767,109
4470,-39.59476320989733,6.44973528698036,12.525252525252526,7.66359229668541,65
4471,13.737441478789385,-21.308903514785865,16.013071895424837,5.534837793241285,81
4472,10.440629552948394,5.833333333333334,-106.87857978597967,10.165370056674405,92
4473,-5.8369274352540526,-4.351851851851851,4.62962962962963,-34.17740413595965,65
4474,-6.667137520796058,10.550551959220691,-12.447206425058242,-73.09338674495216,91
4475,2.314814814814815,14.233212341197824,-18.195948957302516,32.73740752001622,66
4476,2.9761904761904763,-70.83563482068666,-3.6111111111111107,-5.833333333333332,66
4477,-7.222222222222221,7.142857142857143,-5.412267471091001,-9.27413671599718,45
4478,-4.713966588966589,13.935696436163042,29.865260213112606,-21.025398039732657,72
4479,-63.94297148634426,6.140591434709082,-3.0494526359188,-39.811679557848144,88
4480,25.856428510890755,13.922111480251015,-14.002533085194376,-2.549019607843137,46
4481,-25.68690396425238,-2.9674796747967473,15.40448534061371,8.749240974873514,64
4482,5.559954751131222,-10.084526894829478,25.89699481325097,-14.312548147524797,63
4483,30.256343286180936,6.633986928104575,-12.68388988753049,13.525149190110827,53
4484,25.151756447523038,0.18195655181956538,-13.524670909612855,-6.298410345454672,76
4485,-15.055729710902124,7.877768022631939,-8.241034148653155,-43.664645734165774,67
4486,-42.176787260942135,6.473598864903213,-6.541648109221829,6.5432098765432105,96
4487,10.118940078289674,8.116916004363407,12.873563218390805,9.62962962962963,42
4488,14.739357864357864,-3.9973729963854865,6.520551946609123,-47.24386724386724,75
4489,-3.3745155038759678,-35.58400505768927,-1.5133953673976528,10.0,57
4490,26.38888888888889,8.651903651903652,17.64363590945167,-65.10014805746513,60
4491,10.0,27.305925069082964,7.609710550887023,-16.3768115942029,39
4492,3.6231884057971016,5.0,7.472384665367123,3.870214752567694,35
4493,5.847311801511264,1.8503888884884532,4.861684534341788,-5.430275882899588,89
4494,-3.1491640543364676,-25.611990667137725,4.826408469688772,19.571248423707438,61
4495,-6.031746031746032,28.292898593866532,10.0,-7.1143050716221445,43
4496,2.083333333333334,6.8939393939393945,-13.403668091168091,6.578947368421053,45
4497,-9.240059457450762,1.711428482991371,11.162014533670964,13.061547124047124,58
4498,26.633986928104576,-2.272707490098794,-16.00734178253558,12.483550237045165,51
4499,-25.823017978190393,7.525252525252525,1.14673870487824,16.89966776728641,61
4500,19.818395889824462,-7.317193675889328,15.0,11.71190198690368,55
4501,-4.033585462156889,23.350247202706218,-18.486353837097674,3.1133662488645695,61
4502,-1.3101604278074857,13.922111480251015,-7.747747747747748,-4.835595039579859,45
4503,1.1060072271502865,8.30385111057095,11.757759784075574,-49.72745042415463,83
4504,-39.62999462008267,-32.72765648981435,-20.15754184572584,13.839238481497343,107
4505,13.001619455423803,-0.6140350877192979,21.350373482726425,10.0,46
4506,10.288461538461538,-5.8096461315266,10.132406049744759,26.93798449612403,43
4507,-1.140350877192983,8.959385521885524,-5.293532128570492,-1.1680761099365746,59
4508,-7.0512082853855,-63.1742042468766,-29.458743541404825,-0.549803009503935,81
4509,-16.865079365079364,8.623188405797102,2.873563218390805,2.7934218559218564,44
4510,-4.520313915475207,0.3843769524957157,-75.99802292874082,26.20162948763354,95
4511,-26.91358024691358,8.379826742800436,-52.40546858646987,-13.393432252127905,68
4512,-21.62287947227171,10.112523681948876,2.1367521367521363,5.970623292051865,65
4513,18.454686365314785,-63.659178764986116,2.1299665372941234,12.479524979524982,95
4514,7.450980392156863,8.254531126871552,6.315636443072725,9.6875,47
4515,-18.24298397258288,6.8939393939393945,0.45935570582014673,-37.30252390386769,81
4516,4.960873000896355,-16.954245441087547,5.0,11.944444444444446,56
4517,-45.32517169872933,-29.290212129419423,-91.67585142136294,-13.480096215630855,114
4518,-10.941572089113073,9.385964912280702,17.694434990450173,-5.465396229884822,64
4519,-38.817771878781265,5.088250013286523,3.0354919053549203,4.9060835435940575,76
4520,-52.54427604026608,1.114709705604648,-19.392684610075914,16.712962962962962,86
4521,-46.448550397665365,-4.15795805902018,15.75670002300437,9.117344312918169,98
4522,-35.32828282828283,20.449468835691746,9.662004662004662,8.844114528101803,57
4523,-8.681408620894716,9.820850955997669,3.9333135656665075,-2.222222222222222,58
4524,-13.315530877775734,5.855314039506789,-67.20456649548876,-1.0274183173612397,118
4525,5.410206718346252,-4.883016577564524,-18.380701024537892,-7.912431771127423,75
4526,13.999118165784836,5.799957566261913,-14.744478928588498,0.9375000000000004,58
4527,17.083333333333332,6.111111111111111,6.836945304437565,13.525149190110827,40
4528,4.112422398426457,28.88735903488067,6.5586419753086425,-10.0,41
4529,-5.1310900729505375,8.623188405797102,12.038712921065862,13.968253968253968,44
4530,10.858585858585858,-0.522193479510551,12.380952380952381,23.831923890063425,44
4531,2.8765706105607585,-3.653927873690222,-59.43851588303038,-18.875906490782846,104
4532,15.320754959399732,-0.6498439831773148,-3.636363636363636,2.7777777777777786,49
4533,-23.80932169132509,1.8485413114427516,10.717536531053426,8.623188405797102,57
4534,-20.241158377046876,18.299689440993788,1.9510063058450164,11.110114249059482,56
4535,14.548517520215633,-3.644709484312692,-10.74001947419669,-20.45020356837722,98
4536,10.0,4.512540305223233,9.839470658239655,-10.789384226884227,51
4537,20.19557455814511,-12.359740693074027,-15.08049983402096,-39.8548419073215,78
4538,8.343253968253968,-16.6587631600093,0.7114975204763958,-23.14292029809271,73
4539,-6.811224489795918,-6.920916818457801,-10.04808961112978,-52.63232174084887,72
4540,-8.720095693779903,5.0,14.212410299210875,-42.22222222222222,51
4541,15.0,4.953498307535575,-11.67671252618646,8.076468448808875,60
4542,4.900947459086995,11.729237580334164,-0.833333333333333,-7.975084770750405,58
4543,3.3333333333333335,6.74059419875881,-30.86479496613875,10.0,63
4544,5.324543610547668,-3.607954545454544,17.83860175356232,8.086419753086421,53
4545,8.472222222222221,14.385964912280702,10.974881909216752,7.905398059860303,58
4546,6.25,0.006407610313736711,-3.801333333607979,-12.126436781609195,54
4547,-4.106699751861043,12.858187134502923,7.873563218390805,-6.714769724782236,51
4548,-2.0865857026571315,6.811594202898551,-19.977843384290708,7.450980392156863,59
4549,-20.19587145202909,-6.054442854495448,-31.07347580983104,5.87406015037594,61
4550,-1.0113960113960112,7.139964247807386,3.4792737911164053,-48.294979203522075,92
4551,-20.295933188090046,3.571643726105968,11.2838003606814,29.418491318736116,60
4552,0.4166666666666674,-10.953597275436355,4.017099265809657,8.611667782067098,62
4553,7.777777777777779,9.901960784313726,10.944606887589345,9.831932773109244,36
4554,1.5235690235690242,14.810298102981031,21.79299095965763,-13.640350877192981,47
4555,8.571428571428573,-15.431624552524633,4.074636946977373,0.45805919266931605,59
4556,-40.98218555714969,-5.564748400422783,7.8951719576719555,-23.38235294117647,67
4557,-6.956083975822526,16.238967655223814,-3.8365127225323654,28.91129477710401,69
4558,11.314982909810498,18.419681882414803,7.688172043010752,-5.535714285714285,60
4559,13.856709328407444,5.406059859841372,4.4191919191919204,3.804299149126738,57
4560,13.333333333333334,2.2337962962962967,10.0,10.338672005338672,37
4561,12.380952380952381,11.638071895424837,-7.8425956915659425,15.832404982264016,60
4562,19.175062543113576,-22.559369714542125,-3.7632571012745215,-29.264325673577446,82
4563,19.191790716663526,-6.607462877624167,16.825290884215367,-32.73268537204203,61
4564,2.419163648435209,-54.448007037019806,-25.424838243562064,-7.967479674796747,85
4565,-10.269996887643945,19.22593279736137,4.720692368214005,7.252252252252252,49
4566,15.851401684735016,6.87429854096521,-8.784458675943497,5.162816352186951,70
4567,-19.77503018602933,-1.9828399546743303,15.733705683149566,-36.213130556855944,83
4568,8.03549190535492,7.962962962962964,-23.853027233700857,-25.171130321778683,82
4569,4.978177850518275,-18.808418104083735,32.481273824000574,-13.916766228594184,59
4570,0.15594541910331472,15.0,14.233543559688336,17.873563218390803,47
4571,2.7777777777777786,16.91326217642007,-4.618030361141983,-8.308682058682056,60
4572,-27.47040142815496,18.54582014496924,22.873563218390803,5.457380457380457,64
4573,-19.41932039444759,-6.298167915814974,-29.17960088691796,29.257274134725115,63
4574,-25.8861184513668,-42.285954785954786,11.31823461091754,35.33201980217696,79
4575,-28.455008156095115,-5.815520540918519,20.619548780237853,8.686404101363118,86
4576,34.0353695272928,-11.045548654244307,10.0,-2.9682310634691578,62
4577,-16.065998758335937,-80.50516524403749,10.622849372849371,8.800599276345547,80
4578,-54.12554311503311,4.072478833476763,-29.589552238805968,-40.282335074001736,88
4579,-2.6524337805297553,-38.03128213310641,-3.2286823344200366,21.904805416186594,86
4580,0.42350907519446834,16.243781094527364,16.773730377010178,-93.17449113696296,98
4581,6.882197323373796,6.01859394943477,3.1653395685877994,5.170741348902267,54
4582,1.5432098765432105,3.1224833856412815,8.681318681318682,1.3249121299519748,69
4583,-13.786160310682066,-24.29012345679012,0.1697530864197545,9.800010429703796,63
4584,10.0,-2.4234791815651313,1.851851851851852,-13.530701754385964,49
4585,-11.355271252816028,3.1081440389560253,15.724168908231386,-2.324546798231008,95
4586,15.566265119045758,9.344919786096257,-26.647390951237384,14.67956352678867,75
4587,8.014978479163831,-13.94681537144772,-16.029078781738356,-38.87354498812569,95
4588,1.666666666666667,-20.823506289308174,-22.026962593823058,-8.479154268773396,72
4589,1.5886887926771323,7.787655712691581,-9.314200787212954,-4.882899542448293,74
4590,-41.07788851974898,12.083333333333334,-10.177224736048265,12.873563218390803,51
4591,-2.780626506182953,6.515151515151516,7.99683559194429,8.205128205128204,56
4592,-4.352408408238313,-0.10508252588323153,4.640658138888758,13.88746091871092,85
4593,14.385964912280702,6.746031746031747,10.912862409879704,5.366161616161616,44
4594,-46.5230536555222,16.01851851851852,11.700680272108844,6.773049645390071,60
4595,25.361599185128597,12.719298245614036,-6.624937011841773,4.857690202517787,55
4596,24.1062871503901,-31.245032626611575,11.984126984126984,10.542281572159942,65
4597,24.808878074693837,-16.666666666666664,-7.479213907785336,-30.442227149544223,53
4598,3.0079486722791993,11.474287828338884,8.966131907308379,-7.508348984971749,67
4599,3.2352941176470593,16.922799422799425,-4.661327994661327,0.22875816993464104,43
4600,-0.9833526906697636,-19.776828110161443,8.472222222222221,1.5476190476190488,46
4601,-4.146825396825397,-6.040635777477883,27.379629204073087,10.398815743643329,48
4602,7.777777777777779,-1.4984198807728215,-18.860605888907777,6.353414319516014,60
4603,23.21045871502682,-1.5167821514570736,23.757781286868855,-30.923540389522735,79
4604,4.898013955984972,15.069124423963133,-10.018492144591423,18.074998773728357,58
4605,10.871212121212123,19.285302048459947,34.029388016579674,11.213111507229158,51
4606,18.7332005973121,-3.58108108108108,4.62962962962963,-6.398095039579857,49
4607,4.53867706503431,-2.051282051282051,-39.97138534888117,2.5817957942090675,75
4608,-9.573756758292511,-1.035409158245674,-8.950719661114102,-9.255826065939203,89
4609,-19.953703703703702,2.1341558963221927,4.365589267391936,17.38095238095238,53
4610,-23.333969951617007,7.380952380952381,-5.015387802654882,11.770833333333336,49
4611,-18.23308270676692,12.427213309566252,19.4452347083926,6.448412698412698,38
4612,-2.330404383975811,2.250631313131315,7.163742690058481,9.314050098341138,60
4613,5.556345819503716,-7.549019607843137,19.688983855650523,-25.505599472990774,52
4614,5.611672278338947,-3.7499999999999996,3.9682539682539684,9.843661425818036,52
4615,-8.691624481602844,6.755306097411362,-41.20928620928621,-13.22695035460993,66
4616,1.5807419530823783,5.323868677905946,25.511463844797177,-43.337850045167116,54
4617,-9.07557354925776,10.0,9.695767195767196,-15.09116099922159,50
4618,-4.11980161980162,-5.279132466332658,-50.98895401076003,-9.225259981458175,72
4619,-23.58144977331024,-34.91646350483141,9.141156462585034,0.33108866442199947,79
4620,-29.583804346612695,1.2782965478211654,-7.747092169347127,-28.770469375493484,93
4621,-20.5609631147541,-30.68704620170331,15.377808050221843,-12.023809523809524,70
4622,0.4785832422280163,8.91296869625043,1.1877429034291764,-8.29524972382115,58
4623,1.6914682539682548,-33.7211960367616,10.905118846295318,-21.66198792377622,86
4624,4.160159586197477,6.77446746418342,-19.778229259103576,25.63755403000254,76
4625,16.22603120865042,3.9682539682539684,-9.856887298747765,1.535947712418301,52
4626,15.66976198538501,13.333333333333334,-8.611125187212142,23.917555326224058,57
4627,-2.156332574128502,7.88040663040663,17.172680714347386,-30.31852085396382,74
4628,5.804883831199621,-18.80404725992961,4.030691530691531,17.389312710517988,67
4629,4.67741935483871,-1.0858585858585859,3.509402330736836,-74.12114936558696,70
4630,-1.0361671574438434,8.509160756501181,-3.554829339143064,-23.583875558740484,91
4631,-34.01069434330547,10.338672005338672,-13.547680185229943,-4.874338624338624,75
4632,-2.395833333333333,-24.151114173933653,0.0,19.532648904516073,57
4633,6.937984496124031,-16.514161220043572,12.499231706158596,-21.21212121212121,56
4634,7.858682266009852,15.143112701252235,13.908479434795225,10.724474474474473,44
4635,-7.414622414622414,-52.480427483577344,-3.500764738598442,-23.427672955974842,73
4636,8.908926632711799,-33.56321839080459,0.960675689787585,21.48148148148148,65
4637,-23.942451390131694,-3.939876263083576,11.225490196078432,6.851851851851852,77
4638,20.523708317825964,2.996185841013426,5.518840891181316,5.340885285738227,55
4639,-69.53926132051845,-25.295933188090046,3.963411951760588,2.314814814814815,68
4640,2.450980392156863,-2.8632478632478633,15.704847962653794,-3.58108108108108,43
4641,3.923879236379237,-2.3814642816190794,8.745791245791246,-1.2121212121212115,52
4642,-20.423232556168536,7.107512370670266,2.450980392156863,23.235992402659072,44
4643,12.769993737486,3.978582819162529,-7.568861570401342,-3.228677532022509,70
4644,6.228354978354979,2.34082355413462,18.98347664910812,-8.308080808080806,69
4645,-79.20054447409758,-11.573920265780732,7.568619149634326,-10.461343157421588,86
4646,5.5014430014430005,-2.5939692116162725,11.055518981786262,8.254425185690097,51
4647,-10.584302690547363,-10.160263269666626,23.784663271080927,15.554518103537713,76
4648,-2.189009247832778,0.6073153899240857,30.02337101116659,5.8006535947712425,56
4649,35.48245377090038,17.688172043010752,1.9344811095169767,8.787878787878789,59
4650,-40.024801036705796,-27.44274312418241,27.312157162903432,-9.930598255562385,78
4651,7.0690895480085825,6.437750742033334,10.693294225902921,5.324543610547668,61
4652,12.290178045540388,15.735898235898237,9.284769709805579,-41.040020776732796,72
4653,2.719036240541618,4.311830015125941,4.22593279736137,20.33406474093202,69
4654,13.273448421420643,-13.331708901884339,13.658137062742327,14.204545454545457,72
4655,-1.2121212121212115,8.501818570817289,15.0,-24.2156862745098,42
4656,9.385964912280702,4.40150862631483,0.03003003003003002,2.8063298490127764,47
4657,3.6413951545530505,-1.0317460317460316,-14.448678809733577,-2.0370370370370363,57
4658,7.154882154882155,-0.08526363598827302,10.432985085211238,0.8621933621933628,62
4659,11.22735507246377,-12.776987513829617,-7.857142857142856,31.338402882520526,56
4660,33.83207404988434,5.2831128702321735,-45.09999871762818,24.19250692012824,88
4661,13.052410943031298,-4.555233666868883,21.515594541910332,0.718676236911246,65
4662,18.597883597883598,10.35786192036192,13.623188405797102,7.380952380952381,37
4663,-1.5141612200435741,-10.89701448848874,12.269054249979778,-13.010333443984896,92
4664,3.3907120146764087,0.5502653023273614,-21.939988116458704,-20.865605675887196,78
4665,4.3462823725981625,10.550108932461875,26.5064545100752,6.855542471484501,64
4666,5.0,14.901960784313726,3.9797200012253775,17.44047619047619,33
4667,6.30952380952381,5.604387771726484,8.009153318077804,10.0,51
4668,4.685157421289356,-5.614035087719298,6.8325193325193325,8.086419753086421,48
4669,11.572327044025158,-20.69251275133628,8.643548683455244,-14.068287037037036,82
4670,8.147614261594619,5.580357142857143,1.4417989417989423,20.867446393762183,45
4671,6.498015873015872,-24.406038768783866,11.144163644163646,-14.78299180809944,85
4672,-1.818632923769007,-28.605346076487756,13.968253968253968,5.156608097784569,74
4673,7.585470085470086,10.820399113082042,-0.2075881853737993,-42.647409236228164,71
4674,9.03672872657835,-21.6893115942029,2.857225787705748,4.001273561787423,57
4675,10.208614484930274,4.148916658862127,1.9248035914702593,-4.9074074074074066,59
4676,-37.44002219111285,0.0,8.095975232198143,-41.502269752106,101
4677,13.172892720306512,-38.02590383472736,6.714811900233894,-14.167888563049853,61
4678,-19.409984146826254,12.428689541132698,-1.985449805379843,-22.876200231336316,82
4679,10.805717998700455,8.645568990396576,36.496543045961566,2.604166666666667,53
4680,13.205128205128204,2.9761904761904763,-8.495475113122172,-29.073580837902192,54
4681,5.0,1.9710144105315426,14.494889054934248,-0.8944414121664197,77
4682,-3.2962503883984233,-43.32780551612259,18.518145123748575,-70.13210041271587,117
4683,19.940200827805874,15.825395712906229,16.602564102564102,24.211991746655016,52
4684,10.090831112336488,19.61117765192559,33.15477881974046,0.881084354315594,69
4685,0.27993419902223415,-0.09419152276295151,-33.75966370769284,13.82114375969746,81
4686,1.8115942028985508,-0.23249738766980088,-9.974306147579805,7.09263564847647,55
4687,7.219294821753838,-13.903508771929825,-25.91566992875622,-9.163501107945553,83
4688,0.0,-2.394179894179894,1.1394951100833488,-0.208928834351352,74
4689,0.4039033908464522,-8.248731814300783,4.437984496124033,4.650530492233029,57
4690,19.901960784313726,10.04207350956577,-4.0389082462253185,24.418799528655537,53
4691,-17.394179894179892,10.0,-5.304232804232804,-6.666666666666666,41
4692,-29.392048310121417,11.633986928104576,-17.740471869328495,9.695767195767196,51
4693,6.937984496124031,-3.740646016860849,16.81159420289855,8.58707264957265,46
4694,-1.8261562998405094,6.675010429703796,5.0,-23.280735752616366,58
4695,-46.4963589382194,5.0,9.385964912280702,10.0,44
4696,-24.14141414141414,-12.9031895288262,-43.39226749361128,-3.593707343707342,70
4697,10.497076023391815,31.762173012173015,7.604166666666668,-0.09803921568627416,44
4698,5.0,19.84452879380416,0.11717599952894275,8.968253968253968,47
4699,-55.3606457581224,-28.9319882685485,-10.816030212753152,-20.36019536019536,80
4700,-12.033910416859799,-10.907738095238095,-14.744415208411153,-7.845786963434022,68
4701,-8.3882019405947,6.040131040131041,9.359835721728306,7.43609943977591,71
4702,0.6652046783625725,-13.866830602855682,7.380952380952381,-13.184686358541583,73
4703,10.829797581050714,3.2244951815825473,2.6388888888888893,11.96276993446805,62
4704,-6.474850809889173,-13.856687411806828,8.003246753246753,12.426545924559829,57
4705,-2.880231143840934,18.143141541797757,-25.733336720178823,6.051587301587302,56
4706,23.611570658707837,2.8262786596119933,-6.364324437354512,5.436864409951106,72
4707,17.562654147146546,-26.80945986913698,-5.371413374842452,13.571428571428573,70
4708,-7.804840169974293,16.60698013018122,-18.13324475089181,9.41997851772288,62
4709,8.086419753086421,5.798460798460799,-7.222222222222221,12.63888888888889,41
4710,-0.3600550152274309,9.166666666666668,12.71604938271605,16.313131313131315,45
4711,12.638335011146108,0.4371540077924039,-34.167087967644086,6.4583369846527745,81
4712,7.657149955270889,-11.360948911124986,-30.107848348755716,-18.033195911479915,100
4713,2.674096736596738,-28.178891825093594,-11.356152447483716,13.863409770687937,69
4714,6.254960317460319,0.2546296296296302,-3.3783698292078768,11.602564102564102,54
4715,-5.681063122923588,-12.243867243867243,-9.92920780993635,16.488095238095237,56
4716,-34.14214170279835,6.354166666666667,-7.1360044419953415,-13.550198205370618,90
4717,4.758379703232645,-9.106071233730809,5.512091038406828,-49.691472830770124,76
4718,15.230872898555827,-3.055555555555554,8.086419753086421,17.850821349273364,55
4719,16.313131313131315,17.661514622558677,-23.186985924539876,14.354838709677418,71
4720,0.27940220922677206,-13.308080808080808,3.2352941176470593,4.115853658536586,44
4721,7.574510190215513,-56.0050676764438,-25.552834182971168,21.592367552485086,104
4722,26.613947292542896,-53.604436981423085,-49.504619327644434,-12.320261437908496,97
4723,-61.917940408925176,-8.819910672773961,8.123125840228992,-3.1871639784946226,84
4724,-7.2163471432849065,6.224712107065049,-4.96996996996997,-13.114757660905639,72
4725,8.65049760116526,-33.911848102935664,5.853174603174604,-21.247165608821945,98
4726,-15.223878226417812,-7.726794086366796,-6.011435372919884,10.300071445582281,75
4727,0.6561085972850678,9.62962962962963,-6.94992841731972,12.777777777777779,46
4728,13.324545824545826,7.604166666666667,4.2680099723443385,20.336151368760063,52
4729,27.77777777777778,0.0,9.385964912280702,18.47222222222222,30
4730,13.968253968253968,32.055980592820475,-5.0,9.321975916803503,53
4731,-49.64308373580557,-10.895895895895896,-6.372122923243371,-4.640319436584292,65
4732,-3.616741664835617,7.225701200292852,-2.329192546583851,-16.26175101396705,92
4733,13.768631436314363,-58.78151575519997,5.0,-16.472073677956033,57
4734,-1.3898362174224248,-8.347179127076844,19.54517182165936,-9.872755281505551,82
4735,2.716049382716051,-3.229166666666666,15.0,4.414262970103794,45
4736,1.1841809894689597,17.904647435897434,-27.764273280413246,-18.918962822471592,64
4737,6.222400284900287,6.5109783750898735,6.773049645390071,-1.130916464933791,50
4738,-1.307687170239765,-4.356600189933522,9.956896551724139,11.613756613756614,48
4739,-6.223196881091618,1.1973327995119352,-4.983579638752051,-30.265010124896534,90
4740,-26.841409078251182,-15.104926434498738,4.562058091936464,-14.37242608642203,65
4741,29.599462363107136,0.7585875349033251,13.086419753086421,15.20499108734403,47
4742,-14.160539215686274,-24.598765432098766,-6.439720141514652,1.8939393939393943,74
4743,3.2158317872603592,10.699509364532718,3.2200316023845437,22.86841329580694,58
4744,-0.38187078893684,9.57782021125137,26.606850675040015,12.525252525252526,54
4745,-16.106701940035276,36.80189781441651,6.190476190476191,-53.07455989731218,77
4746,-49.12973448233977,-10.547460028334346,0.0613022064563713,-8.227511203126149,79
4747,-1.0449579365865862,-42.075503812636164,-21.374246527080487,-6.553723181296005,94
4748,10.0,-7.798492118667555,9.62962962962963,18.05103884372177,46
4749,22.154882154882156,-26.848835583768675,-5.304232804232804,19.166666666666668,56
4750,-10.246913580246911,13.810248066402565,0.5501089324618746,-11.768225735617039,55
4751,-4.63336188980036,-0.5870279146141222,10.602813467396803,-34.906005432986866,70
4752,-8.253259086592418,-26.881075196114786,8.787878787878789,2.6693163040201435,66
4753,-8.863493178725387,-25.807436199039092,9.452474154371172,6.6208036244800965,84
4754,-0.46568627450980316,-17.625218270379563,21.81159420289855,8.101851851851851,46
4755,-76.96873917462153,-23.827871650452295,-9.060619498708474,16.468965305257633,95
4756,16.54320987654321,-4.01913875598086,3.618113912231559,-30.522277898130415,58
4757,6.03625099570632,10.703165524105927,5.288461538461538,1.3326515571097615,59
4758,1.7483789755581114,7.314814814814815,3.4722222222222214,6.161236424394319,47
4759,-5.614035087719298,-25.970196891521944,-7.9777711841356975,3.5909946457613806,61
4760,-23.361928104575163,-31.738255203948828,-21.63465946288072,-31.666666666666668,84
4761,8.189039056482809,-46.366276750316025,8.623188405797102,26.366120218579233,61
4762,2.5426023252110213,19.34628237259816,2.688172043010753,17.525252525252526,42
4763,-9.642857142857142,0.9582919563058594,-10.138888888888888,-9.871288991653461,60
4764,-47.29833700886575,-31.74382716049383,6.984126984126984,-9.963235294117649,73
4765,-9.882301948081698,-34.051871430187944,2.712492982611648,-33.82732118298691,128
4766,4.622932728559416,15.0,-4.475340124007724,-12.903531653531653,68
4767,-0.7711205480204484,5.0,-4.26961926961927,1.8644431228123253,58
4768,4.857690202517789,13.086419753086421,6.6339869281045765,-16.217830363793095,54
4769,11.4026792750197,-1.4484126984126982,16.38888888888889,-48.54254447083011,60
4770,6.290849673202615,-21.92126153066735,9.388503086419755,-35.59330639723639,65
4771,-15.21861668874211,5.98086124401914,10.069444444444445,-0.6140350877192979,51
4772,18.070768537299976,-36.528412564109885,-6.236944532467823,8.086419753086421,58
4773,-29.1761458720318,11.021535528671082,6.282051282051282,14.532414555574618,67
4774,21.188698580002928,14.914529914529915,28.15180793441663,-10.381347030524568,46
4775,-2.557150451887292,-10.1836917562724,-9.56647444232696,-12.384581260827563,89
4776,-3.7178560102114457,15.069124423963133,18.888263448685446,13.831923890063425,51
4777,-3.953818171195028,-9.854089246103763,0.0,-3.8919799682942156,72
4778,-15.789110907956408,-30.611035111719104,6.661442006269594,-8.677029216244902,56
4779,-27.22375207623044,10.268559691114039,18.333431118835954,6.701754676560878,64
4780,-15.764208909370199,0.0,6.9344811095169785,-1.5277777777777786,43
4781,-67.25608399628872,-0.31484257871064436,1.6446851645141498,-23.495718915850635,93
4782,14.899072762075225,-3.342649222009687,24.734580895084317,-6.0538632907053955,72
4783,13.787878787878789,-11.794871794871796,14.618652969475432,24.74924012158055,47
4784,18.977272727272727,-0.1314290933379385,10.526315789473685,11.984126984126984,44
4785,16.572420634920636,-0.966356533216997,1.1738938731692357,24.040969141543854,70
4786,18.67700075920483,-70.92513566197776,6.987083070752425,-19.429118606460015,69
4787,-4.965886939571149,-3.045776192637902,-9.495958459059059,28.830301554086724,82
4788,-49.8168597026725,-7.61320074702681,11.475468975468974,-3.338557993730407,91
4789,-33.0657267742687,7.532230899569747,-13.386701654543218,0.1446080266209666,92
4790,-16.46351727019913,-12.435851561105112,10.089962121212123,4.219457013574661,88
4791,-7.735885785696054,17.878151260504204,-74.61947132678839,5.030888949244556,92
4792,10.111551030668677,-0.39413745296098135,10.317794643545461,20.41117037760975,61
4793,13.684807256235828,-22.321746880570405,7.518696581196583,3.873777519775236,53
4794,3.1748911465892595,0.4551823192938187,5.691418796257505,4.514064669013788,56
4795,-5.908913908812952,-1.2499999999999993,1.9704377052937128,-1.6329966329966337,56
4796,8.623188405797102,-15.37037037037037,-5.17507582023711,20.175150519978104,40
4797,-7.023809523809524,-14.375357872646896,28.13527660276886,10.337145543942368,64
4798,24.91680864937633,-11.395348837209301,-19.54653500385208,-5.153082276020215,69
4799,8.61190137505927,12.976190476190476,-0.9848484848484833,5.158730158730159,46
4800,18.08641975308642,-66.45767085255468,3.604651162790698,-9.73063973063973,69
4801,-88.27846483123996,-136.21106742747463,-14.232552045646415,14.177203353514171,146
4802,-0.28353469142942855,-3.817998626472927,-36.732731911791504,10.557385448689796,59
4803,-14.141414141414138,6.144781144781145,-0.9842106464777256,13.585164835164836,58
4804,0.10638297872340496,-3.6886395511921455,4.728449391323977,0.8081992486917251,55
4805,7.947600298346568,-30.492101202079272,0.16414141414141437,-16.803647026544695,76
4806,-5.0,15.278715675288545,-45.409837755375506,16.122076023391813,62
4807,-42.318740627564154,1.2697337290833235,5.0,11.565656565656568,54
4808,-11.493886230728336,0.27777777777778034,7.314814814814815,-6.077888519748985,47
4809,1.1975591151792528,4.471533608981015,12.874917480180637,4.712301587301587,57
4810,-4.081606798998102,-21.429551787125448,2.1367521367521367,20.284110080965764,84
4811,-3.462003180322615,20.134232529743365,16.84181718664477,21.81159420289855,46
4812,-18.544106418770397,20.294272319963177,-19.26062091503268,5.923202614379084,73
4813,8.787878787878789,-35.98127019179651,1.344086021505376,-5.587565532534086,62
4814,6.851851851851852,-10.37037037037037,0.4074112768205467,-41.12815942123253,61
4815,19.535713173223684,1.0763888888888893,5.0,6.419234360410831,41
4816,14.687500000000002,-1.143530798703213,7.450980392156863,-16.26104843975101,47
4817,29.385964912280702,17.281112281112282,-22.84722222222222,14.528930347906105,61
4818,-46.58662894740902,19.965529388083734,-11.814751933597432,20.614065877223773,64
4819,13.123725661535707,26.30591813157603,-6.241656236962871,-11.031746031746032,52
4820,24.571248423707438,-52.507589917895196,-4.122335564128606,4.62962962962963,61
4821,9.522504177109441,-3.149611659273236,6.037519338722818,-5.818962283805601,75
4822,-13.065476040984624,5.9430035526526765,0.5350805350805357,-16.63459023844166,95
4823,-62.29948768321099,-2.4229214069141136,-9.754728132387708,16.23655010641312,76
4824,-16.91543933915395,11.303450976343429,7.978942546010654,16.61058805181592,73
4825,11.006510066361761,-4.399881164587047,-7.604203505972265,11.018027571580065,70
4826,27.766816516816515,15.209986772486772,5.0,27.19298245614035,38
4827,5.0,-29.762351469668545,6.105006105006105,9.325396825396826,43
4828,11.469743664239935,3.121693121693122,-21.976864132036546,-80.71318734985877,78
4829,15.651729223157794,-3.2987212950448246,3.086419753086421,11.40096618357488,55
4830,13.417508417508419,0.3240740740740735,24.535018506306113,-1.1137608196431725,54
4831,11.836945304437563,-10.593581160441625,-6.84647637477826,-28.007828949594582,79
4832,-34.507595152756444,12.252252252252251,7.525252525252525,2.0105820105820107,46
4833,-12.249370372670127,19.594198790627363,11.386069020227948,-17.929037336932076,72
4834,-3.8798701298701284,4.908392215579195,29.693172822866188,8.070768537299976,65
4835,-13.882821571400434,-12.10068851388794,-7.8625224677856265,-3.977747045624108,88
4836,-16.247282488441883,4.801900377192,-10.0,-10.877076951638353,73
4837,1.3034188034188041,-91.74021173451635,-5.809763251623717,-7.222222222222221,68
4838,0.13107263107263112,5.0,5.0,7.500000000000002,36
4839,-61.240505990586236,4.490703697011934,2.7024831968399283,-5.7492098059676655,97
4840,21.85185185185185,7.136752136752136,-1.699754844916134,12.591093117408906,45
4841,2.566967604777649,8.472222222222221,-6.324046690307225,-17.880901610395277,74
4842,6.504665462676298,7.083333333333334,19.671717171717173,4.567901234567903,44
4843,-6.474850809889173,0.0,-2.311827956989247,18.62221673020221,42
4844,3.1916340802788534,16.565656565656568,18.89736806403473,19.77801896919544,52
4845,6.086645184389546,5.0,-2.9647290974164857,1.133570119702053,50
4846,-4.216820987654318,10.372046254399196,12.286634460547504,11.19918699186992,48
4847,10.46594982078853,4.4625330156514735,1.5432098765432105,9.868369375040464,59
4848,-6.07648930017351,-5.501893939393939,7.29930173801988,8.689839572192515,58
4849,0.11837092979448682,4.615384615384615,-3.151013246175599,-18.04453262786596,65
4850,-2.592592592592592,-2.9079558652729376,-6.454024597406949,26.93127026971239,59
4851,9.385964912280702,-5.968235729265137,-3.0555555555555554,29.748338081671413,54
4852,-45.69089982785893,25.0,-8.478185210192557,5.922653646438816,72
4853,2.083333333333334,17.259146082675496,1.937984496124031,-8.561827956989244,45
4854,-11.028341562874441,11.628414022666483,19.837261503928172,-7.41366705925027,78
4855,15.034013605442178,-71.80782427267411,-13.294540254763099,-40.1376392562756,113
4856,-1.765873015873014,16.36574074074074,-1.1764448313361342,3.7106850349676552,68
4857,15.172902494331066,20.0,-4.904639076339407,3.1312430839138083,56
4858,27.553018813873457,12.525252525252526,-28.358090840893766,-64.3728294700417,94
4859,-3.6542145593869733,15.800418358557893,5.0,14.60858585858586,43
4860,5.4085635245055546,-21.66031776293595,-0.2755761395467262,-18.04474929474929,89
4861,-8.581514762516045,3.770739064856712,-5.948461508549451,10.0,52
4862,7.314814814814815,-34.466089466089464,29.871594491116987,-6.633249791144528,60
4863,7.291666666666668,-4.3125679356922975,17.23650548167469,-5.5166069839982885,76
4864,6.589344216780499,9.978177850518275,11.984126984126984,-4.508177008177007,48
4865,16.609008275674945,17.32885746891349,5.107359514687101,5.434513460829251,54
4866,3.345376689415229,23.569929096244884,-21.703976703976704,6.599378881987576,57
4867,-55.90696674935805,11.666666666666666,4.95436167605979,0.0,56
4868,-18.865509784552025,-70.82179358776096,13.939659197012137,2.032520325203252,114
4869,13.009153318077804,3.3333333333333335,10.0,4.367069711897297,35
4870,10.924630924630925,6.700680272108844,-10.283668592672594,2.8735632183908044,53
4871,27.23161851068828,-59.5864222920144,-51.83185477362126,1.0416666666666667,86
4872,10.35123050189891,6.558641975308642,7.427213309566251,8.810248066402567,52
4873,-14.662801258195996,3.4526592635885462,-12.640619261519337,-5.950956487114979,68
4874,6.666666666666667,-8.038136380527686,12.767685530843426,6.519649225310397,57
4875,1.8597277805061267,-37.17364774654085,-61.859074770258985,-30.129952158254046,97
4876,8.044733044733047,1.9620457610653688,21.20059859190294,16.565656565656568,46
4877,-7.847107434556041,-23.98545251523708,-6.540018279148714,-22.82698429166562,82
4878,-1.6662371473200581,-4.2075874858893725,-27.899522375854897,8.316411849020543,64
4879,-13.431372549019608,-23.761140819964346,4.276315789473685,-4.696626636114166,56
4880,2.677949240449241,26.52271704903284,4.199262991261925,4.828042328042328,51
4881,-0.2590811965811959,15.390408114193281,-1.4174836601307184,-4.0211640211640205,49
4882,-2.2049931295153877,-10.886818495514149,20.811240581396557,27.4052175124655,77
4883,-58.0915932855263,22.501970037290096,1.633198011079676,-9.075276926320571,89
4884,-1.0317460317460316,-9.240059457450762,-0.3042328042328042,8.886635113815641,43
4885,2.0806100217864927,5.580357142857143,18.364615279576917,17.719298245614034,45
4886,15.368870895186685,8.623188405797102,3.9682539682539684,10.0,36
4887,18.525149190110827,9.354838709677418,2.3015873015873023,-6.880993697006421,51
4888,-32.51437773176904,6.88608776844071,4.030691530691531,-2.3290489241438523,60
4889,-57.072900667537375,9.558344354359537,13.410983901172989,-3.5648148148148144,94
4890,5.173716481276987,6.633986928104575,-5.941736060581561,-52.430198208500094,54
4891,-10.04598909835705,-6.106337271750805,12.38095238095238,22.287975826771497,61
4892,10.0,-7.582428218316718,-16.625816993464053,2.3199289405684773,54
4893,-16.62931780259146,-2.036295430759164,7.777777777777779,10.560325091575091,65
4894,0.934481754915192,-42.232980858143485,-24.53107406097178,9.627944266309047,87
4895,15.189386106724818,0.0,3.7878787878787885,7.154213036565977,41
4896,10.786931095855582,5.0,19.425634425634424,-5.0,37
4897,5.94198633258051,13.086419753086421,2.9629629629629632,44.136476128602936,46
4898,0.776089768720102,-3.0501035807730865,-40.50190952208998,1.3888888888888893,77
4899,-18.366013071895424,5.0,7.770357358806876,-1.433542612448805,54
4900,-18.57499955104319,-15.337995337995338,-0.6801919613731009,3.5633384226850673,85
4901,0.07626532885627313,-4.188505279836548,9.459828303914325,1.8424940898345161,70
4902,18.78787878787879,15.236154198836047,5.0,5.724474474474474,38
4903,12.935255331088666,-0.2227155164125143,-7.55510571300045,-0.8882536359487929,72
4904,5.997474747474747,3.0398682770599295,4.978177850518275,0.9246309246309252,49
4905,0.8288287957910399,-9.986065246481914,7.099928893564382,-49.446698219517685,66
4906,22.585377585377586,-1.3419300337904971,-28.01352578634665,-1.3683753850323086,66
4907,2.260963053645981,5.6089743589743595,-12.243867243867243,25.0990675990676,44
4908,-14.615625240625238,19.316469782571478,-12.289217681374543,-1.699346405228758,60
4909,-19.687957954211825,-32.455640416719596,-3.4848484848484844,16.538879342563856,82
4910,8.966261932793374,11.937984496124031,11.018518518518519,-9.345295611436212,58
4911,19.89006398780835,3.529271949391159,0.13612365762903278,11.753812636165577,53
4912,23.341752821872966,-40.63789897578864,9.839115133232779,-13.10520143016556,77
4913,1.2268518518518525,-7.222222222222221,23.14281724507443,7.216775599128541,53
4914,-31.997795116175812,11.440105946684893,-25.813356575355403,-28.548636379845547,98
4915,8.94880174291939,-15.708578466913238,20.92917478882391,15.98086124401914,54
4916,12.159437318454959,-19.47907549792695,-41.193128380950874,-92.32139502689351,113
4917,5.5743285637958,-19.317738791423,3.1732554320273625,29.19047070258758,60
4918,22.983584554329134,7.777777777777779,11.828316610925306,-28.58108108108108,49
4919,9.901960784313726,11.417513949516657,-14.086297387230617,8.769927172798756,69
4920,-20.974332768340474,-32.103271256719644,-8.81648322437796,23.265712598147253,90
4921,9.089336466076478,24.006132756132757,23.003812636165577,-0.4870886032911734,53
4922,8.579045204385807,-4.576126426680432,-21.37382473637733,14.071233246269115,78
4923,8.623188405797102,22.73671861907156,15.832528853141643,7.0489406864512,52
4924,9.719551282051285,-12.395047847156409,2.984726425218902,-23.854502186108327,70
4925,-10.0,8.012040720916698,-41.908905906198854,-20.9954233409611,70
4926,-5.958716746836341,-3.0203897277067995,-5.0206363824801965,9.582111436950147,58
4927,10.002986857825567,13.968253968253968,-3.2616642755323397,2.9302006385825976,69
4928,16.535426039102514,3.997806963908658,-2.0313156788566626,3.5494605174781437,80
4929,10.0,-6.51254391743522,-15.304232804232804,9.938538257307254,49
4930,-3.1826015632086566,-25.445900470340305,-10.165416593988022,12.259717091345394,80
4931,3.333333333333334,12.777777777777779,4.633204633204634,-4.517682072829131,39
4932,-100.96979898997921,11.887788137788139,-43.83880569042662,22.120974076983504,95
4933,-20.466265611082683,8.663446054750402,-2.6190476190476186,5.88462326914115,59
4934,-13.5239651416122,3.173400673400673,4.761904761904763,2.0833333333333335,45
4935,13.623188405797102,-14.752993543643946,5.0,-14.473684210526317,48
4936,5.043277895535076,-9.934080066398025,8.296583351064765,-31.158459595959595,75
4937,0.11894007828967235,1.4032141668589415,19.444444444444446,-7.845117845117845,50
4938,-27.844119469454235,11.721714632688968,9.720406681190996,11.344086021505376,70
4939,-47.309067183296584,26.40449057115724,-7.234213921421377,2.524703557312254,92
4940,-42.67647438379146,1.851851851851852,11.561035290874,7.525252525252526,49
4941,-2.919735593728152,5.685347007562438,0.17676767676767824,-6.073540280857354,69
4942,28.375439919557564,5.586080586080586,10.118288144603936,-16.42549712121453,52
4943,-12.11773328314682,-10.37037037037037,-11.666666666666666,24.068462401795735,54
4944,1.5760968397416126,-5.45078577336642,6.98839355089355,-8.444121667805877,70
4945,16.30947505947506,-6.962551911687182,7.419242550821497,-69.58328539123266,88
4946,-18.53547298936791,-2.4911974330578985,19.042522181696338,3.169934640522876,70
4947,11.797032105956593,8.914355690118628,6.271155705996133,29.578754578754577,52
4948,21.666666666666668,9.072187637123918,11.893939393939394,-15.836056644880173,50
4949,2.0546737213403885,-20.520825268916738,-12.549019607843137,7.5613906335495,63
4950,-3.573258800365606,-24.262071103370122,-7.507888697647735,-1.8191220717816448,84
4951,12.16030271757826,3.1770199035269986,24.11254029070121,-5.377090068165582,54
4952,-8.772137478179676,-4.007221860209308,23.31392157973734,-19.034234819416337,74
4953,-18.83863012928054,-24.94762936695561,-9.079102166697668,5.421865715983364,68
4954,-12.1264177374725,-30.05291005291005,9.777504777504777,27.7305121672021,68
4955,4.583333333333332,-82.63982012543909,-10.395957572910323,-14.572368421052632,82
4956,35.743113486675014,16.403449820788534,-0.0937428111341152,5.427170868347339,51
4957,7.950083542188805,-4.993940896196534,17.688172043010752,-0.2950136330316364,58
4958,19.622939202236115,11.77143836626595,-18.18840579710145,13.977272727272727,57
4959,4.161738769581909,1.150793650793652,33.7367266883348,-4.571979594376011,61
4960,-5.732880588568195,7.083333333333334,3.4722222222222214,30.862193362193363,44
4961,12.467788027560324,-16.923531551191125,6.059050570544825,-25.511486101677846,75
4962,21.237816764132553,-68.66005711593947,31.808264212841657,10.06823461091754,64
4963,8.472222222222221,-11.189325213920846,-34.602146630448516,0.568770832415606,74
4964,5.915334445212816,-19.211685243759696,-26.507405215352552,16.21929749836727,86
4965,-8.805161136963985,-20.942192192192195,8.086419753086421,-77.73523987436997,75
4966,-23.9083820662768,-36.420945282684045,-7.598021234117069,25.700926708275148,77
4967,-16.004833449802007,-63.57817087649883,-37.668462777158425,-39.549166185837606,96
4968,10.0,39.773044785211084,4.901960784313726,18.96825396825397,35
4969,-33.182283623621345,-20.28322440087146,21.237572666522826,0.8176354732824977,82
4970,11.599378881987578,0.40132744401037,10.586080586080586,7.252252252252252,44
4971,0.49812879081171824,7.450980392156863,-1.8452211802595428,-22.023809523809526,46
4972,-44.22407219412307,-3.1056597723264385,-2.8737643874743526,21.20565176678014,77
4973,19.848484848484848,-5.523872679045093,-12.907680407680408,-5.429687016877292,55
4974,0.0,22.282913165266105,10.0,13.48864258347017,35
4975,12.521598413071283,-2.5430589652173907,3.089406610911988,18.333333333333332,65
4976,-1.5306980656013451,7.314814814814815,-13.201631738549272,21.488095238095237,60
4977,16.41891891891892,10.138888888888888,13.936349308689735,1.923976907836304,51
4978,-58.470226167800114,-6.3768115942028984,-29.21929105157645,-17.017180374126426,98
4979,-25.33414970914971,12.996353229007985,-36.18182763581245,-19.74804069205056,88
4980,13.747623368766746,13.608288452031013,-25.234019943732775,5.550108932461875,73
4981,-5.655189635061468,3.9682539682539684,-42.612879596575254,-17.26701408728989,77
4982,9.392452771759576,4.914174972314507,0.8794714057871964,14.940424295263004,54
4983,-10.869552064520617,-11.653628449294082,0.8413769415744881,0.5486280333028739,94
4984,-4.068718905472637,-77.69855144855144,-4.506363949088406,-10.56011301035323,71
4985,-13.682484567901234,-13.254077079244517,-23.049842314548194,-25.31288169984495,89
4986,-10.789426981287447,13.842777940522303,10.15647638365691,-7.700808393532851,54
4987,14.209037150213621,21.666666666666668,2.050927109066644,-10.434719769758132,50
4988,-67.58741602948622,7.777777777777779,9.385964912280702,4.265701765701766,78
4989,23.48055882879007,-3.4567901234567895,-2.568467751534717,0.11392729134664625,64
4990,12.915516448125143,3.205128205128205,-13.352322911146441,-0.23809523809523725,48
4991,9.642857142857142,13.39297330799666,1.2378167641325541,4.9914667777519455,51
4992,8.569135539520468,1.851851851851852,-23.696936138796605,22.083790888822335,54
4993,12.330889917695474,-30.493544908594412,-28.87532220865554,16.831071627086807,81
4994,-46.41621345884954,5.738993710691824,-12.393051460080443,2.1367521367521367,70
4995,-21.87493156248522,-2.4619606296624927,-44.07324596882323,5.648989896910732,78
4996,23.66736387537471,3.757176629517055,11.428253119429591,-6.141092987340915,49
4997,-10.820355965173038,-9.857131628854429,-17.707949844947382,-3.299319727891156,73
4998,-2.586164900742905,-6.1831654687120565,-2.9312251563523466,-4.7570503856259,84
4999,13.956842684023211,-64.6181425786689,-3.9236111111111107,-16.76197458455523,66
5000,-37.53119852248131,13.30336780871396,-25.030756835682222,-4.964934672815108,88
5001,-38.258442945942946,-47.71642281940619,0.8734107241569928,18.00207039337474,88
5002,5.0,2.0625503552332822,30.211245051993284,0.3990624027388745,45
5003,21.773742873549075,1.4760508308895415,4.385964912280702,20.0,48
5004,-11.45572858338816,2.3308611074385794,-46.40808491772271,6.366120218579235,104
5005,8.984674329501916,-3.3660130718954253,-22.666045577229784,3.162668576202411,58
5006,-21.666666666666668,4.587732528908999,1.0401310401310409,2.848324514991182,46
5007,-4.595778574273197,5.997474747474747,-56.57322014953439,-15.0,64
5008,15.824018517787517,19.385964912280702,-19.80703392468098,22.173382173382173,49
5009,-12.185283687943263,-86.85666935950542,5.0,-62.71906268361214,89
5010,8.612994925827827,-11.628787878787875,-10.246913580246913,7.525252525252525,52
5011,-168.72375124334332,-23.26388888888889,-9.664023359472743,14.239766081871347,109
5012,7.993555865896292,16.711364032792602,6.991785018100808,-15.074253088958972,55
5013,5.0,0.7226305052392012,3.119467329841134,16.612334300506344,55
5014,13.980132365811142,7.407407407407408,-3.807560905761446,10.656108597285069,73
5015,3.4944684401184887,24.540023894862603,21.06366459627329,14.605862547039019,45
5016,12.062904717853838,15.413193617527984,-1.666666666666666,-17.59259259259259,54
5017,-55.5991565503561,-0.19679193592237132,-43.461399711399714,5.995749848208865,78
5018,-30.40073030615702,13.330943675771262,-88.31037778252416,-23.721329342914622,125
5019,-80.40682160291944,-2.8632478632478633,-15.0,-9.36959607691315,78
5020,11.96276993446805,-40.483379342075,-2.897985705003248,9.574243490499649,54
5021,4.62962962962963,-10.490725227080453,-15.37696882111462,6.661338147750939e-16,60
5022,8.623188405797102,12.719298245614036,6.944444444444443,21.63678059058494,46
5023,-33.51851851851852,-27.22222222222222,-3.73651040317707,0.36470068599811856,59
5024,-37.133091008294315,-19.88936988936989,-2.8099669990377167,10.95829195630586,66
5025,0.29233870967741993,21.345785440613025,6.134630418656743,-17.729274756663248,70
5026,-38.72068399424503,4.385964912280702,6.126126126126126,18.03642003594752,92
5027,-0.6810631229235877,-11.727621140376806,-30.684599422625276,16.919884909024887,86
5028,9.385964912280702,5.454545454545457,-61.46405042364003,18.095800968141393,63
5029,-18.873618746182462,-28.040444789826985,1.0712021527845799,-0.9192377181667464,88
5030,10.516819842111467,9.166666666666668,17.089850294184657,3.205128205128205,45
5031,10.296077688840766,1.4814814814814818,26.40983610281856,-45.74944755519383,74
5032,2.6819279870848147,-0.03343464884456182,11.22735507246377,-22.686784115355543,71
5033,7.873563218390805,7.692972232445918,21.730442176870746,-15.25038256043158,56
5034,15.945767195767196,-27.80701754385965,8.768237934904603,-3.2870370370370368,45
5035,22.973485281692238,-23.594507695551336,1.666030048382991,1.6418041975822302,59
5036,4.615072953522471,15.690586419753089,12.215845136987134,16.547619047619047,53
5037,25.505911494147686,15.0,3.205128205128205,-2.3611111111111107,51
5038,8.666801598156646,2.7285275111362086,21.01851851851852,2.1124900039423355,72
5039,-46.21660284441602,-45.6581594118089,-31.57740244068097,-29.371615435115153,123
5040,6.8965232887152474,-2.3396942060581303,32.19616204690831,6.8939393939393945,67
5041,1.2236687402090332,13.922689178497222,-33.77668569012893,-33.89852870295485,86
5042,13.78845863920491,3.8563829787234045,-23.096294653080555,5.299934534848332,85
5043,-3.867423553805701,-20.08101851851852,32.214868878266444,13.205128205128204,67
5044,7.311922534430025,23.487592643476543,10.077773182611892,11.03854638337397,53
5045,22.152457757296464,0.7303807303807299,24.99974240428102,7.866180660298307,54
5046,-21.021753042766527,11.519071355871931,6.736111111111111,7.094943240454077,53
5047,-12.015750656101531,-5.071857352181606,-2.150243319310492,-39.1166960611405,107
5048,11.262502075585495,8.32839385876347,2.7589326096788787,-19.89939968135781,101
5049,20.152004790162685,3.9682539682539684,1.2273550724637685,-1.6666666666666665,48
5050,23.319469201822145,11.937984496124031,-33.29451396885607,17.63888888888889,63
5051,24.967320261437912,7.666276501349847,19.50937950937951,-12.519230326247868,51
5052,0.0,23.448455139631612,2.777777777777778,12.976190476190476,34
5053,4.901960784313726,8.832644488359863,-24.214257964257964,-3.015873015873016,54
5054,-1.9248670212765955,8.83111531166864,3.3670033670033668,-85.59137511967701,68
5055,1.9112174375332271,8.23529411764706,6.496751624187906,19.398148148148145,40
5056,3.0736714975845416,17.01058201058201,-7.790851196023608,10.611672278338947,49
5057,2.380952380952381,3.815651260504203,8.009153318077804,5.0,38
5058,-13.4438350711451,-2.2700179937022043,10.0,21.53264450434262,53
5059,6.677350427350426,-11.344417473089898,-12.388014936569496,-4.756294756294756,93
5060,20.135080169060238,-3.4673043006376343,-37.9691818684356,-32.21686791415447,109
5061,6.220506220506221,32.84827830462411,8.89517926183536,7.61179239440109,55
5062,11.73611111111111,-12.967479674796747,26.62180100249034,-6.141092987340915,59
5063,-3.508864114752207,8.768631436314363,-9.255281658056516,-20.984099784655903,77
5064,-9.272307018486527,1.2352677317466036,-59.72513675903506,-46.2846366489409,101
5065,-27.61165902091079,6.9344811095169785,9.812579559919985,5.0,50
5066,-15.827070385893915,10.0,2.0833333333333335,9.62962962962963,42
5067,4.443915505362349,-4.622432306255836,-7.750289102281511,-32.06480785445576,88
5068,10.51994301994302,14.86111111111111,4.62962962962963,7.260101010101011,40
5069,1.8115942028985508,27.271810411969184,27.799775707384402,10.10134330567767,48
5070,4.562550355233283,11.543209876543209,-2.6597516382462607,-18.06201550387597,54
5071,-43.25056545936094,-38.03219824499652,-2.8745791245791215,16.102878856466724,90
5072,-1.6524615058160783,-19.612795965135145,-64.74764697996095,-1.7214942785547933,110
5073,2.314814814814815,3.1682206682206697,17.450980392156865,-0.04778346609344908,56
5074,-24.840383130361495,20.093927934450086,-49.34240060161283,-9.999006137142217,96
5075,9.879252652908868,11.316137566137566,-13.98775877974794,23.300653594771244,51
5076,-8.7383669265655,-4.790158971389975,-14.021817166978455,16.767956887830728,79
5077,19.123359506380414,-3.2949110317279757,-43.20833247858601,29.39814814814815,74
5078,5.0,5.398815743643328,10.32165743566607,2.6918158567774944,52
5079,8.089406610911988,-8.431372549019608,1.473598864903213,8.601230254197375,52
5080,-13.646305385435822,5.957934169739727,-8.644581337333936,-16.36814163506573,86
5081,-1.4967028238944586,2.387599317234627,-10.922939068100359,1.098594492481758,82
5082,11.851851851851851,-18.72252454515267,-21.306656306656308,22.29866593174646,62
5083,-13.253968253968253,-2.549019607843137,-0.40938241393423525,-10.614035087719298,54
5084,-11.007077926665971,10.362654320987655,1.666666666666666,13.40977101223003,68
5085,-30.057270963068063,-3.3054750127920856,-32.15639497897563,-13.126459832369228,76
5086,-3.055555555555554,29.209731515572336,10.0,7.525252525252525,41
5087,-20.904969868021418,-11.902804507293672,7.450980392156863,-2.690305512886157,64
5088,8.03928928928929,5.670206599489511,9.901960784313726,13.555986497162968,52
5089,-26.57509517757354,-5.476798637718177,10.434782608695652,-8.26388888888889,59
5090,25.96003898635478,6.773049645390071,13.73206428933983,11.08405099737346,53
5091,6.524356869184456,25.991518963217075,6.9346995896487105,-6.265555397558792,53
5092,-0.1690821256038646,-55.18910164000038,1.3087643350801255,-7.023809523809524,71
5093,-5.02369728366105,-22.889201409809505,9.100529100529101,-16.017145922616958,95
5094,9.410369161491154,15.428743961352657,2.325130169957756,4.240342043030774,58
5095,5.19694320965101,-13.656280382976703,9.005184271657141,-19.768052968361317,69
5096,9.634882661198452,9.62962962962963,-18.08178135670425,-15.293976219309924,80
5097,28.525641025641026,4.557443957115012,-20.007122507122507,6.172096404976784,69
5098,13.994190268700073,7.3718078845855715,3.8368356789409415,-5.085263635988273,61
5099,23.094221978380904,-6.743057124573642,17.764344868382135,-1.9505214135242888,64
5100,1.435654721658779,-16.641907475240806,-39.69254588616216,-1.049201694362985,77
5101,21.85185185185185,31.105006105006105,14.954173240177296,-11.457830112721416,45
5102,21.347278869525812,-6.681255835667599,13.46965768209094,4.5765110914030895,70
5103,-18.642246908013895,12.963306534735107,-13.540904526246774,14.13941445367301,74
5104,-3.9784489294293213,-1.1646084908149703,-39.21862713617215,6.078283469325227,90
5105,5.0,17.136752136752136,-17.126436781609193,35.10828677495344,44
5106,7.083333333333334,-3.3632072357562537,-10.098039215686274,-29.8529255252548,58
5107,0.6412276449041161,1.4189189189189193,18.663446054750402,20.324466760042576,46
5108,-41.86826458565589,9.127816627816628,8.759985475671751,3.8843721770551047,57
5109,17.111376280018366,-6.176206978179941,18.019837078761565,2.038712921065862,64
5110,-17.757780502415727,23.333333333333332,14.385964912280702,0.8621933621933626,46
5111,-6.607112906838456,-4.293922576855467,-1.9548487767318639,-18.468428123600535,85
5112,-1.7096250632835996,-48.83068838253482,8.655152900066392,-12.318139376962908,85
5113,3.9682539682539684,-23.257485208330518,30.287240361361015,12.074136955291454,80
5114,-7.36111111111111,5.0,12.753695253695252,10.893300248138956,41
5115,-3.546176046176048,10.84795321637427,-30.467624687116828,4.598817585062175,73
5116,-7.883943499112524,-6.127136752136753,15.666410557714904,26.034000054868486,60
5117,14.345883204398383,7.766139777634031,1.208501472146247,16.25,57
5118,-8.070876999448426,-0.5429676706272444,29.295763576335418,9.92421861907156,78
5119,-17.38124069337592,-30.862141079532375,14.999928378959401,-19.907763418924503,89
5120,21.00401606425703,-49.91103557658026,-28.259748149454026,-74.88670496867236,83
5121,10.996808654299118,-29.10803873723482,-16.310966138552345,0.8156654646218215,62
5122,10.0,6.345785440613026,4.62962962962963,21.283068783068785,36
5123,9.901960784313726,8.879258331012718,-13.442892553675279,-34.67027264167095,75
5124,-0.6951530612244894,11.675010429703796,-4.933454325468844,-20.975305612189253,55
5125,22.04022988505747,18.91941391941392,6.600116863274758,20.517127799736496,44
5126,-1.6666666666666665,14.62962962962963,-3.452380952380952,7.976190476190476,36
5127,2.6021815487265862,-3.481049968738443,0.0,-52.4629541425207,76
5128,-25.574006374419604,-67.38231741370332,-41.79532681117274,4.1726851828037965,130
5129,-5.456182175367649,10.061403075876454,-3.607954545454543,-24.17349919631867,87
5130,0.6326641541695315,13.333333333333334,6.666666666666667,-24.5966917243513,51
5131,-20.436470609933785,-10.810445606710463,-5.204678362573098,20.87951754398931,68
5132,-27.32513542489063,14.71376874897493,7.304685270786965,-10.997749231444882,67
5133,21.050401715363353,-13.518518518518517,-4.318714384497262,-43.5150378420896,79
5134,0.7843137254901968,-6.832520329358186,-14.183829138062547,1.6843033509700192,57
5135,10.526315789473685,12.314814814814815,-12.857142857142856,11.565656565656568,40
5136,4.126984126984127,12.604166666666668,10.112942612942613,3.101851851851851,40
5137,6.087647347856905,25.423781379863904,-1.3407984762151428,-2.6103368176538897,69
5138,-34.819411217437526,7.203618267421644,0.39955716586151446,23.260735818875354,63
5139,11.65642601126472,-1.5758211041229906,5.09700176366843,1.6521099905595082,56
5140,12.524916245002107,-6.356897889405628,0.982905982905983,10.0,57
5141,-2.535627650589894,11.746031746031747,-17.410679686894518,7.233796296296297,61
5142,6.944444444444445,18.672753202702324,-1.9135802469135799,4.409758055268892,49
5143,10.0,8.820879703232645,6.489813985104529,-6.331014646858849,56
5144,5.59960139228432,3.058361391694725,11.448412698412698,-22.637076665977116,59
5145,22.38095238095238,3.205128205128205,10.697325361088556,10.0,35
5146,14.350804424333838,11.392045454545457,7.309232309232309,-2.1418128654970756,47
5147,13.994190268700073,9.451566951566951,21.81932169724188,-79.7387168357497,70
5148,14.62962962962963,0.0,-20.919158361018823,27.027184661113232,49
5149,8.253968253968255,14.445234708392602,0.0,11.313131313131315,41
5150,16.82476020711315,-0.0783338283338284,0.0842028464465372,26.296296296296298,72
5151,2.1548821548821557,11.11976749720378,20.34188034188034,7.252252252252252,44
5152,14.068462401795736,15.207841984157774,-8.395921168742031,11.114024864024863,55
5153,-29.391025641025642,11.084176142315677,-1.5269637908318563,1.770833333333334,47
5154,-0.8583557787162341,-1.3989143848478887,7.596353470175682,-41.4434391923172,70
5155,11.80759315181095,-33.948412698412696,-11.296199035169622,-13.099031453435112,79
5156,-4.052620990484145,-27.767296059871242,16.84149184149184,-15.085443220177893,75
5157,15.14805724577162,-2.4986661331199147,-22.557065653207335,-4.4388270980788676,57
5158,16.599378881987576,-58.71227083738243,1.042676544805028,14.385964912280702,90
5159,2.4585769980506824,-19.977907877085414,-2.7349078390745056,-2.549019607843137,62
5160,-60.597553274833935,24.644249512670566,0.3571428571428572,-5.588359939093429,89
5161,-6.740917464601676,-45.950130131121036,-22.26878846361555,-6.827838600379583,85
5162,5.0,-141.02636740426394,-21.454392601933584,-39.35300205327295,115
5163,14.720692368214005,-4.025773112898529,10.721575704561186,-16.545407636738904,58
5164,5.0,5.015432098765432,-4.856887298747765,-75.25543481409566,59
5165,-25.30483760482709,6.282051282051283,4.081632653061225,-6.584316657105896,67
5166,7.922130204738901,2.0610789765460877,33.92537611835857,-0.7602339181286553,57
5167,-2.9692467254274275,-34.160244726165125,-3.8461164962833476,-6.0070387355333565,81
5168,-6.231429011601426,2.8664465235736563,-8.960374989786754,-24.86314630601804,93
5169,-41.05316961424942,-3.509827617416975,-10.338010204081632,-11.11874454175172,98
5170,12.427213309566252,17.873563218390803,33.41264651748523,4.752747252747254,37
5171,-16.238708625651604,8.207070707070708,-1.6535055122011642,4.877763605442176,68
5172,12.14674758792406,4.59717365967366,23.374183006535947,4.385964912280702,40
5173,10.656108597285067,6.507898130238555,7.179747769204727,-15.608729951402365,66
5174,13.014845830780674,8.896103896103897,-28.17440105640445,-6.242823370482945,62
5175,14.879414471177737,5.904277841542087,-5.163309342875905,3.2329914765391887,86
5176,7.314814814814815,-14.600723333234205,7.136752136752136,9.525151789406177,63
5177,-5.75129413195674,19.234264125568473,0.9981684981684982,-12.235646130857766,70
5178,-27.901786075127788,-8.156081001613444,11.289209385345345,-14.380895783558216,97
5179,18.314389858507504,-30.942625873627165,-7.877573815073814,4.208754208754209,60
5180,-13.0154167401787,-2.946242629394665,14.387472014908298,-7.489628427128427,68
5181,5.0,18.382237227345925,-12.26744689510647,13.333333333333334,48
5182,-4.5466531833018715,-60.78201658873436,-4.414090297452075,10.0,74
5183,-26.584251766662366,-48.42754861310044,-15.436440493718642,-10.659199186216366,104
5184,13.473158958824344,10.747318041725936,-11.993029106148848,10.714285714285715,64
5185,2.472384665367123,16.967732850085792,-14.38307632813258,5.091987381183088,80
5186,27.69440306741697,-17.085712194407844,-6.660525963441195,0.9232026143790844,53
5187,2.4712032606769454,7.55772005772006,-4.2313399802623906,-7.512936435917378,68
5188,-32.839974432379144,1.700680272108844,-23.888888888888886,-29.288876827146865,89
5189,-27.5366168293191,-55.14706927017501,3.664681630783326,9.775143199405074,76
5190,-21.522865243419822,-35.54099462365591,-3.6646474307880323,-0.4922027290448341,69
5191,-3.105158730158729,7.083333333333334,0.0,-16.78685349737981,51
5192,16.279904306220097,-1.8938769702450333,19.667489850252057,-11.376811594202898,65
5193,-2.7087645025408094,5.416666666666668,-12.146604542829413,2.298475107399594,82
5194,5.0,4.166666666666667,-4.318489775806846,-10.14358108108108,43
5195,21.955606281264174,-1.2016610742247922,4.053346358528515,2.4466007979077435,63
5196,7.0821094328557015,-3.4617551508258693,-25.720934838581897,13.097568025104259,69
5197,-32.90599880718116,-8.014892507737612,-37.18681931447888,-21.28162792892434,111
5198,-11.17003367003367,7.9914529914529915,-0.4999648911054917,-27.394179894179892,61
5199,-23.711125739427622,10.681818181818183,13.954451345755695,-0.4857187696170744,66
5200,-41.71684439541582,-28.197524501290726,14.362139917695474,-3.139622891204879,81
5201,-56.86871780520825,21.207729468599034,3.13849563849564,8.304104714703266,69
5202,-0.6632938535215587,13.751596424010216,-14.923585716773323,-14.754912834699097,69
5203,4.323097636614532,-19.01999688764395,8.236551030668677,-20.803303303303302,53
5204,3.6231884057971016,-70.06401642357037,17.719298245614034,-1.2648194099807,66
5205,0.0,29.07952752250998,0.0,10.651340996168583,36
5206,-96.81668602400309,3.436791383219955,16.44122383252818,6.6339869281045765,58
5207,-4.305292009276828,12.593842938670525,11.984126984126984,-25.641785600463873,62
5208,-23.319502610612844,4.013723544973546,-20.62488056116242,4.084126074672293,70
5209,-4.155834911106945,11.345408976987924,16.294286145032416,-37.20747535887329,84
5210,3.1845238095238066,14.604218880534672,17.627676781492106,-13.691961136929688,68
5211,1.000774293457221,5.001400827302699,-11.978209458409111,26.602564102564102,59
5212,-10.921580907635676,-6.064814814814815,15.952380952380953,8.837912688710727,57
5213,-16.69156184486373,-12.998178228475954,1.666666666666667,-4.333180662837523,70
5214,-47.03628197814244,-12.81004360131185,9.706617061799992,13.474523695774847,81
5215,20.822544071392,2.6863235415866997,-1.7935924369747895,-15.703557806707579,62
5216,5.087010087010087,17.4220762571496,6.0871133697220685,-9.642857142857142,49
5217,5.458730429623957,-12.44500510895479,-20.68672719430971,13.00042641325536,76
5218,-1.728844614193588,-8.51128918853377,11.41698560662386,0.44490486238362514,87
5219,19.693508817824664,10.0,-10.36512699453647,4.901960784313726,57
5220,-1.3442460317460312,-12.41077670595546,16.828316610925306,30.606111714183445,59
5221,-6.594039218783146,7.729288714453585,-6.278574181559757,-22.51610157000828,92
5222,-7.640882509303562,-17.941817252700908,0.3589303589303596,16.85439925571505,79
5223,-3.4725547195622433,26.85185185185185,14.274529401965685,7.482295686630052,45
5224,-10.658651322010678,-19.315836018763235,-4.729197304254843,0.20204634335069072,89
5225,-7.161535526033076,0.8933002481389574,-45.627469156414314,-10.372624145443616,68
5226,-13.117283950617283,-59.157592861706085,6.370091896407686,2.0833333333333335,60
5227,5.0,4.0970959555683155,1.476050830889541,-16.07944469777575,50
5228,7.260654185413966,19.774825912336425,-11.307687170239765,2.6180101670297757,65
5229,26.909013605442176,5.3548626508778305,-7.147373854690927,16.58198684514474,49
5230,-35.09803921568627,19.96876785621526,-5.7636207636207635,5.467372134038802,49
5231,14.647858338182296,11.944444444444446,-4.578134284016636,-11.559797725592988,72
5232,17.802522349936144,9.03985507246377,16.09172739675884,-53.87068600004646,58
5233,15.368870895186685,20.0,-3.8515590689503725,13.968253968253968,39
5234,19.086921850079747,13.744437663075773,2.777777777777778,-6.794871794871796,44
5235,16.88188188188188,14.788320410766845,7.136752136752136,-8.090986394557824,57
5236,12.305925069082964,-6.666666666666666,-13.96940418679549,29.01664730933024,42
5237,0.1449275362318847,8.968253968253968,11.126381253817536,-1.4047473334499028,47
5238,24.283636697992698,7.71604938271605,10.0,12.873563218390805,41
5239,-20.04648531092642,-3.917382513528697,-25.108385591573814,6.288232208357233,88
5240,19.83123279733449,15.06319131319131,-13.072194764938807,-1.992429547576604,65
5241,6.6339869281045765,-9.027883350574946,-12.40503323836657,4.940424295263005,51
5242,-36.52228514611694,0.0,-3.2122430848068024,-7.067930242272347,67
5243,-29.900440742832046,-4.479631859768845,10.421861730001265,-4.35752519164997,83
5244,-10.128205128205128,-14.600329792122835,11.671539961013647,-15.223573278660641,80
5245,-7.623108697670101,-8.273006261512009,4.591864479796104,-15.679768700355138,89
5246,-31.987846705922003,9.62962962962963,-14.718260071331956,10.0,59
5247,13.205128205128204,14.901960784313726,30.684215273031064,18.47222222222222,35
5248,9.935141773655083,-13.533425065932805,-9.827097505668933,-7.8748075530232455,61
5249,7.034286885033153,8.142923487751077,-42.27103541619671,26.85519366801276,75
5250,-26.459655020464645,-18.854366532937963,22.584586466165412,-8.370315081166135,76
5251,37.125143836704176,14.17374959136973,-2.7477477477477485,2.203548085901028,55
5252,-25.973818470435265,20.56092843326886,-40.247505068711064,8.361527182861689,81
5253,7.076719576719578,-12.647058823529411,19.324458586233952,18.8277310750715,55
5254,10.755135387488329,11.984257901596614,34.30416775131292,17.873563218390803,46
5255,-5.620508062368529,16.448412698412696,0.93358395989975,25.59947299077734,46
5256,-15.107914221567581,-38.83274299940966,7.4960516536603485,22.635550240023377,74
5257,-13.427579365079364,-11.913580246913579,18.576201660656984,11.243190203122001,54
5258,-14.637554069780206,-17.782648326881073,8.857003211841922,-6.73901751468554,88
5259,12.764780010437546,5.823229122343162,10.720331555355223,2.418734964501555,77
5260,15.074786324786324,-22.060352041162027,13.005198180636777,0.45454545454545525,57
5261,-5.599477682811015,-8.373227795226198,20.04068442268069,13.492303741639669,67
5262,15.0,-12.22447599729547,-1.5277777777777777,3.205128205128205,36
5263,1.3303813858106772,-10.811483544967995,-16.025958994708997,14.059614401326236,97
5264,-17.24793622230443,10.0,32.844446168323415,-2.0238095238095237,53
5265,10.0,-3.788383525225631,11.476050830889541,0.3735632183908062,42
5266,14.004576659038902,23.462644405626865,15.85616146100017,24.028866248693834,48
5267,9.575286321494241,-48.26867275236841,3.5501449725587664,-57.66660134940397,98
5268,-27.394179894179892,-39.09139807299344,-24.160031295670194,-12.499881111588902,103
5269,-1.8704950360397112,-11.0341324634112,-17.93233810020432,-4.453044375644995,72
5270,-13.148148148148149,-2.6995629169542203,5.412700600872645,3.6760461760461762,55
5271,5.875440658049353,13.18548735215402,15.368716931216934,12.777777777777779,44
5272,15.487947750395154,19.037444820868895,3.935185185185187,-10.588659706306764,58
5273,4.094507368164658,18.487740707568292,-23.838763575605682,13.378758462763841,48
5274,-19.806998556998558,9.018481944749226,18.52198806621469,-16.19443002940668,71
5275,23.624118507051946,-3.65883223885721,-51.637169549291,15.383345614372331,99
5276,2.0451584889274868,2.025174076583152,10.24071721956139,-12.258170527254226,69
5277,-7.210144927536231,-18.393807020005774,16.152840765936006,24.69441054523301,55
5278,-0.9866522366522368,11.346288515406162,0.7685795643461582,9.613233643222,66
5279,2.8837032060341796,-6.204278812974465,0.09796806966618377,-5.005224660397074,60
5280,-11.276964560862865,-1.5749082415749078,-13.44912539355788,4.365522970705899,73
5281,-5.911726802862031,-12.119092776987513,-5.705616152119209,11.937984496124031,68
5282,5.933583959899751,4.807597044048968,-5.389822595704949,5.030030030030031,58
5283,-8.962903015757846,6.993006993006993,-10.475627216190235,-9.596596214243274,70
5284,14.220085470085468,17.604166666666668,14.081732108047898,13.364197530864198,40
5285,16.515151515151516,1.8115942028985508,3.36734693877551,-57.1543134043134,55
5286,-22.74774774774775,20.169753086419753,14.47433897801545,18.19743189629675,49
5287,20.031659882406153,-72.613288622227,13.33924396401439,-0.37037037037036846,67
5288,-16.742891079912837,3.3551766045790883,16.98591361893453,-2.5020529315513396,74
5289,9.881154499151105,-1.636551853943157,17.816257816257817,-0.6140350877192979,43
5290,-0.01595733053533621,5.0,4.329734592892487,11.116531342513426,51
5291,5.688118098978618,-26.603441127694857,-23.00160052919093,-15.955165692007796,84
5292,3.9705048213272836,4.757414687911293,13.689839572192515,26.85185185185185,45
5293,10.0,8.417508417508419,-18.69406656152679,-1.4917216886754692,66
5294,-8.352957817304958,2.7913648226148227,-22.03775294365336,7.901876657769796,92
5295,7.11160188310726,19.34539190353144,11.34920634920635,-9.166309319611205,56
5296,-19.096595600593567,9.90735443681668,-27.70894428152493,-6.802771276425236,105
5297,-43.45102025949365,-0.8169129720853867,4.41722651762832,1.0606060606060612,80
5298,-13.594984563758333,-7.25274523822618,10.228758169934641,-12.344663742690058,75
5299,-0.2708680545097355,7.136752136752136,0.5226283444126527,13.01882175268115,49
5300,-17.30003413357606,7.386765560511822,-10.925263367123833,2.2867608581894294,61
5301,-15.991333713169885,-5.7695794155283595,-4.65821812596006,3.0749591503267997,67
5302,-21.685409422617166,-9.093373745521355,28.09488730355666,4.707631839984783,65
5303,26.042059008160702,14.26721268938753,-40.363228787775405,9.352447698859772,67
5304,-10.46197665383712,-6.212121212121211,-7.747747747747748,5.902777777777779,52
5305,17.206143610605853,6.742283194610501,-8.993956794290497,-7.6778501487625785,79
5306,7.817591234929945,24.906425229472482,11.262626262626263,-82.58947352688061,68
5307,5.320754959399733,6.481481481481483,19.84351034282635,-6.556183818992167,50
5308,5.882703629182501,-0.7140074030781216,0.01881596007031705,17.903201254307383,77
5309,-6.886238094106544,-4.846899079143405,-0.10111414377457506,0.6051587301587302,95
5310,2.0546737213403885,7.520104816119996,30.317460317460316,11.578947368421053,42
5311,-1.6666666666666665,-14.161956422549414,-13.062015503875969,-11.424869830042244,65
5312,15.74634527642145,-5.345966121159919,11.62744641367626,11.515151515151516,75
5313,5.0,15.043178148016857,1.6340540253583722,5.0,48
5314,-100.03475389344955,10.0,-30.69433383650265,0.6631984096772827,76
5315,2.083333333333334,-8.20662768031189,2.36515536447137,6.161236424394319,45
5316,-0.9182678919521021,-1.8929110105580693,10.0,9.123563218390805,39
5317,-2.474747474747475,-36.94125159642401,7.688172043010753,5.118940078289674,50
5318,2.4323679225640027,14.23321234119782,10.0,19.582111436950147,44
5319,20.658042264041647,13.330370870747927,-2.855809438470728,-6.401515151515151,60
5320,-22.94304770691577,-16.595825036900546,-15.191257599692507,12.99518940843568,78
5321,7.136752136752136,11.906069728400698,-31.988844488844492,12.214183051558482,61
5322,28.805156831472623,5.357142857142858,19.62265315252773,-2.066677284068589,44
5323,18.10708898944193,2.192982456140351,4.385964912280702,-18.338557993730404,40
5324,-89.96019856203966,12.872850585939243,-5.8740310732961944,-15.536097107452186,110
5325,4.82492417976289,-6.590727651537278,2.2846658172745116,-8.266501219087425,60
5326,-10.588610155650773,5.0,8.23529411764706,-1.1558854718981966,50
5327,8.435839998017503,-24.695350945350945,-17.063492063492063,-4.685596378050537,73
5328,-23.077758904106965,-23.771145078149004,-6.674014391405695,-76.74823621767642,104
5329,8.177196804647785,-70.39340997514657,-49.898507699523805,9.606852080983652,98
5330,20.236291486291485,24.57325131945924,12.407407407407408,-26.464427457427202,58
5331,11.150793650793652,13.333333333333334,10.74457480254582,-1.1395754779263831,65
5332,-10.999839223523434,-16.886322463768117,13.135008671998358,9.669463396643925,65
5333,2.8443234523089336,12.780867630700778,-51.36183261183261,30.17676767676768,66
5334,-35.70499420934066,6.469298245614036,-16.554418868996873,5.712669683257919,69
5335,-4.838124816502564,-13.634614647422996,-7.660440613026819,13.604651162790697,69
5336,1.3058820685649979,-23.63213569095922,-11.097789870818612,5.085978835978836,72
5337,4.935897435897436,-51.49513741061466,-8.598954720198897,-5.336959669654286,95
5338,-20.446200082589442,12.673745173745177,21.072009825263844,2.5462962962962967,74
5339,-12.266714811117168,-37.47988470803511,-1.6093089818726998,-46.5049533629141,98
5340,-6.310160427807485,3.952932524361096,5.0,-8.986343808829911,52
5341,8.101851851851851,11.283068783068783,-7.023809523809524,-10.0,37
5342,1.4124293785310735,0.8203991130820412,11.633986928104575,-53.17163996988558,61
5343,-1.7234679613016617,-20.660871838351262,16.433867406611768,0.5776127125767268,77
5344,12.154882154882156,-2.0238095238095237,27.083333333333332,25.124511157119848,40
5345,18.0252391100416,-2.961723135186312,14.682904689971592,3.22843021733438,70
5346,-27.48454407631493,-8.106060606060606,3.058361391694725,-2.011619462599854,59
5347,10.775754040273096,-63.60115932039925,22.852884995809738,-21.574791276970114,86
5348,-11.376811594202898,-15.861050176209751,23.834435532845305,6.5432098765432105,67
5349,-40.39442065887233,5.0,8.624847374847374,21.783008577111524,59
5350,-5.049019607843135,-19.262677749519852,17.69974611708483,-10.011208992453664,71
5351,13.525149190110827,16.0626102292769,25.46594982078853,15.0,31
5352,-0.46574770258980713,-7.05056765576731,10.0,-23.720095693779903,49
5353,8.312289562289562,-7.807017543859649,28.156491911185277,-0.13844578360707427,49
5354,-4.294871794871794,17.688172043010752,-1.2836023829339744,20.320754959399732,48
5355,5.6689342403628125,-19.10335478482839,1.0199518403852772,32.28965225458619,83
5356,-34.23497889702482,25.0,-78.5272557333094,3.0865511300293913,110
5357,12.371794871794872,-39.59000983906107,24.973859173493963,3.0913143983867384,72
5358,-0.5002405002404997,2.604166666666667,-7.221431958274063,-1.0317460317460316,46
5359,-10.358493376256863,-4.480056980056981,-7.269339581167538,-25.065987933634993,70
5360,22.083333333333332,-0.004161358650522917,3.6231884057971016,-0.7394073220686117,40
5361,-18.953347081721855,-11.067917283401318,5.3571428571428585,13.770739064856711,85
5362,17.4519422234476,6.502525252525253,10.268786940613568,10.18837803320562,47
5363,13.660856687172476,2.3584833673707646,-30.60938011104044,-5.142309797482211,77
5364,-8.925953689821755,29.385964912280702,-49.03990563530037,-21.266328884171234,74
5365,21.489586128230904,4.861111111111112,14.907490170648066,-9.998955722639932,48
5366,21.366120218579233,2.472384665367122,-50.79950367972814,-0.0657894736842104,61
5367,12.923511673511674,8.205128205128204,-15.82325043263008,-3.263888888888889,52
5368,-26.72598658881281,-17.006595636732623,4.623162472100362,9.791269484251941,77
5369,12.960322176008452,-17.549306964851638,-24.400495337995334,6.602564102564102,56
5370,-24.026369185620958,-19.462599854756718,-0.6526648599819329,11.16123642439432,59
5371,-6.665019559756401,-48.09749919179609,0.8092948717948723,0.0,83
5372,-13.368043829036736,7.508863856089004,-1.6555183946488294,-20.841330710003167,89
5373,-8.894993894993895,27.090469590469592,4.294149221685455,-21.880625440613514,78
5374,2.313664596273293,4.940424295263005,-34.02173913043478,10.011169819376779,61
5375,-6.031746031746032,3.3333333333333335,7.450980392156863,16.126381253817534,37
5376,1.9841269841269842,3.3324860060937116,14.532852205266,12.452743812392937,58
5377,12.591093117408906,-12.121848739495798,-11.477036055894061,10.001333866880085,53
5378,8.705191086345586,-10.204346141546335,11.282051282051283,-5.9165899778258,72
5379,17.604166666666668,9.901960784313726,8.000949667616334,17.720234720335675,41
5380,-7.90328534514581,-18.646149961490643,15.153950943424627,-15.058760683760685,71
5381,8.795546558704453,30.63456308343322,-1.4523281596452327,19.09739656526292,64
5382,-15.677715368790881,-9.281481309783196,17.977611226459153,4.87892190617441,65
5383,12.976190476190476,16.218484244800035,8.205128205128204,-1.2121212121212115,39
5384,24.840151530792333,-17.972053382663844,-36.78108140874099,-29.925213675213676,78
5385,11.766381766381766,15.0,-0.1435810810810798,-16.21212121212121,41
5386,3.537718320327017,4.777504777504777,-2.2632813809284396,29.283124088604048,48
5387,-28.00115761965891,14.388964888280894,14.087864460204885,12.777777777777779,47
5388,12.851717413533422,7.789855072463769,-14.10687641123609,10.75160619803477,56
5389,9.62962962962963,12.912457912457914,18.409692159692163,1.8040257015473387,47
5390,11.161477411477414,-1.5385694552361202,12.605820105820106,-7.619047619047619,55
5391,-44.0625,18.34113994569126,17.04022988505747,-0.5255395628066422,69
5392,-25.54508008223803,20.029888412241355,-7.724853737879589,2.664404960420141,76
5393,-24.780701754385966,9.908223731753145,-32.09427572241805,2.8868073712874165,78
5394,-19.63156267722831,15.097170256368369,0.0,5.833333333333335,56
5395,-14.51119671707907,4.01824948435118,-18.425328512006047,-16.013656231047534,71
5396,18.664469665885036,-33.26284149741421,5.759940542549238,-12.841592369894258,61
5397,-73.30469376089816,-6.081685616995015,-13.52243326812646,-38.44792627944461,125
5398,-6.631306606073686,14.266043786322662,3.597883597883598,12.380952380952381,60
5399,2.040229885057471,-9.067825235175896,7.433754893104489,16.127884234501884,63
5400,9.810298102981031,-6.366963551471077,-0.5357142857142856,28.770615152372944,57
5401,-32.64796027283275,9.377104377104377,-5.0,-16.64006504112715,75
5402,-6.3731025649630295,1.5237513373217968,-21.366847874430388,10.598225014683086,70
5403,26.46683964666421,4.385964912280702,13.611374657389836,8.689839572192515,45
5404,9.960317460317459,-12.190594165387521,-1.481130751964082,-5.633267552035061,78
5405,3.3333333333333335,-16.075837742504408,7.407970280310706,1.584167060758034,58
5406,-34.762351469668545,9.563279857397506,-9.7739651416122,16.853122061455394,66
5407,5.898048586220629,10.0,23.478940899251448,-75.2057686461073,67
5408,12.609395109395109,1.9841269841269842,10.807830162668871,3.5251491901108274,45
5409,-0.7045782551343724,-5.37037037037037,-15.910861773414368,-1.3334927466921727,57
5410,16.126126126126128,-60.650164729265,-25.70676393390351,-84.83177772697957,95
5411,-19.48005698005698,-16.021844701716947,-1.4482588901193552,-0.9890766342379251,72
5412,18.526171435337258,-14.595836941374698,13.594619666048239,0.26907135587192976,68
5413,10.0,4.8339227515428895,21.666666666666668,-4.560312219563986,50
5414,5.0,12.525252525252526,-38.69701939703329,6.773049645390071,61
5415,-8.776021772345299,-1.3330109606705345,1.469298245614036,12.878151260504204,49
5416,-73.21813962989131,1.9139753571959126,4.093842665271238,-10.372577185780923,87
5417,-1.0741922145430909,-6.29189078732268,0.4293894425473388,9.202116459180738,61
5418,7.319725028058363,-13.796871405567057,-27.828991647805925,2.9743867243867257,69
5419,5.0,13.192452002292429,-0.017818705498860776,-3.065518890483022,53
5420,-22.552635521808384,-6.961958426142353,-14.031007751937985,-16.407967032967033,102
5421,-123.89785536524667,19.362139917695472,-8.730636087592913,0.7218153015566815,81
5422,25.0,7.391636141636141,14.328095120778048,31.535476545974866,50
5423,7.258739455523763,19.541076357043597,10.816170861937453,18.625730994152047,57
5424,-36.54934052426158,10.46594982078853,-1.2121212121212115,8.781908474890933,62
5425,6.200038683898082,3.6386647682328745,7.317801672640382,9.099378881987578,50
5426,7.873563218390805,14.016647309330237,-7.72790647790648,-14.639700577200575,50
5427,-13.503248375812094,9.076762632603455,9.015594541910332,4.117334982788423,59
5428,-30.744451021866283,1.2254901960784315,9.62962962962963,-10.322834246297422,72
5429,-4.2494388327721655,20.137085137085137,4.767416225749559,-7.574083239627914,58
5430,-21.996187363834423,-23.555391616361135,3.8323768904208855,10.55621847288514,69
5431,-35.2099492694568,-47.92266354297129,17.976190476190474,4.737221842485001,95
5432,16.441679235796883,-5.400732611052083,-0.17753938757882404,16.984126984126984,52
5433,0.11224779766979265,-60.80935212252512,-14.312827132047559,4.62441602937513,98
5434,17.450980392156865,-7.766203703703703,5.0,11.740801786568378,43
5435,-2.496374187731128,21.488095238095237,-0.8443320393005922,1.9125427948957365,56
5436,-81.5344338130004,10.63973063973064,-8.22695035460993,5.564204314204314,64
5437,-7.619047619047619,-2.395833333333333,12.86816578483245,-2.113200391502277,54
5438,-34.42604682780834,-7.8385765283355635,-23.23717189123411,-10.952380952380953,87
5439,-29.07817692650354,-7.5522852510179685,-16.70662434456324,7.162885007712596,75
5440,-2.0750783739336,-13.83116883116883,-0.9469185784975265,19.429139306590287,66
5441,3.36734693877551,-4.129840067340066,-24.60955710955711,-23.853261295121758,57
5442,-19.275525525525527,-2.8632478632478633,6.766917293233083,9.781495510662179,44
5443,-24.961541360795092,10.159449221949224,-38.30998146721369,-39.192492394758325,90
5444,-22.685185185185183,7.192982456140351,4.860654051830524,-1.737502714257325,58
5445,1.6666666666666667,-6.747835497835497,-23.264365593734553,-1.5796033826085747,73
5446,-11.579932460027642,-4.96021163478469,12.955906967671552,5.841667774233566,83
5447,9.045531557697853,9.166666666666668,9.5658342345617,9.831932773109244,52
5448,4.258166400099101,21.012286324786324,4.917250916297088,5.776014109347445,81
5449,-14.120718545426922,1.8939393939393943,-11.200716845878134,-46.302030066647845,80
5450,-6.758092125739184,4.125540638698534,9.24780228080191,-18.74325210498094,70
5451,-16.73282998668693,-2.5129342202512923,3.3333333333333335,-5.0565005450062905,56
5452,10.780423280423282,-19.81162196679438,28.47222222222222,16.95091945091945,45
5453,-2.8632478632478633,19.10951752239211,5.867346938775512,-17.721437261415623,54
5454,-4.166666666666666,7.254644044667398,6.474287828338883,-5.164391935225266,56
5455,-47.45881054910072,-27.43527766355747,-29.16266107803575,11.853536062205418,91
5456,11.674023366874898,-56.042397242467935,-30.06049917507507,4.62962962962963,81
5457,-0.876436781609196,-12.708994885723808,16.64618511128183,-28.008513426716604,68
5458,2.873563218390805,2.450980392156863,-11.403476548293618,-5.714214012146119,72
5459,20.889892802871046,14.166666666666668,7.154882154882156,2.121212121212122,45
5460,-4.838988370821076,21.914202928134817,-26.37588057953884,-1.3945680556316602,91
5461,12.192982456140351,-16.690433749257274,-15.777440588594533,-6.959321901182365,61
5462,-6.527777777777779,-5.379804234293398,13.968253968253968,10.0,39
5463,0.6208062287917109,8.333333333333334,26.893939393939394,7.0294843254995065,44
5464,-39.21637738202779,-21.075837742504408,-3.119328913743935,9.16346968978548,68
5465,6.736111111111111,-2.7797202797202782,-28.379186024003094,2.503192848020434,51
5466,11.021505376344088,12.21677559912854,8.968253968253968,-10.614035087719298,37
5467,12.229238788163274,-2.888170330597948,6.5432098765432105,5.43936092955701,57
5468,-2.2849218429834326,-1.5277777777777777,-30.48881740455596,6.851851851851851,73
5469,10.690586419753089,3.357218856534862,-5.043103448275861,13.409211381748221,57
5470,6.691919191919193,4.155671244120761,10.069124423963133,6.242118924408087,58
5471,11.059620908124966,-4.0602836879432616,19.00132275132275,-10.249727111211623,70
5472,-68.48368889350499,16.56279107731013,-2.3782790657755113,-14.640852974186307,84
5473,-23.806774583362387,-18.40911652017129,5.301347859487395,-11.390901561012203,89
5474,-6.147534698259335,-1.117571059431524,-32.647058823529406,0.29316458791880606,58
5475,19.385964912280702,10.074747748433502,21.166445949054644,4.901960784313726,54
5476,12.873563218390803,-28.373692877071477,9.50937950937951,7.314814814814815,68
5477,10.799032838506523,4.741996021594513,18.235294117647058,-6.965684651881275,62
5478,-0.029239766081870844,13.529393312002009,5.923535981675517,16.85185185185185,46
5479,0.8945812525253487,12.873563218390805,-16.223616276808567,31.328856054895624,76
5480,8.968253968253968,13.205128205128204,-20.475674146892633,13.472222222222221,51
5481,1.7901561158140114,0.0,10.239139515455305,13.149968032084125,61
5482,-0.46516754850088127,-5.600666002565905,-14.181672669067625,13.17489114658926,54
5483,0.882616487455198,-52.54352870981373,25.54337231968811,10.895095899789265,72
5484,13.513662285025141,-25.06010884115863,-5.872183372183373,2.582465427293014,68
5485,30.25306660552562,-6.700310559006211,12.14665815240528,-10.610535363518075,61
5486,8.182261208577,9.956896551724139,28.642446569235183,-17.64581980015729,67
5487,-7.412034615660879,12.666837344256699,2.8711219336219345,-42.463800132171826,80
5488,12.51044277360067,18.96825396825397,16.19047619047619,-24.430865159161648,70
5489,2.412280701754387,-19.488565271858494,-24.202089013852436,-0.19230769230769318,84
5490,-14.542619542619544,4.085542206966693,16.496806039488966,2.9761904761904763,46
5491,-3.6968895302228617,-11.008657755593442,1.6040330920067856,-8.737373737373737,69
5492,-59.683644306582245,9.147376543209877,-7.655220307451916,-27.97942060334302,82
5493,-5.734126984126983,8.205128205128204,-20.830025943110186,-6.423860815483083,84
5494,5.223308611856156,-26.83376190987432,-8.769536212208372,-59.19639122158502,105
5495,8.383921246923709,-84.58870445391626,16.097370766488414,17.801318267419962,60
5496,-15.681063122923588,5.189127257408089,-73.8194290775409,-27.958338941984117,93
5497,-1.1026319359652685,-20.09449617681325,26.135045790401822,-1.2803267150759237,74
5498,-6.524756369391692,0.7745917960971731,21.1919809204154,8.71636994490655,75
5499,16.493506493506494,2.2200545026631993,1.4412238325281805,-77.03511192499754,84
5500,-28.104870758172645,6.647756724042111,13.81705645924842,5.283816425120772,72
5501,-12.77180333339669,-32.328162105167735,-0.1435810810810807,6.004140786749483,66
5502,-54.056246767712935,9.610177404295051,-9.210501238803126,10.0,66
5503,3.6231884057971016,7.834757834757834,6.531562881521351,9.414082910022252,59
5504,10.46594982078853,-13.686868686868685,6.944444444444445,-1.7948717948717952,38
5505,0.09387785703575169,-16.282222183073088,-6.895376601105131,14.261363636363637,57
5506,2.257556049701641,20.381714760489565,-6.902109206186452,34.51870400262472,71
5507,-3.6155129454670174,-4.572829131652661,-17.843437033480264,-23.979924770375042,95
5508,9.824924179762888,2.3809523809523814,8.870214752567694,8.086419753086421,39
5509,-16.940648831181456,0.6148216862502573,-7.619047619047619,12.492087320999165,100
5510,13.260735818875354,-15.559027990029275,-4.0015479876160995,-68.18016503273134,81
5511,-27.8954042067089,6.295787545787545,11.77304964539007,2.095410628019324,60
5512,8.084316169918447,2.736551523736879,20.905797101449274,-20.404231640391444,92
5513,1.1688311688311694,11.93524049072045,-14.067074165551489,6.633986928104575,56
5514,9.796668329950062,-30.936031877379367,-22.98697973813181,-4.124559341950646,70
5515,6.974362514959035,-32.342579883230286,-27.17434764309764,5.138747832160039,71
5516,9.109737704110653,-16.6512427156669,-2.0321637426900576,-1.2068929460233808,75
5517,-3.9218038636643273,-1.0078574496504915,-8.534864893560545,26.0468565253318,61
5518,1.7574807700858126,14.183389074693423,-21.52039267528398,23.466266437964553,53
5519,2.1367521367521363,2.4936755398162456,-29.722624295076116,16.122344148659938,70
5520,6.666666666666667,-18.421268073415686,1.6867340410312934,-18.025581587064693,70
5521,1.2239770930459088,6.602564102564102,-26.856600189933523,23.713249143537112,60
5522,5.0,7.389175522606681,18.96825396825397,15.611672278338947,44
5523,-3.4300251036640863,-23.850146968150696,-19.432411814615698,8.598209485814525,79
5524,16.984126984126984,-16.76833496283836,18.850361261348496,-40.748877346575064,83
5525,13.472222222222221,-11.061679548521653,11.700680272108844,-12.746913580246913,51
5526,11.4026792750197,-4.578134284016636,16.509622367465504,-0.7499859258987485,59
5527,11.633986928104575,-5.480599647266313,-59.53405017921147,-16.020017993702204,63
5528,-3.3646257851896983,6.150568181818183,-18.912590140592968,-51.43742333101343,106
5529,17.314814814814817,-1.2121212121212115,15.849753694581281,8.260275263951735,36
5530,-31.731404826702963,-20.14819353667393,1.0288065843621401,-7.995728339960578,84
5531,10.656108597285067,20.11294261294261,-5.833333333333332,-0.37037037037037024,39
5532,8.594619666048239,16.75980239874763,-17.91947032436163,5.927447861435137,51
5533,-11.162577569393296,3.0201929904467772,10.147118156981097,-23.538011695906434,73
5534,-22.40510885909368,8.632110226937813,-2.848814573722208,2.2522522522522523,67
5535,5.275974025974026,-29.116871647093483,-11.913580246913579,-48.962179631505876,74
5536,12.083333333333332,-3.640350877192982,10.0,-2.6312406275641558,40
5537,-26.187472417672073,4.207366707366707,13.342764374496008,-34.130553433898406,77
5538,-4.376956701518103,11.170926657499658,20.582242896224002,-6.62933579089367,76
5539,0.9585542876709798,6.842694342694342,-0.766143190349589,20.5671654626763,69
5540,9.385964912280702,8.968253968253968,15.0,-3.6343594676928,42
5541,-22.46657709690291,7.777777777777779,11.572420634920636,17.565320074104694,60
5542,21.02980352980353,-1.903789671737094,4.544695071010861,4.856418918918919,56
5543,-23.047781356442215,-1.4225589225589226,13.091146270870473,6.4124293785310735,67
5544,14.006628065552551,-1.6392694833410602,-2.146239030209111,1.2820512820512822,90
5545,8.086419753086421,5.938003220611916,-7.126436781609195,-0.7293665329379593,49
5546,11.583875379641968,6.176046176046176,-2.136382136382135,7.976190476190476,51
5547,0.008710801393728484,-12.824820433516084,-11.376811594202898,3.171577526416236,57
5548,1.2799043062200963,3.086419753086421,6.612654320987653,-29.37894834633965,54
5549,-43.239116309291745,-1.033868092691622,17.684838705702635,8.981481481481481,71
5550,13.787878787878789,27.961802654785114,-9.81162196679438,-74.02042200590294,63
5551,-32.403930249048386,-69.17022497978316,-118.60983513692022,8.359468339307048,137
5552,2.187924659723289,-7.564512936037792,-8.126547781720195,8.183143394117593,77
5553,15.167440960123889,0.11294261294261299,5.143112701252235,8.387726975200229,53
5554,4.197512626795538,3.902974791339573,-2.3887544531827647,-1.155885471898197,60
5555,-33.1610275689223,8.25617397927515,-1.3408301189934164,-8.245293109681523,77
5556,-2.044473840139474,-3.7055281882868085,0.991416417683699,-5.092029719689293,59
5557,11.933901259559153,13.787878787878789,6.8160597572362285,-21.52777777777778,44
5558,1.2270588271312808,0.3661616161616159,-47.99987084508539,1.513868433971528,98
5559,4.166666666666667,10.0,7.688172043010753,6.078691423519009,32
5560,-6.694800727308465,-7.581308069387021,12.244569140506417,4.092261904761905,70
5561,19.6875,7.777777777777779,-16.794871794871796,7.380952380952381,40
5562,-12.499999999999998,0.06944444444444509,24.975276357034144,13.700134617473328,54
5563,18.156966490299823,5.691673769653246,19.695767195767196,10.0,54
5564,3.137688093361853,13.49904641403019,-29.675755202654027,8.997363287461003,71
5565,-1.718827793389196,-1.6597396804800915,-2.9674796747967473,1.453204841775129,69
5566,8.507696007696008,-0.31249999999999956,-21.269078144078147,-18.16715363167128,72
5567,7.903732446415374,7.81398751365381,15.164141414141415,3.215301861299576,47
5568,-1.3111772486772482,-20.77061681083081,0.8682632861786286,8.931177223860152,83
5569,18.506808153542135,-41.20595677178369,5.241301907968577,4.3201754385964914,58
5570,-2.8396972824217417,9.015594541910332,8.300059154096422,-6.574713702373277,57
5571,17.688172043010752,7.585868457011834,-19.451508653381634,21.820133811108313,65
5572,-5.0,-4.14366883116883,7.252252252252252,15.695488721804512,41
5573,10.719314893305171,3.374183006535948,-64.44302414890649,17.206682206682206,65
5574,6.98529411764706,0.5124521072796941,3.7878787878787885,11.948019448019448,44
5575,28.747762914429583,-11.63851765703032,3.0242038916476437,-1.204278812974465,55
5576,19.14392473738228,-0.3427172582619331,3.6231884057971016,-3.9337705069506894,64
5577,21.85185185185185,-17.037037037037038,12.780764635603347,8.345651638334566,45
5578,18.442140296979005,4.4939374351139065,0.0,-4.498566224908934,48
5579,1.2256316668081388,12.777777777777779,5.0,15.0,41
5580,5.337141577060933,21.1246344154114,13.205128205128204,6.516592894029177,64
5581,-4.855072463768115,5.0,-13.95986895986896,-22.496807151979567,47
5582,14.445234708392602,4.385964912280702,7.341269841269842,-6.6360576488659975,45
5583,2.9686999832190395,6.9771809706644525,16.711463487779277,13.514231021088086,67
5584,-74.93761910626802,3.5415126878541514,0.13074155682702937,-4.197870031203365,102
5585,-9.40733398897699,-12.579842570241954,21.984126984126984,-13.518518518518517,59
5586,-6.6258073532054835,29.81261902968614,-5.156136528685547,-0.8652349828820416,71
5587,-24.829456649632085,5.0,6.937984496124031,2.0833333333333335,45
5588,-25.226837862370626,18.96203413444793,24.356514593706244,-6.130303285475698,58
5589,20.44218273819792,14.385964912280702,3.205128205128205,-12.747747747747749,42
5590,-13.609651552371291,15.290888450758606,8.528325123152708,-32.49029404980157,65
5591,-5.996145097375352,-10.384615384615383,-5.024174845993597,-31.999769604811622,74
5592,-4.515424515424515,-31.27591617237803,9.226190476190478,-23.43568458845945,77
5593,-1.7718065953262379,-24.32439060966817,1.3020833333333335,12.064054936395362,65
5594,9.62962962962963,18.10284011433437,12.252252252252251,3.4243455029693792,41
5595,4.1118469207714075,14.901960784313726,8.086987786654085,-72.86600262912899,72
5596,-9.708812063948146,3.078666097791782,15.417059460104143,4.458128812967523,75
5597,-21.725623765758705,-3.299319727891156,18.009153318077804,18.870214752567694,61
5598,-36.884204160605755,-82.45714914893047,8.78910216813319,-40.942729921220774,113
5599,-5.599347942474802,20.49025663030634,6.105128550275945,-18.954797411670725,83
5600,-16.13749718588428,-31.08140307687605,-22.761293728146196,-12.867575546146975,93
5601,-3.0305104786773702,22.149879007864488,-4.351721906967173,-42.71932234361118,87
5602,7.554945054945055,-3.108748629581961,4.617680231270496,-1.0246909665581905,65
5603,11.383442265795207,-4.823489324173319,-0.3361007527674187,21.331521739130434,57
5604,5.169753086419755,12.658093540446483,3.0244083369083365,5.0,44
5605,1.8742985409652086,4.62962962962963,9.82492417976289,2.8697943823994247,51
5606,-15.959238612540497,5.915257223396759,-16.4874879943667,-4.803204907694071,80
5607,-8.703637561740063,2.032520325203252,-2.8632478632478633,-12.33357938692046,74
5608,-3.7597989771902816,10.20499108734403,-18.02552023140258,16.667136922008417,79
5609,10.106092109588108,2.525252525252525,9.441859532966916,8.55107608888613,56
5610,-6.428028575771394,-46.4937641723356,-24.57282913165266,9.461221688400824,57
5611,-23.050022137147554,11.619354464182052,7.593101343101342,-5.098039215686274,65
5612,-5.113693605495498,10.231227880345347,9.681103801169591,14.920763712762646,64
5613,0.06326564772097165,-5.7581325581851495,-1.702977487291212,-1.871345029239766,61
5614,-11.1636396011396,0.4012345679012359,12.148569023569022,-17.663729459395093,55
5615,-35.38730209999589,6.176807593063751,1.8115942028985508,9.675123799837756,57
5616,-61.44223073844923,6.1728395061728385,-16.59499205296619,3.68689919574007,94
5617,1.9444444444444446,-9.098371898616996,-4.859933821399984,0.9318185504143752,78
5618,-5.725187710074771,12.246790243836628,-6.18859080322027,10.546942411755179,79
5619,10.360205831903947,7.010147959814255,20.52610262925696,9.839115133232779,53
5620,-3.1060606060606055,2.1141456356510138,19.010381043963015,-3.5700695686537838,76
5621,12.645254727458799,-23.506804094399598,10.23341960501238,-10.28104309004635,85
5622,6.4935064935064934,-4.183829138062547,13.546992771798976,14.54469507101086,47
5623,8.309721184200935,-13.676568363768556,-6.73062865497076,7.450980392156863,63
5624,1.0081585081585094,12.380952380952381,26.766381766381766,17.976190476190474,39
5625,20.593434343434343,3.004557568872034,-20.0,-45.26747406187227,88
5626,2.352941176470587,9.49372759856631,11.58656141673189,26.177090453406244,56
5627,-20.846762808166226,13.205128205128204,3.348076072534276,25.0,57
5628,-34.13209605534505,3.680630986471809,1.5692356032189498,-34.24233401394335,90
5629,10.083943613821985,8.813549574419142,-15.014880952380953,-63.64931629771628,75
5630,-22.126436781609193,12.314814814814815,-5.412267471091001,3.2528180354267313,43
5631,16.88973063973064,24.004576659038904,-1.5025330851943757,15.502799310938848,46
5632,24.03858546648172,-3.9017273576097096,14.646838650938573,8.870214752567694,58
5633,-12.368799793876297,-3.5956790123456788,6.302083333333334,-7.664223151749251,65
5634,14.445234708392602,1.1936690384966258,4.166666666666667,8.787878787878789,41
5635,10.456349206349206,11.303418803418804,4.901960784313726,8.553673994850467,42
5636,-24.057653712826127,-15.339928970065955,4.158542794283548,-3.2821284961759383,77
5637,-9.712601682352101,10.0,14.720183914540224,4.3698257002555625,59
5638,-7.477461169321634,-5.014937967524174,10.752339787266258,6.137226970560304,64
5639,-15.189701897018969,1.5621034738681798,5.482741659212248,-3.019101426959045,87
5640,2.0546737213403885,4.47675433193726,9.62962962962963,12.962962962962964,47
5641,-1.5060714479319126,10.59947299077734,-2.126436781609195,-4.8270975056689345,50
5642,-2.0261221903125755,17.324687523962886,6.295991590109237,28.714240556345818,57
5643,9.947089947089948,10.225752508361204,25.333026474330826,-3.246242475147607,60
5644,-0.7779092736024653,-11.66124783246632,-1.2918660287081338,-8.117859059888044,57
5645,13.240635997988939,-43.7947755258294,-1.2810340844411119,-22.945994246550363,87
5646,-39.08784522494731,-11.81409679184985,2.8581871345029244,3.08641975308642,66
5647,5.477729885057471,8.525149190110827,7.817890708511065,27.52088554720134,50
5648,4.822530864197532,15.058373590982287,-92.5423663113158,2.081661113674995,85
5649,-16.304059217342683,9.282756472498225,-80.52699831452681,15.792800850940385,102
5650,-32.858599592995034,-18.064944827114502,-13.742515534685488,5.0,75
5651,3.8158521995612165,-25.35341404527451,-32.03099838969404,-9.798102670186847,76
5652,9.074736632876167,-8.695168382668381,16.19918699186992,15.868488809665282,44
5653,-1.9626580672965703,-25.414079947548508,-15.20850924101698,9.772090654443597,68
5654,-6.403895641421741,-22.5,-16.221062959832423,-7.03653381642512,68
5655,7.011632490388649,21.466574934067197,8.273582506992119,28.214876814409667,59
5656,3.5235412596731948,3.6231884057971016,6.9344811095169785,25.943124852292783,58
5657,12.450980392156863,7.314814814814815,2.192982456140351,-2.8414819703385925,39
5658,3.6898395721925143,9.166666666666668,-17.22608024691358,0.4563492063492065,45
5659,7.052186114686116,7.934866637158802,-10.387444068467387,-5.101986044015029,62
5660,-25.268347913164984,16.019577324608772,-4.847494553376906,3.4175084175084187,60
5661,-2.82575989634584,10.677862127137491,11.159014557670773,-0.8375420875420856,56
5662,7.857344975341581,6.344086021505376,-15.689764950768428,28.507043650066727,74
5663,11.558641975308642,-13.034711717627939,1.6666666666666667,21.094618137164804,67
5664,-1.0802990255919838,2.119993296463885,8.62753147235906,9.584449367058063,57
5665,-76.2984834115865,-12.231251060987685,-9.0291104928889,-24.331065759637188,107
5666,-4.2762469701992645,9.897489419785275,15.292338709677422,-13.484848484848484,62
5667,3.1070889894419302,14.385964912280702,1.3492063492063497,10.26105473143966,51
5668,16.105006105006105,0.0,-23.458459068007237,2.2215560452856256,63
5669,10.0,-0.4958901741058661,-6.841392163272631,-20.214356009879303,57
5670,15.883289415898112,-20.795206971677562,7.976190476190476,-9.421561307449807,54
5671,-31.14280947614281,-41.81759598426265,-5.486111111111111,15.873410724156994,67
5672,6.757099606248699,0.2924673213767113,-10.578170597549846,-10.464695694897967,77
5673,-65.90893323483603,-4.987676932121376,1.5489724986387956,9.068462401795736,83
5674,-33.07800018019589,17.092309352745787,21.18131868131868,-24.130673403410064,93
5675,10.478299695261938,-13.55222015769554,16.198257080610023,4.960317460317459,65
5676,-49.311159573267844,-43.63700326466284,-22.856619448579345,7.837555962555963,93
5677,8.333333333333334,15.447948612910253,-10.090717007421802,-10.992388528917393,76
5678,-6.527777777777778,5.70847098807625,-25.96707226342189,7.0392615029939325,66
5679,-12.786703239289446,1.937984496124031,-11.265606374302024,-21.176537539027027,59
5680,-11.953583693364351,-10.331890331890332,14.918683192340481,11.02273302029773,59
5681,-25.654800887966527,-3.036616161616161,7.649883760097362,15.532786885245903,64
5682,19.680975297537326,6.811594202898551,-10.0373226071485,-5.6273527197440245,67
5683,-13.561621966794382,12.624834656084657,7.289760503108539,3.9995403535914082,77
5684,22.38095238095238,-1.1461810971726099,-21.050093872674516,-26.42156862745098,90
5685,-2.8501767884676212,-6.774598481915555,16.52271704903284,-27.183329004960886,69
5686,-28.58588818292106,-40.535238357819,-31.427121043349114,-21.462806680197982,88
5687,6.111111111111111,-63.13355441938103,10.529938471114942,-15.402569541231662,87
5688,20.443605051448188,-21.754612632272206,23.92057176539935,7.63888888888889,52
5689,16.93798449612403,-9.441930618401207,16.368105910788838,26.033752378861077,45
5690,-4.841911309302613,1.0786914235190088,16.558386795578446,-38.581715932623204,63
5691,-17.469992728034438,10.398815743643329,-4.9308755760368665,5.185185185185185,46
5692,-58.110664555677346,1.0548523206751055,-64.22630413392577,-7.433491948215115,85
5693,20.227272727272727,2.3809523809523814,7.145462938145865,-6.582491582491581,44
5694,32.804276696045925,3.5230447852110824,5.871212121212123,0.5263157894736845,54
5695,21.262626262626263,4.562142945851964,-81.35378979581877,-13.240460396907721,66
5696,1.1709716984665857,23.400711924739383,-0.5475592017774678,-23.75405859438784,77
5697,17.58334091667425,-3.1108422396988633,13.333333333333334,8.96207958707959,54
5698,9.166666666666668,-17.764213356885772,15.488559059987633,-11.76470588235294,49
5699,10.338672005338672,5.0,-14.88000555471393,11.785845203183914,43
5700,-75.3332054419011,-1.1244734269057126,3.2649437891850193,12.252252252252251,65
5701,-23.444363901680976,6.515151515151516,29.634926221347108,-1.8439833113746138,58
5702,-13.148148148148149,9.914174972314507,0.49102822821987857,12.603338396021323,52
5703,8.583704024880497,-14.543650793650794,-15.96153846153846,10.723336387690772,62
5704,12.63888888888889,2.7777777777777786,13.417508417508419,3.086419753086421,38
5705,21.021505376344084,-5.590489069190895,10.152091266071622,5.924710309655778,52
5706,16.967327581439083,5.586666018179519,27.366416770560104,-2.527056277056276,79
5707,0.5374001452432831,9.397132241959829,20.998552426733674,8.660394265232977,47
5708,-15.830836151144224,-8.660045336090041,-53.84820094046279,2.6976914324188757,119
5709,-30.415265556580586,-5.974990637750518,-6.474850809889173,1.937025758360262,90
5710,-16.074953630100687,7.873563218390805,-4.709665010785457,4.22008547008547,55
5711,-2.7282886334610468,12.452784382608945,-9.610521692901555,15.159018130716245,53
5712,25.51838481344123,2.1367521367521363,-5.373843460865217,-32.19002415781128,64
5713,8.485838779956428,9.881154499151105,6.7801070182022585,-12.106177501174725,51
5714,-0.09803921568627416,8.571872177055106,2.5240650822046167,-8.055555555555554,46
5715,-80.2415637566126,-1.705993526191655,21.509191291799986,0.07054673721340432,84
5716,4.6306884357198825,11.693406705573004,24.409765852693578,2.493200178622174,57
5717,-7.746913580246912,-2.549019607843137,-7.592592592592592,2.192982456140351,45
5718,2.691068756333813,4.851914733069233,3.787878787878789,-9.856887298747765,58
5719,9.380418834200348,8.375909517213866,22.142857142857146,-11.877917833800186,59
5720,-27.712572872398386,-4.496674525137523,-8.567704392534326,22.448257080610023,72
5721,12.988380537400147,11.841817186644771,15.0,0.46013371023466654,39
5722,11.666666666666666,-58.77639194366871,4.013723544973546,-10.531319733905944,69
5723,-13.05274331078502,21.666666666666668,12.233796296296298,-25.65508021390374,50
5724,-13.607954545454543,-8.188456954597555,7.192982456140351,5.0,46
5725,-34.58300337732962,1.4729845415972944,-3.0421085813242676,-4.588780419473437,67
5726,7.777777777777779,2.442632850241546,3.6290730128704443,33.2216045812537,54
5727,-10.102953013289067,-63.51095993953138,19.34668071654373,7.171183667662541,73
5728,-34.9400299850075,-32.62400793650794,21.67989417989418,-3.2870370370370363,63
5729,-8.299319727891156,4.101361776203159,6.675010429703796,18.15569410379875,76
5730,-22.399283671029053,-20.17327806543492,-25.598574416306413,0.3200581923986183,92
5731,8.333333333333334,-0.920929775418939,3.8840709728867635,5.427170868347339,45
5732,-1.6653327997865812,-4.642857142857142,10.202562562776164,-31.48148148148148,59
5733,1.4880952380952381,-47.58247936936875,23.081744318579297,15.959374186833202,70
5734,-0.5270250007092123,-4.093761535622001,1.4729845415972944,21.542238085364772,53
5735,-9.603778771780352,-40.58106310041293,-21.948653198653197,-28.548893177435644,92
5736,7.2522522522522515,1.9566345056541143,-14.741775520077404,-5.98344820384294,60
5737,7.688172043010753,-22.5,12.380952380952381,1.0401310401310404,43
5738,-1.9865724553224555,-71.23573039938756,-39.868645037062606,16.55593140326897,92
5739,5.475103405583367,5.535202385047588,-8.086325175645642,7.024754346182917,51
5740,10.697117594087853,2.2689746602790066,5.05952380952381,-5.611035111719106,58
5741,-27.420801773588536,2.475314199612951,-4.23285682397102,-50.47277202978957,85
5742,17.845251404655432,-5.138424688057041,-21.362236376019208,-24.92060763946587,77
5743,-12.184224792920446,28.464111338026488,5.307439123062148,-13.63753389360201,73
5744,4.384920634920636,2.9761904761904763,-0.48229548229548236,25.237648530331455,41
5745,-1.2121212121212115,12.314814814814817,3.181361122537593,5.6513409961685825,36
5746,16.764069264069263,4.451566951566951,-3.2256022474973243,2.719298245614036,51
5747,1.3661202185792352,-27.218310597671064,13.537718320327016,-65.90709119016327,83
5748,-25.87895124559628,20.983839149924293,-45.394010220437536,-9.410387398893146,86
5749,5.1129426129426125,-5.0,8.036881419234362,3.1436314363143647,42
5750,-8.511904761904763,-30.334293803067574,-3.0788039121372446,10.729425983732796,71
5751,13.859479892088588,7.755009107468124,-90.13869902027797,8.205128205128204,63
5752,-9.59579828366378,-36.06047726847834,14.172364121087032,5.6420119688541766,85
5753,24.507550146495383,10.666819337162478,-26.143617021276594,0.11717599952894142,51
5754,7.2372153075751875,13.084405973632316,4.318936877076412,-3.148148148148148,58
5755,26.469574910067386,13.783280640713269,2.7452718676122942,20.019999474796652,55
5756,-24.7020328599276,2.688871541330558,-71.50359874044084,6.474287828338883,64
5757,8.623188405797102,-8.569804139979576,-7.395833333333333,15.616246498599441,43
5758,27.912457912457914,12.697725003565825,13.787878787878789,-9.877061935885466,45
5759,-6.061253561253562,-20.159495597132295,-36.78160703359313,0.0,72
5760,11.944444444444445,-5.22708959159127,34.39259558387301,11.984126984126984,51
5761,5.0,-51.42656689616762,-7.295806333073413,2.9093300951224457,64
5762,14.362512920719876,-29.339981006647673,3.537068477645727,-54.52423082478695,70
5763,17.173382173382173,-1.758305100696405,-3.732153205837416,17.466864858169206,50
5764,3.2054673721340396,14.322158971115329,2.378167641325537,-28.925831202046034,51
5765,6.876749810905608,-8.32182359692438,-6.666666666666666,15.938003220611916,56
5766,7.3015873015873005,0.952380952380953,-16.81549446107222,19.126835743346913,70
5767,-15.728715728715727,-22.105159727708745,15.0,30.77573356424643,68
5768,-1.2301345084363948,-56.15581098339719,-0.5102147175317888,11.692502758679229,80
5769,20.07989810309885,17.076188134395093,-1.2642434194158323,-11.938927816909889,82
5770,5.469598192105682,16.287340791017265,8.787878787878789,6.5432098765432105,57
5771,-15.909383076902259,6.121506735618235,2.604166666666667,7.834757834757834,53
5772,9.820942265795207,-8.338557993730406,12.450980392156863,13.496401259559155,40
5773,-8.35724711340475,-39.83736942070276,8.39446047779381,-45.20194949150499,77
5774,9.166666666666668,-1.5277777777777777,-12.714654297315587,21.335352569211967,45
5775,29.444444444444446,-14.814814814814817,-1.456117021276595,-9.42879214618345,50
5776,9.62962962962963,-13.640350877192981,10.648148148148149,-1.2492177277123488,46
5777,24.85641891891892,17.487745098039216,-2.993117993117993,-12.628205128205128,51
5778,1.8115942028985508,-14.180492709904474,-52.682650307871484,-15.044825194992047,78
5779,-0.09106712496542979,-52.93207585345198,8.273582506992119,-12.713734142305569,60
5780,12.99152994531146,13.654970760233919,-12.183942600609265,-12.97590737286524,62
5781,7.487816764132553,-19.58923228575778,-6.092649180884474,-52.71198066929774,81
5782,10.5265212210855,3.64626658744306,7.330124314980325,-21.546863988724454,62
5783,-10.614035087719298,24.76690091241175,3.333333333333334,19.582111436950147,44
5784,-20.582352422853063,-0.17643320972088017,-25.558785529715763,-60.507865420987216,103
5785,-21.6483086040154,20.9504000727405,15.046833579316509,11.700680272108844,71
5786,-11.700751355923769,15.465938878813464,7.725430597771023,28.09409888357257,55
5787,-4.507881889541068,12.259528130671505,9.401010066644742,-9.258696386355961,58
5788,7.7724833127443365,7.654486036838978,-26.038139588864226,19.710365664029457,64
5789,11.104651162790699,-10.420296078190814,11.148440931049628,2.795809182303433,58
5790,8.490323143932871,4.62962962962963,7.604166666666667,7.873563218390805,40
5791,36.77712602595937,-2.1890710344402717,11.29850770717644,0.059970014992503984,87
5792,8.776844070961719,-3.2239634967843624,16.967953778993266,-54.457318252295764,75
5793,23.06710024049515,2.7755240027045303,-22.674044507586437,5.775754040273096,64
5794,-8.31665654034075,-43.43505205112348,-3.6868518890728668,-4.286746349107652,76
5795,-26.50641845940911,2.873563218390805,1.701228878648234,-17.729215229215228,72
5796,20.788025299519553,10.0,-16.065427972939617,-36.44429100311453,65
5797,-0.7805738864619798,33.6231884057971,-19.720597790773226,5.643059579745358,74
5798,21.93861940414522,9.62962962962963,16.944444444444446,15.22844272844273,53
5799,15.774591796097173,22.112985054161523,15.008385008385009,20.73848696566749,39
5800,-6.941689392669783,-37.64745318037143,8.144886287733495,9.626156539134783,83
5801,-20.100379435026817,8.831923890063425,-5.101986044015028,28.333333333333332,57
5802,-12.577994661327994,8.547210550887023,16.57773386034256,-14.449576926487769,72
5803,10.23958262073712,-1.2716404528714573,17.40371121320303,15.403403785756726,64
5804,-16.130821463482754,-3.015873015873016,6.6382171645329535,8.08340424700083,51
5805,-13.39914187557439,18.42276347106924,-12.130726235420376,9.839581003022063,90
5806,16.541012116347517,22.84912120315847,5.0,-2.9655936076081257,49
5807,21.436781609195403,-12.549090928451394,14.88095238095238,-28.547340225795182,79
5808,-26.74438125418517,-49.75137783996568,9.907041279107862,-27.174593771530656,100
5809,8.701753466487094,-24.89173090888777,11.209629765470584,16.233252538283985,61
5810,17.349337170765743,-0.12987012987012925,1.7669172932330834,10.54756517991812,51
5811,24.531590413943356,0.0,18.09181718664477,12.580399584076055,36
5812,13.095238095238095,7.607616946697408,-2.075449367269936,-44.00194265850409,82
5813,7.260101010101011,4.994598211766224,-43.73973237654807,-1.942859956352299,87
5814,-2.311827956989247,15.73038073038073,-2.1264367816091956,30.17080745341615,35
5815,-14.468802426119499,2.6538799364886323,2.689544573840669,-94.36128652574011,94
5816,11.102693602693606,-10.0,-19.372895622895623,10.0,43
5817,-4.825344032661106,-29.80370506947527,21.173708920187792,-4.916052671180718,71
5818,21.186319718928416,14.115714908397836,4.901960784313726,4.385964912280702,44
5819,10.875440658049353,6.5476190476190474,23.641276077660404,0.858585858585859,60
5820,-12.482943469785575,0.6849128540305007,-1.2979462398067039,-4.561075498575498,53
5821,-5.036023647702007,7.688172043010753,1.7006802721088436,3.4175084175084187,50
5822,8.942963225176111,-11.336103836103835,9.03573466022712,15.858585858585858,75
5823,-32.12643678160919,14.080309476181931,1.2500000000000018,12.650362913520807,52
5824,-26.620127053601347,9.950384589029362,15.076522290305308,-14.479848841333352,76
5825,-1.340742875076625,-57.2534205041045,-5.666495989076634,8.497466914805624,81
5826,5.2381569048235725,-4.514534358353131,2.2522522522522515,-0.543981481481481,67
5827,15.0,-8.427579365079364,5.826085826085826,19.267738434405103,47
5828,-11.355354055318186,15.296468829077522,-6.579469461194686,11.302083333333334,70
5829,2.8545703253510637,-19.575569219916556,11.570522080645727,-16.807097582291377,79
5830,-5.38877788877789,-60.71697009111104,3.1070889894419307,-14.452083139948636,85
5831,8.370098039215685,-22.419759873993282,2.010582010582012,10.97998837582171,55
5832,15.817361814702238,9.021317829457365,-57.69429600324826,4.62962962962963,72
5833,30.573998679711917,-82.68327077439362,-14.047619047619047,-11.683767709982542,87
5834,-2.619047619047619,2.301587301587302,3.3750062198338058,22.083333333333332,40
5835,-47.14348406562248,-45.79615503967222,6.2254901960784315,-10.983850599133515,91
5836,-10.517815517815517,6.237816764132553,21.07638888888889,14.149968510107918,67
5837,9.126169013679528,10.410206718346252,29.971865939358203,2.688172043010753,43
5838,11.392045454545457,10.637385637385638,-2.030361289815071,15.288967567782429,66
5839,8.654915125367097,-138.56185667893234,7.100361689933948,-18.891019326390843,101
5840,-19.81271509528881,10.520482603815939,2.3269614931235836,-17.43145560579771,70
5841,15.261043519972091,10.8303254042807,21.98257080610022,29.82044568742376,61
5842,5.0,-67.08929352329751,10.291005291005291,2.904040404040405,64
5843,15.959203157201477,1.4874186907001707,-45.151918114691554,-4.248366013071896,70
5844,26.328622519899948,-21.733712115715512,-33.3974358974359,-14.599046657399334,77
5845,-0.11534839924670592,3.8634399272433066,-2.465986394557823,-7.943157060804118,59
5846,9.259259259259261,17.81345198011865,20.0,18.068277070546465,52
5847,3.471673254281951,-0.9746981023576766,-16.650015139155222,-45.602655486947214,74
5848,8.086419753086421,-29.66892968545732,7.525252525252525,-20.506272401433694,52
5849,-8.797498410051006,3.939075630252101,-20.12820512820513,-18.486443508549755,60
5850,11.937984496124031,24.07463694697737,-11.266266266266268,18.921070999694876,47
5851,5.0,3.9682539682539684,-0.5143604141800897,-18.4141978878821,51
5852,11.87429854096521,-5.707517862690277,-6.666666666666666,2.032520325203252,42
5853,-17.99466132799466,6.77456968687175,5.0,23.34571431320657,55
5854,11.700680272108844,-32.80181088684925,-1.7995169082125602,0.5406971350411554,64
5855,-13.647023792755665,-16.593701422243686,8.060421908876545,-6.683107925470613,80
5856,6.407533574872286,-23.743882003434358,-17.829819055309255,2.7351129075267,72
5857,-17.429323524992277,15.899435531788473,-32.17171717171717,20.633242215398827,67
5858,3.0693459416863664,4.63763248246007,-1.9607107107107105,12.439019752906413,61
5859,-0.6980293006275682,-8.566915661389757,15.712682379349047,-7.97720156182949,87
5860,-39.61930841726238,-10.47630692902456,-6.898580016583746,7.604166666666667,78
5861,-4.57330792431604,-17.426594610019993,19.02561005821875,-15.870999427230432,76
5862,7.688172043010753,1.836945304437565,0.0,-3.7794937794937793,39
5863,0.5788411744798887,23.20261437908497,7.5910931174089065,3.9682539682539684,51
5864,9.876543209876544,-16.188237433544067,8.862433862433864,7.16484256780969,55
5865,-8.839605734767025,13.117613380771276,4.901960784313726,4.16907166907167,46
5866,-31.997735523579404,-52.010565095603454,-44.91608601652874,3.4258002646057792,106
5867,-12.26364522417154,-32.10419865102622,-21.822991822991824,7.450980392156863,81
5868,12.136752136752136,-2.4700482773963515,-39.096593482919495,-50.18377030063613,105
5869,2.9522243276446893,-17.541426074088424,-61.108464828974896,-7.391209807368344,113
5870,-79.35923155519613,15.657228281052868,0.5790960451977414,-123.6121969822878,139
5871,6.2911829846769844,3.654970760233918,-10.532294137430222,-16.993464052287578,69
5872,14.923335608709625,5.752085130859937,-40.522883500361864,-3.81013197105151,89
5873,1.7183189602772502,4.100799524541646,25.815045091360883,-13.640710750090395,82
5874,20.117326391836194,8.927450018198249,3.3346672002134192,-3.439165675520902,54
5875,7.525252525252526,14.015594541910332,13.34859584859585,-19.14807013491224,52
5876,2.9747915140857035,-19.800716287094943,13.422075726842461,5.929174788823913,73
5877,9.498106060606062,-2.0238095238095237,-28.048433048433047,8.435199600222953,48
5878,-32.82661782661783,-2.4530411449016114,3.9883633633633635,9.385964912280702,49
5879,28.492529973000018,-4.7384913561384145,7.85103785103785,6.392045454545457,57
5880,-15.018014025166798,15.141702614865503,28.537068477645725,7.682993076840273,62
5881,-60.94325759415207,19.168541770717795,5.079426746093414,1.1991869918699187,72
5882,-6.5544188689968745,-15.799097416744475,3.986749041780488,-16.259089842833685,54
5883,-10.61965811965812,11.81159420289855,-6.5851071489158635,-1.9839731758336407,65
5884,17.845038565876816,-14.693982839144129,-6.587301587301587,-55.1838046553378,85
5885,-17.178745583917998,-3.1060606060606055,-20.726280433153747,-27.443999176803665,78
5886,-13.275515334338865,1.166947852745711,-14.479538514533333,-1.5459822952144124,88
5887,-0.814773411182985,3.614758262892684,-8.761461994959857,13.188733057048085,73
5888,-0.5531300312680187,4.67741935483871,1.7278006364693699,-20.944795406561237,81
5889,6.851851851851852,0.29021739103985267,2.489034016931628,-9.716775453309758,61
5890,4.138124150290448,5.0,15.338672005338672,16.369588485800826,43
5891,5.8495716683406656,1.9643852065296163,5.410206718346253,23.52061556329849,56
5892,-42.27542728989605,-34.34389140271493,-27.983896770794402,-2.9427942779629994,98
5893,5.0,22.764550264550266,-7.474747474747475,13.936173447667702,41
5894,14.05617632639692,25.624187003661046,10.293164587918806,-19.658178586750015,68
5895,-31.121214640791774,-17.948285571495322,-17.161710143498468,-41.01146401106577,115
5896,13.233113496271391,-16.690433749257274,9.385964912280702,5.0,42
5897,0.982905982905983,9.955533596837945,-5.582337635909063,-42.419759873993286,63
5898,6.40180810815391,2.3809523809523814,21.101489713127407,-18.75225489260577,68
5899,10.683759131204603,18.10185185185185,-12.921055632074973,8.122169696107438,84
5900,-15.598758904095847,12.049367176255892,-7.777057814813482,2.296466973886329,74
5901,8.874326204138413,9.508172139751085,-15.143125431990978,-77.42331011110257,80
5902,8.354696538683811,8.00910865322056,7.0791768617855615,25.76663312279625,61
5903,-16.728620494761095,-17.08579309860145,7.252252252252252,18.872863247863247,48
5904,-25.131841657871668,-3.0932339265672577,-19.639700577200575,-7.5352319898578735,87
5905,7.976190476190476,4.901960784313726,4.3045614755229,23.805698184472988,61
5906,8.472222222222221,-3.03201506591337,-9.595530416624579,-51.66735537841642,70
5907,-6.24768136784753,-16.201916201916205,-3.6473429951690814,-39.19934640522875,76
5908,9.166666666666668,-0.4922027290448341,13.666072489601904,3.2051282051282044,39
5909,-3.177387914230019,13.919857945669015,2.450980392156863,3.787878787878789,50
5910,-19.634146341463413,5.0,7.4240733398920264,-100.64964024161843,73
5911,-16.047113289760347,16.85172925325193,-4.948988920174058,-10.611035111719106,53
5912,1.0526315789473688,10.360205831903947,-39.88026965776216,-8.106060606060606,54
5913,25.69058641975309,16.00414078674948,14.385964912280702,13.870214752567694,35
5914,13.00903333033076,33.38410034310572,13.823918456271398,5.0,52
5915,-0.8061773242888979,-19.234231970300083,12.575057783867855,-10.236454960341947,99
5916,8.65912471496554,7.450980392156863,16.572420634920636,14.503107849061198,64
5917,17.755009107468123,9.148340622798829,10.75422757103438,-2.02903680989322,61
5918,5.760546642899585,-1.2121212121212115,10.0,24.23321234119782,38
5919,8.740601503759398,0.8365261813537677,1.476050830889542,21.09998064266357,42
5920,10.20442219440968,-12.875069070587656,20.293011638120337,15.404017680278741,74
5921,-6.877917833800186,-17.904538033537,9.166666666666668,12.211151368760063,56
5922,-3.4224172520713645,-11.48381164253433,10.0,5.887303819793272,88
5923,1.851851851851852,12.525252525252526,4.136584741423451,-2.313795673499527,46
5924,-82.3709275301793,16.094604791548765,6.207729468599034,1.211077825661162,77
5925,9.146191646191646,4.547902494331066,-18.580765639589167,2.293320105820106,50
5926,-24.08124049443992,10.925180724829556,5.3418803418803416,2.688172043010753,57
5927,6.323949408404733,23.42417889587701,-1.9181142399329918,-14.037812442984857,53
5928,-0.556012614836142,-60.61394591506636,-3.768958303618123,-18.834853561677832,90
5929,11.54761904761905,-4.414414414414414,28.663446054750402,10.696496099463221,46
5930,15.0,4.696175304160786,3.6231884057971016,2.444234006734007,40
5931,12.52918188395869,8.658910533910536,7.192982456140351,-26.850370081244396,73
5932,-25.99204766112554,1.3234273707422801,-40.147978731722574,-3.117378791234016,112
5933,-9.436875320533435,-8.603948017710804,6.851851851851851,-82.95715141402474,75
5934,-68.59165024211215,1.6339869281045747,10.939633116474972,3.645833333333334,82
5935,-20.571543797302567,4.842973275514822,18.721340388007057,18.729571384520504,62
5936,11.82261208576998,1.948245453992581,-2.138072154212756,7.456214136826038,59
5937,25.966621098200047,-16.543886707479878,-21.26925551527281,-7.902360791789503,77
5938,24.901960784313726,-15.356037151702786,9.540023894862605,11.594154221590506,47
5939,6.836041717196217,10.05136838470172,-7.6553803339517605,-0.2817650186071239,55
5940,-43.44876868162755,-16.486646256471527,10.593434343434344,1.8115942028985508,65
5941,-38.08280747477183,-12.486772486772487,29.708154828017843,-48.99266093852713,74
5942,1.843792973361079,13.501818570817289,11.070791953144894,7.424390641558654,52
5943,-32.22222222222222,5.0,8.910610750069132,11.461988304093568,59
5944,-17.053429027113236,5.010315355142941,-5.296767355590885,-12.426898662517623,55
5945,3.922111480251015,-30.509259259259263,-2.549019607843137,-5.0,47
5946,5.245358090185677,27.733585858585858,-37.85900137180972,3.0375632229852165,66
5947,-2.8632478632478633,-12.845594378102117,9.499766245909303,-22.94532627865961,49
5948,4.827884683067611,10.285324120397465,17.962213225371123,8.758429985610514,53
5949,-8.137869075369075,21.93798449612403,21.783842666195607,-2.0238095238095237,43
5950,12.976190476190476,2.777777777777778,25.923202614379086,7.834757834757834,34
5951,9.464549260564443,7.1272396853792195,-1.20180585697827,22.75131051495529,47
5952,-31.461164185638122,-3.397435897435898,20.454545454545457,2.9629629629629632,54
5953,-12.065102556173985,8.925268220495745,-13.099477682811017,-3.299220272904483,55
5954,-10.887714582683133,-4.810744810744811,-8.229166666666664,-3.148148148148148,59
5955,1.9112174375332271,14.091057308225322,21.42375168690958,6.88608776844071,50
5956,15.16164994425864,8.327114427860698,-17.173721340388006,-8.41570229374779,69
5957,7.382024004364428,4.006734006734007,-16.14344349592186,7.001776100925195,55
5958,7.202273411623008,1.481375540300026,-12.776987513829619,8.663446054750402,48
5959,2.388947322590699,13.472222222222221,-1.7948717948717952,21.863169422156695,48
5960,20.99310776942356,2.1367521367521367,7.525252525252525,-1.7692939244663384,40
5961,-10.72712151709988,12.878151260504204,9.385964912280702,-0.8807163008059002,65
5962,6.91108347927282,7.3571852983617685,11.806279487802655,-24.034247201949064,78
5963,-3.5420537594450643,9.413472706155634,-8.77949377949378,7.525252525252525,42
5964,6.771911663216011,-11.031746031746032,2.719298245614036,4.488464751622647,47
5965,-12.94532627865961,20.61331998474447,7.352941176470589,-0.6313770852350871,53
5966,-1.14010989010989,-20.485562451676643,10.042193443866825,-3.210909666134674,67
5967,7.269506781001034,-5.081018518518518,17.95292299868959,17.03252032520325,41
5968,-0.6140350877192979,-7.19399881164587,-52.21038019027238,-48.44627951255279,91
5969,1.8939393939393943,6.811594202898551,14.546456629789965,-59.85277528938843,57
5970,1.0683760683760681,2.525832376578645,-35.93805282176136,-7.42922955688913,80
5971,16.16883116883117,-1.3721682118677745,-30.151948485281817,17.588183421516757,63
5972,-75.33080186097428,16.135130674864044,3.714349685345992,-3.6588237178485747,79
5973,6.526278146917682,-1.7948717948717952,4.444444444444445,-2.825609700609698,51
5974,5.0,17.34998668133392,-5.019702370401795,18.6231884057971,55
5975,2.525252525252525,10.0,4.385964912280702,1.3780116152032678,35
5976,-35.18518518518518,-22.557367149758456,0.23061031461569304,3.058361391694726,57
5977,10.56046568790197,-10.0,16.168104918104916,8.968253968253968,44
5978,14.484126984126986,0.9894972092433392,10.71338383838384,6.297355102386549,61
5979,21.934367514280453,-46.33168065090261,3.6231884057971016,-26.284078676157655,67
5980,3.3879048898134214,-7.473009446693657,4.237546369899311,-2.9193899782135064,56
5981,5.3293298451456055,1.566286301565721,6.211338775056917,4.298941798941799,60
5982,11.297630163176382,-9.498962828888267,4.730969160793723,-10.927249789739275,59
5983,-31.025607925752446,2.3591174906964376,-35.28112002376708,-20.38324979114453,88
5984,17.79176491867345,10.0,-1.270239321509738,-31.52777777777778,58
5985,23.956321292130905,14.986772486772487,-5.536381145929313,16.88188188188188,53
5986,-17.631673881673883,6.721673764356693,-15.746210393953211,2.525252525252525,57
5987,-11.445143426017744,-37.14366445104651,-56.13260839942596,9.443294225902921,96
5988,4.191919191919192,-28.35854853201171,-32.45845204178537,18.332296041385383,67
5989,-19.02387041773231,-8.704954542829988,15.831442709934525,-12.520475020475018,75
5990,0.7972284491224952,-15.353173002426733,9.62962962962963,-38.23702785477546,70
5991,15.0,6.585819578168804,-50.61030210878416,7.309754086069875,70
5992,-0.833333333333333,5.0,7.878151260504202,15.911495223566163,48
5993,-12.860292687938465,-11.23789361951312,-7.149578440228845,-0.7692694901997228,87
5994,3.605823259432988,14.051701118226816,25.984198078783905,20.368716931216934,61
5995,0.19071306269669774,-10.26476450327025,5.308110423656643,-6.846064814814815,66
5996,17.615087435506176,7.980457042957044,8.970504821327284,23.367346938775512,50
5997,-18.222049689440993,-5.823506289308176,24.551710037375422,8.150852053070851,64
5998,0.16744096012388754,1.3113604488078536,8.797101618399049,25.209841028610025,49
5999,11.73881673881674,-34.11560860758239,-16.877073588638652,-27.64382960035134,85
6000,8.623188405797102,12.3015873015873,2.688172043010753,10.324543610547668,35
6001,17.604166666666668,-5.129906888932384,-4.7753137252778615,7.450980392156863,63
6002,1.316545674531155,-4.25369419555466,18.917555326224058,11.851851851851851,45
6003,5.0925925925925934,7.635030864197532,-19.687643033581356,-28.889858203168274,89
6004,8.23529411764706,8.273007316134002,19.418563362217863,-13.928062678062677,55
6005,-16.01673101673101,-14.407065350895568,-22.909930053892904,1.5814855425601055,89
6006,8.315177923021063,-45.581400917259565,-1.8767525884383063,24.842436974789916,82
6007,-41.14179320622152,30.650935493611463,8.601147776183645,-26.929648865790163,82
6008,-10.49434588650275,-5.340787566610385,14.385964912280702,19.609550194492396,58
6009,-14.07627865961199,4.385964912280702,-6.031746031746032,26.753812636165577,45
6010,21.745248538011694,-43.815987933634986,-138.62521941971892,-1.8322788598736475,96
6011,12.590132827324478,2.6004765969554717,-51.57881780272526,8.979446479446478,72
6012,-6.6657741419933885,15.578946965043789,-12.222222222222221,-24.77860707487193,81
6013,-9.766020649064528,19.92339377342014,-16.95523370638578,8.468364197530867,94
6014,-10.882936507936508,-11.720483456976016,-26.077838533499644,-2.4481845098955897,70
6015,-33.42757936507937,-13.944618599791013,1.323949408404733,-25.05898294277061,58
6016,-40.400549814602186,5.0,8.546757901596614,0.6551036543934821,64
6017,6.538461538461538,-32.31182795698925,4.985437903058042,-5.32312925170068,53
6018,5.822746521476104,-21.396991477567738,-3.427579365079364,10.063610728572366,60
6019,-66.58651132335342,7.501727120001897,3.399972800217598,-3.855218855218855,66
6020,2.1637426900584806,-9.124559341950647,3.5091607565011813,12.204201027730438,51
6021,-11.527777777777779,-27.981952540776067,27.602749898891894,10.0,53
6022,-15.498172151077735,-1.7886046911412887,3.3502472027062193,-9.718662613399454,84
6023,6.811594202898551,6.314390162844799,-33.02494978698569,-1.0164835164835166,60
6024,-43.50840479905521,7.603458049886623,19.32215897111533,3.663446054750403,51
6025,-5.74001947419669,-6.6200061274021476,-61.84789706336234,-8.364246610959562,84
6026,-4.884241017304074,14.853337046319504,7.59179819978368,-9.577315364234606,85
6027,-17.022378844010728,9.086921850079746,8.618113912231559,23.024459773956487,53
6028,26.893745802414536,-20.610939662060108,-6.001180666073481,-47.86638817279224,85
6029,-22.793508234684705,-15.94272868850376,-25.829627924559375,-10.729949228676894,87
6030,-6.742891079912836,21.666666666666668,8.961512343865287,9.063846455150802,50
6031,-10.416778013603688,-15.127560348745487,14.175051675051677,11.182544321059808,60
6032,-4.2592592592592595,-8.629406598156596,4.048118602068762,-15.706499667206295,82
6033,10.184636217244915,18.04093567251462,11.676913189518231,0.8933002481389578,58
6034,20.178930190097553,-15.140255890939887,-0.7658921370340372,4.005348516218082,78
6035,10.359299516908212,14.483500717360116,-10.526189106156988,-34.18174455876136,78
6036,-25.036136024586675,1.8018197307412995,6.721823498139289,-13.876488095238093,88
6037,7.155394389354429,14.287951291627763,-25.320881226053643,-26.489048942389555,85
6038,1.105006105006105,-31.699745287794453,20.298807102296806,-12.395833333333332,72
6039,-2.3155844463389226,5.0,-29.31464947089947,-29.30874077613208,73
6040,-7.80403068603408,5.205345889333165,11.73611111111111,15.774915467897927,49
6041,-0.361787238246307,-29.47987528344671,9.484132578890646,4.608259174160185,73
6042,25.976384506262875,-27.04922027290448,-8.995859213250517,-22.84396544813211,65
6043,11.197559115179253,16.18767806267806,2.9463755199049313,-3.062015503875969,48
6044,2.873563218390805,-14.442011594994367,-7.165242165242166,-2.619047619047619,52
6045,18.572303618070208,21.602564102564102,-21.502533085194376,-11.279761904761905,52
6046,-3.3660130718954253,4.987373737373737,13.20711477395546,-0.39201539201539104,58
6047,7.223012486170381,13.205128205128204,8.417508417508419,7.604166666666668,40
6048,15.537925696594428,2.4277574277574274,12.12723968537922,4.120759414877062,51
6049,24.140904319091554,1.6294466926801325,7.668689443145362,-38.60755442430539,90
6050,-2.1842650103519663,-26.233057610447112,2.407407407407408,-8.75188119374166,65
6051,-13.382352941176471,-8.155461662465058,8.745483288166216,20.89919903738801,62
6052,-21.784083407946518,-31.58312043424563,-3.6673031129130518,-63.60183491397407,121
6053,5.0,-17.95731991698551,-21.213269131056247,0.0,77
6054,-10.37037037037037,3.8433828565407517,-29.868927368927366,9.43727454484911,60
6055,13.909190971217589,-49.38912779744879,-12.431682892762062,-8.308527963700378,95
6056,-12.925005570145139,15.858585858585858,5.0,22.777190432139555,47
6057,-44.619520264681555,-39.22351191929153,8.134551865172618,-3.226950354609929,88
6058,0.1405988752089986,23.115536920568367,1.1961482388311673,-6.484807754969044,54
6059,11.766381766381766,3.1743702577035933,0.757723974891988,2.604166666666667,60
6060,-9.173065444810831,7.688172043010753,14.472942100378383,5.0,58
6061,-8.153076045232908,-36.2511914496086,-26.65197892467511,-11.802318906046825,99
6062,-6.581641981398548,13.368227222278279,-48.54574389943089,-13.177935647943388,81
6063,-2.4938725490196063,10.12313660058184,26.601762452584914,13.212560386473431,65
6064,2.8437348035847956,-55.69410269481287,-9.120816319306,0.7329383366249722,76
6065,-0.004188971580275869,-10.969616426933499,23.57736871580468,13.508794638362746,62
6066,-15.594177163437065,17.33863936988937,-55.785938409709004,13.003812636165577,90
6067,11.699018246839412,-7.804840169974293,13.253556016713915,-21.155885471898195,55
6068,-2.474747474747475,-2.9490728909333566,8.623188405797102,-24.907407407407405,44
6069,10.706521739130434,-16.053003675782268,-4.505229237657442,0.7843137254901968,72
6070,2.461295747299804,11.19212962962963,16.709608158883523,-8.15359477124183,51
6071,-0.775969962453066,-0.06032601719933339,-3.8499658236500327,26.45921017564955,61
6072,-46.92958961576753,18.902116402116402,6.313073540252676,-13.6901287794628,90
6073,15.919974728114264,15.0,-24.190705128205128,8.009153318077804,46
6074,21.19047619047619,-4.632089394897742,-50.846660141838896,-4.101666974181777,70
6075,29.59595168476747,18.227970075650717,-18.606007813324887,-25.07142509803309,90
6076,6.686965491996939,6.937984496124031,6.94098328986767,-17.30952920123731,61
6077,12.777777777777779,22.851777105765443,9.468114731272626,-90.5148324559376,103
6078,3.5946196660482386,-10.800633320012569,-17.018227935747117,8.739316239316238,69
6079,-12.210185219362574,18.6231884057971,-68.87848260614075,-25.916188214097883,117
6080,6.515151515151516,-0.8333333333333321,-47.80648936868956,-8.948141261676868,65
6081,-30.279307631785997,-5.742243569270529,-0.3379953379953373,-24.366602317862604,89
6082,-61.33387951846369,17.66180415828303,-5.4380862132867716,11.832857182006277,71
6083,15.60730530028776,29.929616920591425,-3.015371660397325,0.12581547064305676,61
6084,4.797149122807018,17.976190476190474,-25.453608979823812,13.976826019508948,50
6085,-51.492159993449604,10.11744279123631,-30.854994775368613,8.828530009085565,81
6086,3.8440860215053765,-33.93695617812038,0.08996212121212288,-3.5268796784250407,68
6087,7.277148720917718,-7.001036779603376,12.469783320605782,6.320812012740978,81
6088,0.0,-42.02014449038259,-2.546897546897547,-38.33536833536834,75
6089,14.166666666666668,9.894489134685214,21.666666666666668,5.347782604768202,50
6090,-39.37503492550696,10.016722408026755,-8.686873102417778,-0.9854497354497354,82
6091,14.709706749203468,27.873563218390803,6.748289525970655,6.691919191919193,73
6092,1.566056497782662,-2.0834421002744774,23.963815789473685,12.352941176470589,65
6093,15.64104808590103,10.656108597285067,10.0,8.472222222222221,37
6094,-0.7886557886557886,-56.62257495590829,-8.75348107155391,7.540857659453486,70
6095,7.380952380952381,7.538194843376998,3.5251491901108274,-12.877421500283248,64
6096,15.99278129761948,9.254510921177587,-2.0083671531842247,17.450980392156865,57
6097,-10.984973807554452,-31.851184186503616,13.102034646798685,8.787878787878789,68
6098,2.8280976335775945,-42.32062292348621,3.369020795237846,-0.3566560939482919,82
6099,12.503192848020435,-10.338908758919628,3.6231884057971016,13.968253968253968,45
6100,-5.429131054131055,5.0,22.99156140443599,-5.515268957558485,53
6101,-6.570218667251545,-17.395833333333332,-19.676131322094054,11.851851851851851,51
6102,-63.75034053832118,-22.8514032945022,17.678846746839348,-41.26551757066463,92
6103,17.688172043010752,11.709608158883523,7.339713663243077,3.4665525378499673,46
6104,-4.366229583620887,1.1504312344366125,-31.815335442767527,24.236379236379236,86
6105,5.059970014992504,2.411816578483247,22.823673200511436,-35.86749766484454,75
6106,27.88730127699553,-1.0317460317460316,5.498800935878416,-4.996870914227424,71
6107,5.710303476738316,0.45738045738045585,0.6818181818181834,-23.14516129032258,70
6108,-38.09136834402792,1.860791538210893,-20.193960832898625,1.0031201356357973,75
6109,-9.815750451638952,-26.472367172675522,16.54320987654321,21.77304964539007,57
6110,-6.0153256704980835,7.373550724373187,31.16883116883117,9.662004662004662,49
6111,0.24527186761229247,-6.731470814132104,-5.955165692007797,-15.37037037037037,51
6112,-26.826625386996906,-5.212165685473335,-119.82389757183552,-33.27428428509316,86
6113,-1.6740897855742976,-25.37934865454921,22.50404000698812,-9.599262978623443,64
6114,3.4722222222222214,9.758379703232645,2.0402298850574714,8.787878787878789,38
6115,-20.36705884883184,13.219304936372046,13.009607351712617,-15.805613815067595,72
6116,-2.222222222222222,14.385964912280702,3.9682539682539684,-4.413919413919414,38
6117,8.69774935217446,13.898422431031127,-9.487634115293691,-1.0825441287626156,59
6118,-9.5631637895065,13.684807256235828,-8.366013071895425,9.464426478945535,67
6119,6.613418512237679,-4.532728301110653,-54.54811413146075,8.29984009287271,84
6120,16.077884104199896,12.93919572263863,11.345785440613025,-16.864786072103144,58
6121,4.636260301221939,-6.3816275291685125,6.302083333333334,-5.941873620163111,68
6122,24.985119047619044,2.5993774946005814,13.589132704749616,-20.64449548292089,91
6123,-32.968471112844426,2.219251336898397,6.333616843062924,-116.48057378875387,99
6124,11.323949408404733,8.604847369228409,-5.334765046588699,-39.861111111111114,61
6125,4.62962962962963,12.173382173382173,6.984126984126984,7.2249065505644445,43
6126,-0.30920363577395094,-9.628538419822107,7.988380537400147,-34.629409241586345,100
6127,-14.770935354526765,35.3458857410998,9.413472706155634,-11.20004391743522,68
6128,17.96491996921582,-8.67615635997989,0.317013609696537,14.243803197607544,57
6129,-9.633838383838384,-25.782076719576718,5.288461538461538,14.516668573740493,53
6130,11.633986928104575,6.572327044025157,-29.38958250099075,-22.968975133591837,91
6131,-7.105432102235172,-49.79953099977122,18.674463937621834,-11.204792359600397,80
6132,0.9038561076604559,12.618198794669384,12.837289947381514,-34.59107208800092,78
6133,12.080610021786493,7.500000000000002,10.0,13.623188405797102,35
6134,-28.922115895800104,-33.64319516288079,-26.243622271300243,11.657701246143365,76
6135,0.061348762823627556,-36.565715126086644,-16.773560990790536,-36.595767493600306,95
6136,12.8986135635752,30.42717086834734,-0.6140350877192979,1.937984496124031,44
6137,16.118997323681235,-2.807017543859649,3.4722222222222223,-1.0228660228660225,46
6138,15.566589207893557,9.954398682881358,5.847958031882518,-0.699175727638726,66
6139,15.0,-27.740471869328495,6.4124293785310735,-29.65910269831838,61
6140,3.303439578684376,-1.065407195544182,-8.932811016144349,-8.686868686868685,75
6141,3.2401830315272035,15.534558707562203,8.623188405797102,-14.093761535622,77
6142,17.066499716807265,23.6231884057971,11.496806039488968,16.097883597883598,48
6143,-21.21212121212121,4.395255867763357,-2.311827956989247,2.525252525252525,42
6144,-20.290943624276956,-36.80209794900761,-18.22695035460993,10.924880009372409,71
6145,6.709608158883523,8.333333333333334,9.107406403421585,5.0,36
6146,24.08599314491763,2.1867913832199557,16.582923249589918,12.314814814814815,52
6147,18.8340870235122,-26.52777777777778,19.945286195286197,-63.594826236754514,72
6148,11.698929571828732,3.3333333333333335,-15.735353562533161,6.071181129867799,85
6149,13.718767856215262,0.2231718898385573,8.333333333333334,11.379334058512995,54
6150,7.604166666666667,7.450980392156865,16.926814585483317,14.652076318742989,39
6151,22.712576292221204,12.252252252252251,-3.3890945655651517,5.0,43
6152,3.27357260266534,-3.397435897435898,10.8641975308642,-29.204588154552283,69
6153,-37.90524660367087,15.100250626566417,-42.89601528615928,11.496751624187906,92
6154,15.982905982905983,14.864267676767678,7.252252252252252,6.300695491871963,43
6155,18.119049484595703,15.42929292929293,-108.78085032264127,-10.053552822095021,73
6156,-0.7854406130268199,12.710206240084611,-39.4550955758116,-10.85686857425988,63
6157,-2.849047329921646,6.098675295963486,-22.809132904295254,-14.267486326309857,67
6158,-22.273031702377395,-0.1457716727645484,3.18479938271605,-20.38286806015649,92
6159,1.9456302114459714,-7.8592701448395434,-4.870468873128448,-5.308964157074621,84
6160,16.35901498646597,14.498106060606062,-25.445264235914646,7.252252252252252,55
6161,6.291547958214625,-9.692065597238011,8.086425427173658,11.063785790964925,54
6162,26.16883116883117,-6.76470588235294,5.0,14.385964912280702,35
6163,2.3640248640248647,25.434782608695652,-9.907407407407407,-11.44736842105263,46
6164,-15.614035087719298,9.019024276377218,-19.28499522249522,25.916651491943117,55
6165,15.66436251920123,10.0,0.6481481481481488,-20.37037037037037,41
6166,2.950083542188805,-2.628205128205128,-22.474747474747474,-1.5358951034247277,64
6167,2.282913165266107,0.17930856553147656,-31.417572463768114,-5.45513659196561,59
6168,-22.591307328149433,14.603458284578522,-20.761183261183263,-4.118340673046008,88
6169,7.963306534735107,-17.418251384982284,-10.680965800566705,2.314814814814815,71
6170,6.633986928104575,-33.93738977072311,-9.396825575491071,-31.767353691389033,68
6171,-13.42521812997398,11.499235261401559,24.330200847613785,-14.227994227994227,67
6172,20.582038653982625,-24.94388327721661,-14.634146341463413,3.6182336182336186,57
6173,-1.7948717948717952,2.8516414049874337,-11.36890143525806,5.336743393009378,61
6174,31.70548710845423,12.22742165724622,1.9112174375332271,12.51207729468599,44
6175,11.119590286256955,-36.93910256410257,11.075827767004238,18.57573020174646,58
6176,1.9885223333499198,39.380947573891845,6.479863875374711,4.672299027137737,59
6177,-14.683257041112128,-0.6906381906381893,0.41666666666666696,19.62962962962963,55
6178,14.91632643441692,4.310344827586207,-8.647915405788595,-12.58893280632411,69
6179,-23.919628130154447,14.072871572871573,6.016219449688247,2.2324220269294397,66
6180,6.423894241884716,12.11339099496994,-43.09610805675368,7.5092191758858435,76
6181,-1.5139873916469653,-41.05850664064253,2.7518782034863136,-19.08863107899431,78
6182,1.9931315549475608,-1.5824915824915813,2.2522522522522515,-0.833333333333333,48
6183,-2.659018179758589,14.098940578319215,4.853937408968855,-6.165863293522866,78
6184,14.542151162790699,9.66965507074757,0.4210658622423329,31.445170660856935,54
6185,16.588056646196183,12.083333333333334,-16.65505675954592,13.205128205128204,45
6186,-18.78627674631961,18.998538011695903,-33.889230017379106,9.02221970535924,82
6187,21.779763446430117,-5.689034865079569,7.380952380952381,-5.2947995423632594,54
6188,-24.524129544290833,2.71604938271605,-12.981408684280932,2.8735632183908044,59
6189,10.462353801169591,13.965591825403783,10.36071786071786,1.2041353708020384,61
6190,3.426079734219269,5.508571564412387,-51.295119067487605,-19.995565999622794,85
6191,-3.1775571449484477,-13.546696173281612,-43.445526975198845,-1.6087214095876414,86
6192,7.116859637563575,7.800918867270228,19.62962962962963,6.359649122807019,61
6193,9.270833333333334,-0.7439052175894274,-16.08329564211917,0.1449275362318847,55
6194,6.840850892473911,11.474164972178876,21.44560103382163,13.333333333333334,54
6195,2.540849673202615,9.115853658536587,5.03003003003003,8.787878787878789,42
6196,-14.835974197458707,5.429782427756248,11.73611111111111,-21.274870538362883,81
6197,-4.6927495484371535,3.4722222222222223,10.0,29.186400395749992,42
6198,-13.915823857684323,15.387013946329366,11.81159420289855,-7.9073826500297075,55
6199,-4.074683235867444,-1.0317460317460316,28.295287463644463,23.730033856078393,56
6200,-25.917439427252557,11.587683150183153,6.268899561582488,-9.07557354925776,72
6201,11.572327044025158,-21.72697982418122,-13.389322356713661,8.11523317337271,56
6202,-5.300546448087431,19.078940427395064,10.0,-65.28686347300477,66
6203,-13.015873015873016,-8.982730264850886,0.21470359705653852,23.17429191638553,83
6204,-23.75,7.75157843413894,-2.9505986249407288,1.9841269841269842,52
6205,10.900133816800485,-1.952203980505867,-30.755115835361618,12.777777777777779,59
6206,7.172263510205058,15.064412238325282,-3.397561595395791,-14.774574303405572,90
6207,-1.1150983519404551,1.937984496124031,8.689839572192515,11.56735277670237,44
6208,-22.023809523809526,11.16883116883117,-4.883174247675926,9.995791245791246,49
6209,7.116724872005783,2.2522522522522523,-9.969126693819147,-17.267267710022946,83
6210,-6.700155678650302,10.85643683171393,-13.741351241351241,8.292651802441027,72
6211,0.0,11.750440917107586,15.202135774218155,-5.1388888888888875,43
6212,0.2287581699346415,16.638217164532954,3.6231884057971016,5.0,37
6213,19.901837928153718,2.777777777777778,10.661901326862964,-1.666666666666666,41
6214,-6.511066488819546,3.194054127337484,-27.67850938582646,-2.075431495750015,80
6215,0.9974747474747474,-17.614169279882475,2.192982456140351,12.777777777777779,48
6216,7.688172043010753,-6.576336675020885,11.896870654572826,-5.450087696620454,54
6217,-18.578963325496083,-61.67986580872244,-1.1670075704629448,5.8026046239391285,70
6218,-52.18335855234516,6.224826196363198,-3.230574229583906,4.819217742826844,92
6219,12.192982456140351,5.81950187027649,-25.284903435058233,-23.335571310320706,72
6220,-8.03499522249522,22.53649439901048,-2.9894179894179893,13.757176629517055,62
6221,11.94683462044233,11.469298245614036,7.192982456140351,10.602240896358545,51
6222,-23.23437806418283,30.42929292929293,-1.6666666666666665,-34.37134502923976,66
6223,17.05684293919588,15.069444444444445,-6.657660381490157,0.5810458242493164,59
6224,10.0,1.7908611981887859,1.8818818818818812,-6.081306259877689,50
6225,2.70576939862093,-0.27857581119743835,-39.11057071096445,-26.56218758419593,81
6226,2.485380116959065,-71.07679926387011,-15.495305537424697,-21.15199615199615,94
6227,25.689262555939738,23.47222222222222,-0.09803921568627416,13.375611316787788,41
6228,-3.7501055012575755,-56.8675731068534,-29.775246207107333,-15.678046105840075,98
6229,-1.1312962399918918,5.902777777777779,-48.11981682079721,10.0,54
6230,6.081438859775597,-2.8632478632478633,10.820399113082042,-33.59429686778978,69
6231,-14.369868273377044,9.669430272108844,-15.899398578458175,-35.56238808520755,64
6232,4.850235080788408,22.568798128570425,4.353559135290773,-4.73694345228018,63
6233,-1.9489007724301843,5.271317829457365,-12.322224211321954,21.54034011433437,57
6234,4.585268002606714,-30.498053102335376,15.1963952601134,3.5028723553313696,61
6235,-3.082107843137255,-30.46506654265275,-2.217825287513845,-1.244068403617154,79
6236,3.9682539682539684,11.421485213484146,14.385964912280702,5.021096913699257,62
6237,3.3965563626580577,4.47931697931698,-6.440858027983445,-11.68405289259482,67
6238,0.0,19.385964912280702,-22.031315678856664,-60.90464939729645,66
6239,14.13047902178337,13.623188405797102,24.02862946980594,-5.259081196581196,49
6240,-5.77991452991453,-13.551587301587302,30.320813009888642,13.968253968253968,51
6241,-15.998548235390341,16.344086021505376,-15.806180199693896,9.378869751210177,62
6242,25.699865254714478,1.937984496124031,26.440503940503937,18.221257716497302,56
6243,0.3716932609231338,-39.575048971771906,-54.023893231210316,-27.51164236812132,83
6244,-36.739263894436306,7.688172043010753,-2.248994966386271,-20.583202490273827,68
6245,1.3700918964076862,-1.9634051377472423,14.671717171717173,18.370236178207193,46
6246,-9.079348157173317,9.86111111111111,-26.88151074805842,9.967665171400316,75
6247,-22.983812553740318,-6.984642584397785,-6.5539594796617955,14.52305004936584,88
6248,0.22642298451609788,-9.895833333333332,9.62962962962963,-8.782427397639207,63
6249,-1.4805761099365748,-10.72172619047619,-43.80732527025679,26.415897561895278,68
6250,-8.199760470723202,-33.27094099864835,7.352941176470589,4.946337168707325,78
6251,19.62962962962963,-30.477793811127142,-2.7477477477477477,0.41666666666666785,50
6252,27.540849673202615,2.2790227201991913,7.604166666666667,-0.3029475397896455,47
6253,-41.25007699466116,12.658093540446483,7.314814814814815,5.106209150326796,53
6254,18.366402116402117,20.23562834224599,9.388101252525368,-6.315488470660885,53
6255,2.1367521367521363,-6.447368421052631,11.81159420289855,5.787674203656877,47
6256,24.0448343079922,-41.048037570858426,1.0817065534046666,6.925941562164472,58
6257,5.0,0.14311270125223574,0.0665456745311559,18.70631130142,44
6258,-71.48483504592042,16.805555555555557,42.14718687464851,12.055170034156548,78
6259,-5.290947081841134,-10.55393112410656,19.518417367964116,-18.969930890318757,82
6260,6.535947712418302,9.220509305582652,-16.655915989790977,-1.9908466819221964,54
6261,3.9065255731922406,5.251740761915949,4.4837999302285025,-11.625816993464053,54
6262,-7.549019607843137,-8.242748840129671,0.5447948002106471,13.459503459503459,65
6263,-27.596577960899186,-2.835985380362019,11.291139595974368,-2.4129111629111626,89
6264,-16.558725883257278,16.616134757996768,4.252799310938846,-18.167871029506248,65
6265,21.074800290486564,-5.969247063882385,-36.627356996296285,3.7454212454212463,78
6266,2.596618357487923,-41.01208757458757,-6.613658081049385,-1.3488114980652288,73
6267,10.601077946112737,21.578947368421055,12.44047619047619,0.619211411894339,52
6268,5.0,-32.43430010893246,-6.094194951111355,-29.596992001883308,71
6269,17.62003895577521,1.5959764872808342,-41.21212121212121,-1.910331384015594,62
6270,7.688172043010753,8.009153318077804,9.878193701723115,8.151340996168583,42
6271,13.098162319860432,1.9852454870837233,-20.677305789428797,4.857690202517789,75
6272,26.599378881987576,7.8579331210910155,7.525252525252526,15.46594982078853,46
6273,18.981481481481485,1.3997132253711204,-42.42165499287614,26.861611858548137,75
6274,-37.93772552013436,9.806895711500976,0.26511572980632914,3.337806131923779,94
6275,22.364185110663982,-66.40477567731666,7.770115328254864,-62.02764282205785,71
6276,-21.309514152912765,17.390032806699473,6.470831823089005,2.0402298850574714,75
6277,13.086873638344224,13.142295720361048,9.840067340067339,-16.00734178253558,66
6278,10.490856138272843,11.664774455828379,8.972272577455506,-0.42519011626562975,74
6279,26.370091896407686,7.262186495596104,-4.745484400656814,2.604679271345939,57
6280,25.540549553154598,-15.849520100390924,-0.9891537961713395,-6.704323941166045,60
6281,11.475468975468974,13.006880398184748,-23.931896110598682,8.975544741360501,56
6282,-16.33534909979021,-28.01097667910611,-20.52803217831753,14.995331465919701,84
6283,0.7156195811657997,11.77304964539007,-10.693654180496285,-14.536435786435785,57
6284,-33.6554100614313,-18.649404554576968,7.460487694440896,-10.899398578458174,91
6285,-0.32258064516129004,11.626435159043854,-7.835864968447484,-62.78954539824106,66
6286,11.568627450980394,5.439814814814815,-57.54137298279913,-11.600741213557587,77
6287,7.239480820726064,11.282534896515255,0.043859649122807265,-74.50704897273535,96
6288,-4.804484550177741,-1.6951668540651597,3.5284940186900986,26.346986877236457,65
6289,-2.9976851851851847,-35.586294796821115,-9.745034514284479,8.623188405797102,59
6290,15.298663324979117,13.592851529092867,-9.110678419138942,-7.22815581916459,69
6291,19.641564015875247,12.380952380952381,12.252252252252251,14.385964912280702,41
6292,-42.20199647628513,7.604231708092978,7.433219664677465,-24.23038636069424,81
6293,-6.305721871642269,-36.73788798657622,-14.043695489429387,-12.076856623864202,103
6294,-12.496807151979565,12.314814814814817,-3.1754339766472013,-3.761140819964348,54
6295,-1.4028903713345322,10.681818181818183,3.5818713450292403,-8.01470588235294,62
6296,-71.68862345258651,-7.817024703923041,-31.526159392682644,8.080138962491903,114
6297,-2.148962148962148,24.870129870129873,4.166666666666667,-13.434343434343432,44
6298,0.9171036425479984,-28.62366806767306,5.3201044232205135,-88.71012449719157,122
6299,-2.3558073964578026,6.432826106739151,2.380952380952381,-8.20662768031189,47
6300,-23.761140819964346,-14.853925308883822,-30.058959849368065,-9.7708877929591,100
6301,-19.643971218804133,18.432400932400935,-7.502605877891919,-13.484848484848484,68
6302,-2.39765298467474,-14.325971934667587,0.5263157894736845,8.396464646464647,51
6303,12.729982137309722,15.0,2.857142857142857,16.184865066534016,44
6304,15.139152435167615,-17.394179894179892,5.288461538461538,19.208754208754208,44
6305,9.292949075557772,10.911528357178405,-2.3618197278911555,1.6176470588235299,51
6306,-8.951500130165627,6.003565721057981,10.92931355660433,-80.84601063590875,84
6307,-3.5619548822873632,-16.665452602952602,-32.83884779129278,-6.992238062134084,107
6308,-10.21086839230768,22.842712842712842,16.96270144497644,-62.36044657097288,63
6309,-7.6679629634929265,-12.246465837797107,-21.214131363385093,-1.9242716225372423,76
6310,10.772005772005773,21.197735056250234,10.0,-0.6101614434947749,52
6311,-22.768993445597353,-10.360526490663476,1.8939393939393945,-30.692744276488114,75
6312,-6.38809862494073,-15.884146341463413,13.333333333333332,-5.171957671957672,48
6313,9.029624906070342,-60.051725986277866,-9.541785375118707,-11.617464188635,98
6314,7.604166666666667,-7.747747747747748,4.9541732401772975,9.302436693741042,49
6315,8.733200597312097,-45.46784568523698,11.488095238095237,11.445170660856936,57
6316,-24.597247876521575,-29.839543140370907,-17.166197623514698,-112.54040666242474,116
6317,-14.026818793843882,-81.03388013039617,-17.309895684358327,11.11111111111111,82
6318,7.076482889176388,9.922833662753018,-48.54595266202235,-17.148359734172093,107
6319,-45.408180789632446,-14.814814814814813,-2.395833333333333,14.416533758639025,58
6320,0.2094783205405264,1.523569023569024,-9.716183574879228,-29.427349059626394,71
6321,-19.533915353435393,0.4700854700854702,-36.57834775701325,-8.066923098494126,69
6322,10.0,8.086419753086421,6.003611971104232,3.7945909619296714,46
6323,-17.541837140094636,-25.087741322148112,-6.344868581710687,-10.030185493877177,107
6324,-4.281868353748822,3.205128205128205,7.595785440613028,-3.233082706766917,45
6325,21.930272355308222,-27.796272355095887,9.493293418732017,-12.628076402185588,60
6326,-11.619830601791863,-52.581951555926004,7.785463328941592,19.753395504524914,85
6327,-26.5993791852905,-17.252772709041537,-26.29676956236176,7.625359074634438,108
6328,-2.962097427089935,-0.8333333333333321,10.15873015873016,15.0,54
6329,-2.37169792296834,22.036713210720784,9.720406681190996,16.41711229946524,68
6330,-35.38877868322117,-1.5177683344081192,-20.402686814108115,-9.825829497506714,100
6331,-18.590801944225284,-18.55877616747182,10.982905982905983,-15.06344962227315,62
6332,-16.35885885885886,-12.755465020283244,12.04939668174962,-31.183252207270122,69
6333,5.0,10.139152435167617,17.359973369762592,22.136752136752136,39
6334,13.334547397047398,6.666666666666668,5.0925925925925934,-34.514525507172564,50
6335,3.9529325243610955,-15.227377730707538,-10.856102003642986,-10.614035087719298,63
6336,-30.435020750169052,5.029885532168111,3.6689370063257716,-14.48918771287192,96
6337,-3.0596687599771073,1.8115942028985508,1.2626012464606449,16.809779367918903,50
6338,14.577228327228326,3.9568338581496474,8.15926395194688,5.523493496964967,67
6339,-6.393097643097643,7.378444533049798,-0.09803921568627416,1.3605381252725048,64
6340,26.666666666666668,2.0232120885349714,18.6231884057971,-34.595655475015946,50
6341,-2.6620240807266455,-14.326277601471398,-11.311063722260869,-6.4059714795008915,95
6342,-21.69347978549505,10.066545674531156,12.367936847103515,2.26890756302521,52
6343,-45.49896667224033,5.61977779608123,5.210997442455244,10.223665223665224,71
6344,2.9896374504217653,9.830850241529774,25.833481008919605,1.265620279265054,57
6345,0.26277742911837354,-99.68221860187789,12.317801672640382,11.16123642439432,103
6346,-32.80162738496072,7.116750208855472,15.18837803320562,5.104021809606788,67
6347,-29.47850448657595,26.46865992773921,-10.934770543996306,6.937984496124031,96
6348,14.461562402738874,10.585585585585587,15.644721666227046,10.040484583167512,48
6349,0.0,12.420280260399428,-18.09454430486517,-0.3294330468243496,58
6350,11.41891891891892,0.7303807303807295,-2.7170868347338932,-8.434343434343432,41
6351,4.535072297840012,9.626156539134783,16.488095238095237,-2.897796647796648,56
6352,18.948698876131793,0.33824640967498176,8.086419753086421,16.2556557534535,67
6353,2.3148148148148167,3.7878787878787885,-42.43007952955347,4.669781337401475,50
6354,-6.575821104122991,0.0,-18.609560550140937,-19.61877874763537,64
6355,2.625311196739769,25.910439385917627,16.087428223651134,16.753812636165577,60
6356,8.756852634288915,-10.4918079336684,6.753812636165578,6.773049645390071,50
6357,8.45964380447139,-26.52777777777778,7.903732446415374,17.074136955291454,42
6358,-7.126436781609195,23.441711964233953,15.0,12.3015873015873,58
6359,-9.058305984148854,-4.850427350427351,22.22582972582973,-21.48309348570184,76
6360,-91.43646651651045,-2.685185185185185,-6.065517567503664,-15.588235294117647,76
6361,12.033049796207692,3.086419753086421,-1.3768115942028984,18.870214752567694,40
6362,-28.46566657155467,4.336846728151076,9.914529914529915,-13.290608926497427,62
6363,-23.19118789707025,7.638782947707433,12.800177858317394,-1.0116366366366365,59
6364,-10.739216514410312,19.187091503267972,5.283816425120772,-7.243867243867243,48
6365,-42.2027972027972,1.5700868332447282,-29.2637056180396,1.0679017216537936,82
6366,0.9397163120567384,-23.83780332056194,0.05050505050505194,-15.846400759769727,66
6367,4.769103386298548,-5.8779560064680965,6.346966323186132,-4.543650793650794,65
6368,-2.1373503710460224,7.976190476190476,8.934576023391813,18.28918045205504,58
6369,-32.49164051582133,1.018518518518519,-13.451678197964807,2.154882154882155,73
6370,5.191853064193489,-6.603950009122422,13.23311630237164,-52.12367227383913,80
6371,9.877132671250319,7.719298245614036,2.9761904761904763,7.038712921065862,51
6372,4.672299027137736,12.94660505186821,-20.833333333333332,22.067793317793317,57
6373,-7.9355884115157,3.9009139009139027,-2.4901729559748427,-18.853261295121758,62
6374,10.462458225616123,-4.487584507487206,5.0,-8.250397646559646,70
6375,-4.369320619320618,-17.819166748936052,-4.303790181449756,-17.301623937155725,93
6376,-11.323953823953822,17.32358870967742,-18.649172173328363,-32.726444596751236,64
6377,-36.47426647426647,1.3435374149659867,4.085542206966693,1.5723270440251573,56
6378,9.760635023240065,-2.311827956989247,-0.9313725490196063,-19.48005698005698,49
6379,-26.888466830327292,37.146905973632315,7.314814814814815,13.181361122537593,51
6380,-11.138119036801454,-17.01657440847566,12.987423513739305,-35.28850869011586,73
6381,15.015432098765432,-35.91479700854701,-9.4678254713466,-5.45078577336642,71
6382,-8.293650793650793,4.499766245909303,-39.47235034364623,-41.52140175497697,86
6383,16.64418689361665,27.64527988614801,-57.04172485053511,-6.1247133167423,89
6384,11.828481502394549,12.647052363421043,4.166666666666667,7.525252525252526,52
6385,-0.5398274901358375,13.742128484086775,-18.70833375888988,-0.35603715170278605,58
6386,0.0,-7.7507884193482655,3.462606979748113,5.407203587235034,72
6387,-9.615081178148328,12.083333333333334,14.319223536290643,-6.428774469746736,71
6388,-7.70674618722157,8.022875816993464,-17.04525071591635,-7.796459825291092,68
6389,-29.93087557603687,-12.817778483329917,11.851851851851851,6.287423465542997,66
6390,-4.17635323942039,-58.90146785970827,1.3463367618741664,-8.326488326488326,74
6391,4.451566951566951,22.379629204073087,13.134920634920636,17.165224400503817,48
6392,-21.345029239766085,-4.830246913580245,4.692133263561836,-0.24946152703505575,64
6393,15.606325863678805,-31.731022896013876,0.25717533390167624,8.40909090909091,62
6394,10.079706198099208,-37.44588744588745,5.0,12.193312593171628,55
6395,6.713554987212277,12.192982456140351,-50.75473088352296,11.469298245614036,57
6396,9.365079365079366,10.719441529863525,-23.686868686868685,7.9761904761904745,53
6397,-7.126436781609195,-14.15049014777917,0.3074394741061415,-19.645447131931643,63
6398,-13.731918997107039,-1.8656544743501264,-9.252208728068,-87.800970038365,74
6399,-20.3711709486166,20.55783429040197,-32.793511760640925,5.260925301760148,69
6400,-5.619658119658119,-12.519883574116236,-15.14515769724103,-2.685185185185185,87
6401,10.073496335106242,7.314814814814815,-19.024790325925473,-24.278604014959242,54
6402,12.87675819805563,-11.690433749257279,30.69060497161413,15.938003220611916,47
6403,-6.456825638056641,9.726652489810387,12.605820105820106,4.608849404864586,55
6404,6.572327044025157,17.60179669954106,-5.780856614189944,-23.71386365572412,55
6405,11.969839617964087,-9.73478302611367,5.534192697582586,-6.527777777777778,74
6406,4.385964912280702,-0.8371913580246897,4.225502781343604,5.0925925925925934,43
6407,6.346266125239781,10.958385547201338,-16.265565710010154,-22.94230324186058,88
6408,-13.618346569770504,-4.708994708994709,-37.621734802029465,-18.194444444444446,103
6409,-8.523949169110459,-8.397435897435898,8.086419753086421,-43.387039026136776,57
6410,-5.930734710648849,-14.075369075369075,0.5278842060451265,-2.395833333333333,57
6411,29.975996095240347,-10.021428837150156,3.3636802386802374,-17.568736526810177,86
6412,-2.757915011436138,-3.299220272904483,-16.416640968052256,-14.589611097125896,85
6413,-0.31181143145837376,-4.9063475378355985,12.590132827324478,-67.22629884273348,99
6414,16.078691423519007,-3.4702318390939837,13.30916161403195,13.374183006535947,62
6415,-89.53093496522037,-18.509440813362378,-4.675545863159984,3.0002927829014787,108
6416,4.169272461955389,-7.474747474747475,-6.794871794871796,18.76027354288224,44
6417,-2.786706737544786,13.472222222222221,5.0,14.108094837261508,43
6418,-12.747747747747749,11.85483870967742,25.468580309328537,10.255849466223271,56
6419,5.8604349831759475,-69.24144093360061,-34.92360946153316,22.553080815245664,106
6420,-8.437541848055721,-3.538011695906433,-5.014023334744697,-7.940693589075792,76
6421,7.237876065417391,14.901960784313726,12.70798708468733,-4.435024851691517,63
6422,-1.2230362230362224,-3.9725106553487244,3.4722222222222214,7.845293209876544,75
6423,-8.244114370172836,-6.376234088366024,-34.41173388568257,-37.83101301496191,119
6424,4.668109668109669,5.759940542549238,9.531590413943356,-9.285714285714285,42
6425,2.133781395705932,11.065845704003598,7.314814814814815,39.11571948601151,73
6426,-2.903081676703984,-19.485175677036143,-5.776743412564347,9.531590413943356,74
6427,-8.553855869766977,-9.064654481321147,-5.0396825396825395,-69.91977627847193,95
6428,-40.466125090504725,-28.279401965683824,1.0620300751879705,18.56975245399651,73
6429,-28.106060606060606,-10.972222222222221,-13.920244327239091,6.666330043078203,62
6430,12.097786278266238,18.142755936873584,4.459441671004411,-0.8958958958958956,68
6431,-36.81742595317036,-22.904589371980677,11.207729468599034,3.842245683552145,74
6432,-62.167890011232814,9.232804232804234,3.5343035343035325,-19.15498780690152,75
6433,12.45949074074074,-5.8544064805982154,-42.08529083626211,-4.716538599530954,87
6434,1.2205062205062207,2.8812717337307507,-16.44216972606803,5.782081129901194,64
6435,-2.671819705718011,-4.594762728966211,1.1973535759885212,-93.81820759540656,112
6436,7.538244159809956,-1.7115644604424676,12.282913165266107,-1.9739382239382235,65
6437,17.767804172266416,3.6231884057971016,7.604166666666667,10.175150519978107,46
6438,0.983697545322197,-18.581514762516044,-14.900646745943261,21.19047619047619,70
6439,18.525149190110827,-17.126436781609193,-91.50755873563176,1.2042822185991797,80
6440,-3.0048099475344046,-17.68810645246545,-4.683391495736151,9.506774090107424,85
6441,25.77485380116959,-13.894993894993895,-30.875046347793845,-39.79166666666667,60
6442,6.613756613756614,-4.144383761744798,-5.485347985347985,-3.1060606060606055,59
6443,-1.2262021637021634,10.16675123817981,-8.477282950967162,1.2500000000000004,55
6444,-7.5380696976167325,-22.779277252961464,-5.540175557300693,16.12445787690886,81
6445,-22.26415853697801,21.178145594678917,17.841309466023425,-17.258035010694584,73
6446,5.585585585585586,-17.454042706702282,24.079409744371382,12.032520325203253,50
6447,-28.505465739094003,-21.638988025007666,-27.223650023389638,10.0,84
6448,18.604379838239236,-20.442358567358568,7.314931910431541,8.705533596837945,57
6449,2.9894179894179898,-97.25740309073643,2.688172043010753,4.840192057684318,64
6450,14.194515358111943,1.2799043062200963,10.830274881286394,5.0,62
6451,12.873563218390805,15.169753086419755,6.984126984126984,-5.792220113851991,43
6452,11.302083333333334,-29.803050812712392,-17.296381375198656,6.683248925312945,66
6453,-45.09955838347321,6.158621408412813,9.190207156308851,14.993886563894849,71
6454,-7.010478431201577,-1.5157395269835525,-27.367918414114065,-16.361470817835333,89
6455,-53.68277316553179,-13.78398984447522,3.7846632710809267,-0.9980195635885307,78
6456,2.822323823135029,15.952380952380953,24.697712418300654,-8.615859449192781,68
6457,-16.93679943679944,11.104651162790699,-57.34046363029964,8.084410094197926,90
6458,15.0,5.0,9.166666666666668,-18.290391841116477,39
6459,9.542151162790699,12.216775599128539,-11.348739279970282,4.586331379966866,61
6460,3.5453216374269,-11.296394480399556,0.4986679986679987,7.756132756132757,57
6461,-12.565743643329851,-9.356735602042235,-6.253106344806508,-12.132840715052057,64
6462,9.557772850455777,-19.836330793692273,11.184371184371184,12.604275252932544,66
6463,-44.39946592672156,20.272651744500568,11.896215100549467,18.983487828596527,60
6464,-0.23249738766980133,1.5632967487187437,10.471513998638098,18.05417893653188,60
6465,28.004624293450277,0.6561085972850673,5.6818181818181825,9.528046649190026,46
6466,0.0,-0.6186893488890015,-83.6635429695663,-5.680028685165672,84
6467,-4.367201426024955,-30.615193264446994,13.419393032721615,-13.784057436238765,69
6468,-17.508730892620342,-7.925863044708546,8.333333333333334,-8.312259187545228,58
6469,-34.03210700709364,1.4124293785310735,-11.754245231881413,-33.56390944326991,70
6470,-36.59522522386119,-22.738291390491703,10.9375,-5.171957671957671,78
6471,3.0927802054302376,-21.353790271863378,3.2051282051282044,-7.395833333333333,73
6472,4.299891141996405,-51.45649428920923,-30.372185911401594,15.716591102799278,86
6473,-2.4999999999999996,-6.913580246913579,1.4777550335958556,2.0806100217864927,43
6474,17.35227136521635,-16.38653550418256,-25.09383261224161,-51.15402951944317,103
6475,19.06788786092033,-10.530303030303031,16.95091945091945,4.385964912280702,45
6476,-60.88942234444774,-32.15376378247096,-34.18552797693086,-61.49212872542947,117
6477,4.024422973698337,7.604166666666667,12.407407407407408,2.450980392156863,37
6478,9.766757038262414,16.80938457254247,-8.911325599136676,4.228509073611356,70
6479,5.0,2.8735632183908044,-30.73781194734484,4.523842411289818,55
6480,11.911217437533228,-5.962621607782898,9.03069153069153,12.846070739917936,48
6481,-1.4133089133089134,-12.699450349958045,-10.212215320910973,-7.246688148943787,60
6482,-10.545517284647719,1.851851851851852,-19.719984182495686,-24.599235827939047,74
6483,5.2919546340598975,-13.82335165867113,-21.28380640755327,26.490209061774976,85
6484,28.27762292683788,11.419234360410833,-20.399053945249594,5.7065217391304355,51
6485,17.503192848020433,1.2796517208281948,15.0,-1.2121212121212115,46
6486,-17.267063556138993,-36.76796005758626,-25.865179708799122,23.636363636363637,75
6487,19.538647776183645,10.103276353276353,7.954545454545457,10.0,41
6488,-15.128205128205128,20.0,4.388951770106269,27.54271556546557,55
6489,-22.450343225537026,6.5819868451447405,15.0,18.647372742200325,49
6490,-79.80925071150637,29.42231048010202,2.083333333333334,10.0,57
6491,-21.97695035460993,5.884866767219709,27.19514267006874,1.8939393939393945,63
6492,-4.352867758040171,-8.907326864643936,-18.43198370876541,-33.91529743571119,97
6493,4.298302170642597,13.691797132289608,1.5059060331585357,17.76107169269985,60
6494,-0.16070659905910967,8.308438155136269,0.6022408963585435,7.2603825949053435,60
6495,4.304927099044747,9.497374646824198,-18.59753550543024,-1.1307881364254033,76
6496,12.380952380952381,10.0,2.472384665367122,-5.824877407538697,40
6497,-45.933372470639554,24.817098070887365,3.49077971711508,0.9523809523809526,73
6498,11.387355621101753,-4.3292165350988885,10.0,-32.69900426120445,68
6499,-1.18771696291076,12.25523911007782,13.454592363261096,5.47008547008547,45
6500,-0.5002337540906963,31.059679168538565,-3.640350877192982,7.988380537400147,48
6501,19.33641975308642,-7.0087540370559225,3.7371492949117147,-17.863247863247864,59
6502,22.979857008608764,-10.92214507846333,9.78252741774676,18.625021979801392,65
6503,-17.434537840499303,5.0,-34.15024630541872,-0.6110351117191044,54
6504,5.276030747728861,-10.634136739272822,16.19047619047619,-72.59027471458096,70
6505,-5.107271426774822,13.311511183851609,1.01851851851852,1.865536920568368,55
6506,-0.2342047930283222,5.079426746093414,35.166388192703984,17.093648688476275,42
6507,13.481926893367405,-14.62309704531237,0.46199294261369417,-4.388327721661054,78
6508,-5.667137725961255,-2.311827956989247,-8.26388888888889,-12.378922070951056,50
6509,5.892538833715306,8.086419753086421,12.03252032520325,19.08854457236648,50
6510,-41.98275943373982,14.455409356725147,-5.526758997314026,-2.5715297774121306,77
6511,0.035617784328175084,-0.6325156325156309,-0.3880070546737202,-27.284739790976424,67
6512,14.279928495614769,4.696548465109572,16.26207729468599,6.249176966344978,70
6513,1.8226120857699808,23.26424179685049,-9.991289198606271,7.624320124320125,46
6514,18.96825396825397,17.350176705015414,11.291547958214625,15.0,39
6515,-1.7357187696170744,13.684511529339115,-6.031746031746032,10.721589926212829,65
6516,-14.968912744659997,-0.4480556311528383,-15.392110850935714,-27.350115424772742,102
6517,12.981689703667808,24.864621130784926,-9.735694441576792,13.623188405797102,70
6518,22.03252032520325,-22.863247863247864,7.713424568263281,12.440630285457871,41
6519,-21.996277128207396,5.0,-1.8620925072537968,-22.655740464752924,90
6520,-8.736393008933993,-23.5240986944151,21.963063817902526,16.35770280633585,83
6521,31.952930850332585,3.142840370097551,21.412429378531073,-106.13880120040425,100
6522,2.450980392156863,-26.556622748483218,-2.7477477477477477,14.304846938775512,51
6523,29.10191819674578,2.2522522522522523,-7.395833333333333,10.271317829457365,44
6524,15.560329394915861,6.20404411764706,-21.644529361247628,2.055947471493049,65
6525,-3.761140819964348,-7.685185185185185,-2.2244759972954697,-19.66390824622532,49
6526,-14.297739297739295,10.00834376303713,2.873563218390805,14.993280302204788,48
6527,-5.8725364343426705,-24.676076531964622,7.450980392156863,18.35585714553628,66
6528,12.450980392156863,-11.065517567503662,-0.3361344537815114,-15.949074074074073,53
6529,-37.422360248447205,0.39811066126855543,0.8203302631686462,23.365384615384613,65
6530,-14.805407011289363,20.468091197257866,18.483136449238145,-8.23638075920023,59
6531,2.74951108976553,24.08963452199754,-4.585131061103599,-11.000136316265307,73
6532,8.121692770649128,-9.302788097114341,5.120214752567694,25.597916893683482,54
6533,-2.0334620334620332,-20.050563722474347,5.323868677905946,-25.651504743848378,100
6534,-23.563949711490697,-28.305084396453434,14.420795219377734,-9.954274445633438,77
6535,6.940997556899511,4.901960784313726,-3.9325775874688915,4.951159951159951,55
6536,7.383711984534446,-7.685185185185185,-5.73950091296409,-13.898289169209892,71
6537,4.816697148325453,-2.5387042527001955,-11.844969969969968,9.588293650793652,55
6538,0.6099473790730636,-26.83707582291323,13.487414563981062,8.038374203397556,79
6539,23.496401259559153,2.970923412099882,14.62962962962963,4.169823232323234,39
6540,8.472222222222221,11.10568046051917,22.136752136752136,-0.36596119929453197,39
6541,8.086419753086421,-7.470342223324931,14.036037062352854,21.055518981786264,50
6542,-50.65800698708405,18.95702271250517,23.515733778891672,2.5396825396825395,63
6543,0.4770242566502443,0.651676829268294,-53.44141486078929,-0.49269679575282255,105
6544,5.0,7.196409701525887,-27.50766280056691,-39.629122074436246,72
6545,6.215092097445041,7.074136955291455,3.4722222222222214,17.136752136752136,39
6546,-14.203731467599532,20.27508827250682,-14.849974115877846,1.4189470034023293,83
6547,-4.011225294071661,22.97063552566697,4.463237021376556,9.594017094017094,60
6548,-15.130636151495615,29.637097882428343,10.0,-24.911995898838004,80
6549,2.8475587556282664,-14.127201567476753,-24.442639515103277,-5.26462542087542,77
6550,-12.136620780007444,6.345506345506346,-4.514528772542988,-7.3806042884990255,80
6551,-0.8791208791208796,23.36751991328897,7.006099094125796,16.68277745387232,64
6552,-2.4275024019269544,-36.167045032854375,7.157320044767449,7.525252525252525,72
6553,2.755754583019764,-17.23517934703586,-6.060025542784163,-8.093805222180265,88
6554,-36.51171410336962,-1.6666666666666665,5.035617784328174,-8.361782835467046,59
6555,0.39356597968625984,-54.40220781050275,-69.77026515093753,-38.192894977514776,102
6556,-24.784289784289786,13.472222222222221,-4.624802609193733,6.984126984126984,59
6557,26.131463417582292,10.826683857993155,-9.063061121884651,-8.5120703180716,69
6558,-20.823723109607513,1.628481877366495,-3.248822670590547,-1.6883795560266144,100
6559,-6.866885640187416,-12.048196660749255,-54.22343314510746,-19.31677890011223,114
6560,14.88369328836113,19.457671957671963,7.26728863588446,-17.8489833948295,68
6561,15.267938758838751,-14.157669815564553,-19.71153846153846,14.544817927170868,76
6562,-11.214865217524792,10.338840996168583,11.476733143399809,-26.841011196831275,70
6563,10.031379976232918,12.78985507246377,12.873563218390805,12.38095238095238,35
6564,5.2690713558719295,13.75101100978294,-12.734112412814982,-7.941689650433492,58
6565,28.341423387189977,9.384920634920636,-10.140530601523508,-26.29331146794382,65
6566,6.021505376344087,13.968253968253968,-18.851559068950372,17.44063028545787,45
6567,10.0,7.380952380952381,3.9682539682539684,-11.376811594202898,36
6568,-6.21063748079877,-10.590828924162256,-16.778002748097673,-6.995662616887811,71
6569,-5.171957671957672,-2.1375890531337287,5.0357670784500055,17.73991965571038,56
6570,12.136752136752136,-4.318181818181817,9.385964912280702,17.893163130354782,44
6571,-3.7328616271115918,4.38871473354232,-15.094191522762952,-18.651506796668087,60
6572,6.8939393939393945,9.283978868265674,10.0,-8.81428740529618,54
6573,7.858187134502924,-27.34547752457985,13.0483778749147,-48.79209117611362,102
6574,9.166666666666668,23.6231884057971,5.115385352577004,0.0,34
6575,-0.45784883720930214,10.638570707569425,-0.3495842781557066,28.716090238895013,53
6576,-26.71544504877838,-6.663388612916999,11.515151515151516,-63.16172610399077,85
6577,6.944444444444443,26.64191958834816,20.019735328659813,-6.3003837422442075,49
6578,4.385964912280702,-0.18732492997198946,-16.331546367372983,-3.241450491774688,74
6579,16.702228007259453,5.43780104950495,-39.16404968488302,6.262626262626263,67
6580,9.629629629629632,7.962962962962964,5.636757274204681,-18.796503181088102,56
6581,-11.351173828290534,0.571121508054359,23.84465421529375,-16.250412726282285,78
6582,-23.67825954109159,-41.809744527135834,17.99330843448491,16.366120218579233,61
6583,0.16639828234031206,-7.818557413254604,-17.61574074074074,-0.42829775588396246,59
6584,11.105006105006105,0.4166666666666661,-16.99701758969,2.0325203252032527,46
6585,2.604166666666667,11.481481481481483,-5.375595030767444,7.530255600615481,58
6586,-32.44665840431969,9.314997743117276,-59.633228808685914,-6.70053015240177,129
6587,-29.993348263846553,6.5586419753086425,22.767350118096388,1.8418171866447715,67
6588,22.95563925507428,-23.232264941008786,13.69796509548673,8.987240829346094,59
6589,1.851851851851852,0.7043650793650791,-11.384913337475872,-33.462932923455114,81
6590,-22.8350271934869,14.87012987012987,-12.132260101010099,-23.775120570299325,67
6591,13.819563784559747,12.344406039160775,-11.131821176555391,-80.19516464871242,105
6592,21.675010429703796,-12.222222222222221,10.631670269461894,-10.356037151702786,47
6593,-30.242250709784997,5.15873015873016,8.472222222222221,4.718234981392875,61
6594,-34.35244159832345,9.405291647403297,-25.38037204590652,-69.81434527834124,111
6595,-26.666666666666668,9.85641891891892,2.8735632183908044,13.086419753086421,41
6596,2.9761904761904763,2.87972435350952,4.175122592461303,0.6608100249215259,55
6597,16.73611111111111,26.92880401761981,12.503575003575003,-1.913580246913579,48
6598,-1.573604537600481,7.604166666666667,-8.747394204711277,-0.7335379698931956,48
6599,6.256961849067111,-1.186136288312504,11.021150375573118,-7.909885713588284,83
6600,-3.654557367372009,-13.523947160042994,1.535947712418301,-3.925886268109053,81
6601,10.0,-2.1264367816091956,12.601803857286313,13.623188405797102,35
6602,-10.839379595616231,-26.73531596028978,-0.7611832611832612,3.560606060606061,67
6603,-18.551036155202816,2.205194781921124,-30.212470567328623,-7.258107389686336,63
6604,-40.15524638299944,-11.33765189099687,20.763190209524716,-2.753962449055159,80
6605,13.968253968253968,-0.37384346086521614,-13.236199438645091,-5.612847274397756,64
6606,15.401234567901236,9.361658456486042,-18.474895051380123,-1.8704950360397112,56
6607,3.915555894722564,14.901960784313726,17.873563218390803,5.871212121212122,41
6608,18.6231884057971,11.206896551724139,20.80271582020495,-11.577192222353514,45
6609,10.223171889838557,-8.999225706542779,-1.6666666666666665,11.031864712848197,50
6610,23.92691798941799,-15.275711817293972,-12.900478516741499,2.314814814814815,63
6611,11.04013104013104,7.450980392156863,5.982905982905983,1.3503734827264244,42
6612,-13.338557993730408,-36.394253791794775,-5.432098765432098,8.36734693877551,62
6613,-8.701433436033788,-55.66369761176742,-3.438408189697798,-65.83771896498018,103
6614,6.30952380952381,13.234126984126984,31.073107100788697,13.252818035426731,53
6615,-37.00367899404223,0.5275174236962279,-0.039254534686427034,3.576721753612679,76
6616,13.597883597883598,-4.807666511649398,11.984126984126984,8.472222222222221,63
6617,21.326530253428288,12.760643050323578,-1.5277777777777786,10.96682436849775,63
6618,4.588293650793652,-14.255486706467096,-2.685185185185185,26.431866070510843,48
6619,-0.8823529411764701,6.572327044025157,-3.3322233322233323,-21.085597792914868,60
6620,16.99013157894737,5.787037037037037,-1.9768641320365465,2.1367521367521367,40
6621,11.476050830889541,-9.047032068187898,25.194337853422006,7.745930540048187,59
6622,-8.22695035460993,3.721718207608383,-11.787065703474372,3.320138240481378,62
6623,13.584643848288621,10.714933232422363,-16.963146050271465,15.648656898656899,70
6624,17.342693897312305,7.2522522522522515,-7.216435185185185,-42.655628296924995,75
6625,5.0,9.009622367465505,6.841817186644773,-0.37037037037037024,36
6626,5.74548303255151,-51.25104756774428,7.614379084967322,-11.595259898831328,81
6627,-3.4276729559748427,12.525252525252526,1.554903078859436,-22.980967403471773,63
6628,-8.148148148148149,-39.44444444444444,-1.9886902129272757,-6.626602564102563,57
6629,-8.002048589070345,12.008328235508763,9.662004662004662,7.032520325203253,46
6630,24.3303751552052,8.357737582543784,-23.177387914230017,8.36734693877551,54
6631,15.08461437871733,-10.813851086593905,13.333333333333334,-8.299220272904483,53
6632,16.568627450980394,2.259528130671507,-9.126970738812844,8.527336860670195,56
6633,10.0,-20.372003850705674,16.19918699186992,-20.237376174876175,65
6634,7.5,10.0,13.417508417508419,15.0,31
6635,6.773049645390071,-29.834024295360678,6.268237934904603,9.725415070242658,69
6636,9.87012987012987,1.9841269841269842,-19.9559796928218,-8.088782562466772,48
6637,-14.47097617829325,-1.051653660349313,-47.76275026176785,7.700970200970202,69
6638,14.775641025641026,10.775989431674823,21.375077460451266,5.297447797447798,60
6639,-87.91939651312333,9.050925925925926,12.825261158594493,-11.481481481481481,78
6640,27.3015873015873,-9.72059779077323,3.45959595959596,3.638599112049514,56
6641,7.679738562091504,10.0,32.136752136752136,1.9596783047870021,39
6642,-1.7847389201555868,21.71761796761797,2.1391175567376957,25.40871246887507,74
6643,26.126126126126128,-41.49712764466863,-20.728812989842403,7.2116657754691555,74
6644,-13.57312572397663,3.6054118346714255,-13.892222494700857,-8.96870859636817,67
6645,-27.940330026727082,-5.369796332266065,-12.982197487588408,14.840067340067343,98
6646,-38.265501835397856,-29.437187198930413,22.201592103277495,9.993267667041868,89
6647,-17.360311921715432,-3.36232507632102,1.481481481481481,9.166666666666668,58
6648,-8.925831202046036,6.850835945663533,23.58464384828862,-16.666666666666664,47
6649,20.28999847523944,-1.787918871252204,-74.69712668361433,-33.37665429167502,84
6650,-10.92349561099561,3.9835164835164836,-18.80649125747165,6.240910157166316,53
6651,8.787878787878789,20.69198467917633,6.080184435447594,-13.401889016943546,60
6652,7.214752763205263,-17.862353695687027,12.314814814814815,5.0,57
6653,-17.729256650573706,7.53734711170056,7.126165324894909,-74.72564310706662,91
6654,8.911044972915471,19.714484548113685,0.0,-12.00190917254951,71
6655,-5.0,-7.542231937393227,21.523569023569024,13.205128205128204,44
6656,-28.253712571152064,6.420665726560225,-10.191121925306165,-7.311827956989247,74
6657,13.183313975996905,-0.38982259570494904,5.600142351159247,18.78787878787879,55
6658,13.04531490015361,12.78985507246377,7.525252525252525,13.333333333333334,35
6659,-24.130927414963125,-17.015098722415793,23.6231884057971,-4.641056083397011,81
6660,43.6194932518462,-9.203686354503544,0.22112728712466456,-0.6022197981057245,101
6661,24.016647309330235,12.724292615596964,9.643962848297214,-20.910861773414368,49
6662,19.28932178932179,-7.975146198830409,15.78775371823368,-2.807017543859649,47
6663,-4.983579638752051,-14.318181818181817,5.928300094966762,21.633986928104576,51
6664,11.412429378531073,33.575511600693446,13.03338780188501,6.7448064293617485,73
6665,26.257688384130347,-23.582703454800566,-50.172540423431464,-1.7137896825396823,80
6666,-0.9693084693084693,-6.124155424208016,13.968253968253968,6.944444444444445,48
6667,-10.02403846153846,-14.43907156673114,10.0,-99.34908865640868,82
6668,-11.659181137833247,-12.077893499769875,1.1962063277852728,4.934375717216976,76
6669,5.806252040111438,-21.17283277625112,-30.87570258091289,9.901960784313726,65
6670,-2.6917989417989414,-15.37171705902356,15.104669887278583,-50.870378715741516,88
6671,8.04111918242353,-2.572786690433749,-3.2049497361715327,-9.928682648804276,66
6672,-2.395833333333333,-3.7173742019892053,-47.43669131820644,3.9772727272727284,73
6673,-32.164237475165095,12.804487179487179,-63.686728431225426,-47.97727704497025,97
6674,10.0,4.601424368258734,-32.33087642869835,-20.01063214079801,71
6675,4.62962962962963,11.944444444444446,9.443987385163856,25.0,37
6676,8.509160756501181,-28.850735496845555,11.020923520923521,10.591214341214343,65
6677,20.0,5.0,-5.576718270877448,7.716049382716051,45
6678,-20.025929489281992,-20.78683662016995,16.68318853963269,1.2583001527866156,85
6679,-8.37053143569101,5.254515599343186,-27.980927931908322,-0.46047040543896145,62
6680,-1.9535836933643518,-7.673387415972517,-14.105086555326775,7.873519778281684,64
6681,-12.301619558058029,2.1428571428571432,26.201956673654788,7.465689732524098,53
6682,14.798802561960457,-1.689701581186398,-40.08388033112677,10.961974533403104,84
6683,-6.527777777777779,9.166666666666668,8.787878787878789,0.0,36
6684,9.166666666666668,16.238859180035654,14.977307631769875,-12.28395061728395,46
6685,9.385964912280702,11.126743626743629,-2.506241015902593,7.409673659673661,46
6686,11.469298245614036,-45.700876484345045,-6.598760716407774,11.022501630487113,61
6687,4.180811113950648,9.191919191919192,16.474287828338884,-2.913679808841098,53
6688,-3.1060606060606055,-8.270223901147354,2.7830459232658793,-9.983277591973245,86
6689,-2.3363095238095237,5.03003003003003,18.054752847372985,3.3741830065359473,52
6690,7.8987699132889695,1.0526315789473688,-2.9592019070765954,-11.937876397853044,64
6691,-10.439752085714819,-25.229795621952487,9.153889798001707,6.051587301587302,58
6692,18.426496731252627,-27.647646097583937,-9.733813433840353,-27.789767429935775,99
6693,-8.761140819964348,4.968301634968302,17.977262099602527,12.873563218390805,47
6694,-7.747747747747748,17.03252032520325,-2.2244759972954697,-5.222451159951159,43
6695,15.407639996455789,-11.090198217857793,-21.657171308022214,-3.5826365711423174,60
6696,-73.00681421056073,14.461274508667152,25.099418865241653,-18.64993874063092,79
6697,5.0,-2.395833333333333,14.83019772404492,8.472222222222221,37
6698,-29.414414414414413,11.851851851851851,7.688172043010753,15.513520296128993,45
6699,-9.10215714141032,11.893939393939394,-1.893166600889792,6.344086021505376,73
6700,-23.5836957682589,9.097579569277682,-63.52884947007222,17.37434544968085,80
6701,13.984674329501916,17.693418041270434,0.7258632840028199,2.032520325203252,58
6702,27.97326040602283,-5.2842377260981905,-14.414414414414413,2.7363187527868464,51
6703,-15.985060690943044,4.572527038022804,-13.701294461309041,12.144120789631627,76
6704,27.18411197888697,17.19298245614035,2.6414027149321266,-33.33756079320409,64
6705,7.777777777777779,4.074736632876167,0.355559304834669,7.604166666666667,44
6706,-1.2159863945578229,-0.8380703117545225,-1.9135802469135799,2.0774813817639752,54
6707,10.703144894321367,-16.52777777777778,-0.09803921568627416,9.881154499151105,44
6708,3.569693522364247,18.966032101530423,-4.542483660130719,10.63973063973064,47
6709,8.787878787878789,24.62962962962963,0.2713178294573648,-10.225284092903507,51
6710,-15.38982259570495,10.982905982905983,-29.909057350917816,12.698155019583591,52
6711,-16.845706130568622,1.3329885513130417,-1.41812865497076,-27.32446144111169,89
6712,8.438533341707666,2.7875945915631757,-43.83733715409921,17.215592215592217,88
6713,2.6719576719576725,-26.332610624478814,13.703703703703704,-13.368953935665335,85
6714,-23.549495067746523,7.528185032878399,2.591093117408907,-3.633879781420765,80
6715,-38.677183569788795,12.430944100709652,23.049082811220796,6.341955563653678,83
6716,9.901960784313726,25.8531746031746,8.787878787878789,12.259528130671505,35
6717,-13.586932073774179,21.18881051495529,14.166666666666668,-4.203608979823812,47
6718,9.763770180436847,-25.777635156472517,-1.5811965811965816,-20.373843460865217,70
6719,-12.342774720046856,-17.442070172272444,15.083233049334746,2.8735632183908044,74
6720,14.15250019851538,10.476958164635413,4.628356534278794,-60.57931133807083,83
6721,19.528785481368555,13.472222222222221,4.978177850518276,4.641715949855486,49
6722,13.884372177055106,-4.477480807137669,-5.042467279309383,0.0,46
6723,17.525252525252526,24.637632482460067,17.962962962962962,6.85483870967742,33
6724,5.350421559771155,8.540548598688133,-15.679012345679011,12.100237437970357,58
6725,-1.191721925417577,-7.587129054520359,14.573934837092732,-3.702107279693485,60
6726,7.526084242185937,-0.645510308500505,-3.489331723027375,-6.1273719659884645,74
6727,-7.758291168172002,23.47753619963848,-4.079902914155012,21.16763956748164,72
6728,12.591093117408906,33.87021475256769,26.560731944385516,7.2522522522522515,46
6729,5.9312487549923905,7.595785440613028,10.0,26.161358587919175,57
6730,7.604166666666667,33.23232323232323,7.450980392156863,16.985294117647058,40
6731,12.314814814814815,-22.027169372707128,-4.902714058570467,0.22575250836120375,54
6732,9.81800766283525,10.347597108349799,-10.118845500848895,-7.388207709144592,74
6733,5.348459692945282,-13.299220272904483,9.901960784313726,-54.26727393385383,86
6734,9.385964912280702,7.604166666666667,3.6885336885336883,0.7404379837720938,59
6735,-30.40134922285952,7.110006847667169,1.2321032466223034,-8.598978485074321,83
6736,-19.8629505081118,28.604789696720502,8.949940257500762,-10.85587901377375,83
6737,-1.7943887950727895,-3.9575702075702104,-29.98970965197673,16.84416620978078,87
6738,3.650832034541053,6.666666666666667,-9.212516346174459,-31.626929940206388,74
6739,-6.794871794871796,-38.534878063204694,0.6133199847444706,9.137426900584796,58
6740,3.1679894179894177,7.425213675213675,21.920537736534055,-27.15345963073058,69
6741,-9.106004309862314,-1.5277777777777786,-12.715506808228643,9.385964912280702,60
6742,7.873563218390805,8.680559206874998,-8.148148148148149,-12.34198134352933,56
6743,-81.84054038356143,-55.16921264464227,-8.747746623401836,6.122076023391813,102
6744,-6.799032600245828,10.0,7.450980392156863,7.962962962962964,54
6745,-13.558177550829111,-11.32722486921403,7.6935068899354615,-18.04953455366252,78
6746,-6.561788569339704,-9.927833708883501,10.60334521029084,-10.098039215686274,81
6747,14.901960784313726,-0.126002422765225,-2.2678530019334957,13.12528115159694,83
6748,25.568770832415606,12.083333333333334,-13.233972889145303,7.154882154882155,47
6749,2.6317000230043712,2.1019148400100787,-10.689655172413794,12.983615583574053,59
6750,13.787878787878789,18.08641975308642,6.911217437533228,1.25,35
6751,-22.498622134038804,-2.562604788738703,11.707967759687861,-39.38111752732718,117
6752,28.55583600686517,11.766917293233082,9.360513767841354,6.666666666666667,55
6753,-12.586164900742906,28.254939222784262,-22.78151699551294,12.72310674495634,69
6754,7.314814814814815,-5.506675573032196,-17.15090894657458,21.71643836466226,61
6755,-4.808201058201058,-1.1038188235245914,25.125889554257686,-5.221588219096691,99
6756,11.4026792750197,4.4981060606060606,9.992212908879576,8.451754685614084,49
6757,21.96230483464526,-1.5277777777777777,-12.456742456742457,18.99394952026531,47
6758,6.296296296296297,-6.5861020602267635,4.797149122807018,21.436781609195403,58
6759,16.78269602996959,-29.742653180153177,16.914690775659952,9.522565078120632,81
6760,20.53586809400763,-1.668495434636037,3.175888439046334,-23.70408543885637,74
6761,7.136752136752136,-23.553503662199315,-1.0317460317460316,5.655708731000354,49
6762,0.6643625192012301,14.166666666666668,12.252252252252251,13.252818035426731,37
6763,-9.829628695327425,8.159722222222221,6.671063601375042,8.561949105450179,59
6764,6.021505376344088,-2.549019607843137,-3.2903918411164783,3.870214752567694,44
6765,-2.63940761489781,-39.35237964404022,-0.9221215187914309,-59.98901350296985,103
6766,-15.348983027554453,-7.474997815079174,-45.902420430722316,-13.166365961590877,76
6767,-4.2696192696192705,-2.96347223930459,-2.866383996520983,-0.6048058221971253,86
6768,4.283499724676195,14.57522010153589,2.604166666666667,-71.05760950519016,63
6769,2.074136955291454,7.380952380952381,19.4452347083926,20.40867629102923,38
6770,24.282185579402046,-12.320261437908496,15.858585858585858,-5.165934719506147,64
6771,5.288461538461538,2.930363716367774,14.166666666666668,5.0,41
6772,21.616392679900745,5.0,-60.2628184325696,17.873563218390803,65
6773,29.280090604086624,-3.7072674644087567,7.873563218390805,-10.37037037037037,62
6774,24.284496385318846,1.0866451843895457,11.013071895424838,1.0741687979539645,55
6775,-9.016967056182741,-57.866107103659374,14.722222222222223,13.042127931922716,69
6776,-16.86631107683739,1.359401998347232,5.5609284332688595,17.55721052331222,59
6777,18.181361122537595,-34.69351068824719,-8.427672955974842,-36.30073320261228,91
6778,13.837855317565623,6.818704871543296,-1.3768115942028984,12.612357155040083,57
6779,-1.4303064776357517,8.24074074074074,6.163807362315627,-29.539473684210527,74
6780,-37.51218323586745,14.438178780284044,26.19232008292896,-11.878705533596836,66
6781,-11.965524275805794,-6.5109687337150515,5.841879887515926,-52.4971778941101,90
6782,-31.401259559154298,-11.90917107583774,-16.358495087198307,22.54534139611752,72
6783,0.4973591831787971,-26.158403530967252,9.697165577898158,-4.652357868902271,73
6784,9.420226423902896,13.76706564791937,-30.94231791600213,11.700680272108844,57
6785,-4.128787878787877,12.950083542188805,7.5741188785096485,29.726202226668832,68
6786,-22.998053131439057,15.452882146662411,0.526315789473685,19.37273739905319,66
6787,-6.158095102254279,9.385964912280702,6.1484409310496275,-7.011619462599854,47
6788,0.5913356494751847,-20.130490775652063,26.173708920187792,-41.37089451118912,71
6789,17.604166666666668,-41.5561390567355,10.359299516908212,-20.158281361064894,80
6790,8.366402116402117,-8.69047619047619,-2.6470588235294112,13.623188405797102,41
6791,-15.32258064516129,-2.726488743645605,-18.79462041226747,-6.892782469696631,69
6792,8.70812388339603,1.8355657220599753,-12.807017543859649,6.102693602693604,57
6793,15.386897429580358,13.870214752567694,-9.614794966138751,11.519410532568426,57
6794,0.6118332842470797,16.63591956475253,-34.410912127857515,-20.523842176377286,110
6795,47.490432273040966,16.086645184389546,-21.009744623655912,-46.84548371034868,75
6796,11.419234360410831,17.930283224400874,15.643336352341732,20.428743961352655,51
6797,10.5859010270775,-85.6744850718065,22.687094205787773,14.336419753086421,86
6798,11.99013157894737,-4.7101449275362315,1.5971720383485095,4.222544430877761,54
6799,-8.452380952380953,3.4222491406501856,12.976190476190476,-25.47062576352987,63
6800,-13.791876277495238,-16.06930064303336,26.363949088407292,-3.980048159614723,57
6801,-17.244737397144746,7.529413633399244,-10.681076519325575,3.9086782635169737,81
6802,19.46319983518347,-54.60321730318143,9.745762711864408,-6.533733562035448,63
6803,-1.3003837422442075,-30.08800395479397,-6.185437497507926,-4.99101937962787,119
6804,19.44612032847327,5.035915018789883,-2.2420989225484194,13.664454418130891,61
6805,9.015495086923659,4.881154499151104,-35.74346405228758,8.894927536231885,52
6806,8.787878787878789,4.901960784313726,-19.67293906810036,14.285302048459942,44
6807,21.371539052779582,-8.109789472278958,-17.895607756825648,6.8939393939393945,70
6808,22.04614908555672,-3.0315819143867526,-17.57179054054054,-39.07205136907907,84
6809,12.551110451636514,9.49810606060606,10.45622133857428,-8.43426057125811,58
6810,-20.234462249593907,4.3045628005021435,-18.053526328726885,-1.5123196574809477,74
6811,18.35105436428381,16.984126984126984,-7.687929077285729,4.226032252348042,59
6812,4.952300785634121,5.026994642641818,-6.214291228369555,-51.26188947329104,88
6813,5.981733817035973,-5.55802021016782,28.302564373975073,5.923466160657812,68
6814,17.47495367108487,4.295335096248304,4.688285126813294,10.0,67
6815,10.339527645368468,13.472222222222221,16.971236378563965,-1.2163683440279183,51
6816,8.113109650639917,20.860578623736522,-29.60627263719855,-12.347708434462167,69
6817,-17.952527780077126,-44.95061585548733,-10.635273473768454,-3.888888888888889,115
6818,-24.937787379756625,9.20673076923077,31.411264279976983,-5.183509301156359,69
6819,20.22851742149988,8.036565977742448,7.873563218390805,2.688172043010753,38
6820,7.616892911010558,6.036612758310873,-5.508658008658008,11.563118807287324,69
6821,-1.022479390295139,-19.654978930381322,-2.8137610976594027,-5.3125,67
6822,6.899046678020334,4.9480464601633365,26.154534138772753,10.787037037037036,64
6823,9.318936877076412,-25.3673835125448,11.545507835768062,15.0,54
6824,8.205128205128204,2.5031928480204346,11.663022997609467,-5.0,50
6825,9.232804232804234,-3.9598689598689587,-8.37363627233312,10.347985347985349,53
6826,-52.36595896336895,10.682590001150713,3.333333333333334,-8.299319727891156,64
6827,-11.796836624422832,6.851851851851852,6.937984496124031,-69.9443738729453,59
6828,-8.212634097292579,-6.8488759360013525,4.070859364515901,6.736111111111111,73
6829,-35.295933188090046,27.450677646251503,-11.090900514755742,16.109270600245104,67
6830,8.859649122807017,-20.04696104731001,-10.49062049062049,-2.9894179894179893,64
6831,-4.564093212998101,5.675817723431688,4.50563813686184,7.136752136752136,72
6832,-6.018518518518517,11.253015742420189,10.626988765504255,2.8180481144075116,60
6833,18.176843676159685,-43.93026726360059,6.770833333333334,19.294921672372652,56
6834,13.445793972109762,6.512330877946079,4.750445632798575,-11.026334776334776,65
6835,-29.94249879371735,-27.97015182884748,8.336271379099419,7.29205005520795,71
6836,11.73611111111111,-17.176505101987704,12.029200469692945,-35.70394335196967,79
6837,-4.421239722681906,1.666666666666667,-19.278439821142094,6.5586419753086425,87
6838,-48.06872140205473,11.82261208576998,23.98148148148148,11.984126984126984,50
6839,9.824924179762888,20.602703543880015,2.842760687588274,-5.37037037037037,50
6840,-60.27273581314935,-34.507419888871766,24.10360956019199,6.246046805819102,83
6841,18.297881109530383,-19.694668565100457,8.623188405797102,16.418485237483953,65
6842,31.643526976007795,-28.383196576177234,-19.59008584008584,-11.437270361958955,90
6843,3.205128205128205,4.62962962962963,13.472222222222221,21.617647058823533,34
6844,-23.25749323298343,12.874417682624639,-29.113841619421326,31.5308485423583,84
6845,-81.08058608058609,5.272432221394541,-3.7367409056755667,-17.924451033717332,84
6846,-7.006015917098216,12.525252525252526,14.177984486908974,-11.666666666666666,50
6847,4.941258462763841,-8.27923846306199,-17.291398541398543,12.873563218390805,52
6848,6.6542041445411755,19.39814814814815,-3.0069930069930066,-3.555954279638489,51
6849,-10.353064030543457,5.937500000000001,7.12157571650426,18.54918151528321,59
6850,-15.882971503010921,-6.571087216248505,-10.833333333333332,-21.020001430452048,88
6851,-36.593696310738075,5.8201058201058204,-3.808240221439648,6.766917293233083,53
6852,-32.68399931579583,-10.318645903684265,-3.3711285212953737,15.056689816751735,70
6853,17.678218081185204,-2.395833333333333,28.367346938775512,-19.198704198704203,50
6854,18.035397916552416,5.0,13.74448516074132,10.410206718346252,56
6855,10.320216049382719,1.2500000000000018,2.777777777777778,-7.656685110918518,47
6856,7.121212121212123,-0.6644144144144146,-14.631066836795366,9.753086419753087,52
6857,13.182261208577,4.761904761904763,-1.7948717948717956,-16.809542796384903,46
6858,-4.40052700922266,18.53175558660481,-5.233961205233435,12.681508679877467,70
6859,6.488095238095238,-80.43797876472274,5.039877134845277,-22.17305505910179,86
6860,-19.852669380971268,2.9927104414333527,-11.625816993464053,-4.487291460975669,64
6861,10.221002252252253,-76.96770662287905,6.344086021505376,-41.2495268026125,72
6862,-19.128787878787875,10.46594982078853,-14.377343833708347,25.129479872910487,66
6863,-0.16511746075898404,19.127816627816628,-3.5728304002760534,0.7219075792683753,69
6864,9.786176299334194,6.148050944066125,6.1773648423881955,11.933319950167501,68
6865,-26.156683088909226,-21.96311858076564,1.0741687979539645,9.368471035137702,65
6866,6.6380718954248366,3.948346339650687,5.6818181818181825,-73.51552519743785,60
6867,5.576266239411781,-27.704422788621024,-22.538874137448524,-2.275164130934664,99
6868,13.101851851851851,22.425213675213673,-9.73436334115046,7.789671394892945,83
6869,12.282913165266107,-1.341109361849771,4.242793891750251,-2.967479674796748,59
6870,3.436791383219955,18.23655103066868,14.876543209876543,-4.016046319245047,54
6871,-9.458721646057263,23.714240556345818,-14.206120042293744,7.933932810392829,57
6872,8.333333333333334,15.240528356791176,-12.417946976770507,8.787878787878789,51
6873,22.54689386589258,-13.402026174847041,10.22844272844273,-4.789008187741968,56
6874,18.26629019611476,-23.22695035460993,12.87847380602261,-10.37037037037037,52
6875,0.902777777777779,-3.95098489378291,-19.301263938261474,2.25908089747445,64
6876,-14.522270114942526,-1.336553945249598,6.419234360410833,-15.052862185798165,49
6877,13.205128205128204,11.656274995960759,19.362759787850855,9.587732528909001,67
6878,8.787878787878789,12.604166666666668,-8.155131658667218,17.16374269005848,55
6879,-0.18563262749309217,2.7595329319467243,-13.739791393093281,-8.177449228173865,66
6880,0.294532449200287,3.9031339031339023,-23.599949069549794,-50.211403208238906,87
6881,8.968253968253968,5.5611729019211324,-9.26961926961927,-22.685185185185183,44
6882,5.801860974274767,-4.595899910681911,-29.69019894434067,5.054739946044296,95
6883,-32.49616593819492,8.112139917695474,-60.52509622858333,19.086921850079744,81
6884,16.944444444444443,-2.0238095238095237,-12.222222222222221,16.922799422799425,38
6885,-58.963253144740534,11.723139567967154,-13.67146164021164,2.268206744102873,112
6886,7.362155388471178,20.923202614379086,9.080217497556209,18.10708898944193,34
6887,4.166666666666667,-20.52758977214331,27.40515363233416,-22.19552516692347,62
6888,-5.0,-38.745600804424335,1.9444444444444464,14.397113517917434,59
6889,-4.792308971790348,-19.32152877754269,22.147289295465022,11.909651047098452,79
6890,21.398939652156194,8.757176629517055,10.69548872180451,-4.806724760958169,59
6891,1.6692844054163398,5.6818181818181825,8.814696106362772,-2.1176338281601432,55
6892,-36.52097555970165,-1.3573204361377176,-10.679513853985794,-27.467222438473616,97
6893,7.314814814814815,13.165095099935526,-10.126529244176304,5.366161616161617,47
6894,-0.14055339434547598,-9.828944594249698,5.169982206507498,-0.7327524444927702,62
6895,7.314814814814817,10.0,4.62962962962963,1.3113604488078545,36
6896,15.816170861937453,-55.00292838018741,11.225490196078432,-148.03457522626096,100
6897,15.066545674531156,-53.46420307851491,-23.298146973615538,5.774591796097173,78
6898,11.617739725725208,19.290736145574854,-17.049319727891156,3.9745494157258854,52
6899,21.939261518038528,2.161156385962588,-74.51183909248007,23.333333333333332,71
6900,11.893939393939394,-8.415400389084596,-0.5931914154834255,18.774610805860807,70
6901,20.237648530331455,10.111283643892339,-32.47735793709723,12.083790888822337,59
6902,4.049201153238421,7.962962962962964,-59.41626090921416,-7.063870444533054,79
6903,1.9294699011680159,-13.105254372929158,-17.380604288499026,-44.07077681242462,78
6904,-33.94817781476063,-3.4864336397355276,1.7729372103487187,-16.757098189169433,80
6905,-28.334158587671315,-1.582170405699817,4.941617458157751,1.8939393939393943,63
6906,-2.5199800199800206,11.613756613756614,4.868996942874201,-22.28801169590643,71
6907,2.3322675865743956,21.577649077649074,3.7690237778084006,-7.311322510055229,61
6908,-7.845786963434023,7.514619883040936,-20.423766261809053,6.602564102564102,60
6909,6.783842666195607,-5.833333333333332,10.416666666666668,-7.420175918267385,52
6910,8.294597619889243,8.555757823520901,8.66640016193267,2.153474544778892,82
6911,-3.3617828354670465,18.072195829610727,19.51388888888889,4.357979302832246,48
6912,-23.578746253648944,8.137720488466758,11.547656374193199,-60.54932212360927,98
6913,-1.6269841269841265,2.4726430976430986,-3.8095238095238093,-92.01382014406231,86
6914,10.056980056980056,-35.60015863469151,8.968253968253968,1.3359359239626247,55
6915,2.4696360757741838,10.51994301994302,-5.171957671957672,5.877789712376179,50
6916,-46.48231202587191,10.511463844797179,6.02875159261029,-26.692902232117916,70
6917,-5.170454545454544,34.11188913493061,-30.8615710561132,-32.63405604172185,93
6918,-12.233046269036072,11.599378881987578,7.0330918291070095,1.4411495283419935,92
6919,9.72008657807206,-4.826267197771198,3.941236729111313,25.026803118908383,57
6920,-5.328282828282828,16.346324813817077,6.379321161929859,18.98861737677527,51
6921,3.0268822272498737,-2.3650643052920084,-21.784042248038187,19.23761423761424,70
6922,12.525252525252526,-11.842620356488423,13.99587612822907,11.65642601126472,48
6923,-2.619047619047619,4.777504777504777,13.62214810363635,12.074958096463472,54
6924,24.40997329164224,-39.77294883514902,-6.372177426029026,-21.03728024459732,79
6925,-21.736826391998804,9.20875420875421,-36.11826721851587,-10.944397082504498,82
6926,24.548573648094603,21.112519703267935,25.4673721340388,-8.596128451816057,47
6927,-16.824009324009324,9.815986131609158,-3.9291619769437283,10.821000363683293,80
6928,12.464303834166849,12.045051301632757,-27.827137589042348,-15.036696395392047,80
6929,10.125815470643058,20.0,1.5686274509803928,-15.841210761669508,61
6930,1.5860990860990878,3.5091607565011813,-9.583333333333332,9.805053496330924,48
6931,-18.136805910127755,6.937984496124031,29.503532052551662,9.455089336243836,56
6932,-58.31625279201156,-10.177257695966865,-6.485121485121486,-23.08624438832772,71
6933,4.557772850455777,20.751714478895007,16.525703906858407,13.31730565805389,44
6934,17.233796296296298,-9.076797385620914,6.826499118165787,13.356353708610891,55
6935,23.074294532627867,-26.15636313004734,-4.734961093656744,20.84931813441029,63
6936,-21.37814308546016,11.206896551724139,2.8890095264569324,21.488095238095237,56
6937,-11.388273615365684,3.3134882273771913,-15.614035087719298,-0.16088486676722002,74
6938,-16.666666666666664,-32.15826128669541,3.6556603773584904,7.282913165266107,69
6939,-1.7531542531542532,-16.16621682411156,10.862146753619623,-26.94244003784155,68
6940,-23.432678432678433,26.33637368711996,-24.80661282600581,14.65870335834722,67
6941,-4.561862587224905,1.9921740626075009,-9.63157066888882,5.580097392500469,67
6942,-7.474747474747475,5.5611729019211324,-1.234639304814742,16.700680272108844,49
6943,7.287035924546437,4.62962962962963,11.781445918893326,7.252252252252252,43
6944,-11.666066201221366,-10.98981235230184,2.147631502470213,-0.7827117637321468,92
6945,2.71604938271605,-8.654214559386974,-77.83758664756225,-2.3207118902319297,65
6946,-8.327488886521008,25.752085130859935,-15.76684154203534,18.241473823493063,61
6947,8.707940829084205,23.2576970658366,10.308753498665554,3.1748911465892595,55
6948,0.6165674572492299,-12.320888859175788,21.88608776844071,0.3785566632199364,73
6949,8.827072428946167,-45.19941905723014,-17.318792246945726,6.3129313665571765,93
6950,-2.311827956989247,6.52571702503303,-3.503248375812094,-21.666666666666664,46
6951,-0.5270578996216178,6.913674824354356,1.2799043062200963,2.525252525252525,45
6952,9.231381919553963,5.0,0.8958804073746609,-47.392816182513116,56
6953,-2.549019607843137,-20.77227219262728,10.405035577449372,18.733733733733732,58
6954,-1.8270625009177262,0.8333333333333357,10.0,1.749016620017653,50
6955,-12.695469119098016,-61.43714046993356,7.413882413882414,-3.6696746793115507,92
6956,-1.3548752834467113,2.9761904761904763,1.6684484452511135,-10.339074505741173,61
6957,17.557581880002587,-71.41522388613632,-15.409219420833088,-94.95175580255759,95
6958,12.176339477114098,4.901960784313726,12.083333333333334,-15.658572978877816,66
6959,11.572420634920636,7.777777777777779,3.205128205128205,8.009153318077804,35
6960,1.7096081588835226,-5.098039215686274,28.333333333333332,8.535321035321036,41
6961,15.394899122495072,-18.14070007013813,14.208754208754211,-7.182455695264044,72
6962,11.38888888888889,14.041190638935003,-33.20908011963129,-3.5632183908045976,62
6963,-56.43000346340749,3.4027777777777777,-14.681886740710269,13.854314473582379,64
6964,4.611547490791857,-6.20180585697827,11.134651600753298,-5.709263854425145,64
6965,-0.5085424364600559,-29.103758931345137,17.679738562091504,-26.92521828298839,86
6966,-0.8080808080808082,14.143714073888184,0.7602363739638918,7.523148148148149,70
6967,-20.608500976148036,12.032520325203253,7.136752136752136,7.976190476190476,49
6968,-1.6520009532713706,-3.9417299177735603,-32.824247007721304,10.061469032057268,69
6969,-16.908770242103575,7.465919813449556,-8.839605734767025,11.969499626138171,83
6970,-5.157614920423269,3.840048840048839,-1.0655175675036652,-24.960943727084327,57
6971,15.963910615583998,-22.99289034727919,11.958205193499312,-0.5215419501133782,61
6972,-3.1984316852737904,19.484126984126984,-1.6604869608206636,18.25281803542673,42
6973,-21.818898357859823,-3.6165577342047914,5.0,-5.050688039818475,70
6974,16.93798449612403,18.917555326224058,6.051587301587302,22.149949600427025,46
6975,-5.610752798252796,-7.16390829836208,9.887859430542358,11.310167571742808,67
6976,-26.035637675007674,-6.870190254573343,-8.333402452204506,1.5593836971753192,93
6977,32.89571654122737,-26.649983013605762,20.45434098065677,-34.4692938368073,78
6978,3.316259521933281,22.26084852301482,-2.4252595775152157,-7.1584904423887465,63
6979,15.62232905982906,-23.401935554083163,10.656108597285067,3.8847648630236087,65
6980,-18.58108108108108,9.62962962962963,-19.648719336219337,21.099040970334315,58
6981,5.583769458475416,22.261275528742697,4.863485280151947,-4.946496138537074,64
6982,15.328703446102082,-10.23793494581538,-13.949106449106448,11.54761904761905,80
6983,22.083333333333332,24.406551327438102,-44.676031867107376,2.192982456140351,57
6984,-32.835909217488165,-16.00439882697947,-10.914119270896764,3.6231884057971016,70
6985,2.646077398293353,-31.551182862952004,13.005356058950628,3.994708994708996,78
6986,12.338060224089638,-69.34777494753016,-6.3768115942028984,-0.6140350877192979,58
6987,8.234802760958049,6.243781094527364,9.400066844919786,-23.42418828066723,69
6988,-2.746512746512746,-37.87633517951089,9.910394265232975,-8.91166960611405,91
6989,0.16508824037986436,3.9682539682539684,14.605791416770478,21.917977181621957,47
6990,-3.1843636537100934,-0.32666736013592157,4.413472706155634,16.658723371156633,70
6991,8.824072264564741,-9.571154226326641,14.166666666666668,9.011050677717344,44
6992,2.450980392156863,-11.001716001716002,31.60264105642257,11.857790087910224,49
6993,36.291902060114936,25.747354497354497,13.623188405797102,15.867906157586688,52
6994,-5.516802084168949,0.5797211915642921,0.6584844793387106,-17.21499696097502,79
6995,8.835978835978835,-7.734886787091636,-16.361593734157452,6.773049645390071,78
6996,8.386406035523503,17.208787381201176,7.2806846168419055,7.67415228199542,66
6997,10.357142857142858,-3.894993894993895,-6.267220628407333,19.48860172493915,56
6998,-8.488594429669943,22.35718529836177,0.22386061996213158,6.851851851851852,70
6999,-1.6828481272934503,-5.916706750040081,-33.787161932434266,-12.920250247836455,93
7000,18.346381902222724,-3.5807656395891687,1.3392377885131515,16.11111111111111,42
7001,9.034799642785124,14.703425229741018,4.41919191919192,15.402288934897632,45
7002,14.014786640532593,-20.729607158178585,-15.880681818181818,7.777777777777779,58
7003,-9.383753501400562,8.009153318077804,-3.30226907503243,-8.158182813355227,61
7004,7.136752136752136,23.25281803542673,-13.308080808080806,-20.415979091879613,63
7005,-13.375879207772197,6.700680272108844,10.0,-8.395085056269263,72
7006,-25.582161396794177,9.901960784313726,14.37273739905319,-3.9772805599418515,59
7007,-43.87356824127158,5.3030303030303045,-1.1800795295534625,7.849210987726476,62
7008,-4.000675148216131,4.573677956030898,-4.983277591973245,-8.467488924805997,65
7009,11.109215462109216,12.97807294960995,-0.9624922047900348,-2.077979339884101,65
7010,-8.793103448275861,6.5673527767023705,-13.106060606060606,-9.470489841183031,54
7011,5.427170868347339,3.205128205128205,-0.6140350877192979,11.302926967888606,36
7012,-5.140669220798365,5.242078063375493,16.991785018100806,-27.418928192961907,78
7013,7.663690476190476,-5.895895895895896,-11.913919413919414,8.65913741383078,47
7014,-10.862573099415203,7.083333333333334,12.01058201058201,17.976190476190474,41
7015,-7.284901201309868,7.976190476190476,6.32548309178744,5.907405597898075,52
7016,2.8735632183908044,14.895470916976294,34.69010759771629,-39.48412698412699,48
7017,11.73611111111111,5.759940542549238,-19.27401662649499,6.675469233608768,54
7018,12.314814814814815,-45.73950091296409,1.3457854406130267,-3.5933378997000434,56
7019,8.334603658536587,-51.47190842773647,-0.15048912391427294,-33.36601307189542,75
7020,11.877834419833352,6.9701328387105335,-31.253180370827433,-2.7477477477477477,57
7021,-15.619581165799652,-12.365927605394246,6.5124857546891946,10.688590907139233,98
7022,22.92824074074074,20.392576859385127,-0.43221628169021553,8.787878787878789,45
7023,11.94003843145094,31.4828495876883,-9.087348956204364,-10.974765974765974,66
7024,-2.83625730994152,12.659801782142209,-7.023809523809524,5.853174603174603,50
7025,-21.13526867591908,3.6953425437971803,2.1109117490696443,-4.985438850371139,61
7026,19.01659604519774,9.435107376283847,2.735657735657735,-36.990578713051455,59
7027,16.460757379875027,-13.02955146705147,-8.61964639224799,-21.029007004134193,75
7028,17.96269925434421,-24.187062706659717,14.290736145574854,-10.65527751294588,88
7029,-2.1264367816091956,-7.256110862589814,-34.24105451359287,-19.510362549578232,62
7030,21.366120218579233,-15.00264970853206,10.0,-35.265089684415926,61
7031,-25.39806997934461,-5.9420655972380105,4.914736364011727,5.451248803833311,68
7032,-8.295317030320899,14.3073854486898,10.554838693354181,-64.03653127917835,70
7033,7.594132594132592,20.868499161182086,4.112422398426457,13.374183006535947,45
7034,-5.37037037037037,9.850489017155684,10.923202614379084,27.19298245614035,38
7035,-14.227994227994227,3.6151948651948658,5.327060931899641,27.228435641310227,53
7036,5.694801791499906,0.8023040795565848,8.002522646485493,-6.204278812974465,58
7037,-15.117387341264278,31.350373482726425,-35.27886085186691,13.205128205128204,83
7038,11.602564102564102,6.666666666666667,-64.69456837556966,10.208333333333332,54
7039,5.420241670241669,16.39546727782022,10.0,0.0,39
7040,-2.9384888161483906,13.775252525252526,-3.408014316581866,-3.985088985088984,70
7041,5.827886710239651,-31.58142116380102,15.754993382429666,-65.43873958171571,100
7042,-16.325691069312022,13.374183006535947,6.231160587778236,11.067168276660677,71
7043,4.643962848297214,16.791134517116607,-24.666826080025505,20.780946688986795,63
7044,-10.243756561513662,-19.207493894993895,5.791505961271449,-1.7963240601921249,77
7045,-32.95314060425131,18.96825396825397,-12.763829786549696,18.413305343129906,65
7046,-40.25673400673401,13.910427539259354,-8.013627867533,6.528807755595253,80
7047,-17.962246987515677,7.413902196510892,20.347920584052517,7.136752136752136,65
7048,-16.51096837202314,-13.564447084849816,3.966032101530422,3.7878787878787885,62
7049,-10.361879082117177,-13.537851037851036,11.149756198775808,-2.9674796747967473,62
7050,3.194574359597713,11.56761412575366,6.419234360410831,21.331741269502803,51
7051,4.97596153846154,13.417508417508419,20.504742547425472,15.651340996168583,41
7052,-9.210367435147445,-50.48763048763048,5.11378236840023,24.478525860104806,76
7053,-83.40163595318768,0.0,-12.698689944383135,-37.06184653553075,110
7054,24.748154850613865,4.949646097801018,26.238637905304568,9.485729370387915,61
7055,11.911217437533228,-1.6258169934640518,7.3976747889791366,-20.659868922315333,51
7056,11.41891891891892,12.032520325203253,-4.52991452991453,42.046151345843,45
7057,6.994762845585308,16.114033853758734,20.98000311235605,11.222935811751604,75
7058,13.333333333333334,1.9841269841269842,9.784780655924031,-4.508302008302007,45
7059,13.205128205128204,7.609710550887023,11.15679191337086,11.84640522875817,57
7060,19.592646988358176,-2.6170572722296868,-2.1669004207573628,15.733587709178863,70
7061,-8.799950083643624,-46.12622025625629,-4.431213190404366,-6.628737281287619,86
7062,33.95317565499247,1.4470969643383436,-20.77406720263863,-7.518544857946306,65
7063,20.231635289774825,-14.173114138128367,12.445987654320987,23.6231884057971,54
7064,7.795544831548888,-22.767746487984585,3.680108016072726,-3.5520004053742777,74
7065,-17.916666666666664,-2.1026524644945694,-1.6468084818468443,-11.202270381836945,52
7066,15.522929877768586,26.00414078674948,-0.833333333333333,5.0,35
7067,-12.28395061728395,-23.56574197404722,28.51931287704355,-12.582509985284842,77
7068,1.9841269841269842,-3.607954545454544,4.447637292464879,3.9883633633633635,49
7069,21.992303284302217,16.85185185185185,6.730695824283581,5.754531126871552,52
7070,14.012121451415485,20.47008547008547,10.0,-4.644592191921468,44
7071,14.84006734006734,1.4266617355862223,24.720827193990083,3.2051282051282044,47
7072,-3.7833867521367517,0.0,-8.498465269298602,-19.983692625283012,66
7073,-15.228494623655914,8.58784893267652,-0.8333333333333321,17.688747952392724,47
7074,16.709608158883523,-4.141414141414142,8.559368191721136,-23.473773424013643,62
7075,9.231381919553963,-9.084479188968352,-33.088782562466776,-10.058760683760685,56
7076,-13.70992260917634,25.009920634920636,-5.022373538335574,-46.14076357296171,80
7077,-3.769883252952262,15.7783115709945,17.025340722284696,9.901960784313726,61
7078,18.79546212879546,25.125058081317626,-61.23779201597501,0.7857434168557722,92
7079,2.1367521367521367,9.166666666666668,6.773049645390071,-18.573940940012363,50
7080,15.40582417020521,1.2728158912993752,-13.299220272904483,24.643962848297214,56
7081,9.446750813944266,-19.93176538908246,2.221724250325946,-9.887057387057387,61
7082,-15.653673636861857,-24.86473538520567,-18.79148629148629,11.23414510400812,98
7083,16.893939393939394,4.385964912280702,5.997474747474747,1.8997393625635546,44
7084,-5.203972088030058,-21.134385525913164,23.717691277932243,-39.34555642308674,83
7085,8.968253968253968,15.0,7.719298245614036,20.226504394861394,34
7086,12.849210987726476,-10.262559816972878,-32.06972810171223,-10.72311403193756,74
7087,7.8388047138047146,3.48864258347017,-23.563218390804597,-43.452178834182234,60
7088,-25.721407810728273,3.8429406850459493,6.811594202898551,-4.772727272727272,62
7089,29.532828282828284,-1.6557193597041788,10.772005772005773,-0.6998910675381258,44
7090,-4.771341571394165,-5.0,25.733930171501026,-11.508751621241107,72
7091,-52.73182012571966,5.6181379007466,1.5066982283963428,5.1073114430957585,88
7092,-11.879258938082465,-2.0219270503900475,20.90277777777778,-8.25814407766352,67
7093,5.2678144428503115,-76.61295844811282,-4.929322345316965,-45.07830408336796,108
7094,-11.177439004479432,-10.718954248366014,-90.48611111111111,7.990911418330774,82
7095,4.714021330778743,-32.522966180704984,10.138339920948617,9.702144883903124,94
7096,22.473544973544975,-14.408553263042425,-16.789627883600573,5.206253796362308,70
7097,-6.757571119055631,11.944444444444445,-20.643274853801167,-16.4242628962988,60
7098,3.013086867137921,26.475468975468978,-22.16988727858293,-4.2934782608695645,55
7099,8.48560354374308,-1.6307654751139418,2.00360030771438,9.169452059462783,70
7100,9.328739536750374,-26.135453302972483,5.78396422089707,11.060606060606062,58
7101,1.117586117586118,-7.038690476190476,14.101827729278709,1.9841269841269842,54
7102,-26.587758646582174,10.385897046576577,9.605810855810855,8.997101760746533,56
7103,11.77304964539007,-7.218707218707217,7.427213309566251,-51.37903734973999,69
7104,-0.06381327642226142,-18.831908831908834,3.299276139160378,-28.12931731891369,84
7105,0.23898346644248214,15.011973443761413,17.75992724220223,14.265271765271766,66
7106,-61.480676677530305,7.282913165266107,-17.96747967479675,-42.918202293202285,80
7107,-24.046117645449236,-11.794871794871796,13.312023972268337,15.853174603174603,59
7108,19.31623931623932,4.62962962962963,-17.916666666666664,-8.079322638146168,46
7109,-13.253968253968253,-17.77173913043478,12.878151260504202,4.385964912280702,49
7110,5.129931796598466,9.50937950937951,9.62962962962963,0.8161708619374526,47
7111,25.155884105159465,0.0,6.766917293233083,12.777777777777779,41
7112,16.532008004515493,15.070783070099077,17.795531557697853,8.333333333333334,44
7113,-11.812179118645014,-3.58108108108108,-23.4690276428716,-3.747394204711277,90
7114,16.262626262626263,2.264470027854091,-98.4562878641826,-22.826617826617827,80
7115,-3.4053003480445447,-42.131996171226554,20.456349206349206,27.911944083255896,83
7116,20.106429450760714,-29.6256038647343,-0.2940763503073536,4.601938518593236,72
7117,5.074030990154297,16.691919191919194,10.0,-6.438539989264625,53
7118,-11.710526315789473,-33.78254644725178,-8.608142238279225,-85.76516472397871,99
7119,1.6610971874129774,-4.780801209372639,-8.863372817357638,11.641177946209393,60
7120,12.642074772807353,-8.164128423260298,21.954443168468064,22.366728457476686,74
7121,-47.41055183750225,-24.744483897635074,9.270767654476671,-22.701621653460737,98
7122,-39.33827459728461,-21.020918347968887,6.16883116883117,-15.392996379838484,93
7123,-9.915812816354611,-8.57031857031857,2.0768941110922245,-15.86094866796621,61
7124,10.993951772117397,-24.269633779437697,0.4964014591343786,-13.993870812070831,67
7125,18.235294117647058,20.952380952380953,7.203556147210648,6.878781091214348,45
7126,15.938003220611916,18.83459530602871,-4.360305525719058,11.839814603459377,61
7127,11.436781609195402,0.9264335856316994,-11.794871794871796,-26.15776101418031,67
7128,-4.201605709188224,14.485897892916604,1.9841269841269842,-4.179679650190993,64
7129,-16.116621588410606,10.75956450956451,-21.491676442656832,18.69476148668423,67
7130,-34.321328836111064,-32.140578381364016,-40.574307994530635,-2.5297932696963805,110
7131,4.347421277032928,-30.85419199954812,-43.22319722439234,-31.628206815283175,112
7132,15.325804080497447,-1.2300181543602573,-5.4212454212454215,5.366161616161616,55
7133,-15.692388142628364,9.600209794899564,-37.27805258756011,8.566861883387585,74
7134,9.62962962962963,-0.4513888888888884,3.4722222222222214,4.335585585585585,43
7135,11.237816764132553,12.774205271556967,-8.869675799963215,-9.172739556527215,74
7136,-2.715448132114798,4.856418918918919,5.953579038034363,6.107884057623863,57
7137,11.547619047619047,6.5656565656565675,7.525252525252525,4.835434808597697,50
7138,-19.711116769940297,0.3061822100405287,4.437984496124031,-0.9289351298322621,68
7139,7.881952270052339,3.9623242254821203,-16.478961544744422,16.41684206813892,69
7140,-1.174548682264308,-42.344405368079066,14.749439361842462,-12.409154765203969,86
7141,15.85419142404437,29.69322344322344,6.711215932914047,-6.209845505511139,56
7142,-15.965164859981934,12.574855666162128,-38.416521901278664,27.5515388293027,79
7143,6.937984496124031,22.503192848020433,16.515594541910332,2.7821869488536155,45
7144,-16.938452875952876,-4.8947384867902315,-1.4623744234535914,-13.894993894993895,72
7145,10.825133209434481,-17.464039516376417,-10.162140460243442,-34.4818915652249,82
7146,-10.50400778168575,-19.661758257093,-2.401937802781685,-6.3163260849250165,79
7147,17.976190476190474,1.5918414729959722,24.533232150358963,15.16164994425864,52
7148,-44.1681730046654,-54.90337473678753,4.784687442177908,-30.98235253994081,133
7149,7.849821987269394,-15.84727712927376,11.0515873015873,1.5159325527477376,72
7150,6.049519529845434,3.8319238900634254,0.5555555555555558,13.205128205128204,51
7151,-2.907955865272937,-15.012835314412467,6.4367816091954015,-11.226472374013357,67
7152,16.242528350371487,13.132697019563594,23.867141936427725,-2.9762423714036608,59
7153,-84.09588881637535,-20.384799587385793,15.518541871000888,9.901960784313726,83
7154,-10.0,-8.667285845988415,8.805569970593323,13.623188405797102,48
7155,22.873667468256734,7.070707070707071,-24.093761535622,-37.44455239553278,77
7156,1.4619883040935673,18.596338273757627,-21.45299145299145,-37.8306009013292,62
7157,10.862901302380447,0.43077374170302374,-9.272538667699958,13.205128205128204,64
7158,6.5656565656565675,9.197802402136766,-29.148575326772693,-9.47693038143179,98
7159,4.62962962962963,-16.52777777777778,8.808897542756943,12.81857031857032,45
7160,-11.55320430208231,-1.9371368974577616,14.627375854556384,16.488095238095237,56
7161,0.49477734961606057,-21.051653660349313,21.086645184389546,7.775524002704531,49
7162,6.292107324716021,1.532286571112556,2.525252525252525,9.980359147025816,48
7163,9.274891774891776,-11.962180215629735,11.149528231732301,-7.204726397465556,82
7164,2.1569927705830336,-6.689203464501741,-36.7565397265906,9.39626848513852,79
7165,14.089363264399134,9.054881899709486,-12.957258815545867,8.472222222222221,74
7166,10.254515599343186,-36.49437043689129,-19.875696822757842,-8.633879781420765,77
7167,10.690586419753089,-3.1663989926548446,-27.8692462853072,-2.660611296707132,69
7168,13.585395493127074,-9.65270676875887,-12.572786690433748,13.623188405797102,81
7169,-17.141630551979883,-2.425383258716592,-69.81588345623433,-8.734086663512805,86
7170,18.058361391694724,13.410973084886129,3.630050505050506,-63.81961000061128,55
7171,9.581586303284416,-2.3223299064953586,-55.32636508918015,2.1357038023704704,95
7172,8.387137929820856,17.64234957548911,9.745306153974884,-5.0,48
7173,13.968253968253968,11.112325174825177,7.216775599128541,13.009153318077804,39
7174,10.704365079365079,-24.98259406971949,-2.379110925306578,13.623188405797102,63
7175,-23.96940418679549,-11.174222090934038,8.203463203463205,21.38888888888889,60
7176,4.907027670185566,12.427213309566252,7.314814814814815,2.525929609805587,49
7177,9.967320261437909,13.828310307160631,-29.718617224397477,11.417112299465241,70
7178,-17.929649062434347,-4.689301926144031,-3.5175729560428333,9.643753894744963,75
7179,4.810298102981031,-11.794871794871796,-32.98508902780455,-35.06565055310972,71
7180,3.205128205128205,-13.34357398873528,15.923202614379084,24.906083543594058,41
7181,4.990136092326805,9.117647058823529,-57.12033759955333,-27.540163702918633,97
7182,21.92941317941318,-0.9464555052790347,-16.78943333898138,-3.1092063632892586,72
7183,-24.844552207675523,-5.7365118914723965,-2.961287078934138,7.777777777777779,67
7184,-21.370058245058246,-26.035473312478942,3.5287948792169543,-51.066407749882046,85
7185,11.163068764720332,-39.72488780117028,-10.495116720606916,-7.023809523809524,81
7186,-8.785369979157275,7.15585941979131,-36.91189590028911,-12.326212434908086,87
7187,-20.621800929207026,-30.422818409328144,-2.925863044708545,3.5697619708749855,89
7188,15.398110661268555,19.203662387649665,-5.604575163398692,22.354170300598874,52
7189,-10.817358381767866,-28.606841818811112,-3.8779239766081868,7.688172043010753,62
7190,6.388888888888889,-9.949494949494948,33.539186210137586,-120.4805996472663,72
7191,28.491585169150774,6.051587301587302,18.817487899788247,16.30952380952381,49
7192,9.901960784313726,14.751818570817287,-4.587710084033613,-4.01913875598086,43
7193,7.525252525252525,-11.795366795366796,2.541509089330257,10.109346091190918,58
7194,6.720047891693412,12.66620075830602,2.4291582426751397,10.351696234049177,57
7195,-3.02986170313536,-1.1791946772861444,10.303030303030305,-0.18518518518518334,55
7196,15.514855624556763,6.072345762430422,-3.7119735365349387,-58.1216853069491,96
7197,-23.852356213299934,-24.058017342476866,7.314814814814815,14.38871473354232,67
7198,1.5471723398552655,15.257175333901676,4.047964158307046,7.777777777777779,53
7199,4.671409214092142,26.313131313131315,15.343971061139074,-14.106699751861044,50
7200,13.333333333333334,22.1576718649575,5.570603736841345,-5.147466415964381,69
7201,10.398815743643329,23.19810423071293,13.205128205128204,26.042697555855447,40
7202,5.392064569436442,-37.431905361722926,-16.656351311523725,4.498849131617494,75
7203,8.126851218956482,4.261363636363637,-44.98881734584341,-2.1305573117167294,88
7204,15.561172901921132,2.2230124861703815,20.935943821973233,0.008710801393728484,43
7205,3.4722222222222214,-2.628384687208216,4.445234708392603,0.0,41
7206,-4.975595750789549,-16.636636636636634,5.7082348305752575,-26.911296939759936,63
7207,7.492572786690433,2.9249872594425845,-3.4343434343434334,10.831997112820519,64
7208,-7.218051845711418,21.633986928104576,9.623015873015873,17.234433829261416,51
7209,-2.3288598200751975,-9.763642760924867,-33.861509178159906,40.956194546942776,86
7210,-16.66796000448459,30.39491570384019,4.65053540954481,-8.702099192912518,84
7211,6.101190476190476,-7.897727272727271,-75.54472994799627,-51.11688473944845,90
7212,-33.194892031777854,-17.921417810000154,-52.53996003701192,19.971814101005094,102
7213,7.863688288186001,-3.699717329854316,0.10735951468710159,10.467372134038802,82
7214,12.977543862424401,13.439775568806592,-102.8832431058615,-8.986025228709702,107
7215,12.525252525252526,24.20413727480977,-10.250759878419453,7.846181596181598,58
7216,12.166630092897375,-7.678889737713266,18.41269841269841,-15.995423340961098,50
7217,15.022140346696412,-28.392857142857142,-1.7885723214043083,4.787100025195265,66
7218,9.587732528909,9.166666666666668,2.084275721786237,-12.682198327359618,48
7219,-3.1450128818549863,-33.76930300348724,-4.96366703863117,-2.8099669990377167,67
7220,8.623188405797102,24.464841019018202,9.989759344598056,5.0,41
7221,15.378456503206353,-21.424432557172775,-11.563208616780045,4.621212121212124,92
7222,12.192982456140351,-18.8484120512843,13.333333333333334,-27.464507170389524,59
7223,-28.83076866564998,10.747852222310428,-11.112858141160029,3.240218342677359,75
7224,-6.212121212121211,7.873563218390805,-2.409867172675522,3.2051282051282044,38
7225,8.557658986564826,-16.31191346708588,4.901960784313726,29.539963918738724,61
7226,-21.865079365079364,20.13496307613955,13.91164994425864,24.563963751294278,52
7227,3.086419753086421,10.164141414141415,25.07391724303489,-5.370370370370369,51
7228,23.235294117647058,-16.91358024691358,-5.026301218161683,17.469060505874616,50
7229,-5.246816675388104,-2.528770127084734,-2.4061990937120257,-52.36611608263382,90
7230,-20.847037115051435,10.856428510890755,25.183429300493323,-133.90970572287233,127
7231,6.88608776844071,0.9000721500721509,5.195515449822259,21.100886515488426,64
7232,22.276891752482904,2.688172043010753,-13.506493506493506,9.901960784313726,44
7233,0.10102949816620854,1.8399452804377567,-44.318489775806846,14.166666666666668,66
7234,-4.942803683397512,4.9058084772370485,20.089683675771763,16.705990685887574,88
7235,18.93740136420415,13.053199208036855,16.764069264069263,7.777777777777779,66
7236,10.0,13.787878787878789,8.688195984211166,0.0,38
7237,5.0,4.166666666666667,-9.134987400442046,-4.23506199419387,69
7238,10.0,-2.685185185185185,-0.37037037037037024,-6.203234167230111,42
7239,-0.46672861188990145,20.980392156862745,-57.954931665068884,-17.936336215535626,85
7240,-4.855828330955521,-23.628747795414462,-11.855478750640042,20.958214514055335,66
7241,27.136752136752136,7.52480158730159,8.374183006535947,2.450980392156863,41
7242,-2.9597701149425286,15.277777777777777,7.604166666666667,22.136752136752136,39
7243,6.683231531602264,-0.46723828030543046,-9.673474220597843,-14.16285493086538,80
7244,-8.289752362333008,9.898989898989901,-24.36578094844224,30.44340090728404,64
7245,12.348828420256993,5.118940078289674,4.6673501936659845,4.62962962962963,49
7246,-27.292384738816445,5.0,-1.4542246988088516,16.376803979262995,62
7247,4.943669038496624,14.881154499151103,14.44197978983218,-34.00976527590588,59
7248,-17.600746248287233,9.516870240049776,5.846243468147494,27.383096110692055,71
7249,29.72027972027972,11.237816764132553,-14.975820962663068,-11.0619942421413,55
7250,-4.708994708994709,12.173382173382173,26.14904171017008,-29.558325316077305,64
7251,-36.8391994478951,8.386515108213223,1.7361111111111107,18.25156032965135,77
7252,0.17008304242346917,13.045707802936073,8.671802054154996,4.850489017155685,61
7253,-2.891083366049419,-5.090996168582376,3.695998724693128,-34.137627163087885,87
7254,8.848391235901747,8.374183006535947,17.38095238095238,2.604166666666667,44
7255,14.988360407002494,7.393029675638372,-60.442649885374344,1.3227513227513228,65
7256,-29.11850495183828,-3.640350877192982,23.240857846103868,8.214273477918251,77
7257,-2.395833333333333,-23.825636267496733,9.38492746026286,-10.64813424318512,57
7258,-45.536189704554744,2.450980392156863,3.7024087024087033,-29.19675562532705,80
7259,7.545299886048117,-2.444717444717444,-10.72039072039072,-4.285714285714285,48
7260,9.18492366719866,10.0,17.25308641975309,27.19298245614035,38
7261,-31.93249144077302,6.4333814333814345,-74.05127841799276,-3.8159879336349913,92
7262,-9.284944581280788,-40.955165692007796,-54.38815268256771,17.365136876006442,72
7263,17.79106733375026,3.6968916459584142,17.688172043010752,1.7559921589592804,52
7264,-21.043472085368325,8.599426502393623,4.643930342855075,19.22008547008547,63
7265,-10.031396095547604,-1.5266106442577028,15.202280580984699,7.727695507683865,78
7266,-4.258696386355961,5.0,-59.82478337550801,-5.785051568520128,64
7267,-20.720822903629536,1.9841269841269842,-2.0238095238095237,10.457380457380456,47
7268,23.27372691363297,-13.580100012325078,-7.191239636208189,-1.9525284400810343,58
7269,-8.41801315485526,-15.011208992453666,-27.601559068950372,20.92627401837928,57
7270,-5.576338533655606,19.265873015873016,6.267701525054466,5.537400145243284,56
7271,3.1015128488532753,10.628654970760236,-34.759374463015064,31.10723245821979,74
7272,9.272875816993464,-12.165242165242166,-5.832770005548042,-41.94185034959178,83
7273,-5.614035087719298,17.976190476190474,13.205128205128204,27.314814814814817,36
7274,-13.88888888888889,5.467372134038802,-6.105072463768115,-4.484598486584582,57
7275,-35.59284934284934,14.076390354068813,2.604166666666668,3.3629043860730894,76
7276,-29.66075226618746,14.146191646191646,-1.8929110105580698,-4.547015573230405,71
7277,8.469301934398654,-23.650212598797673,-7.461579874206974,17.18603635786298,86
7278,-16.52777777777778,3.9682539682539684,0.09259259259259345,-16.365994341418705,61
7279,-4.344291268999646,18.205128205128204,33.79810767678415,11.018518518518519,48
7280,-2.6190476190476204,12.317801672640382,-87.90386767482111,-6.717618424935496,77
7281,21.52271704903284,10.467372134038802,-1.212121212121211,7.604166666666667,39
7282,10.0,-1.8350168350168339,-25.36005501522743,3.2051282051282044,48
7283,9.274891774891776,2.4681535007621966,-14.628155086531912,7.078514743475306,74
7284,-16.376482438310394,-7.686094393411464,-11.05119825708061,26.597278443969266,62
7285,-1.666666666666666,9.59938948054398,17.282913165266105,0.7599405425492383,40
7286,-8.530701754385966,9.720406681190996,5.773809523809524,9.471799251467264,53
7287,-60.961523199263816,-23.468279259072883,-67.19058683298374,6.201708755610938,121
7288,5.0,10.651340996168583,18.009153318077804,13.086419753086421,31
7289,-0.09678230266465615,-30.86729958197952,6.507177033492824,5.0,54
7290,17.4931932307291,1.8115942028985508,10.0,-8.461718020541547,47
7291,2.735911749069645,-3.59903381642512,13.337382184943776,9.980359147025816,70
7292,-9.196661450182576,4.129707658228105,10.183941165398966,-34.133392751634965,77
7293,6.264823937237731,11.231484728825155,-15.600861556743912,-20.154392391234495,64
7294,9.656084656084657,13.086419753086421,-29.975281002115025,-6.319444444444445,64
7295,-4.31019366305695,-17.23709894441602,-9.635873673140754,6.894089012785795,77
7296,2.167341335698335,-53.595492169881446,25.45834305247998,0.0,78
7297,-30.500233754090697,-73.47837743396954,21.225490196078432,4.736657458936026,68
7298,18.897040133875112,-9.07789343979337,-6.518480177900467,4.718234981392877,67
7299,-71.74349001120031,13.99128808611567,21.344086021505376,-3.308080808080808,62
7300,-15.39086319788074,6.0623550495467,16.05468255659109,-7.619047619047619,55
7301,21.268464650817595,23.689033861447655,6.052631578947369,-7.792208843331593,58
7302,0.5067155067155067,5.180408613911118,4.0841046104204,28.025041372755744,66
7303,-25.129880185027243,12.85437832607644,19.23921169028726,-13.424329501915711,65
7304,-4.698248905565978,21.202148213642467,-21.99970721709852,7.094943240454077,53
7305,12.873563218390805,6.592533522358083,8.402457757296467,-1.447368421052631,43
7306,10.075624150290446,-7.307069292363412,-50.21268932992097,9.252799310938846,70
7307,-1.4748508098891726,-0.6140350877192979,4.940424295263005,7.976190476190476,39
7308,7.604166666666667,-32.234096598598285,2.5970480312038267,-25.53871358898919,86
7309,-13.355155482815059,10.613632159991557,12.777777777777779,22.666511048863992,52
7310,17.371794871794872,13.417508417508419,17.450980392156865,5.0,34
7311,-14.396887834387833,-1.0795845513179714,4.079759479618512,7.314814814814815,70
7312,9.596908939014204,-24.25437162044305,-7.0622796709753235,-13.029389451737032,77
7313,-8.845383845383846,-37.35170653435426,-2.746004555868752,-18.757814646531,96
7314,10.419654626237055,3.235283495700159,19.941797132289608,-32.22708709380468,83
7315,-11.011636636636636,-40.36273610730997,-34.3158265439927,5.0601373705335915,75
7316,-12.055513944503659,3.8913727438317594,-10.138445783607075,25.58287198912199,66
7317,15.0,0.4777298850574714,0.5820105820105823,23.8097680860179,56
7318,4.880443684615718,-38.19941452538066,2.8747103650473957,5.947828704567625,95
7319,-7.942176870748298,2.6642891821404455,2.6683652265047613,11.633986928104575,52
7320,-36.42620303291056,6.436781609195402,-1.2834195922431224,-14.263009445638149,85
7321,-18.26388888888889,-149.57795433804515,-33.697916666666664,-0.6538435851198825,110
7322,-69.77835638688352,8.598740440845704,8.472222222222221,11.418485237483955,58
7323,11.041666666666666,-63.51315608084225,-24.43105915178425,18.41059682234683,94
7324,-3.2864450127877234,2.301587301587302,10.613319984744471,15.031715889559027,47
7325,14.239164388281857,5.0,9.91235212216504,-20.514504042261713,86
7326,18.621482683982684,18.6231884057971,16.88608776844071,-1.1596428753518355,61
7327,-2.291990115815294,10.0,6.2213522581674425,5.820399113082042,55
7328,15.19551544982226,14.246031746031747,-6.7890958163676185,-15.521541950113377,53
7329,-12.371160803178348,-17.136818495514145,3.20516649054586,-3.0502061935885454,69
7330,-11.29187611660397,-30.243136285399387,-1.1256624881519741,-11.361635851999086,75
7331,8.878201415386771,-27.38474629728615,-10.181642275864109,-1.3768115942028984,88
7332,-52.63768579192215,4.507042253521128,21.129155903808055,-4.038241733474999,90
7333,-7.916666666666666,5.626868831203197,7.604166666666667,-5.4392227905655,49
7334,5.426095952411743,-31.145845183112268,10.0,5.0,49
7335,-40.95342964529011,10.0,-0.32865529084524603,-12.515041610436349,67
7336,0.0,26.784564067172763,-11.80470386352739,13.65079365079365,54
7337,-25.822448624172765,0.0,-10.14819240582965,-70.3781673226707,88
7338,-32.836257309941516,5.0,1.9930069930069934,10.0,42
7339,-42.99226050192347,1.937984496124031,-2.4885195168214027,14.691267904495115,92
7340,11.345406318569209,3.6744639376218338,22.51459112072923,-7.023809523809524,50
7341,10.978260869565219,3.4722222222222223,7.434900573845807,10.139511236002463,54
7342,11.051587301587302,6.49368373243278,-2.409867172675521,24.725415070242654,45
7343,23.374183006535947,16.221340388007057,4.335288367546433,-30.19025500346017,71
7344,-10.90457495694291,8.205128205128204,28.52883387366146,-19.390635152696554,58
7345,20.726013752329543,-0.19183430948136815,17.136752136752136,13.623188405797102,39
7346,-0.8407605466428989,2.5934117308591365,-46.06957244846554,1.9688018615789087,89
7347,1.0819023044619813,-5.833333333333333,-11.68929267613478,-36.607988927424415,79
7348,7.873563218390805,3.540548598688133,29.984147334801275,-12.55426013772287,55
7349,9.406960443208579,19.258277472536733,3.6570593149540525,-11.775114155251142,92
7350,-10.358424094249939,2.873563218390805,-3.7169312169312168,27.66923068835637,63
7351,1.4491712884478958,-1.0317460317460316,-30.586527293844366,-54.74507718275057,90
7352,-11.011396011396013,-18.817998626472928,-2.3700775874688915,-6.794871794871796,54
7353,-13.297715549005158,-2.591146774621074,-5.062983863539981,8.687048782830518,66
7354,-4.147257414967724,7.259528130671507,-7.195722070767348,7.136752136752136,59
7355,-3.3389418406571507,2.3029211684673876,18.495198481960358,-44.30727103572285,80
7356,19.256715506715505,7.314814814814815,8.684807256235828,-9.18938947189721,49
7357,5.285213518884547,10.0,-2.0536216124451414,-1.029776674937965,67
7358,5.433015863495825,-0.202850877192982,7.764550264550266,-4.285714285714286,50
7359,-53.96474009968205,-15.616673899606791,3.8313490674810033,7.380952380952381,75
7360,31.791243368576012,30.582858495160558,14.423091981231515,-0.6355469016875039,61
7361,8.702803890471358,0.19551544982225888,24.198191408004327,-22.1656162464986,68
7362,25.458428178069937,-39.15977350602144,-8.531397939292676,17.45020230314348,78
7363,-1.774427811745964,5.885390377803187,12.826879910213243,10.76923076923077,57
7364,1.6648136954362949,-31.73879571002046,10.117859303430992,11.753812636165577,70
7365,9.166666666666668,3.4722222222222223,22.688172043010752,19.62962962962963,31
7366,14.160886982418242,-0.37141801981060585,4.757131535721962,19.20559052692503,70
7367,24.47375583076544,4.166666666666668,-12.596450617283947,10.607315389924086,60
7368,8.795721187025535,6.599378881987578,-5.614035087719298,-32.45642701525054,47
7369,-9.40514730464869,-5.694586265414438,-18.456178324599374,12.905705405705406,96
7370,23.488651871004812,-39.4023569023569,-23.578874433010505,-16.30194667846762,87
7371,13.229617604617605,-31.750655055068112,-30.277732948604164,-3.2864450127877234,76
7372,-6.635286690433749,-17.61404120875649,-5.151321398124467,0.9523809523809526,70
7373,20.158730158730158,-1.2121212121212115,23.791547958214625,10.0,35
7374,-43.64280483048499,-6.756424152966906,-18.77446955793812,14.685712470249216,87
7375,2.3561215612846063,6.9344811095169785,5.753922636030815,9.111366669506204,69
7376,-13.417528304155606,15.880617892112147,-21.503732622153677,-30.128658094666868,97
7377,7.981601731601732,-53.093764225342596,-17.26390641506225,-22.031007643435625,109
7378,-20.01790872590979,7.364766081871345,8.205128205128204,8.071769926608638,57
7379,15.607315389924086,2.7287581699346415,23.527077497665733,-30.76242651673083,75
7380,-11.156622207744958,-70.14934936706578,9.825741786612152,8.633449099550795,83
7381,-8.319862083010209,-34.616368909830435,9.749453762611658,10.424324213116046,83
7382,-1.9135802469135799,4.01663695781343,24.347335140018068,13.101851851851851,41
7383,7.742666207550448,13.205128205128204,1.8115942028985508,7.542151876849399,62
7384,-47.774750429171526,19.370548433048434,-16.530054731630276,-10.116231234652288,83
7385,7.71604938271605,12.873563218390803,13.472222222222221,-6.031746031746032,36
7386,21.602564102564102,0.2750218463192766,-1.7009379509379512,14.738224019233174,52
7387,26.523708755845455,-0.3683643556583558,11.84021263289556,19.365079365079367,60
7388,7.9567382508558975,-33.21264615171934,-25.084276061471286,-45.32414395428094,89
7389,9.166666666666668,13.787878787878789,14.62962962962963,22.77777777777778,30
7390,9.573934837092732,-12.524043277900219,2.032520325203252,-28.8953488372093,50
7391,-22.52374640077266,0.513633062652672,18.831613247942265,-36.64930106472761,117
7392,7.61278195488722,1.5522030244815923,21.19279472540342,-41.57250621314277,88
7393,3.9682539682539684,-17.63484463552863,14.385964912280702,7.065897553784198,57
7394,-47.82501237480899,19.159239453357102,-27.264427239072266,3.368449184974887,78
7395,7.314814814814815,9.068462401795735,4.55045308068574,-9.298331572349483,69
7396,-26.086017740429504,-1.5297558351915557,-15.22464966567079,13.626993921111568,72
7397,12.032520325203253,-37.5838456540211,5.0,18.41750841750842,42
7398,6.478589201096693,22.644809693551423,25.0,-9.782347282347281,72
7399,-20.86053941841418,22.533850088120502,-6.145575537590056,-10.417888563049853,72
7400,14.080217497556209,9.534313725490197,-1.898148148148148,5.291005291005291,42
7401,17.77777777777778,3.597883597883598,-1.3287541782587766,-17.853048194776896,83
7402,-0.557055030739241,-5.240349013168485,37.46420378973098,-20.625691251935045,71
7403,19.49737141233305,11.58198684514474,-13.053790181449756,1.666666666666667,54
7404,-66.64547988809375,-7.408046792250272,-17.374338624338623,5.893646601269074,115
7405,5.679187710437711,14.159023634842823,-20.994821382567775,-13.835412953060011,72
7406,5.2501624431449,23.157015454643126,-3.948412698412698,-1.9932809166061243,68
7407,-2.474747474747475,8.930436847103515,25.58377896613191,7.113363363363364,44
7408,5.323868677905946,-10.989665175272023,15.188405243229807,-10.30389235335376,80
7409,3.5225048923679063,-21.69151037475695,3.1754850211129884,-88.71823412941833,75
7410,-20.406355897054947,9.191919191919192,17.38977754844628,27.647410586213965,60
7411,27.136752136752136,11.85483870967742,11.661442006269594,8.333333333333334,39
7412,2.525252525252525,13.525149190110827,20.05952380952381,4.544695071010862,40
7413,-0.8770708189312837,3.316119089776379,5.3691796965538785,8.474698244495972,68
7414,-0.05601251024592102,12.220722747038536,-6.325904392764858,14.976737821565408,52
7415,20.0,15.227272727272728,-12.95059862494073,1.4692982456140355,44
7416,-7.3082796760587545,11.16883116883117,-10.614481795483078,8.75677713913008,63
7417,10.784313725490197,8.795546558704453,2.590132827324479,-44.69456911011379,52
7418,-6.4220863252520495,8.326745718050066,6.358701358701358,-8.798043326345212,73
7419,10.0,-6.0153256704980835,7.450980392156863,6.102693602693604,38
7420,11.412429378531073,-11.10043166644439,-34.85470275066548,14.430505774591797,62
7421,5.429889183297081,16.572327044025158,-0.7671957671957657,-4.163051512383103,62
7422,12.604166666666668,-18.158182813355225,11.578947368421053,10.467372134038802,41
7423,-29.779641239050903,-4.195887265434541,-49.88059008807498,15.533544015855428,93
7424,6.889994186009368,6.331822387663209,12.142857142857146,15.823975571315996,56
7425,-11.304837532590593,-21.74718196457327,6.2728158912993734,-51.55904915016334,78
7426,-3.854886235023221,-16.89006836265468,16.354388353712906,-47.757055007679945,81
7427,13.772997835497838,0.0,-44.93484144341011,4.166666666666667,57
7428,7.022862195275988,-15.46223444664027,-18.655913978494624,-16.845238095238095,64
7429,-0.45977011494252884,-27.182765151515152,-2.016594516594515,-4.193962106280258,66
7430,33.42377857130021,-4.7846432803364705,-16.42009591552781,-46.27654752654753,77
7431,-10.532770004239879,-28.65567182851296,-4.481580510992275,-32.338088399571504,93
7432,13.789304349076644,-21.43236089221004,-3.749999999999999,-8.427579365079364,63
7433,5.0,-18.270840076196365,3.4102386474302993,19.41997851772288,52
7434,-25.412267471091,16.0626102292769,-20.220934178951477,1.4783130994333233,76
7435,6.238859180035652,10.47336713719344,5.0,7.252252252252252,42
7436,2.073194518047461,11.214281523206008,7.976190476190476,-0.8307275380446111,43
7437,2.192982456140351,8.862327921252406,20.016722408026755,16.088999251977498,46
7438,-7.231299927378358,18.220188314274335,-0.9223926639621363,-38.097471853257105,69
7439,-34.677544677544674,4.134096038036958,-16.589711569007633,-2.126436781609195,65
7440,-103.74272279444693,-0.11869208590684366,-30.961380502711147,2.5603567041229747,129
7441,8.967498600853567,16.76957223567393,-31.20761916493624,-1.304215399610136,72
7442,-71.57392146293894,2.252663622526636,-6.666666666666666,14.031768636232991,76
7443,11.097796862852887,15.536758563074354,-12.126436781609195,-0.8734492067825386,54
7444,-17.495979588080306,-19.049114707660166,-47.523272837483766,-52.16406541474941,104
7445,-16.06460277135102,-18.275675179884622,4.207864620028868,-88.1355469016875,83
7446,8.968253968253968,-1.4047660958416106,2.192982456140351,-10.3125,43
7447,35.65366643733517,-1.0153256704980835,10.0,-19.535931331596966,48
7448,-0.028215301360919653,-1.2121212121212115,-29.86684441742337,16.829046898045615,72
7449,8.169984013815666,9.62962962962963,16.93798449612403,2.229319337162477,54
7450,10.0,1.6564260112647213,8.205128205128204,5.0,36
7451,-2.0238095238095237,7.482890499194847,-6.3768115942028984,-28.34357398873528,52
7452,8.968253968253968,8.10708898944193,3.9952852291446286,0.0,46
7453,7.020581537666587,10.476190476190476,-0.6772573725539319,-40.942933014027176,88
7454,10.365853658536585,14.529989229655524,13.623188405797102,6.8464052287581705,41
7455,-6.666666666666666,-2.474747474747474,4.62962962962963,-3.9992257065427794,43
7456,14.445765386257861,-20.126158207139646,7.30594527764339,-29.150583035144606,92
7457,1.4192343604108313,-7.863247863247864,9.918981481481481,23.79798966913304,42
7458,-9.567453446881458,5.779848171152519,-1.4340520590520585,-5.291773193155837,73
7459,-86.64281148062089,18.805132066001633,15.014619883040936,-7.246418862709845,77
7460,24.60984565900761,4.032258064516128,-47.346966579051504,0.4113255516587735,70
7461,-2.474747474747475,-8.765224751052303,19.294968743698327,-2.826617826617827,59
7462,10.44973544973545,22.09963444038267,14.347335140018068,-19.101918993403814,57
7463,1.6614420062695934,21.87128255110711,1.9841269841269842,17.154882154882156,45
7464,9.901960784313726,20.0,2.419777995069619,21.37249689881269,44
7465,-0.17613526892237985,5.820399113082042,5.971328803809623,2.1367521367521367,51
7466,-2.3419064595535173,2.9761904761904763,5.982905982905983,8.472222222222221,38
7467,-22.188790303597102,-18.04846151948084,-51.23395577874259,1.0288065843621403,92
7468,-29.76393024744536,-5.047899255216328,-3.0663472330138983,-13.985867149902441,88
7469,0.5860805860805858,-13.829984139209088,-6.607752249766771,7.604166666666668,74
7470,-13.083735909822865,-19.601889338731446,15.57909604519774,-9.873186227352893,60
7471,9.224309282448816,3.016910170091942,3.995601173020528,23.301222108721923,76
7472,-0.566344817496891,-6.29086681074667,-3.4688269247092776,4.225502781343604,64
7473,4.853337046319503,12.506127450980394,10.32563405276198,15.0,59
7474,6.395467277820219,5.0,8.333333333333334,12.976190476190476,34
7475,12.99691593809241,-9.279769937664673,-13.848039215686274,-4.44222557824693,69
7476,5.0,-14.023055833630655,1.8115942028985508,10.78844562919386,50
7477,-13.452845829191107,-18.592506315827617,-35.57510885341074,-26.834032094875244,105
7478,-1.9073457832295126,-23.8933232853378,-4.81993128388478,0.7352941176470598,81
7479,-112.69345649249355,-0.7148160522701112,4.437229437229437,-13.633879781420765,77
7480,-23.52543717459373,-65.52930919310423,20.580973920904945,-23.844770373839864,106
7481,8.436763550667715,-1.8656544743501264,-10.29704012462633,-107.32402812325104,68
7482,-15.829254635693921,-11.843634456123944,3.1385118149824027,-20.984206190430132,78
7483,11.097769567597155,-43.64705522971652,11.984126984126984,20.5671654626763,60
7484,4.340822013235807,-27.75936831679637,0.2922963138016912,-3.5064935064935066,61
7485,-17.576974109481853,-70.7470377548426,13.870881461903759,10.456349206349206,68
7486,-23.21809495110524,-5.632575409488714,2.6187865497076057,-5.05405789582875,89
7487,-2.6984126984126977,4.90378819768255,-7.717086834733893,6.488538843721771,53
7488,6.930534281188223,0.028445373272958818,6.359649122807019,-5.156602230334948,51
7489,-1.660808277453313,4.938377967114905,-29.34766969759342,19.531590413943356,72
7490,-10.660471182433778,28.705933790520255,-29.75326823962347,-12.564296044771426,73
7491,-20.539942435103725,-45.929308548589624,-1.3898710668238152,7.04069682330552,74
7492,16.361935854062665,6.174704924704925,13.799791701242764,12.094943240454077,58
7493,6.2128639334521685,3.845819503714241,7.083333333333334,-24.62410564408335,77
7494,-0.6780240831964974,-16.043144661565716,21.697781494650346,1.990131578947369,83
7495,16.610410735124695,-33.73533722798428,8.540548598688133,3.1818181818181817,61
7496,-10.325305582981017,-1.8236945756806717,14.901960784313726,17.987618806387804,57
7497,12.142857142857144,21.787035227527703,-7.222222222222221,-1.8765356265356252,45
7498,-17.290597308679857,-26.24598225298565,9.64170692431562,2.833639435435508,73
7499,13.352124279543634,0.1883012820512826,15.013121572046058,-80.68821264943507,73
7500,-20.74976741095162,-3.6969361387966035,-2.4307174307174315,15.920282326555517,63
7501,-27.149945030169484,-9.673659673659673,-2.4820768171971572,6.88608776844071,78
7502,-2.222222222222222,15.008710801393729,-6.57965657965658,10.362537795300215,52
7503,-7.8576415108072375,-5.92111592111592,-10.709263854425146,-43.27590613219096,82
7504,-61.24634502923976,13.795721187025535,-9.737833383782329,1.6339869281045751,59
7505,-7.623698725574254,-5.905427388346643,-56.47838999996934,-4.177253478523896,108
7506,3.08641975308642,-11.168076109936575,2.005503883957064,10.0,51
7507,-8.650133184031487,-11.142398105868425,-6.925134697789067,-22.799873737373737,89
7508,18.181365727132317,1.5384615384615383,-12.222222222222221,8.379208328652211,47
7509,8.472222222222221,-19.43907156673114,3.0447330447330465,-9.185161243984773,52
7510,1.654204144541175,24.127893581675096,16.00638720203725,11.547619047619047,49
7511,17.38095238095238,-11.913580246913579,15.9375,8.870214752567694,35
7512,-24.915130019619184,-7.722874779584085,5.0,-8.802440884820747,67
7513,-3.4275793650793647,4.9060835435940575,-1.3768115942028984,3.333333333333334,43
7514,1.6696535244922348,5.361344279027206,-7.059222403479577,-29.19387107792905,81
7515,27.238920788050336,6.264675363824457,-8.38923269781225,13.40491776902927,68
7516,7.873563218390805,-68.53609443482821,8.43348902559429,-2.395833333333333,68
7517,14.43064523461728,4.2677384344051035,21.725040257648953,5.0,54
7518,-4.358951914098972,11.40096618357488,9.888467078803584,8.086419753086421,58
7519,23.015632028789923,-7.3597644185879485,15.871212121212123,13.794630620775393,52
7520,-20.68318834349774,-15.583223745850937,-0.24000690667357372,1.613756613756614,77
7521,9.58538587729015,0.8756764354487321,13.143631436314365,2.0847248478827427,64
7522,-8.939426439426438,5.333173919974493,-9.279214559386972,14.60913680211926,53
7523,-9.300903774587983,12.553418803418804,-8.390298332158796,-8.22695035460993,51
7524,-48.5557208994709,3.6532184358271316,0.5014430014430005,-13.53174603174603,64
7525,22.42721330956625,9.865159941886285,-6.80429268962617,-23.023747289098168,88
7526,-9.752768619688098,-5.405982905982906,9.262574595055414,-16.652206359079674,63
7527,-14.825053418803419,9.85806313172042,5.785670895186517,-76.15408596897761,77
7528,3.700980392156863,3.072358072358073,17.220722747038536,1.1256864932179411,54
7529,1.8723441720273584,23.216690716690717,-92.51625937731414,4.126409017713366,63
7530,21.984126984126984,2.3863636363636385,-2.3943024927798158,1.2716711629755126,57
7531,30.941443348842284,-33.952509517669085,21.005128504690397,6.390056022408964,70
7532,11.738531317155191,-1.0317460317460316,11.881881881881881,5.0,40
7533,-19.902314461137987,14.96031746031746,-1.6752165687283211,11.81159420289855,67
7534,21.588926018750577,19.86111111111111,-22.027602222122262,7.142097668413459,50
7535,7.307844971952386,5.034232906573333,3.5066585556781646,11.666666666666666,56
7536,1.9841269841269842,-4.215686274509803,-1.5933051173230304,10.517127799736496,47
7537,23.328162445858275,11.148440931049628,-15.674603174603174,0.36585365853658613,53
7538,4.62962962962963,19.452241307080016,19.53252032520325,24.840067340067343,41
7539,-0.41163883864051876,-2.549019607843137,-6.749980904408402,-8.055555555555554,68
7540,5.936329588014981,-32.33925796425797,-40.34903839427524,-2.6022246687817443,91
7541,-2.376214360025624,-2.619047619047619,-21.40182310914018,2.2522522522522523,56
7542,9.02330743618202,-5.298481145514023,22.78098455140914,10.354104104104103,62
7543,14.62962962962963,-24.17989417989418,22.03252032520325,-19.606907443144248,54
7544,26.694092656825575,-22.15112433862434,11.359649122807019,3.7878787878787885,55
7545,11.85483870967742,19.517704517704516,16.237795670935206,0.6116722783389461,48
7546,15.706521739130435,-19.43784771145623,5.528499278499278,-25.842490842490843,58
7547,-45.720390720390725,1.5723270440251582,3.347953216374272,10.820399113082042,62
7548,-10.2420247662785,8.520636341349196,-29.07184285091138,-11.29451193967323,87
7549,13.95909645909646,7.380952380952381,3.787878787878789,4.385964912280702,40
7550,8.436791383219955,15.533618366099184,-8.055555555555554,1.404490571157238,50
7551,7.192982456140351,13.128263215000999,-18.197686482000204,-39.48005698005698,61
7552,12.32933524286908,27.785309854033557,-26.022794672836206,-13.312890812890812,62
7553,0.864444215266678,1.842556352640175,-18.62944691701366,2.8735632183908044,67
7554,-13.360948667966209,2.413044741360502,8.301767676767678,-27.14896214896215,57
7555,-15.574704190775616,5.511463844797179,9.262452107279694,-14.119924164901677,72
7556,10.0,2.688172043010752,6.471446816274403,13.086419753086421,36
7557,16.811735261401555,6.915266106442578,-15.0,-13.849206349206348,43
7558,24.064365296797924,-5.3769841269841265,9.62962962962963,-12.465137201979308,52
7559,-15.675747863247862,-14.128400700850023,4.597203478782427,-12.279258304862612,77
7560,-8.800813008130081,-0.737605474447578,3.7878787878787885,-8.11650754140387,80
7561,19.83026971142421,7.525252525252525,5.724474474474473,5.488041370394312,42
7562,-46.286048078750355,-33.32727378572679,19.749240121580545,5.892037007539557,96
7563,-3.1884057971014492,-0.6140350877192979,-8.77264492753623,-3.259637938340508,48
7564,5.580357142857143,-2.5218758545255673,-1.769869049846907,-41.21028993027426,95
7565,9.205067290465127,-13.780637004321212,4.836767079298525,2.613600995953938,83
7566,-15.159064166883297,-4.98145004087279,-1.3753073888963687,1.6176470588235308,80
7567,-11.379552617386322,-90.54715806076885,-15.463791230381618,27.68308080808081,88
7568,15.580357142857142,5.0,1.1915204678362574,27.154213036565977,37
7569,6.633986928104575,25.37703247835006,-38.09536980936575,18.820524960224528,71
7570,-53.05436978855403,11.402412599356573,-0.4857187696170744,0.5860805860805853,62
7571,-5.452180669571973,-6.896479403125206,11.530526061776063,-27.046435801619626,72
7572,-44.55102651042999,15.265594541910332,-21.022727272727273,-8.011335070158598,75
7573,-11.229824298106111,13.696785405454763,-14.882140696569008,-13.680875576036867,74
7574,-13.068603119159235,35.4775796611212,-3.6343732895457026,22.77624215124215,61
7575,4.7157622739018095,-9.264269116407384,1.99013157894737,-5.349073995022939,66
7576,4.004576659038902,1.937984496124031,6.783910533910536,-19.69222919155715,55
7577,-47.02270381836945,21.535947712418302,14.015495086923659,-2.1663442940038666,51
7578,-4.509871141874537,-6.563208616780045,6.321539595196886,9.053544494720965,53
7579,13.199903544731132,6.911217437533227,4.416459563981201,22.425395371823942,49
7580,-5.363563646496539,8.450996282845848,0.37483991752284584,-31.530019204651555,84
7581,2.7777777777777786,1.4484126984126986,-35.942838671966214,-5.902420430722316,58
7582,-68.24778760747694,9.626800376901334,-22.93942247332078,33.723871569602686,93
7583,-5.9121355397951145,2.9983719058623723,-46.20137334911617,8.182427844773045,78
7584,18.50360219845514,-12.527615334632877,28.78787878787879,22.136752136752136,39
7585,-6.456675663992734,-10.845997973657548,7.996976568405141,2.2522522522522515,51
7586,1.9841269841269842,0.1256288756288757,-16.680181317178857,19.355511638120333,56
7587,8.946431818772243,-3.795453647932009,27.812124827940586,10.172902494331066,56
7588,10.0,15.445800491567082,-10.383597883597883,-3.1063685636856353,44
7589,-21.353144398323156,16.41891891891892,5.6818181818181825,-9.788011695906432,58
7590,-17.00932722671853,10.118940078289674,1.638071895424837,-3.640350877192982,55
7591,-1.5646182786142209,18.6231884057971,26.17283950617284,-16.27166042083796,54
7592,-5.525114004460823,-62.080347605704475,-2.107583094271229,-5.809772018900686,115
7593,-13.518518518518517,19.901960784313726,14.71576227390181,0.5374001452432831,43
7594,-20.07773607615959,-6.139686747504906,10.0,-13.72273357493891,72
7595,-49.86803161435515,1.536408738305758,-28.472582302887922,-14.358067917501693,83
7596,3.6898395721925143,-11.053388313888341,-41.59526645613096,38.674095607235145,77
7597,22.303430459632715,21.633986928104576,13.366402116402117,2.317801672640382,51
7598,-23.023918903614977,-27.732172761432093,4.27827380952381,-9.747420376914807,96
7599,17.37493128055344,36.58255324921992,-2.363807261348243,20.683901259559157,63
7600,0.0,9.166666666666668,4.823022333520654,-9.227077148453272,49
7601,-2.40820180021632,24.03401360200797,3.333333333333334,-1.1297852474323058,57
7602,-2.8632478632478633,-3.229166666666666,-9.670126613355155,16.04013104013104,53
7603,-14.70899470899471,19.18812073080541,3.060329394915863,-6.4831404505317565,67
7604,-39.98447793331632,12.604166666666668,-17.695278741952624,-9.459418987720873,91
7605,19.285953930826043,7.192982456140351,-15.162425229570944,-3.9484126984126977,60
7606,-0.47212047212047237,17.34359210603951,3.0589751673722807,-1.0467205750224617,68
7607,-15.857600882386082,-38.600276936296275,-10.94017094017094,8.295766694422909,90
7608,9.166666666666668,1.6339869281045751,21.993006993006993,-61.28085247101204,53
7609,-2.5896057347670265,17.533561332996364,10.389250986049618,-4.896707506280218,59
7610,16.984126984126984,-2.527615334632878,-10.118845500848895,2.8735632183908044,42
7611,-14.98357963875205,-8.873256373256371,14.62962962962963,12.688172043010752,46
7612,7.319986826682719,15.144927536231885,3.6740956072351416,5.319747594399745,62
7613,8.787878787878789,15.546274039085482,1.8226120857699808,31.25133386688009,51
7614,6.238859180035652,-43.64990061681238,-9.445124296467009,10.0,72
7615,-4.230567226890756,-2.4168008588298413,25.78769959583913,15.360205831903947,53
7616,-1.406900552863285,2.2595281306715065,6.999624326299118,5.774591796097173,57
7617,0.982905982905983,5.0,-1.0849416062348674,8.472222222222221,59
7618,24.329734592892486,-9.212962962962964,7.777777777777779,8.173843700159491,39
7619,6.048454364980064,3.403263079399217,3.315604019385533,-6.212670180061484,56
7620,0.7490836252325637,3.169783432941327,-20.967672975469537,-18.939190571150995,83
7621,0.6337704163791127,7.192982456140351,22.873563218390803,12.253086419753089,41
7622,-15.27133347368785,11.81159420289855,6.680348167539821,-24.27646003458438,86
7623,10.902777777777779,-13.284510726371192,8.787878787878789,15.461433108954745,50
7624,12.976190476190476,-39.40904153670111,-3.469416386083053,-8.63044363044363,56
7625,0.7139307720703059,-3.6542145593869737,-5.807453416149068,-1.9397342720513446,56
7626,-0.24435897997793887,-2.311827956989247,19.16511117660543,6.313131313131315,53
7627,-20.675828536047554,19.652323003145465,-11.321552950409574,10.228062605513585,71
7628,-17.088328749744612,4.728697228697229,-38.67336993224493,11.345785440613025,75
7629,4.888572202375579,-0.7809983896940413,5.761545049373636,-30.64894989527343,73
7630,-1.212121212121211,15.0,5.0,6.99013157894737,36
7631,-67.84360744064033,5.047513806298428,2.6461693548387095,-6.341482591482593,67
7632,-18.97595790452933,5.0,-4.3132302414459325,10.0,51
7633,-27.8001280127813,5.82010582010582,-1.0505170573135665,-33.436656365444726,71
7634,-19.705404235301955,5.0,16.176084372739396,1.4522417153996123,68
7635,11.813040843163723,6.680276794667836,-11.380070546737212,-5.505599472990776,82
7636,8.466962665135405,5.526315789473685,25.90989999809687,4.192306203800459,69
7637,-3.592903248075659,-82.84030601434213,2.055588317198225,-10.473441902013331,101
7638,2.1759259259259265,9.898989898989901,-15.0,11.839945280437757,43
7639,-25.534926562018455,-5.445167212068001,-6.726465049117046,5.593434343434344,76
7640,-5.424407012660312,-1.1128581411600287,10.611672278338947,-27.553772150805038,84
7641,33.71357476941559,19.452241307080016,-1.898148148148148,12.450980392156863,44
7642,-16.361335231767125,-61.70560311447088,3.2281144781144793,21.85185185185185,68
7643,10.0,-43.791874456415,-3.044917971664213,19.914260041696323,68
7644,-24.98295557755106,-23.68470351228972,7.069922830792397,-22.148716068553025,88
7645,18.577928297755882,-32.11125014132192,-8.879738229493432,3.0790960451977405,61
7646,8.081910761024835,-10.442227149544223,-33.72694807981137,-6.774905422446405,65
7647,0.7843137254901968,-12.409867172675522,25.655708731000352,17.873563218390803,41
7648,-1.0549368799010108,14.87179487179487,15.121037965865554,-9.438827098078868,52
7649,2.688172043010752,5.072768237729877,8.205128205128204,22.136752136752136,39
7650,-28.18840579710145,-35.25264809801435,-1.3403263403263388,-2.474747474747475,80
7651,9.619949189582979,32.4736758910146,-6.200562381563664,8.335669284548835,64
7652,1.6642770091045955,-12.458802234344027,23.47222222222222,3.9439433651968336,60
7653,-12.32482044411961,-11.81591801648299,-21.504771415054556,21.173708920187792,71
7654,-2.5359833198816246,3.0535648656987617,11.219849516095648,2.777777777777778,68
7655,13.993114562462825,-4.844635972173759,1.1026936026936038,10.498397874475462,73
7656,5.0,-5.206546287265326,-3.941598524931858,-33.68690118690118,61
7657,20.815693701723113,41.50424318935246,16.283068783068785,1.7361111111111112,50
7658,-1.346588610456676,6.124660297503034,-5.0,-21.294096690059423,64
7659,8.014993481095175,2.960968487284277,4.989558378203152,-5.99229490768924,70
7660,20.012590894943838,5.2383293002621505,-15.101986044015028,-3.7871002673025416,63
7661,-3.148148148148148,12.136752136752136,-15.171378329273066,-12.041290202592096,58
7662,4.940424295263005,1.4682539682539688,6.1484409310496275,-4.253220611916262,46
7663,-6.376915772077062,-3.3562509428098837,-21.09178656362094,-6.603443637341942,74
7664,5.0,0.0,-9.595778574273197,1.313131313131314,39
7665,7.192982456140351,-5.843987848536132,6.787704632532218,18.62434544968085,61
7666,-6.014535406549924,0.2884615384615383,12.075419045527742,3.5759550809349276,61
7667,8.333333333333334,20.323868677905946,-2.549019607843137,-12.463944359105648,49
7668,26.397599690282618,1.1884256999199536,19.068627450980394,-3.523949169110458,42
7669,-12.033754725600254,6.822612085769983,13.382034632034632,6.984126984126984,58
7670,26.85483870967742,15.0,10.849753694581281,21.538461538461537,31
7671,9.69978027069627,1.0315489860386968,-55.31793893018323,-8.456308578857598,103
7672,9.901960784313726,-5.614035087719298,7.162921936949399,-45.183705162989355,72
7673,22.138550236230877,-4.977321329313739,-24.91003787878788,-70.08982045359754,76
7674,-36.13807567197398,9.347739095638257,-3.4130039432636208,-20.201783181503295,86
7675,3.182408746940481,1.0199518403852768,3.959421400485529,14.226633581472292,66
7676,-0.7616031140814776,2.8735632183908044,13.410493827160494,-3.308080808080808,47
7677,-23.92678810668504,-18.842128355185295,11.602564102564102,9.29727174671563,78
7678,-16.56828277615122,11.515151515151516,-48.25259297543271,11.55717951417877,79
7679,-30.186810253166872,11.064454121729664,21.886673609098082,10.706521739130435,71
7680,-22.146402979736312,-22.288011695906434,8.390695719286144,-42.742683993219345,96
7681,-13.090519620548715,13.896103896103897,-0.1602990153589019,-56.796662781614835,90
7682,-14.869372414109415,-17.144672683888366,-19.09211838871262,-32.54457926332927,98
7683,-2.6190476190476186,17.719298245614034,-9.277640102604233,17.391951345755693,46
7684,10.452722307561018,-8.631275527727766,-4.906617143459248,0.0,67
7685,12.517820983217511,3.266045548654245,8.624901497241922,5.867446393762185,59
7686,-3.6981702678027983,11.849980232333174,-60.321696378041885,-27.931648299891798,73
7687,-2.7752402262206175,11.07638888888889,17.873563218390803,25.585901027077497,44
7688,-10.949074074074073,11.538461538461538,19.640856507428506,-23.48236816216599,81
7689,-10.162116148958253,2.2070321107891515,-5.36236751753993,-7.340829800750125,83
7690,6.624989651305441,-3.0920886873267825,4.427983955236458,12.976190476190476,65
7691,-10.083318918295564,5.298563869992442,28.24495611248756,20.404182423106274,55
7692,-42.93077272210447,-8.434343434343432,-44.94310859469929,-54.1518434209621,143
7693,-14.284995222495219,8.787878787878789,2.380952380952381,20.97826086956522,46
7694,2.1367521367521367,-15.719424434104372,-28.38225909156226,-27.917613995200202,78
7695,-55.32770097286226,15.375237096935212,2.7436930885206756,20.19644298397325,59
7696,-57.89480307577779,9.099053414469235,-3.9605440152282596,-15.873590982286634,81
7697,12.192982456140351,-57.519841269841265,21.085668485757456,14.718101023132471,59
7698,12.688172043010752,-0.13342978860220223,5.0,18.069559944559945,48
7699,-0.5785032216635773,7.163742690058481,1.132054673721342,25.132384887420052,64
7700,-8.45975588302954,19.683765114245073,14.22593279736137,12.100211250070286,55
7701,22.39116309291748,5.476348439516848,0.8201058201058196,7.606704889313585,57
7702,5.090881716897977,-15.869033047735618,-11.319727077276404,-36.7914533484709,86
7703,-2.6851851851851833,-19.0625,8.787878787878789,4.015594541910332,47
7704,-47.13854531438819,6.8939393939393945,-1.8656544743501264,10.27624792376956,68
7705,9.385964912280702,-19.589793281653748,-18.136574074074076,12.192982456140351,48
7706,6.603565757332529,-31.23255976907367,8.026061776061777,2.9452572873625504,75
7707,19.872169142031204,-7.628205128205128,2.9761904761904763,10.0,47
7708,-59.13498609023187,0.047553274749049024,11.49178159424061,16.58768315018315,82
7709,18.768631436314365,9.62962962962963,-17.458327113499525,-4.997013142174431,48
7710,-21.01733027246726,7.989417989417989,-12.637444236414488,2.4209725392543406,81
7711,-1.3256625481974762,2.3434463875640335,-55.0650341765711,-31.38516945032902,94
7712,4.636043519972093,3.9488017429193896,29.72027972027972,1.897573038877387,55
7713,-7.602820211515864,1.0131659981298617,3.955319748002678,4.349046015712684,68
7714,-33.78327738346258,-11.932351685872812,-37.58482457407189,-7.688319379813669,82
7715,-5.0,-2.572786690433749,14.71602161882022,15.665204678362572,46
7716,3.6231884057971016,16.815137187477614,0.0,5.9980159183590604,54
7717,-19.427667200488063,-2.967479674796748,-11.50769559763592,0.5489101541733128,59
7718,-9.559950416948388,6.418918918918919,-5.37037037037037,-20.61862441507445,76
7719,17.716629287373866,-10.121159917942393,19.522391523165517,-58.08864882788591,98
7720,7.094943240454077,17.580399584076055,6.095573071164224,5.18837803320562,40
7721,13.205128205128204,8.54475575450808,2.1301415496702196,13.765309500165507,67
7722,-16.669739120719512,-10.471209293048373,4.936899557778155,7.032520325203253,71
7723,-2.7832244008714593,13.921660542300078,2.3717948717948727,26.73611111111111,48
7724,2.688172043010753,-10.749707217098521,13.353823698651285,13.929093567251462,48
7725,17.841086091187048,10.0,9.092197532690008,-10.034392646882132,46
7726,10.357142857142858,-4.4312291675843944,1.6382171645329544,-8.12454906204906,50
7727,-4.9648445236680505,19.717096140781898,17.38162191582003,-25.053149025472074,62
7728,-3.9984631147540974,17.734963984963986,-0.6897930458691945,-23.975034806677805,66
7729,-7.863247863247864,-2.9597701149425286,0.0029868578255678457,-9.540813142093896,48
7730,12.50778089013383,15.139152435167615,25.106382978723403,-23.838763575605682,47
7731,20.873410724156994,2.3809523809523796,-53.862190545664845,8.198560887540598,67
7732,4.643962848297214,13.205128205128204,37.26285158814321,-2.320261437908496,41
7733,13.34860347603976,-6.9031067145898195,2.8215303215303216,-4.03072766007319,57
7734,-23.600793815475146,7.325130169957756,-29.760283143160443,7.032520325203253,66
7735,26.984126984126984,-7.433905634213982,8.787878787878789,-1.5277777777777777,42
7736,-6.191789215686274,33.03567590801633,-28.538614622554064,5.398922441605369,66
7737,31.122649527786905,-12.190601566284329,12.46040620416957,14.961054991047252,76
7738,8.99566315327185,4.107811854290728,-24.243833218892373,-11.974660445679767,89
7739,-4.520616675789089,18.745791245791246,-9.124559341950647,10.213424568263278,45
7740,-46.183278867102395,-24.895833333333332,11.991927825261161,6.599378881987578,66
7741,-46.42658769192185,7.556471306471305,13.242731475006462,15.443605051448191,80
7742,21.461988304093566,0.5000539883364439,10.558069381598793,21.751908922394406,57
7743,16.232404249645633,-6.937229437229435,15.265973018683995,-26.585841694537347,65
7744,26.100613734772665,3.2839319252362724,18.795862245528543,13.787878787878789,46
7745,6.488095238095238,-0.8168859649122799,2.380952380952381,-35.51572178854126,57
7746,24.945286195286197,-45.16219450925586,-11.572286572286574,-34.37438328387918,77
7747,20.20030816640986,7.950083542188805,25.938773419423573,16.42748036447708,59
7748,-34.6828676390789,-7.963408455192218,-12.236842105263158,9.38648261958183,100
7749,0.5632819186890483,-2.4322169059011163,-35.736648177475104,31.584970287656784,76
7750,-38.36601307189542,4.738228972093385,-28.004486129639616,3.744828864691879,73
7751,-74.66881915946152,-61.92594968418381,-11.036867620707651,-40.29067070736006,112
7752,7.6589814686414215,-3.471177944862154,21.336381983518695,10.189255189255189,60
7753,8.994827435319912,3.650587251333522,-29.903115790113326,6.639263539868841,68
7754,16.04013104013104,19.04929493164787,-4.543650793650794,-25.49156094983818,78
7755,8.529867656016595,-31.26211493097975,-14.747147368182555,-17.533500836485022,110
7756,16.232193732193732,-19.300702778853182,15.561172901921132,0.1449275362318847,52
7757,10.6042200951946,-1.5451148774947399,0.13888888888888817,-0.08262566386515502,65
7758,21.804338167130744,-2.150178012730607,11.290849673202615,-0.14536387009212426,68
7759,-3.2168294668294646,-21.39764094906106,14.983018366727384,-6.212121212121211,67
7760,9.986772486772487,13.968253968253968,2.549692355533179,15.537610577289712,47
7761,22.82919721633651,-13.774933090945815,-15.119445670716088,1.439430195486398,68
7762,16.73611111111111,9.629185437828497,-16.55577483096863,-2.6510721247563347,48
7763,3.934636217244914,-15.073953823953826,8.086419753086421,7.873563218390805,47
7764,-29.96202538131202,-2.1027291838365185,-3.795361804192754,3.476939726939728,84
7765,0.8817222588605103,14.749240121580547,-12.108017108017108,-10.0,47
7766,-3.83116883116883,-3.9784946236559136,2.585557535001418,-5.664160401002506,50
7767,6.323949408404733,28.86124650042129,6.998069697345061,7.873563218390805,47
7768,-5.344257458228045,-59.113946356189984,10.706521739130435,-29.92989405297852,94
7769,-7.320261437908496,25.91058670326963,12.365194865194866,18.584540370825536,44
7770,9.7031365747396,-2.5797197396005735,6.984896893205662,32.619949306007335,87
7771,-34.80820465389225,5.0,-13.89978981497255,-79.97434441536554,110
7772,-6.0963927037350265,-10.329113759662865,-12.586160908789035,-16.43753987255623,87
7773,7.9034391534391535,2.688747952392726,-14.982263019827297,-9.894698620188814,73
7774,2.0833333333333335,-8.862846099688204,-4.278414931852149,14.403618850625573,64
7775,-10.348355226081596,22.97109617412216,-56.366513444871394,-27.725471173913327,93
7776,5.829036633457569,-40.601759351759355,6.0548523206751055,-18.00696801578344,82
7777,0.4777298850574718,3.084107626790554,11.279904306220097,-7.404092071611252,46
7778,8.086419753086421,26.547619047619047,-2.8787878787878776,5.0,35
7779,24.552186114686112,-12.592592592592592,-24.365079365079367,1.9058641975308648,54
7780,-7.946428571428571,11.335398939449995,4.70406681190995,-9.524959742351047,54
7781,-1.221478974138547,19.309779367918903,-14.860847564832385,-4.018611343172746,59
7782,26.768470523952985,-13.00486736936905,-8.186433873666356,-20.765007431674096,75
7783,-3.703485151223282,-16.97227368554123,-3.3823529411764692,18.10222422864166,85
7784,18.47222222222222,15.966099337242714,8.861694272373803,32.70339555565273,52
7785,12.170765742194314,5.0691244239631335,10.85264576143924,8.553594563383786,54
7786,13.23529411764706,-8.30722562372459,10.0,-4.213068904144418,50
7787,40.872904670155705,-13.92361111111111,2.777777777777778,1.5476190476190492,49
7788,-43.66745128238357,-6.733184250486488,4.518112626098107,1.1046511627906979,69
7789,5.0,-9.855072463768115,11.911217437533228,-2.4159973796032297,61
7790,1.7600495232074191,8.968253968253968,10.861099684629098,9.385964912280702,42
7791,2.988380537400146,5.0,-36.31667750853798,16.797032105956593,53
7792,9.981505422681893,-2.0238095238095237,22.03252032520325,-11.212121212121211,41
7793,11.500968326626221,8.472222222222221,40.92918044067469,-4.319727644691775,49
7794,26.797029200262834,9.040404040404042,-25.41062801932367,-48.55900439233773,64
7795,-0.8634864364031021,-50.90278952565127,-19.407501103143066,-5.560627643960975,92
7796,-8.163129535678555,2.525252525252525,-9.306829717440184,-52.684140907825125,70
7797,0.4700854700854702,20.030864197530867,-0.3556034482758612,-1.3768115942028984,41
7798,-7.078063344096074,-8.772768670309656,-10.445408882908882,36.6750104297038,61
7799,10.34188034188034,7.688172043010753,-10.115854771027184,5.0,41
7800,5.8201058201058204,11.937984496124031,-11.664136962691728,13.081885760067003,61
7801,-8.273646517122414,-26.16708163965684,-0.6828454428140383,-14.180428066447709,102
7802,-20.28631986005654,25.091517106631855,-67.73003244655197,7.205059750826342,97
7803,-30.601699493502743,17.687478500172,-59.79237528344671,10.0,68
7804,-32.137304782445796,-19.907407407407405,-5.181976900349182,10.772005772005773,79
7805,9.385964912280702,8.854424462409943,7.450980392156863,19.62488129154796,38
7806,2.1357570806100226,12.976190476190476,15.188844971453669,12.784900284900285,42
7807,15.0,0.0,11.013071895424837,13.173843700159491,35
7808,8.787878787878789,7.605820105820106,-7.360699156364792,12.777777777777779,48
7809,-12.155253657913233,13.205128205128204,0.46728538354777527,-10.638251423054623,72
7810,-12.011619462599853,0.6619146872388839,13.528212136621747,3.4722222222222214,57
7811,-11.990846681922196,-9.1211173653741,38.11713566689545,-26.612862070179144,62
7812,-16.13789766977615,14.166666666666668,-23.034406790643423,-9.623442334495223,77
7813,-41.8495855995856,24.096634467184003,-36.48841354723708,14.59704806687565,77
7814,1.698326549072819,-29.91975363645958,5.1661700534189805,-9.778721327705842,86
7815,9.166666666666668,4.62962962962963,20.51994301994302,7.777777777777779,36
7816,8.530864291550092,26.934481109516977,-59.33721705460835,-26.36117294285163,80
7817,27.3015873015873,-13.329574966601275,29.71435594329932,-35.59460159812272,78
7818,-6.4798850574712645,2.880688167634153,-35.74346405228758,-7.803837953091684,72
7819,-0.05210620699750912,-30.4923029341634,-9.95798319327731,-22.317049856085145,84
7820,4.166666666666667,-10.208216973360965,-11.067538126361654,12.223004494509869,61
7821,3.9682539682539684,18.3151835971083,-3.4823214396385134,10.0,45
7822,16.9552953264387,-5.055740047238071,5.734571544460721,23.558169837007505,78
7823,7.716617416283715,-3.7794937794937793,21.77304964539007,7.5910931174089065,47
7824,-22.185734992752536,16.94282977781066,5.0,-2.9380114114611353,64
7825,0.8958917670351441,-23.412109398464626,-3.846600553917627,-27.487082809663455,66
7826,21.139391103216028,-14.56417274555999,9.340277777777779,8.605411834671425,60
7827,13.102231329690346,3.469301934398654,-4.836829836829836,-74.43704042388252,62
7828,-7.549019607843137,1.4071268237934902,36.79111854461487,7.881256749597572,55
7829,-2.408906882591093,13.922111480251015,27.776482776482776,11.356636430165842,45
7830,-1.0317460317460316,11.095454784748819,25.0,-4.414414414414414,43
7831,-4.296201572416406,13.089569160997733,-20.20376614126614,12.985807555358058,60
7832,15.95162147793727,-7.967479674796747,-34.88262055846343,0.5146898199784253,63
7833,11.238859180035652,-7.685185185185185,11.944444444444446,8.333333333333334,40
7834,-6.031746031746032,19.97516940499397,5.2385388437217735,14.62962962962963,50
7835,8.599421323206489,11.242009624362566,0.29100529100529116,-7.254095836412908,50
7836,-7.542100966301533,2.3809523809523814,15.251271711373581,-69.3716053136343,72
7837,26.817445610481876,8.623188405797102,-44.519863541758625,0.07629226322511351,64
7838,-5.382996632996633,20.0,-9.152520892899492,-13.006993006993007,74
7839,3.6218621767178156,10.326570792672488,-7.092795838102471,-24.706589706589703,62
7840,5.576661221368166,13.787878787878789,-51.30755338572676,0.2098410286100254,71
7841,16.523006190344898,3.086419753086421,9.37846068660022,5.0,45
7842,-23.255672053626018,-8.136630498847277,21.573732979982985,16.17499829327307,77
7843,-62.15309779825909,15.702143212641532,-12.388167388167389,-6.99989285331619,64
7844,-26.960996519820046,24.709653092006032,-3.2638888888888893,12.259528130671507,54
7845,11.105006105006105,-0.6375592712263081,10.403100150440576,13.300367119365836,51
7846,11.267024990213402,-7.721455489144078,8.392269797218916,-5.622895622895623,75
7847,5.401234567901234,8.510691266275634,12.78985507246377,-36.4544372909235,69
7848,-28.14814814814815,4.841668707376982,-73.73520312941713,0.1853008103008107,100
7849,-4.759110714993065,6.430190818555335,21.037310670079034,-20.376984126984127,65
7850,4.62962962962963,-4.318740933316828,-1.5761862189517004,4.090560539835902,71
7851,-50.73080808499305,-15.889341102139376,4.485932750451806,4.8383424408014575,74
7852,15.992063492063492,-35.75077540594782,-106.84794454846312,-19.749506745587375,84
7853,12.962962962962964,8.922111480251015,0.6364600437876309,17.78985507246377,45
7854,5.0,8.36600899100899,-23.631702551890346,9.614743147351842,74
7855,8.205128205128204,19.828042328042326,-15.885559439803814,9.970760233918128,69
7856,-8.434486480152115,10.392953550281137,-9.900005072728167,24.403439854600204,92
7857,-4.351851851851851,3.4072089792242366,-2.2222222222222214,1.0066119471044246,61
7858,1.4124293785310735,-1.0461851455811935,10.0,-25.552040359972253,61
7859,4.682539682539683,3.95025483396385,19.386865151384207,-61.71852749134692,65
7860,-7.782294489611561,7.525252525252526,-15.0,10.756595157200458,46
7861,-16.077888519748985,8.966032101530422,-2.822671156004488,4.232804232804233,47
7862,12.93770949039734,-1.6410777592095087,12.450980392156863,4.401849746677334,70
7863,-27.583435667354543,-58.17255615492785,-110.12039381536236,-18.957608758302584,147
7864,0.10620915032679745,16.975980792856042,-9.185906685906685,-41.806329790139,79
7865,-10.638357805876987,-32.82729893377788,24.934210526315788,12.233796296296298,64
7866,10.78820584109542,-5.0,4.325211630691591,-35.871690798161374,61
7867,-28.831992462129445,31.76730494916275,-16.021908298821604,5.366659128038681,85
7868,-21.81304322695514,-0.1435810810810807,-12.057356060015636,21.530184791054356,69
7869,15.046685340802988,-21.80333924349882,22.79089934982383,-8.860605888907774,56
7870,7.604166666666668,-0.09391645640594337,-14.838223618269973,6.004140786749483,51
7871,19.86793684710352,-26.871066608461565,8.728930168558652,23.6797944443135,58
7872,-8.640985013534031,7.976190476190476,3.9753368929570314,-2.2364303328944724,66
7873,20.387257669866365,-4.739861853832439,-0.6140350877192979,22.01069817572153,47
7874,0.38253334863504485,6.461988304093567,12.450980392156863,-12.150438917339706,70
7875,-13.467475201659443,14.596082219437484,8.872888070174675,17.688172043010752,64
7876,-46.791418440595976,9.452263895644267,11.25,-3.2993197278911564,76
7877,11.215245580237557,8.60566448801743,1.9461738369966195,-36.81534326149955,86
7878,-33.06201550387597,-5.512987983361995,-0.5251141552511402,-14.969700086943574,78
7879,-9.739558953554896,-1.9610507246376807,-20.234112412814984,0.0,54
7880,10.503730289070667,-6.495251029149333,13.763504726237645,-0.4644624381466471,66
7881,9.929431299294315,-28.833599088075168,11.018518518518519,-31.381684787008993,73
7882,-0.8333333333333321,-2.2949735449735456,2.0494013750592703,7.777777777777779,47
7883,11.38123768025729,-9.323462156123444,2.1879742611285335,9.385964912280702,62
7884,28.40800966530683,-1.212121212121211,-19.80373112726054,16.488095238095237,64
7885,5.0,10.0,1.746031746031747,9.901960784313726,32
7886,9.753086419753087,-26.412151067323485,15.129838547270182,2.877431228253691,60
7887,10.364695538737507,10.765993265993266,7.801340628626734,-28.677156177156178,101
7888,-1.447368421052631,-7.906746031746032,-5.0,-17.16728690412901,51
7889,9.97596153846154,7.136752136752136,-4.194073752897281,6.8939393939393945,44
7890,5.04686356206275,5.690586419753087,9.416971916971919,10.296522566109932,68
7891,11.956521739130435,10.0,-7.395833333333333,-9.271421022597742,48
7892,33.659381855270894,7.586575671030996,-74.8818044982967,-3.761140819964348,90
7893,-22.603026346175778,-2.995933517240897,22.969142668808963,21.19628782100178,75
7894,0.8783752332139443,-1.7948717948717956,16.293927013170528,13.908717922362694,63
7895,-5.429740371600836,-10.0,3.9403842345018822,-20.14053060152351,52
7896,-31.55824365037489,-18.107304426549266,3.821642502702872,12.98475642255623,90
7897,-22.248240498924496,-3.8480463102439195,12.083333333333332,-15.414677901162413,75
7898,-5.702313421804922,-25.240015975392712,-4.025964558796547,6.613756613756614,84
7899,13.086419753086421,22.984010430219445,9.080926708362991,-18.45899567576653,64
7900,5.7303807303807295,2.7777777777777786,3.9682539682539684,7.380952380952381,37
7901,9.62962962962963,5.243055555555557,7.083333333333332,18.31486248152915,44
7902,-8.45679012345679,3.320442727770314,-31.85242918001538,2.411751371525054,59
7903,7.356389003109198,-25.96320346320346,24.147334147334146,8.333333333333334,50
7904,-28.85850012168968,-37.081681222657075,-10.232525844425776,19.83666668549119,87
7905,14.706219502234681,8.473036209168143,-1.6805523164408167,18.81856362720033,62
7906,20.0,-26.70843395134077,21.11500155617803,-6.829630715650358,62
7907,3.4722222222222223,-0.8333333333333321,-41.42715730651777,12.878151260504202,47
7908,-6.092733738102229,-1.0339678984695784,10.555555555555555,-13.374654254014718,58
7909,0.3828140647831404,-11.17542070372259,5.1275964931427165,-28.839605734767026,77
7910,2.743319101834281,12.083333333333334,9.57522010153589,3.9682539682539684,44
7911,-12.189629474978396,14.500673060668833,13.623188405797102,19.883833280948796,73
7912,-14.691400583520618,11.161236424394318,-12.331461204010225,13.778991119165603,67
7913,-10.0,12.688172043010752,-0.6856256420282429,12.591093117408906,52
7914,8.796296296296298,11.493506493506494,-5.041883308153268,26.099980642663567,59
7915,7.344844844844846,2.71604938271605,-4.933301687960072,12.301587301587302,56
7916,-16.336461069140462,28.57660835648673,18.525149190110827,11.81754713987811,63
7917,13.429500929500929,-26.23615967365967,8.83743240886098,1.5810378454188863,54
7918,3.6286094216049642,-1.8231854145166833,3.8690476190476204,4.471666326505035,65
7919,-6.468880235020837,-3.2903918411164774,12.962962962962964,5.9397163120567384,50
7920,-1.964606740148535,24.31273218507261,8.06680049068808,-1.5123456790123448,62
7921,-3.7007162518513987,-3.501723789479037,-0.5808080808080807,-7.038415231139689,67
7922,5.454545454545456,13.433671409431081,-18.491775520077407,5.303030303030303,58
7923,-14.549971257288329,-33.830989798731736,28.057936849953656,12.395220461896873,70
7924,-9.827097505668933,-6.034636567468555,-4.926065571226861,10.3475935828877,66
7925,13.785034920181635,11.50392817059484,8.709079180777294,-14.138070980743397,58
7926,-5.984405458089668,-4.563922267907087,-5.664835715391831,6.736111111111111,53
7927,5.6114551083591335,14.53762906128635,-47.273140884104066,-57.67773226945054,73
7928,-31.83473389355742,-37.73152623541509,-6.466208932158275,5.801912389451686,106
7929,-50.51027516544758,28.547184955853687,-12.506023298557437,4.092261904761905,80
7930,31.468078462091967,13.968253968253968,7.083333333333334,10.0,47
7931,-17.425619804965336,11.81159420289855,12.833145263908682,4.147178304787001,72
7932,-51.99418766188952,-25.423306684321016,10.069124423963132,-6.824911233604775,80
7933,-6.765141938605116,-8.015926534002922,17.535567880395465,8.677248677248677,75
7934,16.336863619472314,-39.04307353898929,13.024670839950469,-1.179120296767355,83
7935,-0.5637254901960791,5.228859194309251,-5.062768697222478,15.778010366826159,63
7936,8.937681903783599,-4.881059921710328,0.3890658607639743,-1.707939733921155,60
7937,-41.76100907916447,-9.46519772362867,6.071659821659823,-14.375157470395566,84
7938,15.628065891223784,3.096147549929063,11.778928483405192,-1.6666666666666665,58
7939,15.428023920441404,-18.10950135540314,-7.023809523809524,-2.5150060024009595,62
7940,10.372046254399196,1.624989651305441,-0.14988843986680322,28.983516483516482,52
7941,-24.75023278749476,-4.236237495625995,2.2016932575340795,3.4722222222222223,65
7942,14.901960784313726,-1.7494526546250677,-11.194843168527377,8.849408467405073,49
7943,-39.34550003155807,11.407541843113531,-6.5018023338367605,9.388503086419755,78
7944,-41.33891675462995,2.6173371647509582,-3.6111111111111107,-4.931640933345962,61
7945,-38.258718910245605,-40.54407012051966,-24.483653406081324,11.80116381203338,114
7946,10.561449501077984,15.577955636095172,-8.904426928835775,9.147376543209877,55
7947,-8.325002269161446,19.32215897111533,10.732323232323234,-0.3318903318903317,51
7948,-14.757374343548042,-55.0475222710794,-22.20027495433561,7.820844099913867,86
7949,-8.587570621468927,-27.975459490341947,6.872342217169804,3.924430420909294,76
7950,7.163114076359849,-1.0934744268077594,-59.869658101144765,3.0551009274413534,73
7951,-38.16113700400988,-14.397776782071457,10.736175039690782,-4.891353046594983,83
7952,15.957323239404984,2.466937084380836,7.032520325203253,-17.466329966329965,62
7953,-6.527777777777778,-14.720597790773228,5.699096225412017,2.032520325203252,45
7954,-21.02131868057045,4.978177850518275,18.607471107471106,-4.989684644857059,55
7955,11.22906816390859,-6.395688405492326,10.456349206349206,5.0,50
7956,-0.17718392718392195,21.135865813768085,11.543209876543209,-30.725470598034317,72
7957,3.374183006535948,11.993006993006993,-11.127285116981476,5.010315355142941,63
7958,-7.3228855133682185,2.777777777777778,1.6240044969036562,7.004065202794784,61
7959,0.3525641025641033,0.5867996492996488,17.51612460694026,-7.850950401506518,60
7960,2.9450675870002883,4.424283154121865,16.879911300884775,-26.386207170105475,68
7961,-44.903849893949726,13.603397086115475,0.05558031293325527,-2.335866418527708,75
7962,-62.45743601051242,2.664176484024921,31.291981930258075,-22.514998662539647,88
7963,-28.2294807189824,2.6088069636456757,-14.236460799486203,-13.939784834291817,82
7964,-1.8844630794316326,15.092592592592593,12.316506204274994,6.99013157894737,56
7965,25.164734753550544,-8.63282484760984,-35.80141444359306,-5.76447318658229,99
7966,-45.91433119988552,-23.63201711869229,-11.100609749994033,-58.08052127430587,137
7967,-5.605124131338965,-4.836723135186312,5.0,-18.233618233618234,56
7968,11.479613600756977,-47.720250596234195,15.671807547274152,-25.56437389770723,89
7969,-57.192192192192195,-23.692391251589704,-5.659086284086284,-12.823085811591557,88
7970,-10.222495222495223,19.877358365360827,-3.3435739887352787,5.796843641671229,56
7971,-34.54261954261954,-27.77196422497449,-18.333333333333332,16.461988304093566,57
7972,14.276242493410503,1.770833333333334,5.0,-18.594015301332373,49
7973,-18.400621118012424,24.154002026342454,-7.177579365079364,8.049095607235143,47
7974,-17.023809523809526,17.425213675213673,-8.229166666666664,18.831923890063425,44
7975,6.666666666666666,-38.15343141851763,1.93667603150362,-20.11579994316567,70
7976,-39.80475402039152,8.472668839010726,0.01031535514294113,-31.947127662537362,78
7977,-11.670652748238957,-6.006168161340575,2.5513612163845707,-29.5832107777336,84
7978,7.976190476190476,7.192982456140351,-9.282921564642763,0.8712121212121224,55
7979,7.976190476190476,-6.862473569790643,-22.83625730994152,13.198125556535167,57
7980,-7.934477543396488,-44.98465349746184,-94.25861757766828,-9.966703256759196,92
7981,-14.292385057471265,1.3440860215053765,-64.87490728273926,-8.495475113122172,68
7982,16.161236424394318,-1.9908466819221964,2.3243381116443147,2.083333333333334,44
7983,-13.822635157611805,-9.933454325468844,5.4654008528482585,27.00485747655559,55
7984,-14.135530931196564,11.014446008288372,-1.1156278229448953,6.839957818915892,61
7985,8.968253968253968,13.493318275926972,-13.014763014763014,-48.80798696290111,61
7986,-4.253173377921716,0.8509700176366852,7.34827264239029,-21.90917765265355,95
7987,14.777455249153363,12.886569975019496,12.45368833441616,9.901960784313726,53
7988,8.623188405797102,11.99013157894737,12.873563218390803,13.968253968253968,36
7989,-7.555505700666991,9.609674329501916,5.0,3.047333500119879,53
7990,-87.66026011449352,-3.2354690665764,20.320216984197643,11.700680272108844,73
7991,24.703784704802217,-11.192696192696193,-4.480984682311103,-9.611992945326278,73
7992,3.141161607139532,4.773222582147069,20.734746992070605,1.3182225480612573,76
7993,6.700680272108844,4.557772850455777,-3.8953488372093013,-10.42728876062209,50
7994,4.624713579214111,-34.03724659477732,-3.033444699355358,-15.295277055638255,114
7995,6.499039824466769,5.141962888441762,-15.949393097685912,-38.477855030415064,88
7996,21.116332535720645,-4.19903135808901,1.9825337623714105,-22.925609272375638,74
7997,-20.854969265523575,-11.541308411808632,-55.07954672901653,-26.767370455144352,113
7998,3.6275314723590597,-1.77595920696049,10.0,16.529829184291426,46
7999,26.346099887766556,3.2908660540239496,5.0,-3.8515590689503725,48
8000,-15.353414045274512,19.32027649769585,14.681179036017745,-21.267432034022423,62
8001,24.55875747542414,14.994775339602928,-2.572786690433749,6.107537550818382,59
8002,20.992063492063494,-48.044375644994844,-22.6889725594395,-36.537942316244205,84
8003,-7.845180395331646,-5.364583333333332,1.5993788819875778,6.617647058823531,65
8004,-27.97917768506004,4.845889045217153,-7.222222222222221,-102.462985910858,96
8005,6.086645184389546,-8.658514228202787,12.764101285491051,13.740347490347489,59
8006,4.976232917409388,8.205128205128204,1.3457854406130263,3.7878787878787885,37
8007,-11.560934639663508,-4.648469082820515,6.374069478908188,10.2508109360519,97
8008,-32.23915379617134,-2.126436781609195,-3.679200916043021,5.478583242228016,55
8009,13.623188405797102,10.858585858585858,27.758950354335283,-35.21280051981806,51
8010,-13.764457084716708,-11.15133528130536,-1.4691995082522915,-33.27835122110867,101
8011,15.742863737151582,13.472222222222221,16.703766584921084,4.811547714514836,64
8012,12.521527129370268,-10.757124983333496,3.5834397616006832,0.0,60
8013,-61.9478263415253,-32.5196069184624,3.3367565379115955,-38.18170608039914,126
8014,-46.29920675996037,20.813988513032257,-17.11711897860349,-92.35058017444403,87
8015,-20.28079959461755,-17.140490879358875,20.68868257685588,-46.954220875149716,98
8016,-3.4764309764309758,7.381751203039366,-0.8638105189829304,9.117063492063492,66
8017,-0.059575704736994695,-10.646387306203405,25.693306703095924,11.469298245614036,56
8018,-32.94854028085735,-29.477070047210063,-53.01041751275198,-17.654180889964504,118
8019,10.010315355142941,10.401234567901236,13.447351409151985,1.0216750841750857,51
8020,3.651903651903652,18.50349622947832,-48.538011695906434,-36.99501132634728,77
8021,-0.3948065712771589,-18.98148148148148,2.614482021809607,11.77304964539007,49
8022,-37.261641215626035,-23.91255655990113,4.022708591059662,-19.48580146866157,94
8023,11.828316610925306,11.469298245614036,7.236783154121863,19.47589562140646,42
8024,-8.463203463203463,11.984126984126984,-4.499158249158247,5.7614130087534345,50
8025,-12.470348279171809,1.322263872023652,5.092350817052541,-23.009434357203947,76
8026,15.850970017636687,-24.874184529356942,1.718252195425169,7.961579089030071,61
8027,22.074136955291454,-13.810726310726311,10.066545674531156,22.083333333333332,40
8028,5.0,9.767909356725148,12.731899368620837,3.787878787878789,53
8029,-0.7116310671118287,-43.5375584769885,13.683035714285715,15.0,66
8030,4.567067067067067,4.539219280087403,2.3015873015873023,-20.744079493126023,61
8031,-6.790168745414527,8.917378917378917,-25.458094230913698,20.359000445318856,61
8032,16.602564102564102,7.450980392156863,9.318789894125294,5.179306261233155,52
8033,20.025252525252526,10.291005291005291,18.25281803542673,9.22008547008547,43
8034,2.0038606759884274,11.309598509264806,12.312235694588637,6.5432098765432105,61
8035,0.9232026143790844,11.803011803011803,7.192982456140351,25.351862519201227,40
8036,-10.844385499557912,1.2394930815983447,-3.472117070638446,-27.361496180418488,68
8037,-13.346160773174404,-28.588185643901397,-16.563672902215583,9.801935394040658,80
8038,12.679738562091504,-5.764275981667287,10.948846475162265,-53.93616821878985,68
8039,15.758648962983328,12.604166666666668,27.402659069325736,23.646276938959865,42
8040,3.3559276980329615,-29.389360847409193,-21.656250087091983,12.135177330034171,94
8041,-8.388431056802752,3.936132666782825,8.333333333333334,8.550365405204115,47
8042,30.72586328400282,5.0,-9.601278633786372,15.0,43
8043,8.09732835920304,13.333333333333334,5.894515532880315,8.976870171155959,66
8044,9.268789577072935,-12.145528083028081,14.943350360970499,5.295276374959968,69
8045,-2.7477477477477477,36.052279252226654,9.831932773109244,-2.0370370370370368,39
8046,26.247864355849835,-16.752977262214714,8.831923890063425,11.605470022808735,63
8047,8.749578699022582,5.457380457380456,25.731368304897714,-8.017676767676766,49
8048,5.0,7.5192923019009985,-63.90142959536806,-4.569757727652464,63
8049,-35.392722290121114,10.181458548331612,4.558223109405424,13.137461881304247,76
8050,13.10708898944193,10.0,13.639793520948022,2.9761904761904763,35
8051,-3.3823529411764692,5.0,22.136752136752136,21.857871261729578,39
8052,-32.84273453818385,16.8262987012987,-11.430263352006413,-56.086540551686845,112
8053,-14.725689658270381,-14.98208603431727,4.012345679012347,-79.14867318339384,94
8054,-13.83876357560568,-9.121027721433402,7.186727969505187,8.259421702404158,59
8055,0.330153944134302,-7.0928030303030285,23.410493827160494,5.0,45
8056,-6.231373093501239,-64.83066399733066,-10.683760683760683,-23.106060606060606,77
8057,12.425142885164522,-66.67760563593896,14.938585265482285,11.642225223318896,82
8058,9.777504777504777,-3.3012049158745285,-49.05000425420657,14.784122637513363,100
8059,19.347195492706327,-5.0,-3.6507936507936507,-17.386854565350248,54
8060,15.0,-15.689865689865691,-0.37037037037037024,-2.311827956989247,40
8061,3.959364222522117,1.8687391513478513,8.333333333333334,-8.062015503875969,47
8062,6.8939393939393945,-31.760858189429616,1.3903487816531293,3.8646094402673365,55
8063,6.526745371854069,-7.365558648510474,-11.760312007004698,2.862938337771485,87
8064,-18.820725353697043,2.2951739618406304,19.058386795578446,-2.9117859264918087,78
8065,-4.354766388664692,-3.397435897435898,-52.76417080372472,26.322751322751323,63
8066,-18.107754377915672,13.472222222222221,-16.918855328208114,14.540229885057471,91
8067,16.268081002892963,3.4960333467796154,-70.54931992238932,-16.321297749869178,82
8068,24.032957562835932,12.05067265865814,-48.40499776648228,-31.118319214460893,63
8069,2.0325203252032527,9.639091493930206,19.303760172308518,1.5740740740740744,55
8070,12.282913165266107,-32.63784461152882,7.032520325203253,-1.5277777777777786,47
8071,-12.287321648376416,6.181345819503713,9.985119047619047,17.915809741101363,52
8072,10.025890363623283,17.9567382508559,2.692724569424816,-96.47490794229925,63
8073,11.945711992314294,-20.412029848171155,2.0093319126435327,-1.3542823682559249,87
8074,7.93363675263547,10.854333338693547,-37.495147817581135,4.207306930393625,76
8075,-6.462239840566763,10.0,13.432400932400933,16.197559115179253,47
8076,-17.1149204079587,-42.873369044587534,10.27993236618859,-5.9518733971875655,79
8077,22.455197132616487,7.976190476190476,-56.681256704708886,12.996391221092946,75
8078,3.853936922549673,16.77304964539007,13.454592363261096,12.207298873965541,47
8079,-12.299991877842753,22.627257799671593,11.180555555555555,-26.43246982522591,70
8080,22.231651507967296,-11.726417493007883,2.2815157973603313,7.878151260504202,62
8081,3.9682539682539684,11.267719089016518,-9.11101047349996,0.0,45
8082,-8.345516569200779,-2.619047619047619,7.105687088672569,4.926365033524177,52
8083,-25.101986044015028,6.6382171645329535,10.915179568475498,-8.948412698412698,73
8084,-7.549019607843137,26.24524224894636,13.9924805984413,12.121212121212123,51
8085,13.962034134447928,-1.0758377425044086,8.931994693492259,-12.679793324954616,63
8086,14.166666666666668,-0.0903381295538157,5.8178290343297,1.7135549872122766,54
8087,2.2522522522522523,7.71604938271605,-68.2537175333326,-1.0721385227034927,63
8088,-55.71314736757486,11.474287828338884,4.166666666666668,-5.115348399246706,66
8089,15.0,8.968253968253968,30.303030303030305,12.834757834757834,33
8090,-2.8707383166242444,-3.263888888888889,-8.17059166323872,-15.840017639362031,80
8091,-5.662873909071921,-12.59916508604103,-18.57349782380672,-23.50434618291761,119
8092,23.396556362658057,-36.910593389088014,4.377104377104377,-18.32484269247721,59
8093,17.052669552669553,12.408197671355566,7.804526097209026,17.142857142857146,44
8094,15.310648227199284,9.9722635630268,8.205128205128204,0.8263282989121545,61
8095,-2.685185185185185,-7.104612691634447,28.533851206265,-47.298394453566864,60
8096,10.125815470643058,5.453743997599041,-6.130685290856647,-28.503207608065665,82
8097,15.0,21.691919191919194,20.218741069027065,12.032520325203253,74
8098,26.627729959526782,-11.007834757834758,1.4184852374839543,12.604166666666668,46
8099,-26.89425770308123,-26.011396011396013,-28.500605425803766,41.73106331490137,81
8100,6.417112299465241,-90.95807836899212,-0.8032150938637457,14.830917874396135,77
8101,-35.10410176053192,-28.951118546240174,0.5621894478752458,21.194556936683746,80
8102,-79.44743651186482,17.154932710488268,-20.714806101477517,-13.175805675805677,81
8103,12.548808061964248,-1.0024097524097524,14.31398554116607,-1.5859646729864276,56
8104,0.8240212520327015,-41.492216437184986,23.67250269175076,-11.822285578522214,74
8105,12.525252525252526,12.122683531352262,8.829365079365079,14.043020986658844,50
8106,-5.510306686777275,13.968253968253968,12.858187134502923,-11.913580246913579,45
8107,4.967320261437909,-11.80256810370325,-8.85977172140694,-16.87871911556122,60
8108,-25.365732879515708,-0.9773480958493792,7.777777777777779,11.229054188757123,62
8109,9.615827007131355,9.505213240617636,11.836945304437565,-16.23543906810036,67
8110,-1.7948717948717952,28.611582431888266,4.22008547008547,10.787037037037036,44
8111,5.7291762215254405,12.41106719367589,-12.279714369324413,-17.715141612200433,74
8112,-11.296413812554414,-0.540500068801955,6.8939393939393945,-25.544590643274855,56
8113,8.205128205128204,-1.5277777777777777,31.481481481481485,12.154882154882156,36
8114,7.0685309526704785,-19.534678643205773,20.726013752329543,-5.100289495450788,68
8115,-0.8246225319396046,-11.11007075423468,-8.854875283446711,-6.11294198019079,82
8116,31.099980642663567,14.62962962962963,-0.6716285531450688,5.927285859316747,68
8117,2.1367521367521367,2.8581871345029244,-4.031306227129045,13.056118428458854,47
8118,-21.614906832298136,-27.923379604655903,-1.8994125427948934,4.67687074829932,72
8119,4.895276854446614,2.2263477836233245,-5.0,-11.96399478657543,67
8120,-12.194865319865322,-27.961600058596073,-4.290123456790122,-26.75747499674205,92
8121,-37.33242086867214,-12.549842209957973,-12.895306977968266,-4.007722647797175,87
8122,-6.314025610244096,-51.64505414505414,19.439168020436533,6.358050832688516,69
8123,5.002986857825568,-6.108380974222046,9.901960784313726,-0.866468475164127,49
8124,-34.47542653425006,-12.716678866425596,-6.2596525096525095,10.0,65
8125,17.379720669194356,5.687182842784748,0.4403380737784788,1.4813197014010613,73
8126,-25.35623732992154,21.909013605442176,4.415760869565218,5.871212121212123,49
8127,-26.569240780233688,0.3416393547972505,10.0,10.0,50
8128,-21.947602175143327,10.67646819871514,12.083333333333332,-8.034617304927972,65
8129,0.4102067183462521,7.8581871345029235,6.8913270637408575,-3.070137128611112,66
8130,-1.2199728376198957,-55.73654429283085,-9.293214714590835,-1.1549320740009499,85
8131,12.500000000000002,-26.593917439249427,-6.91358024691358,2.3939274706538125,54
8132,-0.19030422608348374,-38.081742063294115,-14.018785544520835,11.031977474463254,97
8133,2.0325203252032527,-28.95262145262145,20.47772988505747,28.123086368004675,59
8134,11.021505376344084,-11.031746031746032,-0.36638725840177777,-6.434593160935871,50
8135,-49.832647374605024,0.19112680198739418,-11.260822510822509,15.357142857142858,83
8136,12.083333333333334,14.129140786749483,-17.227277500453646,-40.69784261604965,78
8137,4.052579365079365,16.81159420289855,-12.807017543859649,16.18338997538891,46
8138,-20.282094448761118,-12.842697409309197,-38.42032675583814,4.909003831417623,93
8139,17.530364372469634,-23.536935654863193,8.623188405797102,-41.926638936947434,78
8140,-2.6589922497843688,8.968253968253968,7.896505376344084,12.7698176482221,53
8141,-8.898032648032647,-31.468116494342347,18.512117277940064,-10.747818467561535,79
8142,-5.489215871219266,-2.416718334237516,-27.671538416112277,6.132836059722069,68
8143,-4.711538461538462,6.715732882211732,-7.249632095169851,0.0,58
8144,-28.26989626104268,-14.553937933298396,-1.3412901392441032,8.93777678260437,70
8145,-0.22849462365591355,16.984126984126984,14.445234708392602,12.311120843729539,42
8146,-12.826617826617827,13.638898386912292,-92.42996598619699,18.348743480322426,76
8147,-2.2015786037492964,26.737943350262192,-5.063639490884072,-52.328202966902516,92
8148,-7.967479674796747,5.089455344645936,10.181362993540498,-2.3743386243386237,69
8149,-7.784716951383617,-0.5832189798841345,-55.930462633971786,13.398640543782488,73
8150,-65.84114994219358,-25.773083044700172,-15.161782661782663,8.6217437533227,78
8151,-32.22272032174231,-36.51570048309179,-15.81425238645879,-26.086444244885325,109
8152,3.24566945791379,3.787878787878789,2.2264460345855692,-11.664253137587801,54
8153,-20.511634745818988,-22.739341760229134,8.976964769647697,13.004099075527648,80
8154,-8.61459150126292,21.562865787671992,31.554741893743305,-26.04081050078715,82
8155,-3.1823671497584534,-18.36926015209214,6.021505376344086,24.720406681190997,51
8156,-16.358456709500352,9.016647309330237,25.246765361816667,25.81807764341304,76
8157,4.223072327911039,-15.49062049062049,10.0,5.98534379426828,46
8158,2.450980392156863,11.944444444444445,20.302091705339937,4.9282369397311925,43
8159,7.650537541841889,7.869671089779786,9.444444444444445,10.359356368128298,57
8160,-21.53724747474747,1.302083333333334,-38.942944721246604,10.591779271107157,68
8161,-49.17028796013212,-3.4275793650793647,12.16374269005848,-6.527777777777778,69
8162,5.6849128540305,-40.87891240462369,13.015728977616455,8.453136011275546,74
8163,-4.216761318592617,-39.01000026759728,6.485650817414276,-2.8080147816989913,87
8164,10.205175250941842,9.901960784313726,-6.547726588376992,7.719298245614036,45
8165,-4.767855542109273,-5.454558728062194,-13.507540848698103,-15.0,70
8166,27.208377208377208,-6.665035505295954,20.24445477495596,-5.837791371770685,77
8167,13.372237784002492,-32.60660886797273,-0.7789847517546842,10.37789701461848,68
8168,-6.031746031746032,18.08641975308642,21.836945304437567,7.873563218390805,34
8169,-50.78337967768253,3.9264597191426462,-25.58387592201967,-14.24613061446108,92
8170,-11.04248549903473,10.261405570330055,11.158069966209501,12.144190561529271,64
8171,5.76724464427403,21.096491228070175,-6.095731375903789,-17.18455712083898,76
8172,-8.659616826523502,-22.132212189438327,8.968253968253968,-1.7592592592592586,65
8173,-5.7518455328069935,3.7605965818940117,10.0,-8.456414305888242,55
8174,11.691919191919194,3.787878787878789,12.834757834757834,12.688172043010752,37
8175,14.937450187120353,12.777777777777779,-19.08692743115733,-2.7132391418105706,88
8176,-3.75,-4.206830801317799,3.4070365734946453,-30.039990322728418,69
8177,-8.3539470709325,-3.3652392490094947,-51.93031508819918,-65.92475246459938,123
8178,12.797910830999069,-9.670483565601014,-19.075758831928265,5.618191603243369,89
8179,7.142592467517358,12.252252252252251,-2.6569622376552573,-34.39688783438783,67
8180,13.968253968253968,-6.832914836577962,4.3614202437731855,-14.140903219322013,75
8181,-33.73778777764777,7.362689393939396,-25.012323904514233,7.976190476190476,94
8182,11.250000000000002,-6.212121212121211,13.529671815675869,9.570053924892633,41
8183,-58.58511245183004,-14.304444086564324,-8.682232957595277,-28.78964867700787,102
8184,5.482285506795312,-2.4296501840106486,4.303011803011804,11.212741506859153,58
8185,4.176267281105991,13.623188405797102,15.617620655430699,-22.43383830707132,57
8186,-15.809792843691149,-13.60666507405638,3.757631211263895,-34.21568627450981,91
8187,16.850165695032253,11.078485433324143,15.607315389924086,-18.64035087719298,66
8188,3.604651162790698,-23.007068542235857,-9.082002102835435,9.684035476718405,67
8189,-19.18680506616553,14.472942100378383,22.52837425928674,11.522717049032838,65
8190,0.0,1.9151393949781053,-7.305595638928971,7.633520970560603,58
8191,-37.51779725728766,4.8611111111111125,11.905247912596352,1.9135686109105805,71
8192,8.679673462282157,-3.885398299450671,7.866632738120652,-17.417933209263854,70
8193,-24.501039730167275,18.629764065335756,18.205128205128204,2.4289321106518615,58
8194,7.6863755658664275,4.385964912280702,5.0,9.901960784313726,43
8195,-15.889705416607452,-19.591307236124308,21.345785440613025,1.458029556985385,80
8196,-17.126436781609193,4.28560674495634,2.314814814814815,20.365120155301224,57
8197,13.657876943881002,10.0,9.567067067067068,14.630829650629998,39
8198,8.205128205128204,8.787878787878789,4.901960784313726,3.564814814814815,38
8199,-5.098039215686274,27.19298245614035,14.84006734006734,9.432205193699447,38
8200,7.6836363486597,13.086419753086421,2.604166666666668,12.931936809373092,47
8201,18.283512526194567,21.217923755784735,-2.905056759545923,-3.062015503875969,72
8202,16.39476558017288,-33.64354785407417,2.083333333333334,7.949458375725658,51
8203,-100.77871146980698,6.366120218579235,17.525252525252526,17.44047619047619,70
8204,5.707946971892206,10.0,23.739500235480303,-9.521972884525479,62
8205,6.599871788388686,7.233796296296297,-41.794871794871796,-5.074123031440104,59
8206,-9.237575820237108,6.003512516117558,24.726872303598647,10.856592589767994,55
8207,2.604166666666667,7.777777777777779,11.004140786749481,4.901960784313726,37
8208,14.418861172870542,6.496751624187905,8.510324809198623,31.38888888888889,60
8209,9.097579569277684,23.72983870967742,-37.62386312482395,-17.616642616642615,80
8210,35.7967032967033,-8.506353774301196,17.08061002178649,-20.136520645546142,65
8211,0.0,12.163492535832962,15.005514433882558,2.9465709728867635,55
8212,14.456018518518519,13.36734693877551,9.279609279609282,-27.055507888841223,55
8213,12.873563218390805,-13.308080808080806,2.834757834757834,-2.9166666666666665,42
8214,-40.413414537707396,5.938160821995501,-10.529125545266147,8.248653511811407,68
8215,23.689839572192515,14.441964014622608,9.643962848297214,8.923684766618717,58
8216,-6.883814929480563,4.267738434405102,21.984126984126984,11.476050830889541,42
8217,4.689060809508989,-36.075078523803676,10.0,-5.966807855599266,78
8218,-1.2970880913603544,-7.327692313311272,-9.017094017094017,28.43719483169494,91
8219,-27.95869589356377,3.432539682539683,-10.876447858374975,-35.076998428829725,100
8220,9.546703296703297,2.8839491243350857,-70.9172804573364,21.15740740740741,72
8221,1.7730496453900706,-17.067182692654526,5.730050933786078,40.879685944000045,94
8222,-6.051653660349313,-6.553666965028156,-33.31110977079891,10.463348399119308,80
8223,9.385964912280702,17.203548085901026,26.951906247932428,13.199362366029034,51
8224,-17.133711881917847,-28.75540247619931,12.298959918822934,-14.211178624941411,75
8225,2.688172043010753,7.192982456140351,2.4719303069111866,-20.392862933513342,64
8226,-32.683818185746496,14.364674177251805,-7.78763352072167,-1.4178876678876677,81
8227,-2.6190476190476186,14.354838709677418,18.31923913576484,-12.199204951864527,57
8228,9.769682642023069,-4.076797385620915,-42.896984201715846,9.15102238668464,66
8229,4.136584741423452,2.0266153599486945,6.736111111111111,4.206976598280947,55
8230,1.6137566137566148,-0.09803921568627416,11.677350427350426,18.237611650486233,53
8231,21.666666666666668,1.851851851851852,-61.05207496132673,13.509160756501181,50
8232,-13.287037037037035,1.5473495795624654,-10.28069231459062,-9.817678006147208,64
8233,15.112942612942613,13.175454866631338,8.205128205128204,7.658093540446483,39
8234,10.159173264011972,-6.937800689264956,-0.2684090040279621,-4.642857142857142,62
8235,2.9083608495373197,-20.975643130815545,-18.607954545454543,3.2026143790849675,53
8236,-53.439514756245046,-19.28849902534113,-14.05496233326422,-13.909092038430543,81
8237,-8.17853682002164,-1.6745876446825738,23.18451955702649,4.174920451277696,86
8238,-10.817229623668913,2.751039015420056,-2.0263532763532766,5.924630924630925,62
8239,0.8922558922558927,-52.9453563273651,14.589356947269238,4.959492200834088,103
8240,-6.794871794871796,-3.096434160674849,-11.996910891727964,-0.04650169246442459,68
8241,-19.699693008516537,14.354755647791913,-28.88737281995149,1.7730496453900706,64
8242,16.476504394861394,6.092094957641175,10.27229574805542,-5.0,56
8243,25.754201084374365,10.249961242378728,-12.839766382121818,-7.821318342151674,83
8244,-2.751163288582721,-42.4413156129099,10.89771063252259,-23.22695035460993,72
8245,7.8314393939393945,-15.659861847542002,20.529430163139182,-16.498825084817994,64
8246,-2.474747474747475,-8.83116883116883,-5.043103448275861,2.834757834757834,43
8247,-11.187283342455755,13.834199596673498,13.058361391694726,6.597951938323055,59
8248,11.116923234919838,0.7444005270092244,-2.0306947811052884,17.278210469749943,61
8249,-10.17195767195767,17.78985507246377,10.2893132304897,-57.01183665518828,72
8250,-17.954216024391464,21.16883116883117,3.4722222222222214,10.0,43
8251,0.6148216862502578,-9.959104830550686,-42.96747967479675,3.177196804647785,65
8252,7.346915991856102,2.6518234504059635,11.231995369442775,1.5723270440251573,59
8253,-44.70056425183054,-10.905492631835342,-5.685615550396207,12.624834656084657,66
8254,6.617647058823531,6.811594202898551,5.833844314277883,-24.929453262786595,61
8255,-3.46296776423818,-29.53257890032791,-18.767006115960033,-1.8310869517541892,103
8256,14.028806566616606,19.07463694697737,-10.345059695007247,-3.015873015873016,53
8257,8.252818035426731,29.283415096931996,0.0,12.718202073040782,50
8258,14.021317829457365,9.901960784313726,24.385964912280702,-28.358454941116232,46
8259,23.96825396825397,-11.24322286086992,-11.151907577299948,2.329581736909322,55
8260,-21.632653061224488,-1.6117259277386529,3.8368902919314802,2.688172043010752,75
8261,-25.48355817320268,2.370459401709402,-74.56947004514178,22.32447817836812,85
8262,3.635084427767355,-20.187553354579936,-41.25757992493059,-26.978449829793615,80
8263,-82.02293956482326,-26.539289623263503,0.43091168091168086,-16.200787998187273,108
8264,-25.337846517204653,1.7694554673721363,4.812439463621821,-32.92509381977945,85
8265,0.48754636989931166,-6.573887937679724,-14.596899849559424,-3.4772829509671617,58
8266,1.544543743423295,15.067743079518443,-5.0,-31.45673911531785,62
8267,11.73611111111111,-1.0048479000091914,-34.76475720661767,-7.449412086409623,61
8268,-26.3768115942029,10.0,21.22050622050622,20.47938332421091,37
8269,25.602063277335425,11.251167133520074,15.398815743643329,-26.55570100451857,51
8270,-11.928950409899377,16.955128205128204,-32.00047698361194,-39.21349576682873,96
8271,-6.521779173275114,1.7730496453900706,13.598740440845702,-7.919442099008661,57
8272,12.094943240454077,6.339048021657382,-0.5015397769421703,27.594111229178942,65
8273,-2.619047619047619,-2.583845654021092,-20.66919191919192,7.688172043010753,47
8274,-8.355249640955233,-53.60888022689634,4.941520467836257,-97.03624362546213,100
8275,3.652281533780251,10.322455322455324,1.1641878973811757,11.377772074751848,68
8276,28.497423629002576,-3.89899229158625,-5.077283092427084,5.610110363678563,78
8277,-0.7799145299145298,5.0,-0.373843460865217,-30.508789722785664,47
8278,-18.42610891523935,4.498102022429929,17.953605200945628,5.039437835797235,77
8279,17.196381519400518,-31.206303377847192,-10.059594893338735,-23.65199615199615,89
8280,-49.99244542366562,-14.491647356599131,10.940635209760893,-2.860082304526748,83
8281,-34.9926018759247,-30.261772639879446,6.514414931350881,7.6352088112412915,104
8282,8.086419753086421,18.10185185185185,11.707383711060183,16.732232237648084,49
8283,-25.290719909221195,4.580901125018774,12.775152020743931,13.067648314127187,71
8284,2.9761904761904763,13.805569970593323,-4.969969969969969,18.53621884514333,48
8285,-0.24292356906781487,-23.786111542404182,-9.618995973162637,7.777777777777779,95
8286,13.922558922558924,30.418917519739985,9.194263868176911,6.445900036440515,60
8287,4.870129870129871,-22.58502705871127,-1.8446545284780558,-44.48713962175029,69
8288,-9.106699751861044,-55.15629345073594,-23.511904761904763,9.86111111111111,61
8289,25.357142857142858,0.20030816640986204,3.7566164772047124,-81.54107637482022,70
8290,18.35421888053467,-3.8578147714937376,25.178597569901918,13.17489114658926,55
8291,-2.814332021649095,-27.673684622636898,15.54337231968811,6.127450980392157,72
8292,-21.0939471001988,-107.87610494983767,14.960317460317459,-6.134215136201233,85
8293,6.243781094527363,-16.52502276064172,-53.34228822086139,-20.319626224615746,83
8294,-27.311827956989248,17.083333333333332,9.153467524610901,10.698531363493,49
8295,-6.967175714470065,-61.15851735980002,8.621288681642806,-2.944758245091947,93
8296,14.198263320603745,17.9838485101643,1.4926626996549315,6.085045274981557,55
8297,13.411538104520561,8.437780304395373,-14.816398729598156,0.8754406580493539,59
8298,-8.03968720060627,-8.091742486903778,3.374183006535948,10.748238689415162,71
8299,17.314814814814817,-5.451388888888888,10.558069381598793,-2.3578407756841635,53
8300,17.05036987270084,16.944444444444443,8.374183006535947,25.34188034188034,39
8301,-12.395833333333332,-55.65166244493282,8.874707008922114,5.125584670309161,89
8302,16.38888888888889,12.933784624961095,-20.42501760508217,-16.010802469135804,60
8303,-11.527777777777779,6.686771482786664,7.6442617666021935,8.419465977605512,49
8304,2.755737311023068,-15.238937322531195,11.741000569061873,-0.833333333333333,83
8305,-21.588428474838206,22.987518763950607,-38.36503173201082,-31.675804174394397,91
8306,14.187402480085408,11.666666666666668,18.684798514443425,15.828108672936256,50
8307,-25.167229253396854,1.1285055332674387,-32.37127547861305,-5.094992302487616,101
8308,16.89910205997632,-34.52819519016411,-22.63943465795911,-9.293478260869565,78
8309,-27.45523797180215,-2.065759507619972,-42.4564979023646,-14.128682079239017,85
8310,-14.131511190334718,32.82840738705045,5.288461538461538,9.857690202517789,46
8311,-0.28613199665831157,-8.02204316686024,11.111111111111112,23.411121540814907,48
8312,-3.062015503875969,-9.268249647106272,-39.49974514765648,8.869047619047619,56
8313,-8.54679802955665,3.4599459743270153,-5.821037825693784,-0.160848189020939,88
8314,11.700680272108844,-12.444597337438193,15.384199134199134,29.49862832535467,56
8315,-2.3877522023302062,22.136752136752136,10.718011658504135,-35.75474075474075,54
8316,-4.780913824301918,-5.8351201701585325,14.97076023391813,19.14025790774704,61
8317,4.21455938697318,-43.77589213235443,0.09402059282107267,-29.851741622574956,82
8318,14.545007389834975,6.306980056980056,11.476050830889541,6.811594202898551,47
8319,17.77777777777778,33.88677717946011,9.436026936026938,1.578947368421053,44
8320,14.067280997105563,20.121298472120934,26.672846372512666,-2.845117845117845,44
8321,8.663446054750402,-14.464268799307161,-9.087621607782896,-6.434716987403295,59
8322,6.826187089344985,13.623188405797102,10.003192848020435,2.688172043010753,39
8323,10.0,7.252252252252252,12.136752136752136,-19.770723104056437,40
8324,-1.2630579297245963,0.7125803799190904,9.196929307694177,-2.4440659559527793,73
8325,10.331088664422,17.801318267419962,-102.72893772893774,8.128654970760234,60
8326,-20.86943575401809,-20.700193987838713,-8.38444079006887,-16.36810079280917,98
8327,-6.229174318281875,-33.12835667115119,33.262760318261925,-22.071758594178924,89
8328,-22.922430910936654,-17.5264927221874,-4.386665756969084,17.688172043010752,112
8329,-18.454883320543168,-32.337852206273254,-60.13971176617228,8.343621399176955,91
8330,1.3152738734134086,11.654954379412585,-51.17796714568375,-13.87296631252605,78
8331,21.69529524007023,8.333333333333334,-1.1944300294066768,23.48682015348682,50
8332,-50.40784040042815,-24.488805300091094,-23.072055062418293,-16.213247907845986,108
8333,-10.76388888888889,-54.72039643912325,15.05649739934706,17.446551746243397,83
8334,-10.0,6.937984496124031,-1.3334927466921727,-30.993903409316946,54
8335,-19.77226062625345,-70.4558228317784,-33.79656759089384,-5.098039215686274,110
8336,6.543209876543209,16.330309901738474,-0.8333333333333321,-10.292680988398395,54
8337,-8.474925396772047,13.138495638495638,5.401635401635403,1.6616091218478657,83
8338,-8.32769524323992,4.6296296296296315,1.0819327731092439,-3.7794937794937793,57
8339,8.205128205128204,-26.358604845446948,8.787878787878789,-8.946161845339383,47
8340,18.312424631423347,5.593434343434344,7.440630285457871,5.690586419753089,44
8341,28.272447122718212,10.982905982905983,11.98529411764706,-18.77949377949378,53
8342,14.149553386983328,27.436681507219767,8.993055555555557,-16.668904292444275,70
8343,-9.106685301653854,5.922653646438814,-7.602771143630145,-4.658119658119659,59
8344,16.880463365356793,24.840443522352793,8.156024518849888,6.944444444444445,75
8345,-23.05148440440453,-19.18298911435126,-5.8476396130182735,5.72530864197531,85
8346,2.301247699193784,-4.523809523809522,-6.218709706104663,8.623188405797102,57
8347,8.086419753086421,-41.10826390176762,17.02809482001756,7.1123156883231315,67
8348,12.09231959231959,2.0402298850574727,16.984126984126984,25.468996918272282,43
8349,-0.9649103584240553,3.9098017821422077,-1.7694386426863549,-1.7135721247563345,58
8350,-2.8240770476452006,-51.8526527319241,2.9761904761904763,-16.88577312139208,89
8351,-52.576304989986575,6.781043411319855,-22.619783399764927,-22.89246287643785,113
8352,25.49166350890489,-18.50699073333452,-1.9786634460547496,-13.452178834182229,58
8353,5.405145989601316,2.450980392156863,-5.079441736507787,21.54320987654321,54
8354,13.086419753086421,-44.735834607725295,16.322751322751323,-13.749209736051844,63
8355,-146.27781770553443,-12.81163934679312,11.171489571872716,14.808861529107768,86
8356,-12.126436781609195,-17.228835978835978,25.488559059987633,0.6116722783389452,49
8357,12.032520325203253,-33.59443286780929,-40.48374353447828,5.027037763169696,85
8358,8.393581048043291,0.7393717491609737,10.0,11.99013157894737,53
8359,20.81617086193745,-2.2394773436440096,-2.61221582654985,12.777777777777779,63
8360,-144.20327505875315,6.605628718723959,-22.014213618232397,13.56528435128841,100
8361,7.688172043010753,-22.001409443269907,15.28985507246377,-7.28395061728395,50
8362,31.344086021505376,-34.947569889430355,-18.054413016803146,6.242240463938578,62
8363,19.62962962962963,7.692156437378532,-46.178898620759085,5.021425457484024,68
8364,14.090851318030452,8.472222222222221,-12.33058608058608,15.607606679035252,49
8365,12.64527988614801,21.278497655933936,0.0,6.161236424394319,44
8366,13.689839572192515,13.268529185867898,7.5910931174089065,24.703232644409113,37
8367,0.11894007828967235,-21.44401350283703,18.37920832865221,10.9375,46
8368,-0.7343913270637392,10.537400145243284,-15.37037037037037,2.192982456140351,42
8369,10.012996571875576,-13.425155925155925,-6.168076109936575,-3.0176511069890686,75
8370,-27.141812865497077,3.3387062110466377,15.962566844919788,5.244616494616494,55
8371,7.417490014715156,11.6573299510958,-2.4300698725040824,-4.543488258273246,72
8372,-6.999075724565918,-9.068757033545445,-8.275427129916293,-34.03112647922358,76
8373,-11.60597572362278,-3.279838141276592,-9.406305619120264,3.949462265305254,79
8374,-9.270288895000355,-102.37416506736922,-35.000501196097716,-40.497429538350254,96
8375,9.724828017510946,-9.289053335413001,15.556274026943829,6.851851851851851,71
8376,13.027294788047477,7.210764699876198,-5.939423355417976,-18.45238095238095,67
8377,-29.227994227994227,11.522717049032838,9.772090654443597,7.221019721019722,46
8378,16.572327044025158,11.204266576607003,7.880774388924438,-9.413919413919414,53
8379,5.722544998860789,-4.943875698427519,14.135811706233092,6.33423180592992,72
8380,5.0,-4.083221273623749,41.60831699624036,5.209841028610025,84
8381,2.3056241400076374,-5.183864243371767,-40.25178031353888,-14.415892373209443,79
8382,1.8181818181818201,-8.26388888888889,-9.143571489109249,-16.45299145299145,58
8383,21.01851851851852,7.7924608677524905,0.7745917960971731,9.441177344144466,45
8384,-31.202269235752492,-14.065087815087814,-15.071646344564215,8.282828282828284,73
8385,11.231986703684818,-10.343302530802529,-23.14814814814815,2.8869047619047623,54
8386,1.5366101847650988,-2.311827956989247,3.3333333333333335,-8.907874275358662,57
8387,4.451566951566951,8.009153318077804,24.656438881245084,7.525252525252525,44
8388,10.86935914998175,-12.320349027666099,36.83971582375379,-21.742938178111444,76
8389,12.79549739264402,8.104838709677422,2.0806100217864927,17.41106719367589,47
8390,20.261226827567043,6.834237965392467,-16.10681963242394,9.662004662004662,57
8391,12.823514736492982,3.4722222222222223,10.0,-5.37037037037037,45
8392,-15.92111592111592,5.808983809147556,16.203718761858298,-27.32104700854701,58
8393,-18.94113638299685,17.976190476190474,16.641104567371848,-2.1632857583366367,49
8394,-6.191220349517813,24.471465152243187,5.184533536978778,-2.311827956989247,58
8395,18.51571835646659,9.495665690518633,-2.452638643365365,8.273007316134002,60
8396,7.58892691570702,12.028128581681075,-25.453975726438937,-47.50204699365207,106
8397,10.0,-2.3611111111111107,10.0,-15.39656185054667,43
8398,17.310192161799577,13.23529411764706,0.8160038291600138,0.20418537659916924,63
8399,8.623188405797102,5.561735261401558,1.6176470588235308,24.329734592892486,39
8400,13.333333333333334,-26.52958764472176,10.891239536750374,-0.01503134317549737,71
8401,21.51960784313726,21.893939393939394,12.777777777777779,9.252865702141065,44
8402,1.4880952380952381,22.339961398885883,8.34238654658348,-1.3743533350400283,73
8403,-23.329429892043734,9.4907731611163,8.333333333333334,-10.614035087719298,68
8404,2.164512928579426,9.317011135571846,-29.33456585738672,-8.36384943841084,70
8405,24.654707679214873,9.82804232804233,-15.175075820237112,3.4416046150571153,65
8406,13.877339277004214,20.212842712842715,-108.03866471503166,13.469301934398654,88
8407,1.6765354063741165,18.936173447667702,-15.098039215686274,-10.784123284123282,51
8408,1.7361111111111107,-41.65922354563328,-50.29489252451168,-2.2449908925318756,79
8409,11.893939393939394,23.23655103066868,12.136752136752136,-14.527535505866378,52
8410,-9.263391324477714,10.997474747474747,5.406326462167286,-18.25566891274025,69
8411,9.25654393396329,-34.97641371141758,2.42059222062809,-7.548840048840049,79
8412,-7.391193036354324,1.79590017825312,20.759940542549238,12.595907928388748,46
8413,-23.35270122034828,-10.507652108995893,8.163212300659707,31.15338728083826,55
8414,10.967171583113613,-3.236667488615901,21.564110739146606,0.5168702038030535,62
8415,-16.24165623696287,9.72027972027972,6.531928262844561,10.441658195965005,66
8416,14.62962962962963,-28.08184438589538,-6.194390880747578,8.133806360708535,98
8417,-47.28340039187148,5.9523809523809526,4.126409017713366,21.746031746031747,70
8418,-17.379266521423386,12.962962962962964,11.40096618357488,4.166666666666667,42
8419,24.26049908703591,13.787878787878789,-7.539199181356043,7.638888888888889,53
8420,8.427601809954751,-7.337934829371494,0.26092336576207487,2.247393065631595,71
8421,5.655708731000354,-1.1680761099365748,11.648195814862483,-8.20662768031189,45
8422,2.462762597550788,-9.482872200263504,11.700680272108844,-5.293917449089863,59
8423,11.22050622050622,-13.333630608080469,-8.007162214479287,14.679876750786097,79
8424,0.13071895424836688,7.778549597110309,-21.264789969023376,-49.00817980569453,90
8425,-18.538146174401497,2.7169187967310036,11.150924568263278,6.023761031555672,75
8426,10.134828351996365,-36.46062394171892,2.479827653842761,18.937917509346082,75
8427,10.556182536589668,4.452879380415613,-20.542033730823338,-6.034192760535472,72
8428,-11.85086155674391,12.120354730697617,-0.5919044429627842,7.273929773929774,63
8429,3.26734539969834,-14.168166141850353,11.344086021505376,13.004728562326603,78
8430,5.283119658119656,4.130966952264382,12.469020088638592,-9.943019943019944,56
8431,6.8939393939393945,-8.253968253968253,0.4880413703943116,2.1879217273954126,46
8432,-5.250759878419453,11.572420634920636,-25.729734128467914,3.4722222222222214,57
8433,4.0007215007215,-56.927539177173045,-13.93873530025692,2.7485380116959073,83
8434,0.20833333333333215,17.292050055207948,14.20673076923077,13.248117326804312,54
8435,-13.229166666666664,3.5955710955710956,-19.943180417872874,1.8818818818818812,54
8436,11.578947368421053,16.303808389664734,-0.6018518518518512,5.913946759583765,86
8437,11.51554997199339,-19.439019003447314,-7.168647482855131,12.674713403880073,70
8438,-14.437268771143753,-26.809235575809296,-0.3933516256180538,-11.846258412360704,104
8439,12.388091891768363,-25.07039292892006,-4.436523192759827,-1.8957829781000513,62
8440,11.102693602693604,-10.421245421245422,12.895757964756683,-10.584239130434781,55
8441,2.688172043010753,24.548573648094603,-9.193239209379811,13.086419753086421,47
8442,-11.478494623655914,-8.511904761904763,12.777785405221689,-0.48025957808150554,60
8443,23.761985903248366,5.0,19.166666666666668,-9.536644695543,64
8444,18.534303534303533,-48.95161641438511,1.8115942028985508,23.086536848703147,65
8445,8.787878787878789,11.018518518518519,16.07898640028383,-1.4963978015448607,51
8446,19.851648031679478,10.257175333901676,-1.6338901712883924,-5.16131278015828,54
8447,8.787878787878789,10.334481306949757,14.420841668182094,-22.73899471432374,66
8448,-31.00653475056541,14.805791187370135,8.467597565341928,-7.0698148761104616,76
8449,9.355511638120335,-3.156380656380657,-23.615934435867892,0.4777651229070683,69
8450,6.851851851851852,-9.295061090726724,-2.785655929038283,8.189492191400724,56
8451,-50.61245792886397,23.42929764498392,10.63512275311936,19.571248423707438,61
8452,-22.84273028459075,-19.837113065979924,-22.61904761904762,3.722811640431779,61
8453,22.41106719367589,13.047771718114856,11.944444444444446,11.115093936391366,43
8454,8.661717839912708,7.976190476190476,11.021505376344088,-7.114506147013885,57
8455,-9.351185973700776,-5.470270903952089,-1.064814814814814,10.0,63
8456,15.42797756634235,-15.611285266457681,11.944444444444445,-36.591890614606555,74
8457,20.93971631205674,-5.0,0.013295766649740415,-11.496358938219402,47
8458,-7.363834422657951,-11.112995008073211,10.367187525416671,10.200387686063454,69
8459,8.24074074074074,-6.285108425899798,6.995235293843001,-2.58893280632411,61
8460,14.901960784313726,4.166666666666667,-40.98894932228265,7.135668276972624,47
8461,-65.59354915991182,8.10708898944193,9.084967320261438,21.383428883428884,75
8462,-18.38093858232948,14.98511904761905,26.29697331278907,3.141155556178909,56
8463,-53.310016307361664,2.1223410191206815,-32.65565633473162,-34.30941358024691,126
8464,16.184012066365007,-4.306758056758056,28.00999634703598,-13.121860122570293,65
8465,-18.00115207373272,-30.745859747407735,-4.080318117585199,7.282189137027846,64
8466,4.309779367918903,-22.530429581849692,39.905603655603656,5.555555555555555,56
8467,1.1220760233918128,30.159375424191243,3.268572847677003,-25.11001955274401,72
8468,-43.1532872660991,-3.216157333804393,-0.32770097286226285,11.868574259878606,75
8469,15.395654112759376,8.095632946379215,-36.66390750180989,-3.973730471582854,82
8470,14.22008547008547,5.586080586080586,11.420490827818416,8.472222222222221,41
8471,-16.936885865457292,-7.2454705788039115,-3.3350719520676195,-12.530455162594974,78
8472,1.609595255106095,1.3340168603326505,-17.219523926841,3.125,62
8473,1.80874840357599,2.0553404306764538,-46.43459316093586,-26.856172293478796,72
8474,6.724572870083707,-19.219562814613692,0.6093601520430809,0.8641975308641991,56
8475,7.466906080886438,6.4935064935064934,8.92079736377982,21.77304964539007,47
8476,-2.3810680060680056,9.13890519926069,-3.0383995549260794,20.654761904761905,77
8477,7.8581871345029235,4.6588403880070555,7.679738562091504,6.789264903376402,49
8478,7.192982456140351,-42.30474998857352,-0.8720035312918135,3.9682539682539684,85
8479,8.436673066652592,-27.768663655209586,-10.78296441250503,10.323868677905946,80
8480,15.410206718346252,8.725437594795363,-13.210916845370628,3.4408468119901876,58
8481,17.433219664677466,3.7054968824787835,-23.14477211489374,-65.98128155145699,69
8482,5.0,5.823882941879546,-17.916666666666664,14.385964912280702,46
8483,6.444592988710637,20.655910461092617,-23.97292890393019,10.0,59
8484,-2.9877068519039884,-5.910655371899692,-8.922671531367182,-6.9233235399685755,75
8485,-60.02085130439676,-9.5326278659612,-7.357188365419791,10.320754959399732,91
8486,-41.27051912448293,23.709079180777294,3.5824275362318865,-5.0,53
8487,6.051587301587302,10.050327431481932,10.0,9.863383950071258,44
8488,2.7171092796092786,-14.070825211176087,-27.553736772486776,-17.040765216321333,66
8489,0.229243143223804,-18.43994783196235,-7.079734637284865,24.980359147025816,79
8490,-1.5277777777777768,-7.449440651955396,4.426778752436649,-28.759037459172685,84
8491,-20.946918578497524,-18.956875916852567,-20.654372860255215,-24.99701314217443,64
8492,14.473920782060315,2.1637426900584806,6.811594202898551,-3.77164502164502,48
8493,2.192982456140351,0.0,-21.794871794871796,16.944444444444443,39
8494,-20.331890331890328,6.25,1.9841269841269842,6.68877418877419,46
8495,-33.84523337954711,18.939485213793894,-41.89079701648101,4.258241758241758,67
8496,-5.585507247949245,-19.179306942902944,5.480159402573195,10.788676221039236,83
8497,-0.665101696985511,1.1147500123699052,-2.271527251726905,-68.98545523083577,83
8498,6.418918918918919,12.405153632334159,-2.4338624338624326,14.635665066145027,47
8499,6.854838709677421,-35.212899974804735,-4.74886656634965,17.55136121638457,70
8500,13.757176629517055,25.286954478130948,-0.09419152276295151,-12.857142857142856,54
8501,14.901960784313726,10.954010592655365,-2.8266178266178272,7.51348314831412,57
8502,-8.795270758741077,13.240067829457365,-7.840445083092141,24.686110372982714,81
8503,-28.452380952380953,-4.466353772715916,-12.069212582645612,10.398815743643329,72
8504,-11.315628815628816,1.6950757575757591,14.440028362442154,-41.570084687788025,65
8505,4.385964912280702,17.09494324045408,7.873563218390805,-1.3886253426101627,39
8506,5.0,10.0,-4.928468925001047,14.554681348784298,58
8507,17.17969740348257,1.6683425506954923,11.992837785520713,22.356044966387856,53
8508,-69.43574109796351,-12.364341085271317,2.9277760284346783,-43.30278116462327,99
8509,-1.872087139387699,-18.39563319675595,-36.39307141513474,-25.34329123916977,95
8510,-24.764771177131035,2.6839826839826846,11.668342550695492,3.6048454469507103,58
8511,0.6557087310003542,-23.180622220839783,23.157262456954108,9.393187721977172,91
8512,5.0,14.75518506410955,10.858585858585858,7.988380537400147,42
8513,0.7043217844434895,22.982762081429183,-40.56352538991768,4.097383343730064,76
8514,5.0,-3.9116731221994385,14.901960784313726,15.659137858804158,45
8515,14.62962962962963,5.0,-2.5595238095238093,22.525252525252526,33
8516,-15.837489446673686,6.339237788513152,7.500000000000002,17.817591234929946,53
8517,24.139064542427747,8.604651162790697,-15.083595741490479,-41.18906776094823,69
8518,-3.978494623655913,-10.098039215686274,10.0,6.654976758882885,48
8519,-66.43640601300602,4.604279944731193,-8.209369579181688,2.849796135800193,82
8520,-4.861660079051383,-9.446155366717656,-34.22659795846184,-40.691572779564495,97
8521,12.017644414878427,9.630688435719884,13.456599013874557,-13.280968861366134,64
8522,-4.468386910247375,-3.36569106730105,-5.258384055376534,-21.729338018796383,92
8523,12.516040624026106,6.939177380353851,23.810248066402565,4.901960784313726,48
8524,0.1524811143685909,13.889808179015478,-20.62802197795574,-2.1467391304347823,82
8525,15.681818181818183,4.564777327935223,2.9761904761904763,-7.592592592592592,44
8526,13.228572563027887,2.6741179682356155,14.98511904761905,-20.451426351905397,52
8527,9.166666666666668,18.6231884057971,3.3333333333333335,7.285900023091674,37
8528,17.919073679943246,6.584309848030097,-0.1377217553688146,-13.991399335545426,71
8529,-10.225200066531333,6.388888888888889,-30.059593061034494,14.631517909683534,67
8530,4.82492417976289,9.225932797361368,1.5701214208676912,-22.25815759379801,67
8531,3.573038810230461,22.797835585012386,10.0,18.96825396825397,49
8532,0.0,5.911710187473124,0.602240896358543,-13.037335858052948,61
8533,22.307767007433302,9.62962962962963,5.0,10.0,32
8534,-1.2667994026879041,-10.309994868818396,5.563656539134785,22.57324783689261,50
8535,-15.769163246279952,-40.69775788558039,-18.32459959782977,19.098619407543893,83
8536,-47.85931949530207,-21.78025191183086,21.053042407093464,11.07878794229137,79
8537,-3.1307089879846957,15.628654970760234,6.766381766381766,-33.87429095762428,57
8538,-1.3934622507404661,-30.85722428755912,18.08641975308642,17.573140513076794,83
8539,-19.23171007794331,-6.07090643274854,-23.338557993730404,26.86431395977236,67
8540,4.582194121667806,9.660552546581958,-9.501779443639908,7.032520325203253,59
8541,23.82232655951821,-29.762351469668545,0.9246309246309257,4.597562930896265,55
8542,5.167029774872912,3.6231884057971016,0.0,16.746031746031747,36
8543,20.401331415263304,-4.515532984182027,1.7310342025587193,-47.501560567713,87
8544,-27.333344742248038,-29.71902937420178,-10.881391326941545,-61.219679915858734,118
8545,-1.8929707177403183,8.680935033394048,1.2994146558157256,6.736111111111111,61
8546,6.481769453467567,-15.905930561102977,7.221928846642805,4.466042432144128,63
8547,5.401635401635404,14.891975308641975,-15.803303303303302,10.0,47
8548,13.089136825752663,3.0773204233450606,21.098396158637122,-28.831827113184797,83
8549,-3.717948717948718,10.2753195453987,-15.28354958198085,-6.0130718954248366,71
8550,7.450980392156863,-9.587156833661908,11.893939393939394,-5.559236515118868,54
8551,-24.212545547284524,5.013736263736263,3.988363363363364,14.295011885591595,60
8552,0.10638297872340496,39.57424349049965,-3.9280626780626777,4.8004370830457805,49
8553,7.5256529003668575,-4.542619542619543,15.230748516752573,-18.927193383395227,61
8554,11.81159420289855,21.05158110060071,6.8939393939393945,1.889942494781204,52
8555,9.718234981392875,-7.924657042304101,12.858187134502923,21.397599690282618,42
8556,8.205128205128204,8.472222222222221,-1.5348022073796377,28.92416225749559,54
8557,17.943490983512913,-12.88049991439822,18.16658051732679,-26.105976259278147,70
8558,10.85421888053467,-2.311827956989247,0.0,-41.057416159261244,57
8559,-54.986012603677054,21.60185501635765,-27.32654405644962,1.5146060735800075,90
8560,0.3922597995873862,8.844114528101803,17.771317829457367,-16.666666666666664,50
8561,-35.984504913076336,11.048863990040461,-2.0238095238095237,-4.3585366572858755,58
8562,4.115853658536586,26.323949408404733,-13.75,1.9930069930069934,43
8563,-38.364820047207544,-36.0030344506151,3.3231100749281683,5.506001446493922,113
8564,0.45454545454545436,-3.4049802300071508,-18.052050971365944,-10.165700079286806,90
8565,10.836712532652939,-21.933073424301494,-11.274961597542244,0.4717208746879966,62
8566,-12.406551241527888,6.944444444444445,1.5448323295557564,0.22317188983855685,77
8567,-14.925545306511907,5.752085130859937,3.7084222814400256,28.12169594348025,70
8568,19.377104377104377,3.8803654392899256,-1.913580246913579,12.523570081709618,45
8569,12.986068411104279,7.092319592319593,4.385964912280702,2.777777777777778,41
8570,8.358995315342513,1.8939393939393943,23.543000533546753,9.483500717360116,51
8571,1.6750104297037964,-7.427285013962551,10.0,-3.9700695092851954,52
8572,10.106382978723405,-0.5517784337818288,12.988380537400147,21.169454513598108,54
8573,-6.031746031746032,10.160556708377875,6.5432098765432105,-54.55827644980408,57
8574,-6.447467876039305,4.401456978183321,-3.640350877192982,-7.857142857142856,52
8575,0.13464763464763463,6.098952720724267,-7.19687469640809,-5.786514833823734,75
8576,7.688172043010753,-94.65271595852204,-11.691561844863731,-19.819247027127464,71
8577,17.873563218390803,-8.421686338353004,1.5196937821411858,-1.4923039923039918,55
8578,3.3333333333333335,-73.6913039161649,2.849210987726476,-7.878809405434165,74
8579,2.8646675791132683,-1.5331142702461378,12.083333333333334,3.6466560176570515,75
8580,8.005632360471072,3.55765710681906,-2.9166666666666665,11.060606060606062,45
8581,3.367003367003367,3.162668576202412,-6.99989285331619,-61.26642850901361,62
8582,-14.225408203902827,16.578947368421055,-16.84971502906498,5.0,55
8583,-10.669307530792043,6.630953956321601,-3.710764168081241,15.310975382982104,67
8584,3.119429590017826,-65.40936126141519,2.7351807012823954,15.762392508535566,69
8585,-43.35058254359508,-22.367903812062988,10.0,11.436781609195402,72
8586,22.433219664677466,-99.05322031871079,-14.59200502414781,1.5343190945600589,90
8587,20.0,22.03252032520325,23.01639094522391,10.413943355119827,41
8588,9.437321937321936,3.3559276980329606,-14.22015182884748,-32.29662698412698,57
8589,-3.8017429193899774,-7.672309715686005,-21.62639257397322,3.2825203252032527,82
8590,8.959829986091046,-8.951603525336244,-2.262144629132969,8.968253968253968,62
8591,17.27884377586107,24.66364323507181,9.725415070242658,4.562470583975962,49
8592,12.736225127529476,15.554921804921806,-5.549212110982559,4.088148700340351,60
8593,-33.06551889048302,-33.761140819964346,9.461221688400823,7.040229885057471,52
8594,2.4394274975670323,-1.6025694884172346,-23.435403455564746,5.783274488296977,79
8595,-1.1538718339588394,-6.353114325587069,-4.597182684654417,-0.5782683786020804,80
8596,21.79590017825312,-26.537368837358326,3.7635849899626823,-2.408906882591093,53
8597,18.743053901722632,5.583344000682711,13.831923890063425,-12.807017543859649,45
8598,-5.946378551420567,3.2754886065333615,5.329199558720634,7.595516020611825,78
8599,-12.356103071466853,-69.89374435868955,9.385964912280702,16.41125657945373,112
8600,8.388731846517661,5.294198139025726,-75.43527769980544,-39.84903607452627,98
8601,-8.36336322122507,3.7955465587044532,-4.895846991098885,-18.703703703703702,72
8602,7.688172043010753,-1.7626854669188745,10.291005291005291,6.828318092131388,61
8603,-2.352983540663694,22.33560090702948,11.95091945091945,-5.861659979307038,50
8604,-14.736991762185559,13.787878787878789,1.6034851696616408,-6.818181818181818,65
8605,7.8649237472766895,-7.461853086853086,8.359213250517598,5.690586419753088,49
8606,-7.134809634809635,-68.6228574317933,-33.11882062146892,6.386946386946386,67
8607,-32.23399206569521,3.9682539682539684,5.901116427432218,14.898013955984972,65
8608,6.582633053221289,3.5113088326062627,-34.333607508315886,-42.901142515144585,84
8609,-4.5093839249286,-9.563103018985373,0.3207440217083217,-6.91358024691358,57
8610,-2.2472893210220395,4.608585858585858,-12.915258074509843,12.192982456140351,51
8611,8.645208850870024,6.019844517184943,-47.85727540341318,9.151660664265707,80
8612,14.01093842391667,0.7191733281201553,-71.09239753096935,-1.433080808080808,98
8613,-39.093761535622,0.8652563369544501,11.99013157894737,-12.037786045827755,58
8614,-33.85868742938397,6.79590017825312,-19.472578505086247,-14.967691235123556,74
8615,11.025441515637596,22.03252032520325,8.968253968253968,8.472222222222221,41
8616,-21.060924333265856,-25.84518593928169,0.8239755713159971,10.20813433988806,90
8617,3.8936627282491947,7.733524110960394,8.930641142868273,-5.437128582289871,65
8618,-19.023857172069672,12.47741472475515,-20.422885572139304,-23.01818354259239,79
8619,-3.0401234567901216,2.03751124994451,7.314814814814815,-9.687169737725853,61
8620,4.249390429887036,-0.7186948853615518,-3.1600547195622433,13.990626565870306,63
8621,-0.7010582010582009,15.665013121640353,18.52763282732448,0.01031535514294113,50
8622,8.648809640860259,-15.847079572569767,10.861343055504609,1.5227170490328388,67
8623,-25.3125,7.440476190476191,16.073189529985278,6.851851851851852,47
8624,-56.62382756132756,12.136752136752136,-3.980048159614723,1.5776922722565523,65
8625,10.0,10.7251390146127,1.9852941176470598,-13.195450471665305,47
8626,-24.248996799552916,5.208333333333334,-17.145859071705736,-2.489720927220927,65
8627,9.519988728039698,-32.29186775586369,2.909744952427881,3.981481481481482,83
8628,-1.0317460317460316,5.0,-4.592529711375211,-10.554765291607398,42
8629,5.913732917409389,-35.42548500881834,27.961601307189543,-0.721634944776248,68
8630,15.664362519201227,7.789855072463769,5.0,10.0,34
8631,22.102014294996753,18.550365405204115,-29.63478981336124,10.297155611325291,67
8632,-6.031746031746032,-50.867423933436655,2.5723164798069424,-3.8779239766081868,63
8633,-3.643546541654679,-6.968676736827267,-3.6297730724975312,-2.244044371703946,85
8634,9.166666666666668,3.972927485719745,9.62962962962963,-12.863247863247864,48
8635,1.937984496124031,1.1088573360378637,22.53299018793931,-8.14516129032258,47
8636,-3.732153205837416,1.6277663992717755,28.525641025641026,-20.945232539378633,60
8637,-26.962923024719743,-19.937030022676105,-4.163473818646233,-9.552433072169913,100
8638,-4.7727272727272725,-9.677197802197803,12.192982456140351,-17.2515486944302,55
8639,-0.35603715170278605,0.20157495976844508,14.191687721566094,11.262626262626263,66
8640,2.7777777777777786,19.777504777504777,-7.114744737223218,-19.766560223877295,59
8641,-105.65726665004156,17.116659367447255,2.5577200577200596,0.5363683527085676,107
8642,-4.535462787386971,-11.215986394557822,7.598313950772967,14.869174213363461,63
8643,-78.17738791423002,12.469271290605796,6.59288435935047,5.489417989417991,73
8644,-5.898425246251334,-4.635694726808924,-11.461640211640212,-39.6402535955675,80
8645,10.128737945585907,10.365853658536587,-58.1588484630056,-0.21221936807577624,70
8646,23.05911430911431,-8.684553685797477,-50.33377152563199,14.462342381235047,76
8647,18.78787878787879,-6.794871794871796,21.836945304437567,18.47222222222222,34
8648,-4.890926067396654,8.27479778629204,-9.3305026754939,15.0,60
8649,-34.78796493721867,4.478458049886623,3.228694017267629,-16.6440638499462,71
8650,13.820398603007298,-13.38166354906318,13.333333333333334,11.081643923440891,65
8651,6.785845203183914,16.599378881987576,16.578947368421055,28.62179487179487,40
8652,4.388964888280894,-15.61965811965812,-17.74691358024691,17.88085982281093,66
8653,15.0,-79.45525726886635,-10.404040404040403,19.349309263496906,76
8654,27.802361184714126,12.873563218390805,10.774591796097173,-1.0555131143366436,37
8655,8.802645041756541,1.937984496124031,30.236934929917382,14.20978918056992,55
8656,3.9560944220795236,10.630933394091292,8.776803118908383,-11.381791773948635,76
8657,-0.3605027060404631,13.858024691358025,-7.549019607843137,-2.6633534677665267,55
8658,14.385964912280702,-8.796255811504144,-7.685185185185185,27.922531038473068,54
8659,11.454492568472926,3.4544159544159543,7.816507540683643,-40.02182214948172,63
8660,-30.169357007125697,4.639100324909865,9.697534480226441,4.898180870925231,89
8661,-20.68418796168047,-20.417200170721294,-13.66695215391578,1.4606314638283964,86
8662,-0.47515597147949684,8.482905982905983,3.5525321239606957,-5.238095238095237,54
8663,21.11053778236441,-1.2240537240537244,-7.326251609264071,7.083333333333334,53
8664,9.385964912280702,21.685925088789787,-38.02432800362406,-15.012626262626263,67
8665,8.939014202172098,14.385964912280702,2.604166666666667,-4.285714285714285,40
8666,-5.185103124681129,1.766381766381766,29.148807910974206,12.293683966406833,65
8667,17.0753429576959,-5.158962042513425,5.0,3.3002645502645507,56
8668,8.392537122375831,0.9232391072263839,7.503192848020435,4.633204633204634,48
8669,5.410601819101837,-13.022177531981452,1.9864799552299557,9.58937198067633,90
8670,9.166666666666668,22.03252032520325,-21.38225821729658,12.525252525252526,41
8671,15.08986928104575,0.4573804573804572,3.645568990396578,16.766381766381766,44
8672,9.980927180593476,18.78701550361147,6.342590086432451,9.534662438429208,59
8673,-6.737377711595574,-33.98570156180334,23.666569253394513,6.122076023391813,73
8674,4.620775919795529,12.16374269005848,-0.6993719388736181,3.9532794249775383,55
8675,-38.448606635365195,-1.1520522388059697,-34.854728824850454,-36.926713011051305,93
8676,7.136752136752136,13.333333333333334,4.385964912280702,14.401560908975807,43
8677,-1.4979019104311284,-17.30557454241665,10.340796482100828,7.407407407407408,59
8678,11.436781609195403,-21.07841509196317,1.9509194509194507,-5.7886904761904745,58
8679,-16.3768115942029,-51.820287813117055,3.059581320450886,16.268081002892963,73
8680,22.818227173065882,2.253086419753087,-2.9267528577541393,-18.67500784532688,66
8681,16.719977553310887,11.199186991869919,-12.78616322752017,-13.691423519009726,60
8682,8.252818035426731,9.525317219086217,-18.0324336513505,-21.088699181371595,71
8683,4.4411773441444655,11.684720191869582,-0.10354928478028746,0.0,63
8684,-6.947007294675242,1.2132573715641453,-18.049585328151924,9.290736145574856,75
8685,-17.367724867724867,-12.121848739495798,-7.808623471379141,-13.148148148148149,59
8686,-3.8888888888888884,-7.619047619047619,7.04069682330552,2.0970695970695967,45
8687,16.572327044025158,-1.8580958953629758,-11.33614333682733,0.12864823348694276,53
8688,-1.08753439477519,20.63324160073386,10.257175333901676,4.564508473706589,57
8689,18.4545600579776,9.901960784313726,14.385964912280702,7.604166666666668,53
8690,18.60487009520852,-15.819707603954857,16.73374905517763,1.8762561010623031,72
8691,-3.2234432234432235,-11.540535754531696,-22.088025525525524,-8.488546957320729,72
8692,5.3418803418803416,9.636686991869919,12.332086868090926,30.909533935849726,44
8693,-1.9135802469135799,4.231929091275734,4.364216189874085,-36.616078753076295,59
8694,-7.813582108760864,8.325970568287048,18.276146247844363,1.994672420939704,79
8695,17.432208994708994,2.4792170218999514,-39.847542721302936,10.24194382394308,79
8696,-2.2049441786283883,8.623188405797102,-2.0150987224157952,-34.39914171321243,62
8697,4.561620443973386,-15.874333986779273,8.968253968253968,5.115698917601817,74
8698,11.339237788513152,4.497642469340583,-14.39605616621301,6.854838709677421,64
8699,9.267101658406007,4.992653278657335,-19.019138755980862,-7.052892188771867,79
8700,7.134155896322193,-2.549019607843137,7.183048433048434,10.0,41
8701,2.525832376578645,-4.7849105085947174,22.571651054369443,-41.751358620498465,69
8702,-23.953693036354323,-23.474418713420782,-15.375531684477808,-25.44336918922478,90
8703,3.908678263516973,-1.3768115942028984,2.605820105820106,5.0,39
8704,11.934367514280453,5.307375866302822,-7.893632548804962,17.17065247915117,72
8705,-8.847087298276284,-0.15428412167542405,-9.989846532840641,-58.05831628407506,84
8706,9.196692179326721,10.0,-17.74774774774775,20.701164239255395,54
8707,-5.819054216797037,-15.285226288867662,23.78787878787879,-13.838098039490333,62
8708,-1.7948717948717952,11.112145615822087,12.136752136752136,27.772447176199247,49
8709,2.103997367155263,12.083333333333334,24.960317460317462,7.777777777777779,42
8710,-22.636582934450715,-8.519631867171114,4.164796407213892,-51.79220762662471,96
8711,5.8880069206156165,2.3833248833248826,11.700680272108844,2.6122477976697938,52
8712,6.574453551912569,2.8659611992945333,-1.6993464052287583,-72.11230558038088,66
8713,7.688172043010752,12.824228169055756,0.0,13.10708898944193,41
8714,-1.1947793381616907,-13.106060606060606,-1.6451959205582392,-17.97979600420485,55
8715,8.968253968253968,-6.91358024691358,9.385964912280702,0.0,33
8716,2.525252525252525,11.82227796358231,-12.605526812843884,12.136752136752136,47
8717,-0.09391645640594337,1.01851851851852,0.03722136295674372,-6.498484614687184,55
8718,21.791868526077465,3.6475926550075535,-55.54200980392943,24.233008629187434,82
8719,9.880913299039985,-25.84996232008774,-1.4504434670338548,-6.847799101819035,74
8720,11.67431395976771,11.599378881987576,17.36672680156723,16.251167133520074,62
8721,-0.6975133715059294,4.187761417427058,5.882790078243531,30.379861084195454,80
8722,21.638071895424837,7.858187134502924,-29.542619542619544,-1.5698903360309364,48
8723,-68.3276591976826,26.927634805709914,-6.2748387827509475,-5.353916622783018,97
8724,-45.77718981193959,6.937984496124031,-38.51248154431899,6.515151515151516,86
8725,17.427213309566252,3.6231884057971016,3.9682539682539684,-41.63478886113264,49
8726,-8.427579365079364,10.0,14.346233524226088,21.960864805692392,53
8727,1.9878035058438628,-47.29914538538306,-37.253269510751444,-64.32231015073994,112
8728,6.141552511415525,-6.065523431594858,-36.5918308012847,5.508510250468541,74
8729,13.086419753086421,9.901960784313726,1.661442006269593,32.60416666666667,32
8730,-39.07294094794095,8.549439845206436,-3.364457599938543,12.626137303556657,75
8731,13.689839572192515,31.691919191919194,8.472222222222221,5.0,33
8732,-18.815916046724002,-30.303287872021883,7.789198675421585,7.123228389051174,80
8733,-15.156602230334949,11.555983907168503,18.747072599531613,-2.9667411924999625,67
8734,-1.6028911564625847,-18.250811688311686,21.11111111111111,-16.24115878546326,65
8735,26.775234139701375,5.945078682270334,7.253086419753087,23.47222222222222,47
8736,10.0,3.4175084175084187,-7.023809523809524,9.47210442909666,56
8737,3.8548163548163537,11.2869592281357,-46.52777777777778,-2.212301587301587,52
8738,-55.63358372060547,5.0,-16.87988626553406,1.398392690409497,69
8739,6.839945280437757,-8.699926581929978,3.9351851851851856,12.366483988824415,48
8740,8.067862712381952,9.247656177480739,3.3333333333333335,12.380952380952381,43
8741,-54.561645285942845,1.9613462669018238,15.963623685057087,2.5631812144970056,83
8742,13.101851851851851,-16.91358024691358,12.688172043010752,-5.833333333333333,38
8743,3.552631578947369,3.3333333333333335,8.787878787878789,-1.7950513538748822,42
8744,-27.705358223381264,6.984747278864927,0.3981106612685559,20.188378033205616,57
8745,4.252799310938846,5.744400527009224,-14.991289198606273,22.858199739158273,69
8746,-3.2269503546099294,2.450980392156863,-1.5805340223944864,-21.16372519736688,50
8747,-34.34701570571136,3.2820197044335,-15.050884787726892,3.4722222222222214,58
8748,11.275244692583403,-62.41944506550187,-45.18845181183646,11.603313840155945,95
8749,-29.96674009262823,6.251970951637248,-13.91322486441385,0.39394651094407385,90
8750,-39.52554550047585,2.139738994577705,-18.309860637446846,4.9343980748499074,76
8751,-22.856150748307613,-27.946879157548356,0.4141907865312131,-0.37037037037037024,74
8752,17.48283752860412,-54.553120490620486,6.572327044025157,-4.78174603174603,55
8753,8.968253968253968,-17.085397843194404,-43.41282024785861,-45.29526191026755,80
8754,-4.435231251151649,-60.685955412299194,-15.87912087912088,0.0,67
8755,-11.247712651221423,-3.8684560660367113,-15.930018672670235,16.912715334890176,84
8756,14.565302851306908,6.851851851851851,20.271317829457363,18.694135976744676,52
8757,-11.212121212121211,15.188172043010756,24.22008547008547,-5.121806298276886,40
8758,28.112702733846106,10.0,18.689839572192515,28.205128205128204,35
8759,1.0114323521165964,-26.15713664604793,-15.574991841132444,7.976190476190476,82
8760,0.06069094304388578,32.145766838749296,17.73483884002177,3.6231884057971016,52
8761,-34.358714089144215,9.701023406045895,-18.417316036161537,1.9841269841269842,77
8762,-35.576869726671354,-26.949353456935974,-27.195851152299493,-20.2042343445127,116
8763,-4.651337319455722,-6.5664160401002505,1.937984496124031,7.793552106759244,64
8764,11.024036807705539,11.81159420289855,8.953373015873018,-13.24898465823643,53
8765,-18.11811811811812,-31.605306217858814,0.8340883922279274,2.598955765413838,57
8766,-18.240931017469656,-0.31606386445096013,-15.192825505403512,7.503192848020435,103
8767,5.0851767098906695,-3.709150326797385,13.602492274356562,14.394176425426426,72
8768,-12.62502980589143,4.627702341451071,-1.6045970900780342,-40.46891416077463,74
8769,-4.571268720866492,18.78787878787879,12.834757834757834,4.221813725490197,53
8770,8.768631436314363,3.480652207832737,-13.568078068762064,0.0,50
8771,4.785174669851028,-8.326719576719576,22.10886933807651,15.164200522144618,61
8772,-30.07286252561149,-31.794871794871796,20.746928562863406,4.901960784313726,66
8773,-12.165242165242166,14.557772850455779,7.380952380952381,-18.71545030376167,61
8774,-1.9287100157317714,-3.276353276353276,10.0,11.81159420289855,47
8775,5.0,6.126743626743627,-42.98869892619892,2.1367521367521363,49
8776,8.852465301740665,0.6290971422550378,-0.19899398632136744,2.2240521153564634,66
8777,-1.8868903493600828,18.25281803542673,-11.404211432674431,-46.343610093610096,66
8778,4.914529914529915,4.777504777504777,-14.154168254326182,12.380952380952381,47
8779,-26.77545741134591,17.136752136752136,-9.914736943038829,1.7977388792927282,68
8780,12.040229885057473,-49.983434940940896,-25.534168212739637,-6.248677427342924,72
8781,-23.10724332463463,-30.137424739478654,-8.09751365077515,0.22795182405137093,99
8782,-42.72713159047092,-15.420602789023842,17.342555105713,-8.106060606060606,79
8783,-57.228285910378474,-5.84872975533861,-8.181179241052085,3.102094003123752,93
8784,2.3470124310178093,-5.560715514275885,9.385964912280702,-26.315373272545237,66
8785,-42.6717680590897,12.282913165266107,8.33994708994709,-10.965941437717117,67
8786,0.8275243174961948,-34.059314701199135,-29.25438596491228,-23.25941022046992,91
8787,7.525252525252525,8.9891975308642,7.940094514252356,3.2157791431984997,62
8788,2.3241687979539645,-9.901058661947163,3.4964012595591547,9.82804232804233,52
8789,-1.7680277239100763,14.108087679516252,-11.254241254241254,15.475040257648953,53
8790,4.496440385085159,-36.26067523345837,18.374183006535947,-33.24350479092171,85
8791,21.984126984126984,10.223063973063972,3.4212337337337364,10.651340996168583,48
8792,2.1367521367521367,0.778010366826158,10.51994301994302,12.976190476190474,41
8793,15.307439474106143,-50.07828415835141,7.017906635903241,8.173843700159491,74
8794,5.858302634618424,-6.130235699755739,-14.991830065359478,9.682282003710576,57
8795,0.7469431153641708,7.450980392156863,-59.303116986871814,19.40502398835732,91
8796,-27.541608526353247,-20.425772818378046,10.275128069245717,-3.2993197278911564,65
8797,0.0,0.0,-46.516249427487296,7.53968253968254,57
8798,8.147206439889368,8.300653594771243,-19.692039227645182,-1.0958409684046861,63
8799,-2.8493767035433697,-9.011470985155196,5.475040257648953,5.8643775805384655,59
8800,14.901960784313726,-10.720745662606127,-31.152813399318475,19.618196131354026,52
8801,-2.052404295051353,1.2378167641325541,-4.7712418300653585,2.0325203252032527,49
8802,-2.011619462599854,8.404755346498293,9.456521739130435,-35.27632193217834,60
8803,-79.66662422544775,3.7022925297406797,-0.6744850718065001,0.9535790380343627,66
8804,-16.847302511157782,7.518115942028986,8.808669400774665,9.385964912280702,72
8805,5.163410867745233,-18.70063398279281,18.009153318077804,37.95008354218881,57
8806,2.9346882684935114,-23.830815538132615,-28.891584577849763,25.993761140819966,85
8807,12.38095238095238,-6.478327432556953,1.6909669850846316,-11.6907763033289,60
8808,0.0,-4.106699751861043,9.115853658536587,-14.862914862914863,46
8809,10.0,19.063944530046225,11.209049888399482,-23.736109927970393,66
8810,-61.89015824200599,-31.284099936673613,-8.977755433608955,-38.097195192852226,114
8811,-1.5116629558221328,25.00133386688009,1.3131313131313136,4.121977520633736,51
8812,5.0,5.8933002481389565,-0.5465566113802929,-29.250159370591266,76
8813,-15.24970921574824,-14.839443291622125,-16.247719503338825,2.3562827801385335,86
8814,24.090343454454953,-1.9252446426359469,-4.525890244490948,-25.365020285479034,60
8815,7.301465737258086,-3.466676184944548,-11.251073487915592,0.030609017800668603,61
8816,-26.074011192856695,-9.887057387057387,12.450980392156863,4.050925925925926,49
8817,27.071445682089028,-19.13151119033472,-6.35719615153498,12.371794871794872,53
8818,12.314814814814815,8.489278752436647,-14.128787878787877,6.698643091984319,68
8819,-20.101534171918203,10.467372134038802,-6.192727345187027,23.855900969229552,69
8820,-12.311827956989248,3.08641975308642,13.23529411764706,8.623188405797102,37
8821,-23.318294876101508,-35.525114155251146,6.363180771195344,-17.153862631067966,81
8822,-28.491778110279395,-3.7711124357705543,8.968253968253968,-26.563208616780045,75
8823,-7.934270930594458,-19.391025641025642,9.712301587301587,27.690156014093496,59
8824,10.377492877492877,12.72405223554649,-17.363887165009917,6.83095236935398,71
8825,0.25766131242804735,-8.938623020839136,-23.655913978494624,3.770510804708918,66
8826,-44.157447490780825,-18.14814814814815,3.5866910866910864,5.015432098765432,56
8827,0.6641048403721221,-17.19390984410364,12.873563218390805,21.85323942161594,82
8828,3.556930940765622,-30.166161407376787,3.824180678603418,-29.495344301108712,70
8829,-31.44882353289158,8.783631655972082,3.5201149425287355,-7.676142204444091,71
8830,-4.830142294822233,15.0,7.380952380952381,8.715676820515531,46
8831,-11.30229544903281,-14.380513216695634,3.9598030928240027,6.617647058823531,75
8832,2.7200504826555227,10.0,12.2599389588176,5.862015743170243,54
8833,39.773709961882005,-24.45306174045996,8.983516483516484,-11.376811594202898,54
8834,-1.6958450046685338,6.944444444444445,4.385964912280702,12.506127450980394,40
8835,-1.7175514543935542,-4.984567901234568,-3.421126026168043,3.1098487938360684,60
8836,7.5910931174089065,23.844114528101805,14.039855072463768,2.0837452880796543,46
8837,7.453967249982432,6.150793650793652,10.0,20.398110661268554,42
8838,-4.412818373656572,-37.91012689459016,-6.1851613045223495,-24.504598525067927,98
8839,-4.524959742351046,13.086419753086421,7.444234006734007,9.081196581196583,48
8840,9.62962962962963,1.7096081588835217,22.450980392156865,7.301587301587302,34
8841,13.638664768232875,-6.579793287110357,12.122569585880655,28.6231884057971,49
8842,-11.205705663033605,-0.5721747388414054,-5.521628474015941,16.81159420289855,76
8843,2.1367521367521367,-0.04582675982270423,14.814814814814815,8.623188405797102,41
8844,-19.271888328193224,20.913383185758235,-29.864178871854307,-15.949797290911487,91
8845,23.682919863416465,-12.193823570966634,-14.436115781936161,6.666666666666667,72
8846,5.0,33.22456478706479,14.068627450980394,3.4722222222222214,39
8847,-35.700063285094856,-9.659624413145538,5.992063492063492,-8.34311697593964,91
8848,-38.09514637904468,-20.92582400782731,-1.4949631819550495,-7.313391265597149,90
8849,8.439815997955533,15.001333866880087,9.62962962962963,-10.988726690094758,51
8850,-0.5126140633387002,11.917134369426533,-17.99428837807604,4.365966172043867,65
8851,7.917456930614826,7.083333333333334,15.189255189255189,20.191763574116518,42
8852,20.90440608088644,1.851851851851852,17.225415070242658,-1.5277777777777786,47
8853,-9.789983739426722,-0.3328834907782283,10.32382650029709,-1.8596290717544872,67
8854,15.122096928362915,6.666666666666667,8.187984496124033,11.457248086738945,51
8855,-10.724206349206348,-12.342178844736388,-10.561821219715956,-12.099573897173338,87
8856,13.417508417508419,-0.09419152276295151,18.46544499132092,19.166666666666668,54
8857,2.3529411764705888,-9.48727989846411,-19.887752202330205,13.013143769846,67
8858,-2.99739325497577,12.319677871148457,4.774305555555555,0.646196232519662,65
8859,10.225752508361204,-6.242823370482945,6.433556094737174,10.0,58
8860,15.980652207832735,-0.6140350877192979,-9.22776947529256,-18.81254709244481,63
8861,6.839945280437757,-14.716183574879228,-38.67725841410052,4.385964912280702,51
8862,10.656238202004793,20.31862745098039,-6.775750704322132,13.887073347857664,51
8863,-20.87912087912088,6.811594202898551,35.98923772053645,-14.77272727272727,55
8864,8.398663249409518,-4.60180683756604,34.03621852989132,-15.86113554744461,91
8865,-23.16428202328917,0.5994729907773397,-6.077888519748985,-27.46834553852098,72
8866,-3.4543936132919177,-2.9600498954345307,-31.84853833937807,-0.32454387720130695,97
8867,-44.33749735227448,-7.14066007638124,16.504524886877828,12.259528130671505,69
8868,3.2051282051282044,28.53347845322344,10.074863278644791,12.776671237647788,67
8869,-16.259319384319383,-16.098996299834347,-65.47974712032125,12.919147660615987,88
8870,8.003114670734808,-3.6651623570228216,-7.549019607843137,-9.693611799764604,59
8871,-56.792442072614485,0.9578544061302683,-56.143929255864464,-24.02339932812083,114
8872,-20.42606516290727,10.0,23.46213537511362,15.01068376068376,45
8873,-2.717086834733893,-3.523949169110459,9.116877427299425,-7.1418128654970765,51
8874,-10.440911374976531,1.9841269841269842,-42.469969969969966,1.755718319350331,75
8875,-0.8480802230802231,-25.923652504619284,-49.47035216517002,-2.5250681371138652,82
8876,-2.732689111500758,-26.454896085558694,-11.469123043204501,10.32382650029709,89
8877,-24.1390134849009,-10.58370118124046,19.226256973822828,-5.608940187580153,102
8878,-7.791005291005291,8.338439466997741,-41.9604207029049,8.419972640218878,86
8879,-17.60197556305473,7.095410628019324,17.878151260504204,3.7032353166545375,71
8880,21.829098883212957,9.4874216260664,-13.525945731828086,23.527336860670193,54
8881,-27.91333700946798,-47.687626324455344,5.970428698013203,5.307742648759477,97
8882,16.37982824213523,5.0,-37.16395951035781,17.543917435221786,61
8883,-23.451213818860875,4.034913413688221,-31.796261896305076,20.567241400574733,82
8884,10.539258805074564,-0.1388888888888875,-3.525173695162162,25.114485268947515,61
8885,8.702553485162182,-42.62562605318167,-10.701697829357403,-6.91358024691358,78
8886,8.333333333333334,20.801786720904367,5.732323232323234,-0.22166105499438604,52
8887,-16.187716962910763,-1.4529144991329859,12.305227601587001,-2.742673992673992,57
8888,-17.020227631282395,-1.9839845826687923,8.870214752567694,15.978459366824149,53
8889,-4.318181818181817,12.086793580572227,6.675010429703796,-3.140490114174323,59
8890,11.87429854096521,-1.5065157139072736,8.431959528450758,18.901515151515152,66
8891,-52.28399722585769,-1.666666666666666,-19.093589594107826,19.22846579118602,81
8892,-9.002525252525253,-53.711883428555765,-8.495475113122172,15.209458301563567,83
8893,-42.43214466741774,-0.27579162410623015,-36.77122474373539,5.188172043010756,97
8894,6.736111111111111,-38.95159791898922,23.426079734219268,17.95123728258452,56
8895,-5.943122335925901,-15.506503527336857,-18.530701754385966,8.472222222222221,59
8896,2.3717948717948714,-14.878346585663659,7.777777777777779,9.006845941686368,47
8897,-0.8766427718040615,3.08641975308642,4.271162908673421,0.0,43
8898,21.989958303676445,6.887344681462329,-3.5456539074960127,-11.913580246913579,58
8899,0.858585858585859,9.877746340348118,11.54761904761905,28.525149190110827,46
8900,26.313131313131315,-2.0238095238095237,14.62962962962963,4.166666666666667,33
8901,17.591093117408906,6.944444444444445,29.09872872449142,-5.833958546820865,61
8902,16.46268448900028,10.996401259559155,-1.1297852474323058,5.580357142857142,50
8903,-2.3173416523800157,14.35483870967742,-3.2929248254325643,6.773049645390071,52
8904,13.787878787878789,-10.614035087719298,2.074498567617225,-22.992258817222954,64
8905,-18.37065256867192,11.457662707662706,-2.322844245528864,-17.535880979145247,89
8906,3.987407543248366,12.362155388471178,38.64775203010497,14.573406577083048,45
8907,5.0,-18.480983913543426,14.911014911014913,13.15285575909559,67
8908,-1.5277777777777777,22.299536524342727,12.192982456140351,13.870214752567694,43
8909,11.8067571897781,-23.42203548085901,11.528822055137844,-88.7762859696438,73
8910,15.66436251920123,0.02773861453919002,4.62962962962963,14.236142108482534,54
8911,-25.136281797650575,2.604166666666667,7.183245187813295,-13.644760089772877,81
8912,-27.45198784085591,-1.5299963229704394,1.9930069930069942,0.42929292929292906,71
8913,4.630707865563875,-5.37037037037037,7.833443562610231,2.1230158730158726,56
8914,2.7755240027045307,-1.5277777777777775,-6.0173539629439015,-37.80182131089758,71
8915,-10.0,-71.96848540276292,-10.019214887059139,12.447945192731483,97
8916,-64.70538573101761,-14.414414414414413,1.8200773578089002,-60.082089169197,118
8917,7.976190476190476,4.329734592892487,16.99013157894737,-1.1297852474323058,40
8918,-2.222222222222222,18.224789915966387,-18.66173417377008,4.62962962962963,55
8919,16.22900851161721,12.777777777777779,-36.171328671328666,10.317460317460318,46
8920,-5.670265407107513,6.104651162790699,-20.4723564143854,6.2273550724637685,48
8921,-16.706349206349202,7.136752136752136,-4.0625,26.73611111111111,48
8922,8.715277777777779,-6.082621082621083,-81.20287604176168,-21.052267983655234,77
8923,-18.790645674083642,-10.792220113851991,5.814089633088349,0.7599405425492383,70
8924,6.72542484426721,5.4897059614040735,24.571389554008764,22.757413229155706,65
8925,-90.11033681765389,8.533533533533534,8.539078762863932,7.930457052797478,80
8926,-40.58631401326066,-2.590377458798511,-20.5659933577084,16.30569886542368,102
8927,4.344919786096257,-11.248324115971174,14.944766394041757,7.604166666666667,47
8928,-9.964382215671826,-9.173466488044493,-73.24183839591433,-7.98203248826909,101
8929,7.332568594734893,6.6873596285361,6.828316610925306,7.083333333333334,42
8930,-8.885882716779768,5.0,4.35483870967742,11.602564102564102,53
8931,-16.09048756898219,-15.188452285485166,2.7048210588583266,6.996779388083736,50
8932,-93.03131509013862,-11.701898507334226,10.42384329618372,14.146191646191646,67
8933,24.32715905861686,-0.6314312203272401,-45.33589122027431,-20.855768243176293,69
8934,15.0,12.192982456140351,17.775573192239857,-8.523949169110459,40
8935,17.8657013538383,0.43269110298787616,-37.32409819927835,0.5509783464768283,83
8936,12.273755656108598,16.85185185185185,-22.326884238186132,3.787878787878789,45
8937,2.380952380952381,34.0357908522835,7.252252252252252,-10.058741537236159,67
8938,-22.748488569582737,-14.702727861421401,-12.454868870952055,27.84664889347552,71
8939,-5.777230432402845,20.959095943616067,-38.98741214303335,21.615012870495327,76
8940,8.683631594311127,0.2777777777777781,11.839945280437757,-11.481481481481483,51
8941,-19.141414141414142,8.715368455295962,-16.35265181364472,11.876872906751279,65
8942,4.123563218390805,16.21509209744504,9.166666666666668,-1.497747747747745,49
8943,28.99968934451693,-0.5160223797698853,16.29639001759995,3.0313051146384487,74
8944,-3.201096262689618,12.083333333333334,-14.546506734006737,7.298190328027978,62
8945,-48.34982914144905,-10.761846405228757,-45.40197219238573,0.8928033724781705,86
8946,-35.00414134578552,7.136752136752136,8.976256821084409,12.688172043010752,77
8947,32.760048463829975,-30.23979073595159,6.526743730407524,-9.425791796764331,72
8948,-29.311845185828922,-24.325622423478713,4.517704517704518,-30.684387718660666,118
8949,6.160394265232975,16.18502956738251,2.8735632183908044,14.385964912280702,36
8950,18.46783584899035,10.0,-15.161680251014275,8.249726999726999,63
8951,-6.750468173793383,9.901960784313726,14.39664867296446,3.3200347362908946,52
8952,14.687707215157303,-11.775976418570377,-2.5246763267596575,-15.059119187101894,74
8953,-29.17623032777569,-11.987753882915172,21.302083333333332,-28.250321421116055,64
8954,24.025301897642322,-0.11292016806722627,9.095366482876997,6.937984496124031,47
8955,-112.04342306028103,-4.721774359244237,-9.374975963011458,-5.153727999911782,94
8956,10.477729885057471,14.901960784313726,0.0,8.040123456790123,37
8957,-19.803770790612898,0.2389823972115419,3.9965388878432364,9.133331857117025,56
8958,-20.392885436279435,3.803265979402118,-1.8546625813619635,-54.73114926504757,86
8959,21.087160419179657,7.253086419753087,-19.312678846577153,4.574171076027554,62
8960,-36.4465966017201,-6.095155876012284,10.53343833049167,-1.8001435285214284,103
8961,12.233796296296298,8.472222222222221,-1.3256634808358947,8.205128205128204,43
8962,-7.541646849222537,-50.74648193061648,6.144730249541514,16.633986928104576,93
8963,17.141301652795907,22.63888888888889,10.0,25.29233870967742,32
8964,-1.9191919191919178,0.6116722783389452,-2.9121023673481483,-12.34671646436352,63
8965,-1.5202372975857128,4.255832936329543,14.288273096412631,5.383986928104575,56
8966,-23.499893571732652,-6.293923793923793,1.7217902305621606,-13.18840579710145,60
8967,31.150793650793652,13.417508417508419,22.604166666666668,1.4356547216587794,42
8968,-8.327375626797963,3.053731347975587,0.9154525215276677,-39.389192001428974,105
8969,8.011727203155246,13.809167347258505,-4.917918942899945,-22.863247863247864,77
8970,-3.9130122477534233,6.233752626618461,-2.8318995582422675,-62.045131469166805,72
8971,-8.337850045167118,6.535849208263002,15.55063461976245,-6.8941650361795555,69
8972,13.095238095238097,7.546471862108162,-26.93173479498078,-18.902574497812594,85
8973,3.7181719534660718,5.2416605273234165,7.777777777777779,0.7323232323232332,55
8974,-6.521739130434782,20.552832244008712,-12.746913580246911,-2.4580666072441453,57
8975,11.77304964539007,23.09585202710165,-7.946406659871528,-15.549532661412217,77
8976,10.365442473285615,11.627209552245422,22.604166666666668,19.300494826810617,48
8977,-49.895240603403536,9.671717171717173,2.5724438176765516,-6.874320504457491,79
8978,-4.497602806606807,2.042660068975858,16.075922967041308,21.764069264069263,68
8979,-3.599499628911393,-63.24378512624319,-32.36645461997575,-29.00756168646481,93
8980,16.431675063316444,-10.872183372183372,0.35476622590960316,21.88295092048119,60
8981,-12.236792094839382,-14.924172421758975,8.015385356133585,6.95970695970696,72
8982,7.525252525252525,-8.866602481814288,-4.494929712321016,5.0,58
8983,17.413064397920405,4.720692368214005,2.2184830044870623,5.757101696566835,67
8984,7.604166666666668,1.5586419753086416,15.267010984178992,-8.11391223155929,49
8985,31.760049523207417,20.222176833696444,8.787878787878789,10.277777777777779,38
8986,11.774383512270155,-13.55725423196261,10.139933166248957,14.444111947104425,52
8987,0.0,-26.488413547237077,-5.611147684880404,13.838134231981426,51
8988,5.0,-11.372670997957039,12.364185110663984,-56.95586597197938,72
8989,-15.572460731359037,-10.945118100290514,12.022179362927595,7.525252525252526,64
8990,3.4124476887634803,20.03003003003003,18.61811391223156,7.414165355341825,51
8991,10.0,-44.17907773621232,-8.450436435917378,-0.15993265993266004,59
8992,-49.72370983987516,11.084682860998651,29.542396668812454,2.927580893682589,69
8993,2.2372372372372364,-11.333313959349566,-0.0803789529279717,-27.685632982321284,75
8994,-3.3435739887352787,11.60460998696293,13.844114528101803,-10.254735570811086,51
8995,-0.44222714954422315,-20.17507582023711,-26.345068472728048,-15.467480834712472,60
8996,6.712213225371119,25.997908001584477,3.2545311268715533,12.085170309038961,60
8997,-12.914160368186892,-10.766533208393673,1.990131578947369,10.0,57
8998,10.859971559918968,-2.3061703721830966,25.977921980226824,-33.501246990024086,64
8999,11.54761904761905,-24.391025641025642,22.5772533699363,8.787878787878789,50
9000,-0.7826378414613706,10.0,-2.1264367816091956,3.333333333333334,40
9001,2.5586178527355004,19.959681248004348,22.227088948787063,-8.759295833028553,56
9002,21.18242846230683,-33.953527127314715,12.083333333333334,11.36574074074074,62
9003,8.869899311075782,8.414158305462653,11.666666666666666,-20.309524580357913,52
9004,-1.0733988559725696,2.7777777777777786,-11.50549137070318,-19.993534377592347,61
9005,-9.089364600155257,11.047418424625029,-12.082944288826642,-15.579282741653552,69
9006,3.328037508517472,17.590132827324478,-63.76312645412814,5.7456397450231735,78
9007,3.086419753086421,12.604166666666668,27.764070322209857,12.858187134502923,44
9008,-1.1451836451836452,9.987137494204395,4.740918803418804,-25.609743609032126,58
9009,-8.59903381642512,-11.31892230576441,0.9126048218029359,-11.852642619467215,59
9010,19.54380460194414,3.6231884057971016,-8.757253384912957,1.851851851851852,48
9011,6.388888888888889,2.688172043010753,5.290160766429088,-5.3533871362191245,61
9012,9.385964912280702,-6.3768115942028984,30.4673721340388,13.968253968253968,35
9013,3.9892437944259527,-14.862114862114861,19.385964912280702,-4.4916430034040316,75
9014,-1.5277777777777777,-5.486446999995075,18.689839572192515,4.166666666666667,55
9015,-14.964382215671826,-1.9918396208385865,-31.480576109936575,3.0313051146384487,62
9016,15.361538206365795,5.0,10.939716312056738,24.400173413331306,49
9017,-2.8276995703385692,12.873563218390805,-22.13507625272331,-10.416539549561477,66
9018,11.311360448807854,16.48341376157759,-10.753119429590017,4.775182152633134,58
9019,11.87429854096521,12.63888888888889,5.465949820788531,10.0,35
9020,18.870214752567694,-16.0263025588103,-2.126436781609195,-21.47207367795603,53
9021,-6.055676912674884,16.898183394662265,-30.194688701133927,1.3405889745175474,72
9022,23.216690716690717,14.060981583118291,16.855921855921856,-24.414395990482944,63
9023,-11.839265663233185,10.653666437335168,-3.062015503875969,-4.7101449275362315,54
9024,9.901960784313726,13.616090555371388,6.8386243386243395,-46.71470999301188,80
9025,4.166666666666668,20.180620335569458,4.433511236349659,15.024404249210452,55
9026,-10.598279715926774,-0.5002337540906963,1.1612364243943194,8.173400673400675,47
9027,-4.248901082583366,8.968253968253968,3.3333333333333335,-28.09620881480952,70
9028,8.968253968253968,-30.29132219737199,2.8581871345029235,2.9761904761904763,51
9029,-24.12181606150938,22.359159382816674,31.49935022003568,-5.390325670498084,86
9030,-13.994708994708994,8.968253968253968,7.136752136752136,3.556089348772277,45
9031,-31.477749152227677,4.885669885669888,-19.5651455026455,5.359299516908212,77
9032,-3.5269700280311373,-4.770723104056436,12.592689385742714,5.03003003003003,59
9033,15.435581581226614,-1.3442460317460312,11.285111412547696,8.205128205128204,58
9034,-39.09384302290262,18.095632946379215,-18.9669301228441,-35.291491111011155,67
9035,-40.811696975465594,-10.01795465337132,20.38455861765783,13.133037511812319,72
9036,3.154778819740457,1.4935064935064934,2.192982456140351,-5.0396825396825395,45
9037,-0.017290823211873807,-48.06093266245805,3.208766918116515,-11.033560052593266,88
9038,6.98529411764706,-4.227994227994227,-8.961170675166617,6.9085418139720645,66
9039,5.576441102756893,-20.954924704924704,-54.79861127722779,-2.3506683375104425,94
9040,-13.106060606060606,9.72395762795829,23.314436885865458,13.472222222222221,49
9041,14.49724855617304,2.0916770963704643,-71.96612050503214,4.752794167873844,83
9042,-10.7169876906719,11.496751624187906,6.051587301587302,24.424283154121863,48
9043,-14.753126971454337,-30.16189133929009,20.269254328178814,-1.7373543784013636,110
9044,3.170404692254289,14.61323763955343,-29.463310512101526,-29.77426156643152,71
9045,-8.938783709692792,-1.7508632413565177,12.032520325203253,11.399163857031402,74
9046,6.520212064386367,-33.14056804582773,26.523569023569024,-33.590606768045475,83
9047,15.759940542549238,11.000774293457221,-0.9828909247513895,-5.170842433650782,49
9048,-13.003006979770724,-7.06392973856209,1.3661202185792352,-14.61123133757405,65
9049,1.6339869281045747,8.816738816738818,21.496911020387838,1.8927202408203385,56
9050,4.373631396667259,-31.561492570481136,-17.158576717400244,-44.50842072881092,104
9051,21.233252538283985,11.728147873658711,-1.1889367816091942,-16.398352592087683,55
9052,13.639745661868323,14.901960784313726,6.370091896407686,-12.048229548229548,65
9053,13.295487432934838,-0.3555586695001025,-3.138740344622697,-12.854007590849696,63
9054,-0.09803921568627416,2.2522522522522523,2.525252525252525,0.9949832775919738,39
9055,-1.4500518186945515,7.156352459677364,17.646499904314947,-5.029246229581631,89
9056,3.9264597191426462,19.583333333333332,4.787784679089027,-21.377623388010367,75
9057,2.0833333333333335,-8.95261470647165,14.026278302594092,9.712301587301585,50
9058,-1.952265236578962,1.0299468487158463,-1.060924369747898,-0.792868521363145,56
9059,-7.361111111111111,4.445234708392603,0.209986772486773,11.565656565656568,40
9060,-6.20984550551114,-5.954264075489268,-0.2599740161316515,13.072626685446924,63
9061,0.7244744744744729,-12.474747474747474,12.241165267481058,25.10900071747308,50
9062,-38.51199403235987,5.188082278897934,23.025560772039643,12.976500253517216,71
9063,2.32455338457222,-18.66007042681025,23.333333333333332,-14.08529741863075,71
9064,14.13471214955835,-18.703026687210926,7.658093540446483,12.450980392156863,62
9065,-10.763620763620764,-6.517462422634837,12.380952380952381,-7.917623305431654,52
9066,9.96202744663757,1.5874910914472697,2.695635823101533,-14.79833975257316,69
9067,4.050402569221939,4.261943487689757,5.532049158743878,-21.823767349129668,73
9068,7.362155388471178,3.2352941176470598,27.25225225225225,2.90719696969697,37
9069,4.166666666666668,22.03252032520325,-18.250079696362345,8.472222222222221,54
9070,4.4907731611163015,14.476127320954907,-16.3768115942029,8.955324316776238,53
9071,-3.2036375090732294,19.039048835064015,4.938271604938272,1.9140337628701247,65
9072,15.416666666666668,-5.451388888888888,0.0,6.944444444444445,41
9073,7.454242757362289,17.709263580406958,8.96300326728586,0.0,49
9074,-23.512513923698133,-0.06734462006180886,0.45319823308048934,-6.961805555555555,75
9075,9.632659260415533,12.3015873015873,-9.347076623291457,3.1025163919900773,54
9076,2.3705938332756813,21.412429378531073,11.572327044025158,-61.417437846009285,59
9077,-39.05322388000849,10.592494089834515,16.930092474489904,-43.932748538011694,92
9078,10.683775741915277,-2.6930014430014424,-12.923679241763468,-1.4213231724752449,88
9079,0.6330805581288907,16.77917268642669,5.3418803418803416,-15.2651370614669,96
9080,19.940617316939033,-36.686229553015814,1.9088319088319088,-12.625313283208019,72
9081,-21.889161889161887,14.385964912280702,8.790336244589701,15.426940209548906,57
9082,5.186121265766179,5.555555555555555,-1.0317460317460316,18.456429845948904,58
9083,4.176741396568984,30.299890721032718,4.260592677931388,0.23764853033145705,53
9084,-78.91950440498536,-11.153090830314362,20.651585199303426,-8.945147679324894,90
9085,10.875440658049353,25.49145052926057,20.229257438054223,20.647176922448665,62
9086,0.06912442396313345,3.6231884057971016,-23.894993894993895,-5.670179926919377,58
9087,-1.6132478632478628,-0.5808080808080807,24.500171623437737,-11.786486786486787,62
9088,-8.810790483614785,-0.6110351117191062,-44.806198878779526,11.580060233530878,71
9089,-18.377363377363377,12.314814814814815,11.474984501787171,12.450980392156863,50
9090,14.77487241974974,-11.508888567712095,3.5730388102304613,10.0,52
9091,-14.542483660130719,-16.656144781144782,-21.997722672064775,10.82010582010582,57
9092,-33.30026455026455,-4.676131322094054,-7.474747474747475,7.688172043010753,54
9093,5.0,9.385964912280702,-3.9258312020460355,27.682725419917073,36
9094,-10.132457900051856,-7.916666666666666,3.787878787878789,4.483525733525735,64
9095,10.88929219600726,-24.421809574831467,-16.642781143465136,9.904947642139295,59
9096,9.050925925925926,-0.19615745854971323,-6.206821851983143,-24.934746077586937,77
9097,21.766381766381766,13.968253968253968,1.0626102292768973,3.105426855426855,39
9098,15.634920634920634,12.235175900007178,6.0094549721368224,-25.575392146785738,61
9099,-11.844794989956277,-1.2163683440279178,9.608585858585858,-3.5109144667968186,57
9100,1.6025641025641024,3.787878787878789,10.617349558035608,6.072426736110698,58
9101,-18.452884306307645,-51.48947640960969,18.35668816702563,3.446736569111456,94
9102,-27.842152485352045,8.136259380101746,1.6120404170718643,-17.373222943398382,87
9103,-22.85846672095621,-20.934723171565278,-0.3869213704215553,17.12145396569457,80
9104,19.169699218718826,17.858187134502923,10.303030303030305,10.0,35
9105,-5.6810631229235895,6.599378881987578,-11.563208616780045,9.646352037656385,49
9106,-2.9166666666666665,-9.578096195743255,7.192982456140351,-6.031746031746032,44
9107,10.478583242228016,-5.868371830841564,22.477136225453332,-35.50611023115231,71
9108,5.0,4.5021645021645025,-22.715720020286582,-4.8870573870573875,54
9109,-3.659328183568512,29.019024276377216,15.892000217291839,-7.747747747747748,48
9110,-18.25005561729757,23.623695855153656,-17.63784461152882,1.6832855873281836,70
9111,-3.377363377363377,15.923202614379084,-5.833333333333333,14.019017429680318,52
9112,15.076337427083697,-14.57282913165266,-32.39372233869089,1.8935801721818677,67
9113,12.01058201058201,-2.8266178266178272,7.8654529993815725,0.6557087310003542,50
9114,8.42914181801753,6.572327044025157,-29.153471653471655,3.5591627955530045,63
9115,3.9682539682539684,7.136752136752136,-20.237497537487027,-1.666666666666666,47
9116,8.320259628399164,-18.31439135755853,-11.609076607789639,-3.2875012800739096,87
9117,10.0,-10.977348095849377,-1.6258169934640527,11.674579437737332,43
9118,7.256679433290934,-11.371832358674464,9.55082742316785,22.103121893810464,61
9119,10.398815743643329,15.897420122226322,-2.0634423708707414,-3.5504201680672254,56
9120,7.9761904761904745,3.8373905311447416,-11.530195109617445,-12.410779492672477,75
9121,-3.14516129032258,5.0,1.8461531206629243,0.13437217705510385,55
9122,-27.57098007098007,-26.586699848813204,8.817350583967276,4.0798611111111125,69
9123,-11.668925022583558,-20.59325290406253,-26.514155413409142,-30.214030869975026,86
9124,20.79929452991528,-1.7770448568052175,-17.569087097388984,10.206287985039738,59
9125,-19.022512824238134,26.299370295849172,-11.029713114754099,22.9004004004004,72
9126,1.8423821548821557,6.675010429703796,8.21223522372948,-0.848339335734293,55
9127,1.6624276290152,6.246046805819102,11.882373114940794,-12.66247141511972,74
9128,-2.0238095238095237,9.385964912280702,3.4722222222222214,17.38095238095238,35
9129,-17.42753169836503,-14.745484400656816,19.051460817765168,6.937984496124031,55
9130,6.322751322751323,-9.65704689235745,12.44322808174357,-16.10060690943044,73
9131,-32.80366122023336,-23.057418299435017,-25.51925031998584,-9.682017543859649,103
9132,-18.14295549943445,-11.150284900284898,-10.801960616462026,14.209378560996356,70
9133,-23.014719632341986,13.645124716553289,-2.8563710378103258,-6.649944258639911,64
9134,10.0,-6.549607526504165,10.283905228758172,15.0,49
9135,-15.565066381573246,-12.20357785730831,-16.26380766731644,22.355497951114778,82
9136,-15.494345886502748,-6.687658409492788,-18.386243386243386,-29.654475369414225,85
9137,4.918981481481482,-8.816581193118775,14.709288001970931,5.2287581699346415,52
9138,-17.474747474747474,15.607315389924086,-13.259481018474627,-14.266275090578496,76
9139,-35.644130935853795,10.141240857650779,-11.991110741110742,-14.137593901461969,86
9140,12.173382173382173,14.62962962962963,12.380952380952381,20.392259799587386,39
9141,-17.12818128326654,-17.215099715099715,9.77998665141114,-7.125065743396798,84
9142,3.608387799564273,-21.41662085456195,9.01659604519774,-45.04539467977777,77
9143,11.72772988505747,1.8226120857699808,-2.5451321727917464,4.938271604938272,56
9144,5.595369012707723,18.41750841750842,11.54761904761905,12.192982456140351,39
9145,-29.544878523028295,-4.673359728506787,-31.673686062070228,-2.469635627530365,80
9146,-33.360987915709075,-35.31461437476475,-15.504376016464786,2.6175173530762423,101
9147,-5.938383734719942,-13.45679012345679,-13.32847546141144,-3.209250697084401,68
9148,12.402316405752833,-75.73359372790938,5.3834396597554495,22.797247039596257,97
9149,-13.80081300813008,3.205128205128205,18.527894918737687,9.901960784313726,44
9150,11.99013157894737,5.85846449597501,6.8939393939393945,5.3693329183525265,46
9151,-6.763448969331323,-25.727962831090835,5.122894037367725,8.472222222222221,68
9152,6.622636622636623,9.166666666666668,10.0,-28.26619026687426,47
9153,-8.131425740121394,-5.508322784537617,13.647640939513474,-24.771557271557274,73
9154,14.385964912280702,-39.03000918926096,-24.829843666341272,0.48340548340548395,78
9155,4.329734592892487,1.9391773803538506,23.226599603737856,5.0,44
9156,-22.623975516132376,-20.959746531629627,18.33875216753368,8.236551030668677,61
9157,-20.540994623655912,9.901960784313726,23.829966329966332,4.3005440185231585,55
9158,-13.51639483589823,14.411832593097504,0.6517148508017172,-8.679687917004985,83
9159,-0.660911981149745,-3.279067929918835,-14.889369889369888,11.911217437533228,77
9160,0.0,-0.23809523809523725,-6.526749394396454,13.524118787276683,46
9161,3.4722222222222214,-7.61033681765389,-11.033967898469578,10.145055203194739,48
9162,4.337306225821713,6.310762183452155,-19.27413671599718,-3.947368421052632,61
9163,13.787878787878789,-1.0762458136407724,-3.4323858742463393,-6.399572649572649,55
9164,21.488095238095237,-6.069784631612588,-20.708365708365708,4.204124153568038,56
9165,-11.106337271750805,2.7110786418709374,-28.25603126758029,-4.964614293782413,84
9166,-32.83015901991805,2.3735139775010143,-48.857349934151664,-13.706050355476215,106
9167,-15.081908831908832,26.666666666666668,0.0,-3.52593402225755,50
9168,14.02557319223986,-5.666968989597116,-26.72922922922923,0.22466039707419072,60
9169,-27.474747474747474,13.250230377093615,-18.99662677679919,7.231219073324338,67
9170,-51.38307910379635,0.4012345679012359,16.7829300597449,-27.202915453599445,95
9171,14.795321637426902,11.149642507116571,4.98160380650211,-19.618384694497102,69
9172,-23.608995356704582,-27.486467447098942,2.230866664853939,12.658093540446483,89
9173,-4.062499999999999,-4.79288685171038,-0.4329329329329319,-31.476360143280374,64
9174,6.984126984126984,-8.80787037037037,0.0,-40.83333333333333,49
9175,4.178674219509066,5.5239898989899,-24.356544044044043,-15.588235294117647,61
9176,-3.5990338164251203,5.0,8.870214752567694,20.4673721340388,35
9177,7.185196154981281,6.476050830889541,3.4722222222222214,17.297380766253013,57
9178,-33.338557993730404,11.224489795918366,-5.224085653697053,-8.754828194640476,70
9179,2.575836630013811,-3.0555555555555554,-3.607954545454545,26.951990787064133,50
9180,9.583713434288148,-22.685185185185183,-7.071964655427388,-4.4088319088319095,59
9181,-10.833333333333332,9.62962962962963,2.5379867046533726,14.626156539134783,43
9182,-12.687780832942124,11.893939393939394,-23.360842517541947,20.686396716275087,62
9183,22.755009107468123,-34.29785678735847,-14.204399800541479,-4.524959742351046,61
9184,-15.203828369373046,5.466206948315051,0.3796961455119052,14.996543723724251,56
9185,-2.360448552309017,6.262626262626263,13.968253968253968,-39.520004779890144,66
9186,6.313131313131315,0.03702666621765971,12.500000000000002,-4.945565720759518,55
9187,-34.06199677938808,19.643302499502322,-43.54613784948283,-5.0,60
9188,1.4184852374839543,-34.29929260811613,15.63973063973064,6.773049645390071,48
9189,20.715226628101213,9.047272138578599,4.716660427444742,-30.608322476766656,73
9190,15.539618002442191,3.787878787878789,-41.19449051041091,-4.838662594248241,85
9191,16.355510470962624,-21.010649978041283,-18.907064031900287,12.209655712754534,68
9192,7.160894660894662,-1.0130226302490364,-59.62765206090912,-34.807910130490775,80
9193,15.81605087419041,12.462600627562265,11.65166154296589,-2.0238095238095237,47
9194,-29.877082629742205,20.311643283341397,4.856418918918919,14.496496604339747,53
9195,-0.6140350877192979,-39.21926367403905,17.878151260504204,2.7639919805234205,59
9196,-6.512538455262913,4.7630070546737215,0.023253180552393005,0.7487469175141772,84
9197,8.623188405797102,9.166666666666668,25.333375774552245,-14.844054580896685,44
9198,-9.881059921710326,-4.176758913601018,-1.4389174630283574,-0.37037037037037024,55
9199,-11.491623140316198,16.25,-9.436540858225097,-4.585866203513262,74
9200,10.20499108734403,-3.0816946979856805,-6.062300573877433,-39.88947218857032,81
9201,4.62962962962963,30.29743298285498,1.4814814814814827,-14.529914529914532,51
9202,-5.94257050139403,10.0,20.592164600471015,0.9380032206119164,63
9203,-16.445498945498947,-1.5999449618250636,7.450980392156863,-15.277836706408134,71
9204,6.990457719624389,10.99310776942356,9.443516093375127,9.074736632876167,54
9205,-3.263888888888889,-28.642645716253774,-7.05881720312005,7.282913165266107,70
9206,0.0,2.8915325820250586,-10.594188773059866,3.6231884057971016,46
9207,0.6090625220407664,15.220974129642862,13.135541668150363,24.257460076229073,50
9208,-10.234726369180152,36.22104112440852,-123.53790106726643,28.050120090785093,97
9209,-10.670439295733338,1.000774293457221,10.3021978021978,-2.7662037037037033,62
9210,8.304104714703264,-52.83550757234968,-4.261006289308175,-33.226950354609926,61
9211,-26.308356676003736,-0.6211843711843699,11.116441141674063,12.75688917954321,67
9212,31.091805368121157,4.938951573458294,-4.227994227994227,-11.081081081081082,57
9213,11.872125625073739,-8.883265856950068,4.909003831417625,1.054769129874174,64
9214,-21.956656256708854,-34.6570602773669,11.461988304093568,-0.6113801452784502,60
9215,0.4314242133374364,2.253898635477583,8.220035778175314,-46.82623630704653,78
9216,11.685160193932125,-7.619047619047619,-36.19516717784657,-9.632896729929607,63
9217,4.1868621616683654,-2.7477477477477477,-7.549019607843137,6.98529411764706,48
9218,6.448351208900008,10.53818609374165,-43.033090765044584,-9.075369075369075,81
9219,0.8641975308641991,-43.4902188708096,3.8986520534139606,24.46228146595794,57
9220,-5.295933188090049,-0.2590811965811959,-6.774919262019253,-26.11741829385523,71
9221,8.374183006535947,14.286631144616626,41.32713422301312,4.385964912280702,63
9222,6.1174533670428595,0.37585723944750327,9.1748859366613,6.263082671180674,63
9223,14.301427888228464,6.937984496124031,-7.364067462751674,-1.200716845878135,51
9224,15.458453583453583,10.611672278338947,-4.585433710768476,12.032520325203253,56
9225,4.5821114369501466,12.500000000000002,7.988380537400146,-30.887577601573543,50
9226,-1.5451709315806674,-7.393913509669454,1.262895525505011,15.323868677905946,74
9227,-2.917631738158054,-45.30404779053231,6.687610229276895,-22.889823704883874,95
9228,12.821759260927218,-11.922059422059423,15.72586328400282,9.603837676398975,73
9229,-24.97287011768719,-13.148148148148149,-8.41485227062465,2.8735632183908044,63
9230,5.816757082579869,-1.9222308488612834,-50.31110383221389,6.8939393939393945,81
9231,3.2229532903619305,-27.057400122559695,16.712962962962962,10.0,72
9232,17.604166666666668,12.686425921720039,14.617003367003367,-15.342430567291544,55
9233,27.397449893350963,-8.366013071895425,-32.340375297692376,-3.9375368490947293,63
9234,12.420807577682403,-133.98566300513767,-11.490683229813664,-8.826291079812206,84
9235,-73.63080488618918,7.542868637180504,-8.4814201689331,2.701388792944398,93
9236,-15.682870370370368,18.412760079426747,-3.7446870791415012,0.0,60
9237,15.948634698634699,-12.50352690480528,-11.600311542745752,11.81159420289855,69
9238,-4.382673354944481,-21.504579892327744,-7.493592642846374,-9.730446858106433,82
9239,37.52417534873141,-5.605317641930913,-1.2924432682020381,7.656480613844069,62
9240,-14.412498663650736,-7.230619948011252,-10.013451727447672,9.114309944178228,69
9241,13.952932524361096,16.507689841023176,-37.76418026418027,-2.0240205542711363,78
9242,-4.730508751874097,4.58131524627688,2.3029211684673876,-5.064350183076307,61
9243,-14.91482329010933,-18.46209775776339,-10.134637188208615,6.2307098765432105,60
9244,-37.30728043221933,-26.243946099001008,-3.2638888888888893,-1.2369307106149208,96
9245,-18.94736842105263,5.061366179851056,-0.09170989414218234,18.74171783213553,63
9246,4.385964912280702,7.630498646966741,11.705320569087851,-24.29494722228863,62
9247,16.39169472502806,8.690879202654568,11.174123495552067,20.63811348294107,56
9248,-8.286445012787723,8.895975593379411,-13.83544409302661,-24.832883007225114,91
9249,-4.439148800633312,11.390056022408963,-3.517951143623671,-44.53426020860231,72
9250,-1.4933880528955763,12.745152099990808,-1.5517276510592422,10.396238051187172,55
9251,3.4280729027746246,-2.7792772529614633,-11.117438569884222,18.920540977029564,76
9252,-0.702955236853543,-16.604938271604937,-32.28778526526362,11.086869595641526,66
9253,8.333333333333334,14.050925925925926,-20.614035087719298,-12.477305737109656,48
9254,11.493506493506494,12.976190476190474,-11.497674048230166,-5.37037037037037,47
9255,7.404478699692438,10.970568783068783,-12.023809523809524,4.671717171717173,49
9256,6.709608158883522,0.29233870967741993,4.166666666666668,-7.685185185185185,46
9257,15.271317829457365,-12.55138241722349,7.136752136752136,16.37932116192986,44
9258,14.773260655613598,-12.087167559915056,1.0786914235190088,-11.959627610524656,68
9259,7.3229725212168475,27.016237723535447,-11.197089947089946,13.186498448093657,65
9260,11.427709182015992,-14.097336252508667,16.436781609195403,3.1580863625834024,58
9261,-1.1834166865126616,-16.93944467230354,1.6021435564779225,18.783531551296566,71
9262,6.004016064257028,-32.95568850495312,-92.55408018523983,-13.05201042110947,96
9263,-4.275804726734389,-44.02429482992142,-41.932286615285676,2.900698158051099,83
9264,25.747913469346873,-5.37037037037037,-27.91929759800017,5.419250352893728,68
9265,-32.71651824056561,-48.17551004344315,20.293156106164236,-16.368593310549315,82
9266,-6.703381331040905,-0.5639730639730622,5.0,-8.184115267448599,55
9267,9.41739239600035,23.67700075920483,-19.352669842865918,26.707092495432235,69
9268,0.29100529100529116,-17.826209225462954,-0.35571465428276494,-1.4186491838591226,81
9269,-19.15744749078082,25.936483822027064,6.488095238095238,6.944452901933721,58
9270,11.82337069323371,-37.99056543422707,-7.582464598470313,-8.81964007587671,95
9271,17.811186224060812,-10.134586039758453,6.770833333333334,15.296805301498663,57
9272,-6.05022054565244,-9.216403136711177,12.916038210155856,-23.92507582023711,65
9273,-14.942129629629632,-4.7878578876130895,12.083333333333334,8.036881419234362,57
9274,2.1637426900584806,5.0,13.623188405797102,15.580973129992739,40
9275,-18.761140819964346,4.166527916527917,7.407407407407408,8.626064832712746,59
9276,-3.3823529411764692,-9.96996996996997,0.0,4.62962962962963,42
9277,27.666511048863992,10.499696101073793,-2.415541974365503,-0.3110161443494768,52
9278,-22.396798819454986,2.1869488536155206,-70.43263517528224,-5.800749227350368,85
9279,-17.647058823529413,-19.61342229199372,16.519313980470198,-5.236229819563153,54
9280,14.62962962962963,-4.524959742351046,3.1833139759969034,-0.4729396594227637,47
9281,19.876618804800053,2.679738562091504,-1.2121212121212115,-4.974747474747473,47
9282,-22.128693549048634,-25.524000973932683,3.509926989505074,-17.454992061236737,85
9283,1.851851851851852,11.351457202279665,13.777574206407174,11.105006105006105,46
9284,9.916804672551802,4.609674329501914,-40.62289562289562,1.5262357510419537,66
9285,-13.815970384905587,-20.557727148773925,0.5968853324442223,-9.872045517206807,69
9286,-4.630893109594934,-12.215623224598852,-51.4598103105009,-67.73168687764962,135
9287,-1.6815476190476182,-11.302910052910052,11.40096618357488,7.976190476190476,46
9288,-1.5277777777777777,4.395255867763357,19.788359788359788,21.234070354709893,43
9289,-11.366441823758898,36.81102353272165,10.63973063973064,-4.919179120571413,56
9290,21.48148148148148,-10.966222362279161,-19.250279834154817,15.258008828949235,72
9291,7.620490556345819,6.753321768057164,-18.847653321337532,-15.248462580779654,67
9292,17.03252032520325,-58.18166571962828,4.322623233221785,-3.1884057971014492,63
9293,9.62962962962963,12.976190476190474,14.409722222222221,27.810048309364316,43
9294,0.9062384643779993,-36.79011956226627,-7.845291962939021,6.578947368421053,82
9295,11.272815891299373,5.656108597285067,-17.28355955916386,10.0,49
9296,-74.33962808962809,-4.85249517507582,13.827335858585858,4.973344391901245,64
9297,-9.600132736021237,4.811547714514836,-4.366732804232804,3.6958490681894944,54
9298,-22.233074379462177,25.049283001526923,-41.327695161954914,7.450980392156863,84
9299,8.205128205128204,7.873563218390805,7.005301672640384,11.34920634920635,44
9300,16.65642601126472,12.357185298361768,24.329734592892486,20.764490058593008,39
9301,5.227272727272728,-38.60187961574768,-6.074962983556893,15.57909604519774,71
9302,-7.707244862417276,3.689839572192515,-6.5955005240719515,13.333333333333332,52
9303,8.577621027064911,-3.115471220982817,14.793195709726563,-24.220681343619283,68
9304,8.36734693877551,23.45100433335727,-7.941293719595605,18.926218708827406,55
9305,-0.642018681574184,16.551087801087803,6.4695749100673865,-21.06299322222382,66
9306,-15.177263282772357,-15.211421800689086,-21.33433171062132,-50.180548717724456,107
9307,10.72586328400282,9.901960784313726,2.8581871345029244,-22.14198829101288,60
9308,12.604166666666668,-1.7948717948717956,22.420147260895494,10.0,43
9309,-12.339462438146649,-24.96996996996997,-1.293891293891293,18.869047619047617,56
9310,-48.000739327193116,-45.266698033541616,-28.12832828204996,7.789951789296578,105
9311,15.488170975114038,-116.24958056664518,-23.09426483339527,-58.99766596994377,110
9312,-8.925831202046036,21.521721992890726,-1.911221853082318,12.05467372134039,46
9313,-5.417888563049853,-18.640601297394795,4.6296296296296315,-8.602400309717382,68
9314,3.1738437001594906,8.086419753086421,22.525252525252526,12.777777777777779,33
9315,5.246651575174496,-28.99742239201416,-17.62381837068523,-3.68148707787487,90
9316,-46.62801734720849,6.558936867861355,-28.303303303303302,-9.238196444078797,82
9317,12.648715932914047,25.178597569901918,-23.543920441739914,-10.228037744178346,55
9318,7.360438327377736,-23.09175267697613,3.671068174744647,5.0,61
9319,16.737962330067592,-4.309413580246912,-34.63548936375538,10.0,57
9320,-28.441358024691358,19.02836980202709,-12.807017543859649,-53.59817229074276,79
9321,-10.03076589406917,13.485749688420412,19.047821165817773,21.246046805819102,62
9322,-1.19150930951304,-13.993909316489962,-12.04769716255045,-0.19736842105263008,69
9323,13.333333333333334,9.399551066217736,4.166666666666667,-0.09803921568627416,36
9324,14.067584822736215,-14.27334466550153,14.357979302832245,-39.900879074338405,96
9325,-17.40233930144849,18.94639131300539,17.01058201058201,18.333333333333332,60
9326,-2.807017543859649,-26.00109931010331,20.037212694703157,-15.634920634920634,61
9327,16.207729468599034,-41.77444725458379,-51.34706718430495,15.189386106724818,69
9328,8.966032101530422,-39.00715423564886,-4.134800384800385,5.474343341466044,70
9329,-27.283914362138912,22.113967932977033,-10.628916040100249,-20.725470598034317,69
9330,7.988380537400146,-8.194444444444443,19.508494520660815,-24.36026936026936,57
9331,17.273717567835217,0.20984102861002585,14.557772850455779,29.49089208684167,51
9332,13.987240829346094,-13.599507505746681,-33.43951162847213,-20.97946753119167,92
9333,-3.9213085764809907,22.525252525252526,5.139608851853183,-23.352553569944874,56
9334,11.87429854096521,17.664404960420143,9.166666666666668,8.472222222222221,37
9335,-37.023809523809526,-19.074231931058172,-4.364207463962667,26.311169838898714,71
9336,12.995965387269734,7.825321176143637,0.2083333333333326,-15.504607478291689,56
9337,0.8497536945812811,6.8939393939393945,4.3171296296296315,3.2516339869281055,51
9338,-15.784185345665543,6.229946524064172,-1.953048540023997,29.15392340098277,75
9339,-4.480056980056981,19.992236024844722,27.605500533546753,1.0199302158000543,51
9340,5.384765017117958,18.117887278566812,23.124725516029862,18.221548566376153,46
9341,38.58680877498081,18.155864197530864,2.1367521367521363,-2.690442632303097,54
9342,-7.112274761620817,6.944444444444446,1.4044133873344105,23.664681630783324,59
9343,0.517127799736496,-2.2244759972954693,-0.7092638544251446,-14.295993062133663,55
9344,-24.08436799942394,-6.1700336700336695,-1.2424394171477942,15.73038073038073,62
9345,11.691919191919194,2.0105820105820107,-31.21212121212121,-5.158528040531435,47
9346,9.25382860866732,-2.5490196078431353,-7.165242165242166,-30.61265531853767,53
9347,-7.919389978213507,1.4967516241879064,0.0,-8.790370234529412,44
9348,-36.15216723816014,4.689542483660131,13.845785440613028,8.662946500236012,62
9349,4.846850218337492,3.074755357364053,11.944444444444446,10.0,56
9350,1.232356250820277,8.855362490218084,-22.38993113366304,-48.112768323189506,104
9351,-5.486111111111111,10.634920634920634,-6.4573675890267666,22.763711409473274,59
9352,-7.234161451384235,-1.3768115942028984,-7.549019607843137,-7.165242165242166,55
9353,18.746075312415527,22.12779504446171,11.572420634920636,12.450980392156863,46
9354,-10.622895622895623,0.7258632840028194,2.9475308641975335,17.20132621917748,47
9355,9.957532720690615,-2.2120606142082235,-6.646615354676554,9.873188405797102,68
9356,7.590132827324478,-14.931978296990062,-5.064102564102564,2.34970714807106,92
9357,-4.017094017094017,9.62962962962963,13.472222222222221,5.0,33
9358,-36.412617106378036,-13.581362971714189,23.183822350489017,7.777777777777779,77
9359,9.115853658536587,7.617845117845119,5.0,-3.0609871204946444,44
9360,18.591188226503462,2.032520325203252,-19.99183006535948,-5.157751871747815,58
9361,11.984126984126984,0.7843137254901964,6.766381766381766,-8.778659611992943,43
9362,4.583333333333334,17.19298245614035,5.0,-1.3076871702397646,42
9363,6.937984496124031,3.1023213883254455,4.321810577293036,0.0,46
9364,9.987432953534649,-35.26619234404322,-11.79618097456844,9.117063492063492,68
9365,13.26479101125545,1.3486234426619816,-13.49439307772641,28.070768537299976,58
9366,-11.74013673983693,-38.377005803646306,12.305477746654217,-4.003477459359813,77
9367,19.778136740622745,-18.777502030004946,-21.06669298906087,-10.589424915678656,99
9368,-8.062015503875969,2.6240079365079367,23.466621364861872,3.2882011605415857,64
9369,-0.058479532163742576,10.099067599067599,7.946950710108606,23.006994464452447,49
9370,-8.967461541429063,2.2372372372372373,-34.73854748430708,17.317801672640382,85
9371,8.787878787878789,12.380952380952381,9.62962962962963,10.27777777777778,36
9372,4.385964912280702,11.90510177909529,-7.480170966526192,23.300653594771244,51
9373,-15.741160310319483,-2.6772247360482666,4.730003112356054,8.490950073388671,64
9374,2.604166666666667,2.71604938271605,12.450980392156863,7.777777777777779,35
9375,10.0,-46.8599652393257,7.976190476190476,6.851851851851852,47
9376,-8.290391841116477,1.9841269841269842,2.094943240454077,-18.34357398873528,44
9377,24.302832244008716,-3.3902101116084147,-14.415954415954417,16.677350427350426,59
9378,-2.525253619174973,-6.430972237440699,-28.74661968516736,6.994569757727652,107
9379,-4.991289198606271,17.110886990455096,8.205128205128204,6.547619047619049,49
9380,-3.5469217513686715,-0.10732474905815703,-64.7710248354514,-25.191833095797783,105
9381,20.73935181964469,-23.722613930947265,11.81159420289855,9.366246498599441,68
9382,17.29636264119023,16.122076023391813,-54.761303858124904,0.649511991729991,90
9383,-8.413645025000253,4.0476190476190474,11.339829656355356,-19.595778574273197,58
9384,6.911217437533228,-12.951548899129545,-35.02201502201502,9.200902583255525,64
9385,19.27469298916877,-7.826617826617827,7.450980392156865,7.051915499060669,65
9386,-48.683191941840214,-8.150157369482082,-3.017676767676767,-26.42179820921764,92
9387,8.650167384026783,5.6652046783625725,39.938388700554995,5.0,45
9388,-9.53518993387067,-1.5341844999863854,-43.84010886857186,6.6621499548328815,84
9389,-14.542619542619544,9.773222582147069,19.424283154121863,9.377104377104377,48
9390,-44.66802931577213,-44.55699403964674,9.12114601732482,2.2076023391812867,80
9391,-16.962131435815646,13.968253968253968,10.181060814845436,-37.562253626831634,59
9392,-26.72069769761724,-5.0148809523809526,-4.6581196581196584,17.26010101010101,70
9393,-14.565939653825401,-8.080447082433178,10.254515599343186,8.663446054750402,58
9394,-7.031472933728573,-4.663397920004911,-4.656400247370826,10.747973595749295,70
9395,-25.31617440173817,20.133480983794904,-21.106337271750807,1.8518518518518512,73
9396,30.424582259249252,-19.751039304610735,2.96526212594166,26.700779727095515,67
9397,13.928220636889991,-6.2578715159132265,6.715787414479231,-16.74117183985605,65
9398,-16.828808446455504,1.5384615384615383,-10.884146341463413,6.851851851851851,53
9399,5.382580382580382,6.639051332033789,-35.07774402332997,-2.8155648494631533,67
9400,36.47079408496691,-33.32647717185921,19.62962962962963,0.0,66
9401,-41.52777777777778,4.385964912280702,12.136752136752136,12.252252252252251,41
9402,-20.111335498006916,-7.095301623603508,4.5830827495408215,4.6670365801821205,77
9403,-0.3903256704980844,3.4698176072650133,-5.814652371669915,13.333333333333334,49
9404,-14.989684644857059,18.374328275644064,0.045073485565961136,16.238859180035654,48
9405,8.927931800272226,16.062271062271062,-0.228494623655914,19.115481256954126,56
9406,-48.16441441441441,5.410206718346253,32.636925313799466,0.4271708683473392,71
9407,11.666569838093022,-20.22325390534646,8.710130009060462,-14.165686439191298,87
9408,-31.108780264741725,-6.821043759915388,-48.579677821653384,-0.02311134664075798,76
9409,2.3978141022333785,1.4557978896165071,-20.373843460865217,-38.60398934009753,96
9410,-24.162103687297485,-2.2222222222222214,-49.008403784177005,27.42289769225986,78
9411,-4.575759770993036,11.937984496124031,16.74972596711525,-15.036930314185952,80
9412,28.912500897795013,-0.32828282828282696,7.094943240454077,7.976190476190476,55
9413,-7.977720330198693,17.525252525252526,-1.161616161616161,26.81159420289855,46
9414,27.21952116329016,4.9851190476190474,16.129155903808055,-1.8530020703933747,49
9415,17.33563199291016,-19.215149040254573,-45.19087598132626,-32.69027932469024,91
9416,2.592592592592593,-19.545454545454543,-1.6661752054560135,8.523648078486275,82
9417,-25.646910676400317,-10.37037037037037,19.787100025195265,-3.327370931537596,77
9418,-24.927165403508113,-1.3060944830848915,0.5276543415045118,-6.808143547273982,77
9419,-4.35981127535595,5.0,-23.3769734143008,6.378968253968254,65
9420,20.39444876559214,13.908717922362694,10.697801002957831,17.21677559912854,47
9421,-46.16416140666978,-4.301994301994302,-31.914997557851585,21.39775746156084,91
9422,2.619469374326019,-43.203651487120055,-11.163209895339293,6.440781440781442,85
9423,-2.4802263184122064,21.468589532777834,7.682441293084639,-0.7740672026386313,55
9424,-4.696567139001348,-13.397435897435898,5.0,-56.21482227105327,66
9425,-36.29249632985748,-11.695156695156696,-38.01833578741445,0.051988747640921984,103
9426,-1.2591963780418782,8.711034141514101,3.6231884057971016,-15.970125177442247,51
9427,18.83331840332869,0.89216944801027,16.456316511347957,-5.959314729476018,65
9428,0.32952752250998074,-53.08359768886084,-10.727604213728501,-1.67312661498708,81
9429,-40.99002849002849,27.314814814814813,14.533775109066733,-1.884986993682645,60
9430,9.735397840236548,14.440518631695102,-26.933934432421253,-30.61085972850679,83
9431,21.820636250947693,-7.676428520544624,-8.59903381642512,5.0,52
9432,0.6138909333877969,4.935897435897436,-20.28949147717163,6.392045454545456,64
9433,-22.731079027758767,-7.377122249685968,-7.409154437456323,-9.574644389605178,90
9434,-13.253968253968253,25.42190380425675,26.085393459709465,11.81159420289855,48
9435,-14.376123896263463,11.215801742117533,11.81159420289855,6.379321161929859,57
9436,7.314814814814815,2.2595281306715065,-17.061848394340213,-37.23386193561792,89
9437,-23.369826028404766,-0.6797542735042761,-1.2045378712045376,-10.08479386343455,65
9438,2.873563218390805,-8.043478260869565,5.070546737213405,8.342319592319592,47
9439,10.585736526229002,-12.126436781609195,15.526315789473685,6.166468359450818,46
9440,17.19298245614035,-6.527777777777779,6.294006238859183,-3.055555555555555,38
9441,-25.24348035039834,28.086110011528582,-55.96810705653286,-25.276764501137794,91
9442,-21.482118099765156,-18.777599715099715,-1.0338680926916215,-18.333333333333332,60
9443,9.16798320600775,-0.8690330477356181,9.006514194686238,16.01995184038528,57
9444,2.20022051373741,8.932518008647458,16.588635005973718,-36.23237284866383,80
9445,-29.599480621828913,-30.074728260869566,-57.282165493840296,11.06708006306013,105
9446,10.0,-3.5807656395891687,15.805717998700455,12.873563218390805,36
9447,-10.051068531543912,-31.704724517340132,23.046043159947324,0.48949031043071467,70
9448,2.2177055103884378,-19.81360075110075,16.93798449612403,26.73611111111111,48
9449,1.2942418811625185,6.534302092272984,14.883918056681395,-9.6259414721894,87
9450,-14.098883572567782,-16.16883565696737,-17.511151286226355,6.328261623592811,70
9451,14.62962962962963,-56.862481490141064,21.51476489274123,7.5316544614790235,68
9452,17.86436684034893,-6.127136752136753,20.836587160116572,11.749865807836823,50
9453,11.191520467836257,16.572420634920636,17.539197761152398,5.0,57
9454,17.391636141636138,-1.0618279569892466,7.391360236187823,-10.0,46
9455,10.77984817115252,7.605820105820106,10.146973280404438,14.299323361823362,52
9456,21.31079413472706,6.55241935483871,4.430287634622,-50.40168725608706,64
9457,-28.95986895986896,11.71374157314839,-3.7671111329522047,6.811594202898551,51
9458,2.5767958627999192,-18.581514762516044,13.894261766602193,2.688172043010753,48
9459,-2.5397491595273074,11.225490196078432,-54.7777057824528,-7.4089068825910935,84
9460,7.043794984971456,30.108028737596847,10.0,12.056866070510843,52
9461,2.7898550724637685,9.62962962962963,-6.8209876543209855,-10.96930846930847,47
9462,6.200214057620101,-1.3837986593404554,-13.51796180992333,-30.488165816697702,70
9463,-5.459032977982481,-2.9916763453348816,-18.211014269816747,-21.578757520239208,86
9464,10.121653414336341,8.66798521210286,6.8939393939393945,14.015594541910332,51
9465,-15.797363450665337,-31.637380671891588,0.6162219313679085,-6.443085207694837,86
9466,-2.592592592592592,0.7720057720057727,3.582200898377371,5.416666666666668,50
9467,-12.935100268489823,-33.564967477800785,-23.770940069495488,-3.4302166956425837,104
9468,-30.796676441837732,10.823975571315996,-2.359757793232094,30.114655875525443,69
9469,-14.451243414754167,7.940557637341946,8.472222222222221,-40.63878825127774,69
9470,3.2352941176470598,2.4112978524743234,10.36986563302353,6.2799043062200965,46
9471,45.46320352047906,9.901960784313726,-17.38450263338064,-5.066870530866474,55
9472,2.314814814814815,12.302895125226096,3.4722222222222214,25.980861244019138,38
9473,19.62962962962963,2.525252525252525,11.65642601126472,1.7096081588835226,36
9474,4.355317325419609,4.104065935413171,-16.591119302585465,10.477729885057471,66
9475,20.421865715983365,-14.887057387057387,-1.4843664262268916,2.371794871794872,51
9476,30.454564599365263,13.358787976784582,22.523148148148145,3.08641975308642,48
9477,-49.4927414925913,6.559722507180293,-15.421003418695294,9.42982456140351,99
9478,14.444005247328821,6.944444444444445,17.242259966045133,-38.88698124681241,85
9479,-4.95771958537916,-11.024488752983373,-1.5883542525521612,-20.98406458920067,78
9480,-2.21027835300336,4.103401600753296,19.09988633134413,-26.86028157519386,69
9481,4.901960784313726,10.593694380879736,-62.36993749385991,2.179791980923346,69
9482,4.190236748376283,9.901960784313726,-28.718121584785642,6.5432098765432105,67
9483,4.358605431632469,-10.869041412528112,-19.47710511911964,-8.39427263076519,80
9484,4.922524637621359,-33.2094327330262,-11.050552188492555,-1.5418451719821582,79
9485,10.467372134038802,20.22051821286744,-23.14814814814815,4.292949075557772,55
9486,10.0,-4.017094017094017,-2.208129375972764,6.234178626763516,60
9487,1.1046511627906987,14.501248056536028,-2.2137922366117095,-5.0,50
9488,9.725415070242658,13.927031223046404,17.25308641975309,6.725502781343604,46
9489,14.18391994478951,-3.7794937794937793,-6.857638250303473,-22.59259259259259,69
9490,-20.05847953216374,-17.141181399054588,4.678661026700244,6.344086021505376,68
9491,4.431926279985963,-8.598124635606702,-2.8072467717616068,-3.7399724283830524,91
9492,-9.896653325361765,-42.48920394805015,-39.485280901031466,-9.762948567296394,112
9493,21.570512820512818,-12.822212701973115,3.4209918057355884,1.1146861146861156,65
9494,-23.11579208440651,5.0,-36.77590768108009,10.853174603174603,69
9495,7.834374186833205,0.4938328345810672,-35.545763200178804,2.3400044222084917,77
9496,1.2602634532459112,8.948346339650687,-22.8312669871234,6.6380718954248366,50
9497,-0.8650843172631506,-25.100530662336897,-3.8221500721500723,12.761186667436668,74
9498,23.486604632602347,12.450980392156863,1.150793650793652,-19.212962962962962,47
9499,22.41164704500201,-7.607557282103003,-5.039377426386382,11.418485237483953,67
9500,5.0,-11.031746031746032,-1.8013885277312385,-15.058760683760685,51
9501,2.71604938271605,15.645167157772201,15.232943956871466,-28.48740763658518,54
9502,-1.911221853082318,27.343314537465545,-1.969947615108905,16.764069264069263,65
9503,7.192982456140351,22.80952269703321,9.515384104199896,36.61156894319724,45
9504,24.811727404105774,-39.42016317016317,-2.3124868788177837,4.901960784313726,70
9505,16.303418803418804,11.662149954832882,-61.62426903210101,21.436781609195403,58
9506,14.643962848297214,-28.370183057683057,0.9889104220499569,12.727853245094627,67
9507,-17.58893280632411,7.435649935649936,-37.75972196026397,-79.51137909455251,129
9508,-4.633838383838383,-2.704517704517704,-7.897985705003248,17.431193393926314,50
9509,14.968973846410128,29.62962962962963,6.85483870967742,10.0,35
9510,-43.7190386111393,0.9116809116809126,3.994190268700073,-38.29326923076923,78
9511,3.4176945632053997,-21.10643433351827,-21.10835374766009,-18.748192995995566,102
9512,15.136003944143479,13.205128205128204,6.764069264069265,10.0,43
9513,-11.031746031746032,-10.519284636931696,8.333333333333334,2.6702998172551418,57
9514,-22.81041698727771,-1.3138286595298982,1.8115942028985508,-28.066726617451256,74
9515,8.277381659734601,5.787037037037036,-15.375637434460964,-12.863247863247864,46
9516,-2.807017543859649,-0.5757168458781372,-6.174055829228243,-9.5326278659612,50
9517,-10.271009478326551,-14.606594289218583,-41.16554532168083,-2.5722425722425726,92
9518,-20.236229819563153,-8.809260263245083,7.481625691212159,-28.95674670873281,66
9519,4.656084656084657,-103.88203625459997,-23.19233804295299,6.572327044025157,71
9520,3.6231884057971016,-19.3769425019425,14.914174972314507,1.3216977608881377,61
9521,-7.474747474747475,5.216118324103805,5.7065217391304355,6.811594202898551,46
9522,-14.395090248513585,-43.299220272904485,5.3977389577347274,-52.16278388459761,73
9523,8.213141025641026,-8.109789472278958,9.385964912280702,-23.580765639589167,46
9524,-45.891015687211336,7.849210987726476,15.864181479212034,9.783143217067703,69
9525,25.366161616161616,12.547989669133045,13.297258297258299,-15.02891479172314,44
9526,-3.6542145593869737,28.59889357205646,10.36001036001036,31.35964912280702,47
9527,15.47278163659922,12.35592470099917,-30.134310134310134,-82.82403935622347,97
9528,12.252252252252251,-26.21212121212121,19.365079365079364,3.531746031746031,42
9529,-31.65323293093125,-22.071964655427387,-1.0910211504439005,-20.130942484177588,100
9530,0.27131782945736305,5.0,11.102693602693604,1.1490178208444508,43
9531,-63.88565801357028,16.49135419062955,12.409025721989867,-24.6703276558086,93
9532,0.0,-5.520544797443624,-2.1088938162108897,-38.6375783739336,59
9533,25.139152435167617,11.523923624746088,-2.746913580246913,15.505070287678983,45
9534,-14.813408803619579,-11.827683797846149,13.584643848288621,3.5995655572170397,59
9535,0.7938577483990015,6.79337231968811,16.412429378531073,2.190413752913752,59
9536,1.6614420062695934,15.0,2.988380537400146,14.166666666666668,35
9537,5.3593412416941835,-2.1799460524950716,10.249867091972357,-27.372029297412425,62
9538,-20.151739771770004,4.125152895518951,-14.231847490888702,17.19298245614035,87
9539,-4.358008753170042,-2.76147182818847,29.684193731259494,24.050626700934245,77
9540,9.38034188034188,16.1046511627907,-7.840596739089645,-24.117177971667132,55
9541,-16.64850690982498,5.681818181818183,39.35496794871795,4.809615623132521,65
9542,-29.592164954559912,21.141552511415526,-16.318297253002626,-24.547019868900335,79
9543,-12.94532627865961,-2.685185185185185,-7.186748436748435,8.623188405797102,48
9544,9.941239316239315,13.273582506992119,11.468119949577751,-2.205185601573393,69
9545,3.4733893557422975,-15.412727701309569,-0.041695933429342524,-11.6851308560267,87
9546,10.0,13.164568509396098,4.62962962962963,19.51825951825952,40
9547,1.9133643997082412,1.4127583035810873,-27.12345273538962,-6.90493624055442,90
9548,8.472222222222221,-2.5593697145421284,-8.088782562466772,14.901960784313726,40
9549,15.324543610547668,7.371794871794872,10.0,8.623188405797102,35
9550,4.385964912280702,12.454867827208254,2.5348627980206917,-6.655898918707267,47
9551,6.264121455941366,-28.988034079689598,1.3113604488078545,6.171120780874728,91
9552,-3.3207149818991923,12.920890479030014,-9.516574733966038,21.303900348017994,56
9553,13.968253968253968,2.3178016726403827,1.0041407867494825,7.976190476190476,38
9554,7.930283224400872,0.4814629814629827,16.970224064262602,7.907960983252606,56
9555,15.379307101005214,7.777777777777779,-2.549019607843137,9.795460097071594,55
9556,36.71802054154995,8.440846811990188,17.19298245614035,8.623188405797102,42
9557,-11.160130718954248,5.01723101841166,12.777777777777779,-55.730388596839546,71
9558,7.976190476190476,10.0,8.968253968253968,4.29366558943218,46
9559,14.126409017713366,9.581843430810938,-61.56421203561034,6.366120218579235,62
9560,16.805555555555554,-5.059575704736995,6.008483853311441,16.996221535228628,47
9561,-20.386134966475822,14.039687178202666,-0.30005655005654885,9.695437647781482,73
9562,-34.58048635529332,16.41711229946524,-30.8242947916861,-0.8410116743450047,78
9563,24.724022700429234,-31.06731804100226,-3.965012641944343,-24.752642814126553,76
9564,30.07776215705907,3.8824617272893143,-21.761006289308174,12.253086419753089,60
9565,-14.582093505556681,-24.30825109822305,18.205128205128204,-20.00173524819876,75
9566,13.205128205128204,14.385964912280702,0.0,3.6231884057971016,30
9567,1.2205062205062207,28.69259546619648,1.6380718954248366,-30.704189790426597,66
9568,4.749314531923227,-10.275499042931363,-18.697305572902014,1.2988190111924798,75
9569,-9.984766139657442,21.572327044025158,-15.655080213903743,-19.473684210526315,53
9570,9.542912016066724,-23.27890022041114,-12.718855218855218,0.04454926624737965,70
9571,17.19298245614035,2.3717948717948723,-2.311827956989247,8.689839572192515,38
9572,-3.6562803829767043,20.901116427432218,7.777777777777779,9.074762548137787,68
9573,23.111577964519142,4.2383839420477365,-46.43693057813397,-11.536176242058595,68
9574,18.6231884057971,-20.95418499757309,2.873563218390805,-16.666666666666664,58
9575,-20.76830198830674,-35.61551428282708,7.3434265010351965,-18.555989647320914,74
9576,22.220722747038536,-46.87527448397013,10.208333333333332,-21.193897099069513,58
9577,11.555971924528249,4.166666666666668,19.21366450885217,8.841216833566056,81
9578,1.3254392666157373,12.252252252252251,8.472222222222221,-4.979099137396602,43
9579,1.7524887723522262,2.450980392156863,10.787037037037036,27.655195681511472,52
9580,-1.7948717948717956,20.129614690036686,4.544695071010862,-1.5277777777777777,52
9581,-36.1781360088257,-47.28834312281511,1.4484126984126986,-19.1152298466846,109
9582,18.264006108833698,-5.833333333333333,10.0,-19.864112795343797,52
9583,-5.569485821471918,12.116794457896152,-45.52061448931266,-14.64400455268969,81
9584,5.71990841548227,1.6564260112647213,-34.050675351889495,-27.111756612440605,69
9585,13.55263157894737,6.851851851851852,8.316085693536674,-2.7562195367158373,59
9586,3.664712385258426,9.04040404040404,4.775757186861883,1.9841269841269842,62
9587,-6.521010212870676,5.306911602678193,-1.7754239376910181,11.07366105987823,60
9588,-70.91442942917644,5.645596328735865,-3.1586248375143082,-21.75925925925926,85
9589,9.21455938697318,13.18514931230135,1.7369645070941013,-25.31686358754028,100
9590,0.9328648955467429,5.662570830253758,16.197559115179253,7.775524002704531,50
9591,3.4088164251207735,12.314814814814815,22.710890008684125,-22.114777684953125,52
9592,-15.505643883303456,-8.914213358657804,-27.14345141073842,-1.204805847020138,99
9593,-26.21645924559351,1.6025641025641022,0.36887089518668503,1.2073230211817172,81
9594,-27.70331776408974,-82.07013162607831,10.367317867317867,3.9376819037835986,94
9595,-11.83923250015204,14.945706073157053,-31.918309438470725,3.9383204514783463,66
9596,5.0,-3.1884057971014492,-9.419320394447585,-66.818638871273,65
9597,6.4026792750197,-1.8674320848233892,-2.9522946169858626,14.919089596508952,63
9598,23.47222222222222,1.9112174375332271,27.19298245614035,2.1733821733821728,38
9599,-16.171877438514034,-3.5185185185185173,18.171373047450633,-6.404238463061992,65
9600,3.6647799216304873,19.854615307592837,-2.8642429193899765,-3.171683389074694,57
9601,-14.224645947393444,-41.62698412698413,-8.908272603241157,20.334856116106117,66
9602,-17.539657312894782,8.145552500391211,2.781711169316214,1.2639727626831547,71
9603,24.909003831417625,17.717108188806304,-18.640789858642744,5.7558604249780725,58
9604,-15.54232804232804,-5.0,1.9852941176470593,-4.01913875598086,43
9605,-34.14523443729081,6.700779727095515,6.501339666301304,3.205128205128205,53
9606,-0.8450790194211244,14.835192536853121,26.695333104001836,17.12121212121212,66
9607,-12.824074074074073,1.874298540965209,23.932461873638346,9.166666666666668,45
9608,9.901960784313726,6.599378881987578,29.04782116581777,13.333333333333334,38
9609,-28.59605704823588,3.0827225256299697,11.313131313131315,15.079363292804274,73
9610,-33.29777337980191,12.601796699541062,-30.267189420916452,12.40561575507396,92
9611,-27.541449778291884,-4.643242928774266,3.6908401127757156,3.649271483794232,86
9612,-12.898355250833614,0.3988157436433295,25.79217429636529,1.3392377885131515,51
9613,-6.057959843126081,3.23941687692739,12.688172043010752,12.14209766841346,51
9614,-46.05042016806723,-2.916666666666666,-16.132639953644116,9.777504777504777,63
9615,-3.8311688311688306,33.59478869895537,-7.052222451399988,17.04022988505747,48
9616,-9.961724333983105,-5.557784103979756,-57.04910908300739,15.567818633701062,70
9617,24.967320261437912,-8.497152475066008,10.772005772005773,14.166666666666668,51
9618,-4.511101402629043,4.416829109811567,-5.491926193501738,-27.499762793833597,72
9619,-6.666666666666666,22.08061002178649,11.63896630945179,19.723169048460672,42
9620,-36.882386619228726,15.3988603988604,11.937984496124031,27.211117895105172,55
9621,-24.041218317996528,-29.70626559081344,-25.876380766731643,-28.838763575605682,97
9622,5.0,11.894798569834439,0.7870370370370363,-22.5439186002641,46
9623,-12.546801033643137,6.309356176159902,-18.086762582194474,-25.758697614585707,83
9624,-19.24839380196523,-16.017821718130065,1.323949408404733,7.450980392156863,53
9625,-36.21546117663519,2.693292370711726,-12.56100020165356,17.328374121852384,70
9626,15.84129606711853,-23.879605576404014,-10.717530761857002,-10.474821375672356,91
9627,-14.09175022666071,0.0,3.6111111111111125,12.252252252252251,53
9628,-19.84941920244894,2.88640326111722,7.326007326007325,12.282913165266105,61
9629,-9.285714285714285,-24.495900924472352,11.975555486411398,18.58147628713746,59
9630,-20.08101851851852,-15.56451264784598,-3.015873015873016,8.509160756501181,56
9631,9.274891774891776,-2.213538552622146,24.96031746031746,3.834088639929462,56
9632,0.5436209571547925,-65.80475668505099,-7.619065894767141,-10.271495151632136,84
9633,-28.386243386243386,-46.15086505437383,3.4722222222222214,0.8673469387755115,60
9634,12.491574580390374,10.0,-13.924033282063245,-13.746113333811273,61
9635,-5.768618080446039,0.687915827326858,6.2227177940152245,8.819339701692643,67
9636,1.1991869918699205,14.623867565044037,-7.407381266076918,8.020041552650248,56
9637,-0.0284482447409502,25.441867296706004,-5.651721864490551,-2.329192546583851,79
9638,8.787878787878789,11.379419191919196,10.030864197530866,10.0,42
9639,6.666666666666666,7.133255477294017,28.560536013206736,-4.705165692007796,60
9640,23.195937873357227,1.0777227557689748,4.66949019932785,-4.503816429421849,62
9641,-2.1971483250906734,4.851909047495987,-0.8512843515106248,9.117647058823529,78
9642,8.623188405797102,14.292855547548914,-9.634146341463413,11.16123642439432,47
9643,-18.151373142158775,-6.325904392764858,-3.3828556946836503,4.589274465352053,66
9644,13.968253968253968,24.034513192121885,6.418485237483955,-4.826502919175333,48
9645,7.314814814814815,10.871212121212123,-5.370370370370369,-6.809542796384902,46
9646,-14.567543312849946,-6.318974200977596,1.8888840654343877,1.4880952380952381,66
9647,10.043331406782382,-15.037577365163571,-52.31182795698925,-6.230787186669541,66
9648,-0.5348636259864703,19.65530681311955,-21.934195673023872,-3.8945558192641947,81
9649,-22.054489478718313,-13.406763144829643,20.68376529280326,16.092945258306756,80
9650,-13.793103448275861,9.968301634968302,8.787878787878789,20.68966058096493,46
9651,3.1569721643870636,25.298663324979117,-56.0543045493643,4.745762711864408,89
9652,-24.1662206652719,-13.945466731021043,-4.8270975056689345,7.777777777777779,62
9653,13.333333333333334,-3.338557993730406,-10.709610814670706,6.671063601375042,54
9654,2.1367521367521367,6.952312984921679,9.284772577455504,-3.873626373626376,52
9655,-6.783519675676539,-8.377729592858902,-5.671139366107918,24.919089596508954,63
9656,-4.456048651218772,1.6063101361885077,5.586919452465672,-41.46178024947129,79
9657,-35.83085701328507,-8.483491517442237,9.807603579514666,-1.1857018308631204,83
9658,-5.042785568187959,-15.118845500848897,5.254515599343186,19.876543209876544,54
9659,22.083333333333332,10.0,7.138999118165785,5.0925925925925934,40
9660,11.370214752567694,10.756595157200458,-1.1219336219336216,5.427170868347339,47
9661,24.54831282197011,2.2851181976484636,-13.77264492753623,-17.79085119602361,59
9662,21.646784788754825,3.6231884057971016,7.2500529861620855,2.6313615084997615,58
9663,0.0,26.85483870967742,5.0,18.333333333333332,31
9664,7.916624807447595,-37.479825471102004,-27.857142857142854,-26.923542725735814,99
9665,-14.334795321637428,-23.34194997573764,15.59947299077734,18.948801742919393,51
9666,-34.22976414650699,-8.973612941004248,3.492483996843429,-2.0238095238095237,98
9667,-15.664160401002507,23.699186991869922,8.252818035426731,-2.479575163398692,50
9668,-26.720451563738862,-3.422035480859009,-32.491459048865146,-2.8657311030611767,91
9669,16.85185185185185,7.63888888888889,-5.597491870311341,5.586080586080586,50
9670,-13.701573771443437,-42.37559247360071,-57.74686757946747,-12.192378111958044,97
9671,-8.94552459374957,-12.829234257805687,17.43989417528253,14.178037686809619,79
9672,-23.118643922215348,8.086419753086421,11.263616557734206,-17.95977011494253,53
9673,-51.278476511155006,12.446431060411419,-1.0870313037495698,5.0,72
9674,5.289855072463768,-17.476429918290382,-30.78991857242631,-10.55874680269736,66
9675,10.537400145243284,-11.962825287789418,2.604166666666667,17.98611111111111,48
9676,9.36219782969009,15.92346616065781,-16.192754088489178,-0.9127480297271209,79
9677,0.0,8.333333333333334,6.764069264069265,-7.311827956989247,39
9678,21.82973979619603,15.136867503481579,2.688871541330558,-16.388225219872083,67
9679,9.673180497844339,5.503008014774846,1.8531857187319378,7.156013252504481,82
9680,5.0,-7.311827956989247,7.569330414158,16.188271604938272,37
9681,-16.3510101010101,11.429358384711154,12.253086419753089,10.784313725490197,61
9682,12.192982456140351,-7.430669585841999,16.088068845483743,-4.777284256286541,51
9683,-55.92498850504683,-0.8993985784581735,1.2085769980506829,-8.460734823224309,102
9684,16.558641975308642,20.18148518148518,6.841817186644773,-7.647058823529411,45
9685,-2.6226530238678585,9.992196803321383,18.85164912117374,16.632942975784466,70
9686,1.4606027596223674,5.0,12.040229885057473,11.45745676995677,41
9687,-30.701697829357403,-8.216921966921964,20.2232731903403,-0.7210717250916581,72
9688,20.57081807081807,-16.241570014389488,-16.064814814814813,6.174463937621833,52
9689,-30.83765769914221,-8.051980551980552,-48.148148148148145,9.385964912280702,70
9690,18.386579242329276,1.9797064095309755,14.486551030668677,10.584261435083897,57
9691,17.521995327152155,8.787878787878789,-4.10951020084147,16.160394265232974,57
9692,5.398139668973004,2.8244631185807654,15.862193362193363,-15.665038821286473,72
9693,3.2675438596491233,8.445581131003125,11.529223595749297,-18.803420320153727,57
9694,-8.68567216825923,4.4884869656674935,-18.156233466391853,0.7121522444103099,69
9695,-48.300518393895615,7.91044776119403,-30.44960089756647,-6.693653135446176,91
9696,-30.356691919191917,7.818904435014986,9.703232644409116,22.038712921065862,59
9697,-2.619099514260804,6.243781094527363,0.1564763836569112,26.26660446564408,72
9698,12.776948358972977,4.444444444444445,-63.78933252495149,8.929093567251462,65
9699,-31.807163700851756,5.196301639782953,10.530237697503347,-8.602410661234188,80
9700,2.189930314930316,10.77984817115252,16.87436226180967,13.086419753086421,54
9701,3.849288794141737,0.7142857142857144,22.976190476190474,28.0379651387876,43
9702,-14.463118580765638,-31.827753014135634,-11.305654058313632,2.97010746459234,98
9703,7.065353935054331,1.1457832291165628,-49.32237666742755,31.527961520055133,68
9704,-25.759029386335385,23.42261904761905,-26.653627470835936,-18.074013711773187,80
9705,-39.50773518236029,-4.984521999249929,2.712576292221204,-24.79438997821351,77
9706,2.1094142785319248,-22.871638219306167,-4.182932932932933,10.056980056980056,57
9707,-23.206666295484624,-5.6503664267639415,-14.096542597845284,19.416612798965744,87
9708,1.690597093975315,17.382942727770313,16.542962745970264,-3.9758604468727494,85
9709,-0.20221493905704402,-7.066265655667104,-39.7767121053477,10.71678243288413,66
9710,13.936173447667702,-47.6433284879343,25.407470288624786,13.502301667263303,74
9711,13.519859728805102,13.399312675628465,9.190236748376282,-18.259734093067426,69
9712,-5.0,0.1691729323308273,5.298663324979117,19.252799310938848,43
9713,3.524781465957937,8.84144237405107,-29.88705738705739,4.72027972027972,57
9714,-7.9740957966764405,-34.94319950202303,2.692564819834214,15.0,64
9715,8.819444444444445,-9.04604008803133,-128.13958952111685,-20.290943624276956,108
9716,-1.7861609934780664,-24.397759103641455,-11.693178708264915,-2.961594874136764,79
9717,4.714523994361643,24.601571268237937,-12.118051773224185,13.47248576850095,55
9718,0.5977413384496135,-0.605116072674162,3.279220779220781,-3.06227103437876,72
9719,14.31547619047619,-10.592744213270173,-1.0310793224099672,-64.00587429612196,70
9720,-2.597176515249623,-9.60919402717479,12.083333333333334,0.07238134765309323,63
9721,19.385964912280702,3.3969732174496965,-5.097248951738116,15.347113374911293,94
9722,-2.277716465229396,18.825944170771756,17.55768105928374,8.023222429045834,62
9723,-2.0238095238095237,-11.55586932840769,1.9889937106918252,11.753617160782984,62
9724,-10.090837080084391,7.130568477793622,4.5075501464953796,-0.6496780021563655,72
9725,-16.133301666133654,32.64192354826194,-8.839605734767026,3.1738437001594906,62
9726,9.597265479618422,3.6289769203575464,-3.9431740697447877,-36.55360484061525,80
9727,6.176673567977916,-2.6869720220103837,1.8939393939393943,13.682858090185675,46
9728,-49.37431223164323,-42.539943060288785,10.083629257324294,6.889159172440906,83
9729,15.08003949244399,8.968253968253968,-0.0855151485696064,18.525149190110827,64
9730,12.970576189085257,-0.48006719483550286,-36.27900101520756,-5.61128526645768,76
9731,32.732282350765836,6.836945304437565,10.192966075319017,3.787878787878789,52
9732,-30.86185903610822,2.439478265621492,-16.150775847223354,7.095543702598367,76
9733,11.114024864024865,-3.8707227645846567,-5.0,-7.378627425133027,59
9734,11.17505524614603,6.321195144724557,1.937984496124031,-7.525908765767236,64
9735,-6.528634703343078,3.3333333333333335,-1.621241537236159,10.522628344412652,48
9736,17.531418839558377,8.494477021142359,26.905864197530867,0.0,48
9737,5.0,-6.150798066342741,8.719305385972053,11.25,46
9738,5.108250962288231,9.901960784313726,9.325396825396828,7.287780613181858,59
9739,0.4368112908485582,-4.721677276824335,15.795244518432929,14.749300225059898,65
9740,11.937984496124031,-35.123456790123456,-47.17554131704703,-15.407443219598177,90
9741,-29.77856317354157,-28.404878458669444,6.0129659542433815,18.076841522117217,86
9742,12.268518518518519,10.99906629318394,8.450621191282112,8.205128205128204,56
9743,3.3105799054074914,6.776377217553689,22.66744096012389,9.542151162790699,50
9744,6.861259655377303,20.430242272347535,-32.191720151152765,4.6306884357198825,57
9745,13.623188405797102,3.2051282051282044,4.388852315119596,-40.228352945071215,66
9746,-14.907407407407407,-9.646329577330864,-17.903081676703984,26.321195144724555,59
9747,-43.97780623132736,-17.88299685311848,6.118751352181688,7.573470209339774,80
9748,-9.259259259259258,-2.685185185185185,22.03252032520325,2.604166666666667,41
9749,11.836945304437565,3.014512369351081,5.0,23.03526818973043,46
9750,-0.9044584487629213,10.0,-23.55934605097685,19.371841917608506,59
9751,-28.888888888888886,17.04320408588701,12.539035753638085,9.146191646191646,55
9752,-20.50374097007224,14.35763888888889,-30.694483382275834,11.94640200454154,67
9753,7.380952380952381,-15.241620296767355,13.469556372523495,3.4722222222222214,47
9754,11.535158155797692,1.9647944647944646,7.83615916256758,-9.495257452574526,58
9755,-43.730867733527305,-7.143430471603844,12.519292301900997,7.182400932400933,72
9756,18.994041740353317,16.713554987212277,7.525252525252525,14.020503412365422,55
9757,14.093373132844395,-35.655080213903744,-5.6084656084656075,-9.015387710356263,72
9758,10.398815743643329,0.0,4.709056375723044,11.303418803418804,42
9759,17.997070607413495,23.592801039745012,12.357185298361768,7.869937412620336,57
9760,5.289855072463768,11.81159420289855,-7.902566281926746,6.738041370394313,54
9761,-33.98911745187399,-44.364756635844074,6.448697000167588,-11.798215374763936,109
9762,26.73611111111111,-5.809763251623718,0.389570172178868,-9.26961926961927,48
9763,-20.893313262960206,9.154002026342452,6.633986928104575,10.320114964634204,55
9764,20.821446129944817,-5.530303030303031,14.396648672964462,-2.311827956989247,55
9765,-23.21968642144081,-6.227613494638582,9.421302116628043,-25.341348142923195,86
9766,23.172226543369916,6.8939393939393945,19.96191323621381,6.0741687979539645,51
9767,-65.3071223005982,-20.32606434632372,9.146384633154485,8.968253968253968,93
9768,-48.503017209847265,-17.056734235436803,8.217972070431088,6.388260432378079,88
9769,8.205128205128204,-9.128787878787877,7.111963937621832,-0.9352629940865231,46
9770,-52.29572766889067,-10.072733490975866,11.390056022408963,12.427757427757427,84
9771,-12.798546534601302,-29.276336051634328,-11.632401379053894,-39.584732270928896,99
9772,16.48148148148148,-22.546227479802358,0.48855905998763305,-32.52305309351068,81
9773,-10.540342573811134,-13.448229084117584,-31.92191523073876,11.074023054948277,74
9774,4.816816994236348,-55.274386107719444,-44.25484115286989,-5.328282828282827,76
9775,-8.75,9.901960784313726,-22.702460242157176,16.38187424949862,61
9776,10.796009187482055,-22.234183389074694,9.642857142857142,-1.580165692007796,54
9777,-0.6272103182858313,-4.699697068852874,-2.311805365651793,-7.917672290403692,88
9778,16.323949408404733,-7.190842245989302,25.883289415898112,7.320981863664791,43
9779,-25.4954863290802,0.9638955051516624,-16.023338031881366,-1.771419715990023,81
9780,-2.8919537252870575,19.247693642674463,-15.664414414414415,10.19551544982226,56
9781,13.101851851851851,6.85483870967742,8.205128205128204,12.873563218390805,35
9782,1.3457854406130259,22.38095238095238,14.62962962962963,5.213424568263278,35
9783,15.804367302622197,27.35129651590148,4.411349793713882,7.11634751366433,67
9784,-2.671835872948284,6.394100963734751,7.459559397863039,-0.26416122004357234,74
9785,16.984126984126984,-0.8721670486376345,-2.83625730994152,26.166068279163518,50
9786,-14.77155727155727,8.370098039215685,9.631369022703648,-14.784289784289784,73
9787,3.9682539682539684,15.0,5.0,10.677512870495327,33
9788,17.715509962850387,-12.90357034030728,-29.723700993080243,1.5151515151515151,87
9789,16.58053969648173,4.724499712927853,3.810629514963882,18.776803118908383,57
9790,6.881881881881882,5.782716387555098,8.119303177442712,8.584643848288621,49
9791,26.01485343875167,-20.74306568023278,-11.223196881091617,-27.94532627865961,72
9792,9.64905464905465,-0.10156820200770245,-37.11583924349882,-124.66384241371533,87
9793,-9.660209648665717,11.30744959345365,26.913853587269095,-1.0179279305551203,73
9794,20.81605087419041,10.0,-2.2264905890431836,10.858585858585858,44
9795,-7.141812865497076,-74.00710646598144,-5.0429813176929414,11.916533758639023,77
9796,-39.53674374406082,1.7361111111111112,3.1029106579421057,-7.534359881927786,63
9797,7.999727668845315,11.453356138365148,-11.049072574392127,10.176767676767678,81
9798,11.937984496124031,5.506715506715507,10.007526644248113,-7.611582170405697,61
9799,7.525252525252526,-10.709263854425146,-60.75758311485711,5.0,63
9800,4.6380146380146385,-1.5123003704683509,15.01068376068376,10.0,58
9801,-17.17008082497213,7.6703587417873145,10.383432074608546,-37.25881490898176,68
9802,11.506226053639848,0.4931288754818155,-3.2962202969042913,15.926305026615069,58
9803,9.113181504485853,10.0,-35.630675964693296,7.309368191721134,49
9804,8.472222222222221,15.10159731908958,15.444065765363199,9.901960784313726,50
9805,-9.910037878787877,30.27777777777778,-19.321157893333435,-25.029365244046573,75
9806,23.993055555555557,-24.42916295171771,9.130966952264382,-39.048881932669595,60
9807,-2.306507841040718,12.885763000852515,11.944444444444443,13.803418803418804,50
9808,8.264241796850493,16.691919191919194,27.70239581038129,10.0,40
9809,4.385964912280702,-3.333333333333333,-18.739609121612517,0.12986279754572427,51
9810,-26.241842079396058,-4.068060770987986,4.025234025234025,-4.345752123791509,80
9811,6.937984496124031,13.497493121856449,-20.51931091711006,13.236551030668677,62
9812,-6.5455726859235615,-3.7994575205992,34.06976874985721,-5.689361255373981,80
9813,13.787878787878789,2.978072949609951,-21.213498628912163,9.913383763958478,71
9814,-20.044078018405326,12.711290032718605,-41.76115872956953,-8.344774703127465,96
9815,-17.74691358024691,1.7369291333870276,-13.765051997810618,12.748316498316498,64
9816,11.117291909974837,15.790023894862603,14.166666666666668,-3.1257014590347914,45
9817,-26.398120525915914,11.20930397246187,5.099067599067599,-10.899398578458175,63
9818,2.8735632183908044,-0.5920894471493381,3.33239437840956,0.0,56
9819,8.697538789706801,14.012834686277452,19.830269711424208,-6.265117709276888,71
9820,-52.82571578670869,-22.54275592235289,4.83674277791925,7.549283154121864,75
9821,8.870214752567694,31.700680272108844,-1.9618949817748437,-6.880341880341881,49
9822,-19.52020202020202,-8.75,30.837359098228664,-54.79569762708421,69
9823,-11.940786275079063,2.719298245614036,4.047619047619048,9.634682577964803,77
9824,-35.99949751503472,-26.638595648021635,3.6834791712977797,-37.429504457806345,103
9825,23.78516616366248,-75.23050104616203,-35.18075282355639,-23.68304406498851,112
9826,17.46649184149184,18.631901724006987,17.493894993894994,10.657371383490208,60
9827,15.849753694581281,-3.5652187465438163,5.0,1.9306339270209654,73
9828,-8.806093869907388,-0.5401429316277504,-3.495475113122172,8.472222222222221,67
9829,11.473346981164807,2.8802910052910033,-5.138888888888888,-11.794871794871796,55
9830,-3.4055759055759047,-12.082596196373286,3.689839572192515,-0.9815445579821471,63
9831,-1.2293530822163738,-10.250759878419453,3.220958928256655,-41.3278690645979,76
9832,0.0,-20.797879533498488,33.003246753246756,-30.97386393485684,56
9833,1.9729446204662575,-3.7563387423935093,-20.716021131734326,2.450980392156863,52
9834,14.811547714514836,12.692171314125819,28.436791383219955,22.313053334558713,49
9835,16.44122383252818,5.0,3.660600255427841,-3.164613164613165,46
9836,14.507211538461537,-34.963082287395835,2.440348322701265,2.2396259896259885,64
9837,-21.278172837680362,-4.25307739645975,-3.1149097815764493,13.433486508778133,57
9838,12.89876991328897,-3.8344039295662813,4.444444444444445,-19.57282913165266,58
9839,2.242251579495911,20.676547691066748,8.138023180022113,-5.452385143460658,58
9840,-5.0841619001968255,16.506869893092805,5.0,-33.44647476831385,63
9841,2.688172043010753,15.513633062652673,16.62998395453774,-29.839702042513796,72
9842,-1.8999398004815962,1.7744767682607108,-3.981481481481481,5.053856879148503,58
9843,4.040948275862069,7.10972718926844,-55.209182396324124,4.821428571428571,59
9844,-4.933454325468844,5.183276261062639,8.844114528101803,-0.1537663456268099,54
9845,4.7483172940838845,-10.864794966138751,9.153439153439155,-10.0,50
9846,-3.8092795330297164,16.178428604974798,-1.3734567901234565,13.205128205128204,61
9847,-23.720585730894225,8.28411390005593,-13.421052631578947,-29.123562034977898,72
9848,-11.712354966211908,0.18136299354049612,4.576994590939824,9.472320070987005,61
9849,-20.014709500123843,13.968253968253968,28.91737891737892,10.0,52
9850,8.880217998117729,-6.723173528609248,13.576302123335637,-13.534578810678529,77
9851,-37.177357734785794,-1.3768115942028984,2.959489872468118,-1.719673750117508,60
9852,2.3529411764705888,-44.42540548238003,8.262878262878262,-23.94793727561882,75
9853,-0.6227836879432616,1.6050976159609294,16.488095238095237,-7.089357628573314,59
9854,6.870164867261396,3.520615563298491,12.40487211235293,11.644302283247516,57
9855,13.086419753086421,1.004140786749483,27.03252032520325,11.975824420677366,41
9856,-2.6726453668045456,-2.1264367816091956,7.688172043010753,11.54761904761905,42
9857,23.84676087801088,-4.953703703703704,10.117859303430992,-47.87761121071821,66
9858,22.568160331805103,10.772005772005773,7.879639809464373,-5.501893939393939,52
9859,10.906238464378,-4.41494755083605,14.487385936661301,-6.237133179857638,54
9860,7.0758616837048205,6.541979930028261,-2.7003763264464773,-2.184603127401142,71
9861,-31.651523082152984,-18.173149999838984,-14.138946490013709,16.59887566137566,110
9862,22.96875,-20.614035087719298,-44.92828612926652,-41.72132374962564,64
9863,-55.39202876800207,7.95863305374175,-42.56612802617299,-4.771557271557271,108
9864,-10.0,3.4320929747759026,18.483645983645985,12.525252525252526,42
9865,-8.449693008516537,15.816170861937453,8.306368772470467,-19.552744159979788,60
9866,0.5154972253954782,-13.597683958511514,1.9206193497599182,-7.408443157679429,84
9867,-22.594788252682992,28.658900836320193,-18.502413638986134,12.136752136752136,62
9868,21.27728883275537,19.95115995115995,-39.97551453095214,-7.564549271866345,77
9869,12.688172043010752,-17.666703146839694,12.594217024041587,26.93798449612403,43
9870,-3.3243534482758608,-14.612238765447627,-84.31884581789706,5.897631502470212,82
9871,-1.3245115896996307,17.976190476190474,-2.151252830892952,-25.279946447297107,64
9872,-15.8064272520132,-9.68011563599799,9.901960784313726,-5.15993265993266,56
9873,34.531590413943356,-2.474747474747475,-13.897306397306396,13.938172043010754,41
9874,3.8429406850459484,-11.705868835023377,0.38717288717288767,1.9223847672123542,89
9875,10.696828496705155,6.352376132600473,-5.853808353808353,9.356447077734682,69
9876,-10.561821219715956,2.3964418664349516,-15.382442416340723,-34.84762543116735,74
9877,6.736111111111111,-1.5455840455840457,-3.540410565604364,-46.49543160792109,63
9878,24.6847442680776,-34.543269230769226,-8.987676446803022,8.131430988837032,72
9879,13.37379480499322,3.054220085470086,-31.107724229925402,4.9308208131737565,75
9880,9.956896551724139,18.454592363261096,-3.6886395511921455,-9.48005698005698,42
9881,-27.030542247933557,-5.1843518813493334,12.587026588159267,-9.697510357262054,85
9882,0.2294357578414683,8.454592363261096,-2.292707292707292,-4.259766414938828,66
9883,-4.502923976608185,-19.993743717322253,-13.434343434343432,-11.235228411507974,86
9884,23.587415555138094,-36.36499638180401,1.6478958155159535,11.568197454420364,64
9885,2.450980392156863,17.873563218390803,15.512919045527742,10.0,36
9886,3.728303083141794,9.239303959131545,19.62594009763821,-33.52640113509679,55
9887,15.88562011766352,-10.787202231361409,10.946969696969697,-83.15278323587081,97
9888,12.262119835649248,3.80952380952381,5.0,-15.259081196581196,56
9889,17.403809275970623,26.904315196998127,-3.518518518518518,10.0,50
9890,12.450980392156863,21.81159420289855,12.09012585229215,-12.685185185185185,46
9891,-13.848039215686274,15.0,3.4514392441221724,8.119303177442712,46
9892,-2.8632478632478633,20.977345461648618,-17.757818695318694,4.550827423167849,53
9893,-37.50459060429641,-42.21906565656566,-15.569494225408203,16.48148148148148,75
9894,5.099067599067599,1.022178304787002,5.667977181621955,-8.445819090980383,53
9895,-10.098039215686274,37.8537424377505,6.368278371954844,5.0,61
9896,-12.83053373570615,23.641586608118047,11.893939393939394,-2.112016908212561,58
9897,12.252252252252251,12.30392610294571,8.968253968253968,-7.967479674796747,43
9898,-8.348196681530013,-2.1129254905850643,12.962962962962964,5.0,49
9899,-27.46711955615804,-11.376811594202898,-45.274299850798165,-20.639791925593247,88
9900,-12.965545584391087,-5.133657192480723,16.73611111111111,10.380683346785041,60
9901,-23.54198668714798,-35.009352963304096,-42.43655547883489,-35.68544759334233,111
9902,23.14743893691262,9.372229301578896,-1.7682257356170399,27.503192848020433,62
9903,-5.0947603121516165,-35.040217040901034,6.369317813978549,18.74441893289812,67
9904,-2.698412698412698,3.08641975308642,9.62962962962963,12.450980392156863,35
9905,2.688172043010753,-5.36236751753993,0.02066530234316244,9.143136055367371,77
9906,-7.607411487624461,17.71020624008461,-4.849866294025471,-20.07556406981694,62
9907,-2.4586991201149826,4.186698717948718,-93.0492132996238,-0.42875157629256044,73
9908,-2.6190476190476186,-21.60530621785881,9.627375854556384,-18.877923976608187,49
9909,13.770016895016896,-26.464124667320565,-16.16341991341991,1.4484126984126977,78
9910,1.2068965517241388,30.351380792557265,14.385964912280702,9.122046254399196,42
9911,12.558836114676934,-8.17375584383519,16.054852320675106,-41.73076560990201,79
9912,9.321975916803503,-21.281762316522336,-22.607664064698493,-52.932383709269395,99
9913,11.572900739567405,6.195286195286197,1.770833333333334,24.324729844669953,51
9914,4.534832451499117,10.748063261947808,14.987071335909354,10.0,65
9915,-26.960045254487742,3.2528180354267313,7.136752136752136,2.368060606827889,57
9916,-75.00751187741066,12.032520325203253,-39.6698737165393,-76.3716971060603,130
9917,-42.84722222222223,11.16123642439432,13.59942132320649,9.385964912280702,48
9918,0.0,3.6231884057971016,27.46184522549,7.308670594674652,47
9919,6.102693602693604,8.086419753086421,7.040229885057473,9.531590413943356,37
9920,15.182231214839913,-27.84847863182079,19.385964912280702,11.224712107065049,73
9921,-77.53706480093288,5.395164204656021,-6.232596232596233,-2.395833333333333,66
9922,5.2052568824485945,-6.1451836451836455,-22.976190476190474,-42.61771138691921,83
9923,13.205128205128204,3.4722222222222223,8.787878787878789,-0.4641654641654642,36
9924,0.9974747474747474,12.777777777777779,21.922799422799425,25.027740290898183,38
9925,13.787878787878789,5.501443001443001,-5.614035087719298,-4.146825396825397,40
9926,-20.939065989622108,-7.262712411966143,-14.661327994661328,-50.37072106522412,73
9927,-15.204717039512357,-51.714015151515156,4.9020611986635,-11.309969654157587,87
9928,-5.763347154871507,-6.13616988297295,-54.16182260089745,-27.096246228984413,102
9929,-6.1655723658125865,11.633986928104575,-42.97231211827485,6.613756613756614,65
9930,-33.7999893697891,7.032520325203253,-24.30007361751311,9.5442378083908,111
9931,8.236551030668677,-14.928866283355447,24.320987654320987,-19.40972222222222,54
9932,-13.011829322963194,-9.106699751861044,-14.076797385620916,13.556089348772277,58
9933,1.5394925916575795,16.738906088751293,6.572420634920635,9.411764705882353,52
9934,10.888903303926657,-39.8555873201178,-3.9044269288357762,15.132841015193957,67
9935,0.7682769057874197,8.086419753086421,-18.470170815708574,3.327664399092969,56
9936,1.6108935156554205,-4.9028133993184735,-15.459961789525728,5.131964809384165,67
9937,-20.937945156695157,4.122635618615686,-151.33986026843166,-11.624931607944928,92
9938,5.14805724577162,24.729859838402007,-21.44353435924755,4.072040897698795,66
9939,-17.770601148260724,-28.771490926663336,-11.440785609494661,11.633986928104575,69
9940,1.7995387125169575,9.54420007051586,12.85438417791359,6.773049645390071,55
9941,-1.609308981872699,-1.7644194429908713,-6.031746031746032,6.911217437533228,50
9942,6.352465301740664,12.796717171717173,0.34335539838684603,-4.087804375559623,66
9943,-0.6227836879432616,3.393647406805303,-5.611035111719106,15.0,49
9944,14.901960784313726,18.91870741794612,-18.18155454756362,15.0,68
9945,-47.33427635196474,3.9098017821422077,-13.121475563909774,-3.8535793175752584,93
9946,10.22851742149988,10.9375,-2.800246864837938,7.873563218390805,53
9947,1.0741687979539645,12.062550355233281,7.136752136752136,15.740740740740742,41
9948,7.048181212007517,18.948346339650687,15.338672005338672,5.326464888280894,46
9949,7.49308986578123,10.0,-2.768193120259181,-4.564398598040279,70
9950,6.811594202898551,12.049434194576138,-13.196840139564598,9.954193172577071,62
9951,2.777777777777778,-24.656679879110957,22.418300653594773,6.572420634920635,51
9952,2.2897830190426083,17.135757080610023,-13.235245052105519,-2.4050999915487026,62
9953,-56.79542528615124,1.1350056175557552,-1.1720909996772066,-0.08147415662716151,82
9954,-7.574692660505017,-12.75456773669713,-13.42120164025755,-28.191550677169637,80
9955,5.952659574360824,-6.284876836285465,1.5567677522985424,-14.507007007007006,82
9956,-28.21481063713426,-13.404621361938434,2.380952380952381,-9.123443186510336,73
9957,-24.63449292935819,1.3859189545568107,2.083333333333334,-5.581859565347694,83
9958,3.5606060606060614,-4.732185557149688,-5.0,-0.42606166389536737,52
9959,21.725533000042805,3.4722222222222223,13.929027953900764,-14.82345568411283,74
9960,23.52702774312944,-2.0238095238095237,-2.3768610165181308,15.36001036001036,60
9961,-6.957989811542387,-2.8756899095882145,-19.15835652442795,-57.929314837209574,79
9962,12.585106355864387,-40.52012762690177,-24.071362667756663,11.87429854096521,90
9963,2.4608262108262102,-1.8808344904072016,2.9935558658962917,2.2023352400500045,60
9964,10.0,1.9930069930069934,-19.128735585770013,10.283958576641503,64
9965,3.08641975308642,-6.792390879516294,-1.3768115942028984,-7.224475997295469,55
9966,12.653107215594282,-50.298352012347955,12.219762456954108,4.166666666666667,62
9967,-8.376781521942814,-5.098039215686274,4.989308624376337,-4.073247868903943,65
9968,6.864430251199199,11.074168797953966,-15.404797138981376,20.482752337591048,62
9969,2.604166666666667,3.5341370016292624,10.0,9.445234708392604,40
9970,0.32346491228070207,-0.5551665110488639,-2.9453262786596115,1.9883661890564477,64
9971,-3.6904468093674163,-8.523949169110459,11.329841007260361,-0.4056201726364004,65
9972,-24.296906796906796,-52.330604178430264,-2.625739290179957,1.018518518518519,74
9973,-11.664060871377943,-13.5973207249803,10.0,-15.045942071135869,60
9974,-7.595404436703456,-8.37010212010212,0.2530498459837953,5.434782608695652,66
9975,-9.991614991614991,19.304083539726886,6.963290376100101,15.714285714285715,56
9976,29.05539506770659,-24.164059068950372,5.512063512497068,-13.1405920407926,78
9977,7.192982456140351,-22.897400506096158,-22.347108983632502,12.601071767738434,70
9978,13.787878787878789,14.62962962962963,14.662842604019076,14.86111111111111,40
9979,8.579158361767059,2.604166666666667,-2.0238095238095237,7.136752136752136,43
9980,8.71424055634582,-5.65009065009065,6.400866681295344,-9.906298231816809,77
9981,-19.30677745193874,21.436781609195403,-15.85686857425988,-2.6623068289734957,58
9982,-23.230710204394416,-8.987578779245444,10.18455893282684,-37.6569799264266,69
9983,-5.141201015184754,15.507321694290601,-7.848218476793991,6.488095238095237,59
9984,7.480948994106892,-2.189919492474658,-9.102269384349974,-45.226061994766766,91
9985,-6.814520976078855,-46.21237088629955,-2.36131650727924,7.401960784313726,88
9986,-34.53933688013877,10.727778675065279,-14.252798788265432,-5.97213477269089,78
9987,5.200308166409862,-28.954923885925165,13.205128205128204,22.690202255793125,63
9988,4.589371980676329,8.027869179184968,11.921056979196514,0.0,52
9989,9.385964912280702,19.82804232804233,-11.743352947586358,-5.228494623655914,45
9990,10.03003003003003,-47.11709046063871,-53.63527559874592,-10.215881642512077,87
9991,12.988380537400147,20.56092843326886,9.577711958866457,-8.638768638768639,47
9992,-20.331423895253682,-38.041166458177926,-25.269706401625847,4.026030374485011,95
9993,-23.654214559386975,-1.7948717948717952,8.454592363261096,5.6959663799536555,48
9994,-17.644223577030207,2.9554729553366936,0.034013605442177575,5.059970014992504,71
9995,-4.198354720947917,-36.54689041743234,-61.39217874997966,8.623188405797102,102
9996,15.431302772051003,-66.59065739664307,-37.54939337077345,-20.606093106093105,102
9997,21.026153589871733,5.586080586080584,-3.6498407858848525,-2.5257034632034623,58
9998,-35.32299879371294,16.770833333333336,11.47397174357959,10.541086876160225,80
9999,-33.94438144924831,1.682000017731432,12.574675103762672,-23.020557805906726,71
